[0] = 0 0
[1] = 0 0
[2] = 0 0
[3] = 0 0
[4] = 0 0
[5] = 0 0
[6] = 0 0
[7] = 0 0
[8] = 0 0
[9] = 0 0
[10] = 2 2
[11] = 11 11
[12] = 25 25
[13] = 46 46
[14] = 72 72
[15] = 104 104
[16] = 142 142
[17] = 186 186
[18] = 235 235
[19] = 290 290
[20] = 352 352
[21] = 419 419
[22] = 492 492
[23] = 571 571
[24] = 0 0
[25] = 46 46
[26] = 98 98
[27] = 157 157
[28] = 221 221
[29] = 291 291
[30] = 367 367
[31] = 448 448
[32] = 536 536
[33] = 629 629
[34] = 728 728
[35] = 833 833
[36] = 944 944
[37] = 1061 1061
[38] = 1183 1183
[39] = 0 0
[40] = 90 90
[41] = 186 186
[42] = 288 288
[43] = 396 396
[44] = 510 510
[45] = 629 629
[46] = 754 754
[47] = 886 886
[48] = 1023 1023
[49] = 1166 1166
[50] = 1314 1314
[51] = 1469 1469
[52] = 1629 1629
[53] = 1795 1795
[54] = 0 0
[55] = 133 133
[56] = 273 273
[57] = 419 419
[58] = 571 571
[59] = 728 728
[60] = 892 892
[61] = 1061 1061
[62] = 1236 1236
[63] = 1416 1416
[64] = 1603 1603
[65] = 1795 1795
[66] = 1994 1994
[67] = 2198 2198
[68] = 2408 2408
[69] = 0 0
[70] = 166 166
[71] = 338 338
[72] = 516 516
[73] = 699 699
[74] = 888 888
[75] = 1082 1082
[76] = 1281 1281
[77] = 1486 1486
[78] = 1697 1697
[79] = 1913 1913
[80] = 2134 2134
[81] = 2362 2362
[82] = 2594 2594
[83] = 2832 2832
[84] = 3075 3075
[85] = 0 0
[86] = 224 224
[87] = 454 454
[88] = 690 690
[89] = 933 933
[90] = 1181 1181
[91] = 1434 1434
[92] = 1694 1694
[93] = 1959 1959
[94] = 2230 2230
[95] = 2507 2507
[96] = 2791 2791
[97] = 3079 3079
[98] = 3374 3374
[99] = 3674 3674
[100] = 0 0
[101] = 267 267
[102] = 542 542
[103] = 822 822
[104] = 1108 1108
[105] = 1399 1399
[106] = 1697 1697
[107] = 2000 2000
[108] = 2309 2309
[109] = 2624 2624
[110] = 2945 2945
[111] = 3272 3272
[112] = 3604 3604
[113] = 3942 3942
[114] = 4286 4286
[115] = 0 0
[116] = 292 292
[117] = 590 590
[118] = 893 893
[119] = 1202 1202
[120] = 1516 1516
[121] = 1836 1836
[122] = 2162 2162
[123] = 2493 2493
[124] = 2829 2829
[125] = 3171 3171
[126] = 3519 3519
[127] = 3871 3871
[128] = 4229 4229
[129] = 4593 4593
[130] = 4962 4962
[131] = 0 0
[132] = 358 358
[133] = 722 722
[134] = 1093 1093
[135] = 1469 1469
[136] = 1851 1851
[137] = 2239 2239
[138] = 2633 2633
[139] = 3032 3032
[140] = 3438 3438
[141] = 3849 3849
[142] = 4266 4266
[143] = 4689 4689
[144] = 5118 5118
[145] = 5553 5553
[146] = 0 0
[147] = 402 402
[148] = 810 810
[149] = 1224 1224
[150] = 1644 1644
[151] = 2070 2070
[152] = 2501 2501
[153] = 2939 2939
[154] = 3382 3382
[155] = 3831 3831
[156] = 4287 4287
[157] = 4747 4747
[158] = 5214 5214
[159] = 5686 5686
[160] = 6165 6165
[161] = 0 0
[162] = 417 417
[163] = 841 841
[164] = 1270 1270
[165] = 1706 1706
[166] = 2145 2145
[167] = 2591 2591
[168] = 3042 3042
[169] = 3499 3499
[170] = 3961 3961
[171] = 4429 4429
[172] = 4902 4902
[173] = 5380 5380
[174] = 5864 5864
[175] = 6354 6354
[176] = 6849 6849
[177] = 0 0
[178] = 492 492
[179] = 991 991
[180] = 1495 1495
[181] = 2005 2005
[182] = 2522 2522
[183] = 3044 3044
[184] = 3572 3572
[185] = 4106 4106
[186] = 4645 4645
[187] = 5191 5191
[188] = 5742 5742
[189] = 6299 6299
[190] = 6862 6862
[191] = 7430 7430
[192] = 0 0
[193] = 536 536
[194] = 1078 1078
[195] = 1627 1627
[196] = 2181 2181
[197] = 2741 2741
[198] = 3306 3306
[199] = 3878 3878
[200] = 4456 4456
[201] = 5039 5039
[202] = 5628 5628
[203] = 6223 6223
[204] = 6824 6824
[205] = 7431 7431
[206] = 8043 8043
[207] = 0 0
[208] = 579 579
[209] = 1166 1166
[210] = 1758 1758
[211] = 2356 2356
[212] = 2960 2960
[213] = 3569 3569
[214] = 4184 4184
[215] = 4805 4805
[216] = 5433 5433
[217] = 6066 6066
[218] = 6704 6704
[219] = 7349 7349
[220] = 8000 8000
[221] = 8656 8656
[222] = 0 0
[223] = 584 584
[224] = 1175 1175
[225] = 1771 1771
[226] = 2373 2373
[227] = 2980 2980
[228] = 3592 3592
[229] = 4210 4210
[230] = 4833 4833
[231] = 5462 5462
[232] = 6097 6097
[233] = 6736 6736
[234] = 7382 7382
[235] = 8033 8033
[236] = 8689 8689
[237] = 9351 9351
[238] = 0 0
[239] = 670 670
[240] = 1347 1347
[241] = 2029 2029
[242] = 2717 2717
[243] = 3412 3412
[244] = 4111 4111
[245] = 4818 4818
[246] = 5529 5529
[247] = 6247 6247
[248] = 6970 6970
[249] = 7699 7699
[250] = 8434 8434
[251] = 9175 9175
[252] = 9922 9922
[253] = 0 0
[254] = 714 714
[255] = 1434 1434
[256] = 2161 2161
[257] = 2892 2892
[258] = 3631 3631
[259] = 4374 4374
[260] = 5123 5123
[261] = 5879 5879
[262] = 6640 6640
[263] = 7407 7407
[264] = 8180 8180
[265] = 8959 8959
[266] = 9743 9743
[267] = 10534 10534
[268] = 0 0
[269] = 710 710
[270] = 1426 1426
[271] = 2148 2148
[272] = 2876 2876
[273] = 3608 3608
[274] = 4347 4347
[275] = 5090 5090
[276] = 5839 5839
[277] = 6594 6594
[278] = 7354 7354
[279] = 8120 8120
[280] = 8891 8891
[281] = 9668 9668
[282] = 10450 10450
[283] = 11237 11237
[284] = 0 0
[285] = 804 804
[286] = 1615 1615
[287] = 2432 2432
[288] = 3254 3254
[289] = 4083 4083
[290] = 4916 4916
[291] = 5757 5757
[292] = 6602 6602
[293] = 7454 7454
[294] = 8312 8312
[295] = 9174 9174
[296] = 10044 10044
[297] = 10919 10919
[298] = 11799 11799
[299] = 0 0
[300] = 848 848
[301] = 1702 1702
[302] = 2563 2563
[303] = 3429 3429
[304] = 4301 4301
[305] = 5179 5179
[306] = 6063 6063
[307] = 6952 6952
[308] = 7848 7848
[309] = 8749 8749
[310] = 9656 9656
[311] = 10569 10569
[312] = 11488 11488
[313] = 12412 12412
[314] = 0 0
[315] = 836 836
[316] = 1678 1678
[317] = 2525 2525
[318] = 3379 3379
[319] = 4237 4237
[320] = 5102 5102
[321] = 5971 5971
[322] = 6846 6846
[323] = 7727 7727
[324] = 8612 8612
[325] = 9503 9503
[326] = 10400 10400
[327] = 11303 11303
[328] = 12210 12210
[329] = 13124 13124
[330] = 0 0
[331] = 938 938
[332] = 1883 1883
[333] = 2834 2834
[334] = 3791 3791
[335] = 4754 4754
[336] = 5721 5721
[337] = 6696 6696
[338] = 7676 7676
[339] = 8662 8662
[340] = 9653 9653
[341] = 10651 10651
[342] = 11654 11654
[343] = 12663 12663
[344] = 13678 13678
[345] = 0 0
[346] = 982 982
[347] = 1971 1971
[348] = 2965 2965
[349] = 3966 3966
[350] = 4972 4972
[351] = 5984 5984
[352] = 7002 7002
[353] = 8026 8026
[354] = 9055 9055
[355] = 10091 10091
[356] = 11132 11132
[357] = 12179 12179
[358] = 13232 13232
[359] = 14290 14290
[360] = 0 0
[361] = 961 961
[362] = 1929 1929
[363] = 2903 2903
[364] = 3882 3882
[365] = 4866 4866
[366] = 5856 5856
[367] = 6851 6851
[368] = 7852 7852
[369] = 8858 8858
[370] = 9870 9870
[371] = 10887 10887
[372] = 11910 11910
[373] = 12938 12938
[374] = 13971 13971
[375] = 15011 15011
[376] = 0 0
[377] = 1072 1072
[378] = 2152 2152
[379] = 3237 3237
[380] = 4327 4327
[381] = 5424 5424
[382] = 6527 6527
[383] = 7635 7635
[384] = 8749 8749
[385] = 9869 9869
[386] = 10995 10995
[387] = 12126 12126
[388] = 13264 13264
[389] = 14407 14407
[390] = 15557 15557
[391] = 0 0
[392] = 1117 1117
[393] = 2239 2239
[394] = 3368 3368
[395] = 4502 4502
[396] = 5643 5643
[397] = 6789 6789
[398] = 7941 7941
[399] = 9099 9099
[400] = 10263 10263
[401] = 11433 11433
[402] = 12608 12608
[403] = 13789 13789
[404] = 14976 14976
[405] = 16169 16169
[406] = 0 0
[407] = 1160 1160
[408] = 2327 2327
[409] = 3499 3499
[410] = 4677 4677
[411] = 5862 5862
[412] = 7052 7052
[413] = 8248 8248
[414] = 9449 9449
[415] = 10657 10657
[416] = 11870 11870
[417] = 13089 13089
[418] = 14314 14314
[419] = 15545 15545
[420] = 16782 16782
[421] = 0 0
[422] = 1128 1128
[423] = 2263 2263
[424] = 3403 3403
[425] = 4549 4549
[426] = 5700 5700
[427] = 6857 6857
[428] = 8019 8019
[429] = 9186 9186
[430] = 10359 10359
[431] = 11538 11538
[432] = 12722 12722
[433] = 13911 13911
[434] = 15106 15106
[435] = 16307 16307
[436] = 17513 17513
[437] = 0 0
[438] = 1250 1250
[439] = 2507 2507
[440] = 3770 3770
[441] = 5039 5039
[442] = 6314 6314
[443] = 7594 7594
[444] = 8880 8880
[445] = 10172 10172
[446] = 11471 11471
[447] = 12774 12774
[448] = 14083 14083
[449] = 15399 15399
[450] = 16721 16721
[451] = 18047 18047
[452] = 0 0
[453] = 1294 1294
[454] = 2595 2595
[455] = 3902 3902
[456] = 5214 5214
[457] = 6533 6533
[458] = 7857 7857
[459] = 9186 9186
[460] = 10522 10522
[461] = 11864 11864
[462] = 13212 13212
[463] = 14565 14565
[464] = 15924 15924
[465] = 17289 17289
[466] = 18660 18660
[467] = 0 0
[468] = 1254 1254
[469] = 2514 2514
[470] = 3781 3781
[471] = 5052 5052
[472] = 6329 6329
[473] = 7611 7611
[474] = 8899 8899
[475] = 10193 10193
[476] = 11492 11492
[477] = 12796 12796
[478] = 14105 14105
[479] = 15420 15420
[480] = 16742 16742
[481] = 18068 18068
[482] = 19399 19399
[483] = 0 0
[484] = 1384 1384
[485] = 2776 2776
[486] = 4173 4173
[487] = 5576 5576
[488] = 6984 6984
[489] = 8399 8399
[490] = 9820 9820
[491] = 11246 11246
[492] = 12678 12678
[493] = 14115 14115
[494] = 15559 15559
[495] = 17009 17009
[496] = 18465 18465
[497] = 19926 19926
[498] = 0 0
[499] = 1429 1429
[500] = 2864 2864
[501] = 4304 4304
[502] = 5751 5751
[503] = 7204 7204
[504] = 8662 8662
[505] = 10125 10125
[506] = 11596 11596
[507] = 13072 13072
[508] = 14553 14553
[509] = 16041 16041
[510] = 17534 17534
[511] = 19033 19033
[512] = 20538 20538
[513] = 0 0
[514] = 1380 1380
[515] = 2766 2766
[516] = 4158 4158
[517] = 5555 5555
[518] = 6958 6958
[519] = 8366 8366
[520] = 9780 9780
[521] = 11199 11199
[522] = 12624 12624
[523] = 14053 14053
[524] = 15489 15489
[525] = 16930 16930
[526] = 18377 18377
[527] = 19828 19828
[528] = 21286 21286
[529] = 0 0
[530] = 1519 1519
[531] = 3044 3044
[532] = 4575 4575
[533] = 6112 6112
[534] = 7655 7655
[535] = 9204 9204
[536] = 10759 10759
[537] = 12319 12319
[538] = 13885 13885
[539] = 15457 15457
[540] = 17035 17035
[541] = 18619 18619
[542] = 20208 20208
[543] = 21803 21803
[544] = 0 0
[545] = 1563 1563
[546] = 3131 3131
[547] = 4707 4707
[548] = 6288 6288
[549] = 7874 7874
[550] = 9467 9467
[551] = 11065 11065
[552] = 12669 12669
[553] = 14279 14279
[554] = 15895 15895
[555] = 17517 17517
[556] = 19144 19144
[557] = 20777 20777
[558] = 22416 22416
[559] = 0 0
[560] = 1506 1506
[561] = 3017 3017
[562] = 4535 4535
[563] = 6058 6058
[564] = 7587 7587
[565] = 9120 9120
[566] = 10660 10660
[567] = 12205 12205
[568] = 13755 13755
[569] = 15311 15311
[570] = 16873 16873
[571] = 18440 18440
[572] = 20012 20012
[573] = 21589 21589
[574] = 23173 23173
[575] = 0 0
[576] = 1653 1653
[577] = 3312 3312
[578] = 4978 4978
[579] = 6649 6649
[580] = 8326 8326
[581] = 10009 10009
[582] = 11698 11698
[583] = 13393 13393
[584] = 15093 15093
[585] = 16800 16800
[586] = 18511 18511
[587] = 20229 20229
[588] = 21953 21953
[589] = 23683 23683
[590] = 0 0
[591] = 1697 1697
[592] = 3400 3400
[593] = 5109 5109
[594] = 6824 6824
[595] = 8545 8545
[596] = 10272 10272
[597] = 12004 12004
[598] = 13743 13743
[599] = 15486 15486
[600] = 17237 17237
[601] = 18993 18993
[602] = 20754 20754
[603] = 22521 22521
[604] = 24295 24295
[605] = 0 0
[606] = 1740 1740
[607] = 3487 3487
[608] = 5241 5241
[609] = 6999 6999
[610] = 8764 8764
[611] = 10534 10534
[612] = 12310 12310
[613] = 14092 14092
[614] = 15880 15880
[615] = 17674 17674
[616] = 19474 19474
[617] = 21279 21279
[618] = 23090 23090
[619] = 24907 24907
[620] = 0 0
[621] = 1672 1672
[622] = 3351 3351
[623] = 5036 5036
[624] = 6726 6726
[625] = 8421 8421
[626] = 10122 10122
[627] = 11828 11828
[628] = 13539 13539
[629] = 15256 15256
[630] = 16979 16979
[631] = 18707 18707
[632] = 20441 20441
[633] = 22180 22180
[634] = 23925 23925
[635] = 25675 25675
[636] = 0 0
[637] = 1831 1831
[638] = 3669 3669
[639] = 5512 5512
[640] = 7361 7361
[641] = 9216 9216
[642] = 11076 11076
[643] = 12943 12943
[644] = 14815 14815
[645] = 16694 16694
[646] = 18579 18579
[647] = 20468 20468
[648] = 22364 22364
[649] = 24266 24266
[650] = 26173 26173
[651] = 0 0
[652] = 1875 1875
[653] = 3756 3756
[654] = 5643 5643
[655] = 7536 7536
[656] = 9435 9435
[657] = 11339 11339
[658] = 13250 13250
[659] = 15166 15166
[660] = 17088 17088
[661] = 19016 19016
[662] = 20949 20949
[663] = 22889 22889
[664] = 24834 24834
[665] = 26786 26786
[666] = 0 0
[667] = 1798 1798
[668] = 3603 3603
[669] = 5413 5413
[670] = 7229 7229
[671] = 9049 9049
[672] = 10876 10876
[673] = 12708 12708
[674] = 14546 14546
[675] = 16389 16389
[676] = 18237 18237
[677] = 20091 20091
[678] = 21950 21950
[679] = 23815 23815
[680] = 25686 25686
[681] = 27561 27561
[682] = 0 0
[683] = 1965 1965
[684] = 3936 3936
[685] = 5914 5914
[686] = 7898 7898
[687] = 9887 9887
[688] = 11881 11881
[689] = 13882 13882
[690] = 15889 15889
[691] = 17902 17902
[692] = 19920 19920
[693] = 21944 21944
[694] = 23973 23973
[695] = 26010 26010
[696] = 28051 28051
[697] = 0 0
[698] = 2009 2009
[699] = 4024 4024
[700] = 6046 6046
[701] = 8073 8073
[702] = 10106 10106
[703] = 12144 12144
[704] = 14189 14189
[705] = 16239 16239
[706] = 18295 18295
[707] = 20358 20358
[708] = 22425 22425
[709] = 24499 24499
[710] = 26579 26579
[711] = 28664 28664
[712] = 0 0
[713] = 1924 1924
[714] = 3854 3854
[715] = 5790 5790
[716] = 7732 7732
[717] = 9679 9679
[718] = 11631 11631
[719] = 13589 13589
[720] = 15552 15552
[721] = 17520 17520
[722] = 19495 19495
[723] = 21475 21475
[724] = 23460 23460
[725] = 25451 25451
[726] = 27446 27446
[727] = 29448 29448
[728] = 0 0
[729] = 2099 2099
[730] = 4205 4205
[731] = 6317 6317
[732] = 8434 8434
[733] = 10557 10557
[734] = 12686 12686
[735] = 14822 14822
[736] = 16962 16962
[737] = 19109 19109
[738] = 21261 21261
[739] = 23420 23420
[740] = 25584 25584
[741] = 27754 27754
[742] = 29930 29930
[743] = 0 0
[744] = 2143 2143
[745] = 4293 4293
[746] = 6448 6448
[747] = 8609 8609
[748] = 10777 10777
[749] = 12949 12949
[750] = 15127 15127
[751] = 17312 17312
[752] = 19503 19503
[753] = 21699 21699
[754] = 23901 23901
[755] = 26109 26109
[756] = 28323 28323
[757] = 30542 30542
[758] = 0 0
[759] = 2050 2050
[760] = 4106 4106
[761] = 6167 6167
[762] = 8235 8235
[763] = 10307 10307
[764] = 12386 12386
[765] = 14469 14469
[766] = 16559 16559
[767] = 18653 18653
[768] = 20752 20752
[769] = 22858 22858
[770] = 24969 24969
[771] = 27086 27086
[772] = 29208 29208
[773] = 31335 31335
[774] = 0 0
[775] = 2234 2234
[776] = 4473 4473
[777] = 6719 6719
[778] = 8971 8971
[779] = 11228 11228
[780] = 13491 13491
[781] = 15761 15761
[782] = 18036 18036
[783] = 20317 20317
[784] = 22603 22603
[785] = 24896 24896
[786] = 27194 27194
[787] = 29498 29498
[788] = 31808 31808
[789] = 0 0
[790] = 2277 2277
[791] = 4561 4561
[792] = 6850 6850
[793] = 9146 9146
[794] = 11447 11447
[795] = 13754 13754
[796] = 16067 16067
[797] = 18386 18386
[798] = 20710 20710
[799] = 23040 23040
[800] = 25377 25377
[801] = 27719 27719
[802] = 30067 30067
[803] = 32420 32420
[804] = 0 0
[805] = 2321 2321
[806] = 4648 4648
[807] = 6982 6982
[808] = 9321 9321
[809] = 11666 11666
[810] = 14017 14017
[811] = 16373 16373
[812] = 18736 18736
[813] = 21104 21104
[814] = 23478 23478
[815] = 25858 25858
[816] = 28244 28244
[817] = 30635 30635
[818] = 33033 33033
[819] = 0 0
[820] = 2216 2216
[821] = 4440 4440
[822] = 6668 6668
[823] = 8902 8902
[824] = 11141 11141
[825] = 13386 13386
[826] = 15637 15637
[827] = 17893 17893
[828] = 20154 20154
[829] = 22421 22421
[830] = 24693 24693
[831] = 26971 26971
[832] = 29254 29254
[833] = 31542 31542
[834] = 33837 33837
[835] = 0 0
[836] = 2411 2411
[837] = 4829 4829
[838] = 7253 7253
[839] = 9683 9683
[840] = 12118 12118
[841] = 14559 14559
[842] = 17007 17007
[843] = 19459 19459
[844] = 21918 21918
[845] = 24382 24382
[846] = 26853 26853
[847] = 29329 29329
[848] = 31811 31811
[849] = 34299 34299
[850] = 0 0
[851] = 2455 2455
[852] = 4916 4916
[853] = 7384 7384
[854] = 9857 9857
[855] = 12336 12336
[856] = 14822 14822
[857] = 17312 17312
[858] = 19809 19809
[859] = 22312 22312
[860] = 24820 24820
[861] = 27334 27334
[862] = 29854 29854
[863] = 32379 32379
[864] = 34911 34911
[865] = 0 0
[866] = 2342 2342
[867] = 4691 4691
[868] = 7045 7045
[869] = 9405 9405
[870] = 11770 11770
[871] = 14140 14140
[872] = 16517 16517
[873] = 18899 18899
[874] = 21286 21286
[875] = 23679 23679
[876] = 26077 26077
[877] = 28480 28480
[878] = 30889 30889
[879] = 33304 33304
[880] = 35723 35723
[881] = 0 0
[882] = 2546 2546
[883] = 5098 5098
[884] = 7655 7655
[885] = 10219 10219
[886] = 12789 12789
[887] = 15364 15364
[888] = 17945 17945
[889] = 20532 20532
[890] = 23126 23126
[891] = 25724 25724
[892] = 28328 28328
[893] = 30939 30939
[894] = 33555 33555
[895] = 36177 36177
[896] = 0 0
[897] = 2589 2589
[898] = 5185 5185
[899] = 7787 7787
[900] = 10394 10394
[901] = 13007 13007
[902] = 15627 15627
[903] = 18252 18252
[904] = 20883 20883
[905] = 23519 23519
[906] = 26161 26161
[907] = 28810 28810
[908] = 31464 31464
[909] = 34124 34124
[910] = 36790 36790
[911] = 0 0
[912] = 2468 2468
[913] = 4943 4943
[914] = 7422 7422
[915] = 9908 9908
[916] = 12399 12399
[917] = 14895 14895
[918] = 17397 17397
[919] = 19905 19905
[920] = 22417 22417
[921] = 24936 24936
[922] = 27460 27460
[923] = 29989 29989
[924] = 32525 32525
[925] = 35065 35065
[926] = 37610 37610
[927] = 0 0
[928] = 2680 2680
[929] = 5366 5366
[930] = 8058 8058
[931] = 10756 10756
[932] = 13460 13460
[933] = 16169 16169
[934] = 18884 18884
[935] = 21605 21605
[936] = 24333 24333
[937] = 27066 27066
[938] = 29804 29804
[939] = 32549 32549
[940] = 35300 35300
[941] = 38056 38056
[942] = 0 0
[943] = 2723 2723
[944] = 5453 5453
[945] = 8189 8189
[946] = 10931 10931
[947] = 13678 13678
[948] = 16432 16432
[949] = 19191 19191
[950] = 21955 21955
[951] = 24727 24727
[952] = 27503 27503
[953] = 30286 30286
[954] = 33074 33074
[955] = 35868 35868
[956] = 38668 38668
[957] = 0 0
[958] = 2594 2594
[959] = 5194 5194
[960] = 7800 7800
[961] = 10411 10411
[962] = 13028 13028
[963] = 15650 15650
[964] = 18278 18278
[965] = 20911 20911
[966] = 23550 23550
[967] = 26194 26194
[968] = 28844 28844
[969] = 31499 31499
[970] = 34117 34117
[971] = 36734 36734
[972] = 39349 39349
[973] = 0 0
[974] = 2796 2796
[975] = 5592 5592
[976] = 8387 8387
[977] = 11180 11180
[978] = 13973 13973
[979] = 16764 16764
[980] = 19554 19554
[981] = 22342 22342
[982] = 25130 25130
[983] = 27916 27916
[984] = 30702 30702
[985] = 33486 33486
[986] = 36269 36269
[987] = 39050 39050
[988] = 0 0
[989] = 2787 2787
[990] = 5575 5575
[991] = 8360 8360
[992] = 11145 11145
[993] = 13928 13928
[994] = 16710 16710
[995] = 19492 19492
[996] = 22271 22271
[997] = 25050 25050
[998] = 27828 27828
[999] = 30604 30604
[1000] = 33379 33379
[1001] = 36153 36153
[1002] = 38926 38926
[1003] = 0 0
[1004] = 2778 2778
[1005] = 5557 5557
[1006] = 8333 8333
[1007] = 11109 11109
[1008] = 13884 13884
[1009] = 16657 16657
[1010] = 19429 19429
[1011] = 22200 22200
[1012] = 24970 24970
[1013] = 27739 27739
[1014] = 30507 30507
[1015] = 33273 33273
[1016] = 36037 36037
[1017] = 38802 38802
[1018] = 0 0
[1019] = 2596 2596
[1020] = 5192 5192
[1021] = 7787 7787
[1022] = 10381 10381
[1023] = 12974 12974
[1024] = 15566 15566
[1025] = 18156 18156
[1026] = 20746 20746
[1027] = 23335 23335
[1028] = 25922 25922
[1029] = 28508 28508
[1030] = 31093 31093
[1031] = 33677 33677
[1032] = 36260 36260
[1033] = 38841 38841
[1034] = 0 0
[1035] = 2760 2760
[1036] = 5520 5520
[1037] = 8278 8278
[1038] = 11036 11036
[1039] = 13792 13792
[1040] = 16547 16547
[1041] = 19301 19301
[1042] = 22053 22053
[1043] = 24805 24805
[1044] = 27555 27555
[1045] = 30304 30304
[1046] = 33052 33052
[1047] = 35799 35799
[1048] = 38545 38545
[1049] = 0 0
[1050] = 2751 2751
[1051] = 5502 5502
[1052] = 8252 8252
[1053] = 11000 11000
[1054] = 13748 13748
[1055] = 16494 16494
[1056] = 19239 19239
[1057] = 21982 21982
[1058] = 24725 24725
[1059] = 27466 27466
[1060] = 30207 30207
[1061] = 32946 32946
[1062] = 35683 35683
[1063] = 38420 38420
[1064] = 0 0
[1065] = 2570 2570
[1066] = 5141 5141
[1067] = 7711 7711
[1068] = 10279 10279
[1069] = 12846 12846
[1070] = 15413 15413
[1071] = 17977 17977
[1072] = 20542 20542
[1073] = 23104 23104
[1074] = 25666 25666
[1075] = 28227 28227
[1076] = 30786 30786
[1077] = 33344 33344
[1078] = 35902 35902
[1079] = 38459 38459
[1080] = 0 0
[1081] = 2733 2733
[1082] = 5466 5466
[1083] = 8197 8197
[1084] = 10926 10926
[1085] = 13656 13656
[1086] = 16384 16384
[1087] = 19111 19111
[1088] = 21836 21836
[1089] = 24560 24560
[1090] = 27283 27283
[1091] = 30004 30004
[1092] = 32725 32725
[1093] = 35445 35445
[1094] = 38163 38163
[1095] = 0 0
[1096] = 2724 2724
[1097] = 5448 5448
[1098] = 8170 8170
[1099] = 10891 10891
[1100] = 13612 13612
[1101] = 16330 16330
[1102] = 19048 19048
[1103] = 21764 21764
[1104] = 24480 24480
[1105] = 27194 27194
[1106] = 29907 29907
[1107] = 32619 32619
[1108] = 35329 35329
[1109] = 38039 38039
[1110] = 0 0
[1111] = 2545 2545
[1112] = 5090 5090
[1113] = 7634 7634
[1114] = 10177 10177
[1115] = 12718 12718
[1116] = 15259 15259
[1117] = 17799 17799
[1118] = 20337 20337
[1119] = 22874 22874
[1120] = 25410 25410
[1121] = 27946 27946
[1122] = 30480 30480
[1123] = 33013 33013
[1124] = 35545 35545
[1125] = 38075 38075
[1126] = 0 0
[1127] = 2706 2706
[1128] = 5411 5411
[1129] = 8115 8115
[1130] = 10818 10818
[1131] = 13519 13519
[1132] = 16220 16220
[1133] = 18920 18920
[1134] = 21618 21618
[1135] = 24315 24315
[1136] = 27011 27011
[1137] = 29705 29705
[1138] = 32398 32398
[1139] = 35091 35091
[1140] = 37782 37782
[1141] = 0 0
[1142] = 2697 2697
[1143] = 5393 5393
[1144] = 8089 8089
[1145] = 10782 10782
[1146] = 13475 13475
[1147] = 16167 16167
[1148] = 18857 18857
[1149] = 21546 21546
[1150] = 24235 24235
[1151] = 26922 26922
[1152] = 29607 29607
[1153] = 32292 32292
[1154] = 34975 34975
[1155] = 37657 37657
[1156] = 0 0
[1157] = 2519 2519
[1158] = 5039 5039
[1159] = 7557 7557
[1160] = 10075 10075
[1161] = 12591 12591
[1162] = 15106 15106
[1163] = 17620 17620
[1164] = 20133 20133
[1165] = 22645 22645
[1166] = 25155 25155
[1167] = 27665 27665
[1168] = 30173 30173
[1169] = 32680 32680
[1170] = 35187 35187
[1171] = 37692 37692
[1172] = 0 0
[1173] = 2678 2678
[1174] = 5357 5357
[1175] = 8034 8034
[1176] = 10709 10709
[1177] = 13384 13384
[1178] = 16057 16057
[1179] = 18729 18729
[1180] = 21400 21400
[1181] = 24070 24070
[1182] = 26738 26738
[1183] = 29405 29405
[1184] = 32072 32072
[1185] = 34736 34736
[1186] = 37401 37401
[1187] = 0 0
[1188] = 2669 2669
[1189] = 5339 5339
[1190] = 8007 8007
[1191] = 10673 10673
[1192] = 13339 13339
[1193] = 16004 16004
[1194] = 18666 18666
[1195] = 21329 21329
[1196] = 23990 23990
[1197] = 26649 26649
[1198] = 29308 29308
[1199] = 31965 31965
[1200] = 34621 34621
[1201] = 37276 37276
[1202] = 0 0
[1203] = 2660 2660
[1204] = 5321 5321
[1205] = 7980 7980
[1206] = 10638 10638
[1207] = 13295 13295
[1208] = 15950 15950
[1209] = 18604 18604
[1210] = 21257 21257
[1211] = 23909 23909
[1212] = 26560 26560
[1213] = 29209 29209
[1214] = 31859 31859
[1215] = 34506 34506
[1216] = 37152 37152
[1217] = 0 0
[1218] = 2485 2485
[1219] = 4971 4971
[1220] = 7455 7455
[1221] = 9939 9939
[1222] = 12422 12422
[1223] = 14903 14903
[1224] = 17383 17383
[1225] = 19862 19862
[1226] = 22340 22340
[1227] = 24817 24817
[1228] = 27292 27292
[1229] = 29767 29767
[1230] = 32241 32241
[1231] = 34713 34713
[1232] = 37184 37184
[1233] = 0 0
[1234] = 2642 2642
[1235] = 5284 5284
[1236] = 7925 7925
[1237] = 10564 10564
[1238] = 13203 13203
[1239] = 15840 15840
[1240] = 18476 18476
[1241] = 21111 21111
[1242] = 23744 23744
[1243] = 26377 26377
[1244] = 29008 29008
[1245] = 31638 31638
[1246] = 34267 34267
[1247] = 36894 36894
[1248] = 0 0
[1249] = 2634 2634
[1250] = 5266 5266
[1251] = 7898 7898
[1252] = 10529 10529
[1253] = 13159 13159
[1254] = 15787 15787
[1255] = 18414 18414
[1256] = 21040 21040
[1257] = 23664 23664
[1258] = 26288 26288
[1259] = 28910 28910
[1260] = 31531 31531
[1261] = 34151 34151
[1262] = 36770 36770
[1263] = 0 0
[1264] = 2460 2460
[1265] = 4920 4920
[1266] = 7379 7379
[1267] = 9837 9837
[1268] = 12294 12294
[1269] = 14749 14749
[1270] = 17204 17204
[1271] = 19658 19658
[1272] = 22110 22110
[1273] = 24561 24561
[1274] = 27011 27011
[1275] = 29461 29461
[1276] = 31908 31908
[1277] = 34355 34355
[1278] = 36801 36801
[1279] = 0 0
[1280] = 2615 2615
[1281] = 5230 5230
[1282] = 7843 7843
[1283] = 10455 10455
[1284] = 13066 13066
[1285] = 15677 15677
[1286] = 18285 18285
[1287] = 20893 20893
[1288] = 23499 23499
[1289] = 26104 26104
[1290] = 28708 28708
[1291] = 31311 31311
[1292] = 33912 33912
[1293] = 36513 36513
[1294] = 0 0
[1295] = 2606 2606
[1296] = 5212 5212
[1297] = 7816 7816
[1298] = 10420 10420
[1299] = 13022 13022
[1300] = 15623 15623
[1301] = 18223 18223
[1302] = 20822 20822
[1303] = 23419 23419
[1304] = 26015 26015
[1305] = 28610 28610
[1306] = 31205 31205
[1307] = 33797 33797
[1308] = 36389 36389
[1309] = 0 0
[1310] = 2434 2434
[1311] = 4869 4869
[1312] = 7302 7302
[1313] = 9735 9735
[1314] = 12166 12166
[1315] = 14596 14596
[1316] = 17026 17026
[1317] = 19453 19453
[1318] = 21880 21880
[1319] = 24306 24306
[1320] = 26731 26731
[1321] = 29154 29154
[1322] = 31577 31577
[1323] = 33998 33998
[1324] = 36418 36418
[1325] = 0 0
[1326] = 2588 2588
[1327] = 5175 5175
[1328] = 7761 7761
[1329] = 10346 10346
[1330] = 12931 12931
[1331] = 15513 15513
[1332] = 18095 18095
[1333] = 20675 20675
[1334] = 23254 23254
[1335] = 25832 25832
[1336] = 28408 28408
[1337] = 30985 30985
[1338] = 33558 33558
[1339] = 36132 36132
[1340] = 0 0
[1341] = 2579 2579
[1342] = 5157 5157
[1343] = 7735 7735
[1344] = 10311 10311
[1345] = 12886 12886
[1346] = 15460 15460
[1347] = 18033 18033
[1348] = 20604 20604
[1349] = 23174 23174
[1350] = 25743 25743
[1351] = 28311 28311
[1352] = 30878 30878
[1353] = 33443 33443
[1354] = 36007 36007
[1355] = 0 0
[1356] = 2409 2409
[1357] = 4818 4818
[1358] = 7226 7226
[1359] = 9633 9633
[1360] = 12038 12038
[1361] = 14443 14443
[1362] = 16846 16846
[1363] = 19249 19249
[1364] = 21650 21650
[1365] = 24050 24050
[1366] = 26450 26450
[1367] = 28848 28848
[1368] = 31244 31244
[1369] = 33641 33641
[1370] = 36035 36035
[1371] = 0 0
[1372] = 2560 2560
[1373] = 5121 5121
[1374] = 7680 7680
[1375] = 10238 10238
[1376] = 12794 12794
[1377] = 15350 15350
[1378] = 17904 17904
[1379] = 20457 20457
[1380] = 23009 23009
[1381] = 25560 25560
[1382] = 28109 28109
[1383] = 30657 30657
[1384] = 33204 33204
[1385] = 35750 35750
[1386] = 0 0
[1387] = 2551 2551
[1388] = 5103 5103
[1389] = 7653 7653
[1390] = 10202 10202
[1391] = 12750 12750
[1392] = 15296 15296
[1393] = 17842 17842
[1394] = 20386 20386
[1395] = 22929 22929
[1396] = 25471 25471
[1397] = 28011 28011
[1398] = 30551 30551
[1399] = 33089 33089
[1400] = 35626 35626
[1401] = 0 0
[1402] = 2543 2543
[1403] = 5086 5086
[1404] = 7627 7627
[1405] = 10166 10166
[1406] = 12706 12706
[1407] = 15243 15243
[1408] = 17779 17779
[1409] = 20315 20315
[1410] = 22849 22849
[1411] = 25382 25382
[1412] = 27914 27914
[1413] = 30444 30444
[1414] = 32973 32973
[1415] = 35502 35502
[1416] = 0 0
[1417] = 2375 2375
[1418] = 4750 4750
[1419] = 7124 7124
[1420] = 9497 9497
[1421] = 11869 11869
[1422] = 14240 14240
[1423] = 16610 16610
[1424] = 18978 18978
[1425] = 21346 21346
[1426] = 23712 23712
[1427] = 26077 26077
[1428] = 28441 28441
[1429] = 30804 30804
[1430] = 33166 33166
[1431] = 35527 35527
[1432] = 0 0
[1433] = 2525 2525
[1434] = 5048 5048
[1435] = 7571 7571
[1436] = 10093 10093
[1437] = 12613 12613
[1438] = 15133 15133
[1439] = 17651 17651
[1440] = 20168 20168
[1441] = 22683 22683
[1442] = 25198 25198
[1443] = 27712 27712
[1444] = 30223 30223
[1445] = 32735 32735
[1446] = 35245 35245
[1447] = 0 0
[1448] = 2516 2516
[1449] = 5030 5030
[1450] = 7545 7545
[1451] = 10057 10057
[1452] = 12569 12569
[1453] = 15079 15079
[1454] = 17589 17589
[1455] = 20097 20097
[1456] = 22604 22604
[1457] = 25109 25109
[1458] = 27614 27614
[1459] = 30118 30118
[1460] = 32620 32620
[1461] = 35120 35120
[1462] = 0 0
[1463] = 2350 2350
[1464] = 4699 4699
[1465] = 7048 7048
[1466] = 9395 9395
[1467] = 11742 11742
[1468] = 14087 14087
[1469] = 16431 16431
[1470] = 18774 18774
[1471] = 21116 21116
[1472] = 23456 23456
[1473] = 25796 25796
[1474] = 28135 28135
[1475] = 30472 30472
[1476] = 32809 32809
[1477] = 35144 35144
[1478] = 0 0
[1479] = 2497 2497
[1480] = 4994 4994
[1481] = 7489 7489
[1482] = 9984 9984
[1483] = 12477 12477
[1484] = 14969 14969
[1485] = 17460 17460
[1486] = 19950 19950
[1487] = 22439 22439
[1488] = 24926 24926
[1489] = 27412 27412
[1490] = 29897 29897
[1491] = 32381 32381
[1492] = 34863 34863
[1493] = 0 0
[1494] = 2488 2488
[1495] = 4977 4977
[1496] = 7463 7463
[1497] = 9949 9949
[1498] = 12433 12433
[1499] = 14916 14916
[1500] = 17398 17398
[1501] = 19879 19879
[1502] = 22358 22358
[1503] = 24837 24837
[1504] = 27314 27314
[1505] = 29790 29790
[1506] = 32265 32265
[1507] = 34739 34739
[1508] = 0 0
[1509] = 2324 2324
[1510] = 4648 4648
[1511] = 6971 6971
[1512] = 9293 9293
[1513] = 11614 11614
[1514] = 13933 13933
[1515] = 16252 16252
[1516] = 18570 18570
[1517] = 20886 20886
[1518] = 23201 23201
[1519] = 25515 25515
[1520] = 27828 27828
[1521] = 30140 30140
[1522] = 32451 32451
[1523] = 34760 34760
[1524] = 0 0
[1525] = 2470 2470
[1526] = 4939 4939
[1527] = 7408 7408
[1528] = 9875 9875
[1529] = 12341 12341
[1530] = 14806 14806
[1531] = 17270 17270
[1532] = 19732 19732
[1533] = 22193 22193
[1534] = 24653 24653
[1535] = 27113 27113
[1536] = 29570 29570
[1537] = 32026 32026
[1538] = 34482 34482
[1539] = 0 0
[1540] = 2461 2461
[1541] = 4921 4921
[1542] = 7381 7381
[1543] = 9840 9840
[1544] = 12297 12297
[1545] = 14753 14753
[1546] = 17208 17208
[1547] = 19661 19661
[1548] = 22114 22114
[1549] = 24564 24564
[1550] = 27014 27014
[1551] = 29463 29463
[1552] = 31911 31911
[1553] = 34358 34358
[1554] = 0 0
[1555] = 2298 2298
[1556] = 4597 4597
[1557] = 6894 6894
[1558] = 9191 9191
[1559] = 11486 11486
[1560] = 13780 13780
[1561] = 16073 16073
[1562] = 18365 18365
[1563] = 20656 20656
[1564] = 22946 22946
[1565] = 25234 25234
[1566] = 27521 27521
[1567] = 29809 29809
[1568] = 32093 32093
[1569] = 34378 34378
[1570] = 0 0
[1571] = 2443 2443
[1572] = 4885 4885
[1573] = 7326 7326
[1574] = 9766 9766
[1575] = 12205 12205
[1576] = 14642 14642
[1577] = 17079 17079
[1578] = 19514 19514
[1579] = 21948 21948
[1580] = 24381 24381
[1581] = 26813 26813
[1582] = 29243 29243
[1583] = 31672 31672
[1584] = 34101 34101
[1585] = 0 0
[1586] = 2434 2434
[1587] = 4867 4867
[1588] = 7300 7300
[1589] = 9731 9731
[1590] = 12161 12161
[1591] = 14589 14589
[1592] = 17017 17017
[1593] = 19443 19443
[1594] = 21868 21868
[1595] = 24292 24292
[1596] = 26715 26715
[1597] = 29136 29136
[1598] = 31557 31557
[1599] = 33976 33976
[1600] = 0 0
[1601] = 2425 2425
[1602] = 4850 4850
[1603] = 7273 7273
[1604] = 9695 9695
[1605] = 12116 12116
[1606] = 14536 14536
[1607] = 16955 16955
[1608] = 19372 19372
[1609] = 21788 21788
[1610] = 24204 24204
[1611] = 26617 26617
[1612] = 29030 29030
[1613] = 31442 31442
[1614] = 33852 33852
[1615] = 0 0
[1616] = 2264 2264
[1617] = 4529 4529
[1618] = 6793 6793
[1619] = 9055 9055
[1620] = 11317 11317
[1621] = 13577 13577
[1622] = 15836 15836
[1623] = 18094 18094
[1624] = 20351 20351
[1625] = 22607 22607
[1626] = 24862 24862
[1627] = 27116 27116
[1628] = 29368 29368
[1629] = 31619 31619
[1630] = 33869 33869
[1631] = 0 0
[1632] = 2407 2407
[1633] = 4813 4813
[1634] = 7218 7218
[1635] = 9622 9622
[1636] = 12024 12024
[1637] = 14426 14426
[1638] = 16826 16826
[1639] = 19225 19225
[1640] = 21623 21623
[1641] = 24020 24020
[1642] = 26415 26415
[1643] = 28810 28810
[1644] = 31203 31203
[1645] = 33594 33594
[1646] = 0 0
[1647] = 2398 2398
[1648] = 4795 4795
[1649] = 7191 7191
[1650] = 9586 9586
[1651] = 11980 11980
[1652] = 14372 14372
[1653] = 16764 16764
[1654] = 19154 19154
[1655] = 21543 21543
[1656] = 23931 23931
[1657] = 26317 26317
[1658] = 28703 28703
[1659] = 31087 31087
[1660] = 33470 33470
[1661] = 0 0
[1662] = 2239 2239
[1663] = 4478 4478
[1664] = 6716 6716
[1665] = 8953 8953
[1666] = 11189 11189
[1667] = 13423 13423
[1668] = 15657 15657
[1669] = 17890 17890
[1670] = 20121 20121
[1671] = 22351 22351
[1672] = 24581 24581
[1673] = 26809 26809
[1674] = 29036 29036
[1675] = 31262 31262
[1676] = 33487 33487
[1677] = 0 0
[1678] = 2379 2379
[1679] = 4758 4758
[1680] = 7136 7136
[1681] = 9513 9513
[1682] = 11888 11888
[1683] = 14262 14262
[1684] = 16635 16635
[1685] = 19007 19007
[1686] = 21378 21378
[1687] = 23747 23747
[1688] = 26115 26115
[1689] = 28483 28483
[1690] = 30856 30856
[1691] = 33230 33230
[1692] = 0 0
[1693] = 2373 2373
[1694] = 4746 4746
[1695] = 7120 7120
[1696] = 9493 9493
[1697] = 11867 11867
[1698] = 14241 14241
[1699] = 16614 16614
[1700] = 18988 18988
[1701] = 21362 21362
[1702] = 23735 23735
[1703] = 26109 26109
[1704] = 28483 28483
[1705] = 30856 30856
[1706] = 33230 33230
[1707] = 0 0
[1708] = 2224 2224
[1709] = 4449 4449
[1710] = 6674 6674
[1711] = 8900 8900
[1712] = 11125 11125
[1713] = 13350 13350
[1714] = 15575 15575
[1715] = 17801 17801
[1716] = 20026 20026
[1717] = 22251 22251
[1718] = 24477 24477
[1719] = 26702 26702
[1720] = 28927 28927
[1721] = 31153 31153
[1722] = 33378 33378
[1723] = 0 0
[1724] = 2373 2373
[1725] = 4746 4746
[1726] = 7120 7120
[1727] = 9493 9493
[1728] = 11867 11867
[1729] = 14241 14241
[1730] = 16614 16614
[1731] = 18988 18988
[1732] = 21362 21362
[1733] = 23735 23735
[1734] = 26109 26109
[1735] = 28483 28483
[1736] = 30856 30856
[1737] = 33230 33230
[1738] = 0 0
[1739] = 2373 2373
[1740] = 4746 4746
[1741] = 7120 7120
[1742] = 9493 9493
[1743] = 11867 11867
[1744] = 14241 14241
[1745] = 16614 16614
[1746] = 18988 18988
[1747] = 21362 21362
[1748] = 23735 23735
[1749] = 26109 26109
[1750] = 28483 28483
[1751] = 30856 30856
[1752] = 33230 33230
[1753] = 0 0
[1754] = 2224 2224
[1755] = 4449 4449
[1756] = 6674 6674
[1757] = 8900 8900
[1758] = 11125 11125
[1759] = 13350 13350
[1760] = 15575 15575
[1761] = 17801 17801
[1762] = 20026 20026
[1763] = 22251 22251
[1764] = 24477 24477
[1765] = 26702 26702
[1766] = 28927 28927
[1767] = 31153 31153
[1768] = 33378 33378
[1769] = 0 0
[1770] = 2373 2373
[1771] = 4746 4746
[1772] = 7120 7120
[1773] = 9493 9493
[1774] = 11867 11867
[1775] = 14241 14241
[1776] = 16614 16614
[1777] = 18988 18988
[1778] = 21362 21362
[1779] = 23735 23735
[1780] = 26109 26109
[1781] = 28483 28483
[1782] = 30856 30856
[1783] = 33230 33230
[1784] = 0 0
[1785] = 2373 2373
[1786] = 4746 4746
[1787] = 7120 7120
[1788] = 9493 9493
[1789] = 11867 11867
[1790] = 14241 14241
[1791] = 16614 16614
[1792] = 18988 18988
[1793] = 21362 21362
[1794] = 23735 23735
[1795] = 26109 26109
[1796] = 28483 28483
[1797] = 30856 30856
[1798] = 33230 33230
[1799] = 0 0
[1800] = 2373 2373
[1801] = 4746 4746
[1802] = 7120 7120
[1803] = 9493 9493
[1804] = 11867 11867
[1805] = 14241 14241
[1806] = 16614 16614
[1807] = 18988 18988
[1808] = 21362 21362
[1809] = 23735 23735
[1810] = 26109 26109
[1811] = 28483 28483
[1812] = 30856 30856
[1813] = 33230 33230
[1814] = 0 0
[1815] = 2224 2224
[1816] = 4449 4449
[1817] = 6674 6674
[1818] = 8900 8900
[1819] = 11125 11125
[1820] = 13350 13350
[1821] = 15575 15575
[1822] = 17801 17801
[1823] = 20026 20026
[1824] = 22251 22251
[1825] = 24477 24477
[1826] = 26702 26702
[1827] = 28927 28927
[1828] = 31153 31153
[1829] = 33378 33378
[1830] = 0 0
[1831] = 2373 2373
[1832] = 4746 4746
[1833] = 7120 7120
[1834] = 9493 9493
[1835] = 11867 11867
[1836] = 14241 14241
[1837] = 16614 16614
[1838] = 18988 18988
[1839] = 21362 21362
[1840] = 23735 23735
[1841] = 26109 26109
[1842] = 28483 28483
[1843] = 30856 30856
[1844] = 33230 33230
[1845] = 0 0
[1846] = 2373 2373
[1847] = 4746 4746
[1848] = 7120 7120
[1849] = 9493 9493
[1850] = 11867 11867
[1851] = 14241 14241
[1852] = 16614 16614
[1853] = 18988 18988
[1854] = 21362 21362
[1855] = 23735 23735
[1856] = 26109 26109
[1857] = 28483 28483
[1858] = 30856 30856
[1859] = 33230 33230
[1860] = 0 0
[1861] = 2224 2224
[1862] = 4449 4449
[1863] = 6674 6674
[1864] = 8900 8900
[1865] = 11125 11125
[1866] = 13350 13350
[1867] = 15575 15575
[1868] = 17801 17801
[1869] = 20026 20026
[1870] = 22251 22251
[1871] = 24477 24477
[1872] = 26702 26702
[1873] = 28927 28927
[1874] = 31153 31153
[1875] = 33378 33378
[1876] = 0 0
[1877] = 2373 2373
[1878] = 4746 4746
[1879] = 7120 7120
[1880] = 9493 9493
[1881] = 11867 11867
[1882] = 14241 14241
[1883] = 16614 16614
[1884] = 18988 18988
[1885] = 21362 21362
[1886] = 23735 23735
[1887] = 26109 26109
[1888] = 28483 28483
[1889] = 30856 30856
[1890] = 33230 33230
[1891] = 0 0
[1892] = 2373 2373
[1893] = 4746 4746
[1894] = 7120 7120
[1895] = 9493 9493
[1896] = 11867 11867
[1897] = 14241 14241
[1898] = 16614 16614
[1899] = 18988 18988
[1900] = 21362 21362
[1901] = 23735 23735
[1902] = 26109 26109
[1903] = 28483 28483
[1904] = 30856 30856
[1905] = 33230 33230
[1906] = 0 0
[1907] = 2224 2224
[1908] = 4449 4449
[1909] = 6674 6674
[1910] = 8900 8900
[1911] = 11125 11125
[1912] = 13350 13350
[1913] = 15575 15575
[1914] = 17801 17801
[1915] = 20026 20026
[1916] = 22251 22251
[1917] = 24477 24477
[1918] = 26702 26702
[1919] = 28927 28927
[1920] = 31153 31153
[1921] = 33378 33378
[1922] = 0 0
[1923] = 2373 2373
[1924] = 4746 4746
[1925] = 7120 7120
[1926] = 9493 9493
[1927] = 11867 11867
[1928] = 14241 14241
[1929] = 16614 16614
[1930] = 18988 18988
[1931] = 21362 21362
[1932] = 23735 23735
[1933] = 26109 26109
[1934] = 28483 28483
[1935] = 30856 30856
[1936] = 33230 33230
[1937] = 0 0
[1938] = 2373 2373
[1939] = 4746 4746
[1940] = 7120 7120
[1941] = 9493 9493
[1942] = 11867 11867
[1943] = 14241 14241
[1944] = 16614 16614
[1945] = 18988 18988
[1946] = 21362 21362
[1947] = 23735 23735
[1948] = 26109 26109
[1949] = 28483 28483
[1950] = 30856 30856
[1951] = 33230 33230
[1952] = 0 0
[1953] = 2224 2224
[1954] = 4449 4449
[1955] = 6674 6674
[1956] = 8900 8900
[1957] = 11125 11125
[1958] = 13350 13350
[1959] = 15575 15575
[1960] = 17801 17801
[1961] = 20026 20026
[1962] = 22251 22251
[1963] = 24477 24477
[1964] = 26702 26702
[1965] = 28927 28927
[1966] = 31153 31153
[1967] = 33378 33378
[1968] = 0 0
[1969] = 2373 2373
[1970] = 4746 4746
[1971] = 7120 7120
[1972] = 9493 9493
[1973] = 11867 11867
[1974] = 14241 14241
[1975] = 16614 16614
[1976] = 18988 18988
[1977] = 21362 21362
[1978] = 23735 23735
[1979] = 26109 26109
[1980] = 28483 28483
[1981] = 30856 30856
[1982] = 33230 33230
[1983] = 0 0
[1984] = 2373 2373
[1985] = 4746 4746
[1986] = 7120 7120
[1987] = 9493 9493
[1988] = 11867 11867
[1989] = 14241 14241
[1990] = 16614 16614
[1991] = 18988 18988
[1992] = 21362 21362
[1993] = 23735 23735
[1994] = 26109 26109
[1995] = 28483 28483
[1996] = 30856 30856
[1997] = 33230 33230
[1998] = 0 0
[1999] = 2373 2373
[2000] = 4746 4746
[2001] = 7120 7120
[2002] = 9493 9493
[2003] = 11867 11867
[2004] = 14241 14241
[2005] = 16614 16614
[2006] = 18988 18988
[2007] = 21362 21362
[2008] = 23735 23735
[2009] = 26109 26109
[2010] = 28483 28483
[2011] = 30856 30856
[2012] = 33230 33230
[2013] = 0 0
[2014] = 2224 2224
[2015] = 4449 4449
[2016] = 6674 6674
[2017] = 8900 8900
[2018] = 11125 11125
[2019] = 13350 13350
[2020] = 15575 15575
[2021] = 17801 17801
[2022] = 20026 20026
[2023] = 22251 22251
[2024] = 24477 24477
[2025] = 26702 26702
[2026] = 28927 28927
[2027] = 31153 31153
[2028] = 33378 33378
[2029] = 0 0
[2030] = 2373 2373
[2031] = 4746 4746
[2032] = 7120 7120
[2033] = 9493 9493
[2034] = 11867 11867
[2035] = 14241 14241
[2036] = 16614 16614
[2037] = 18988 18988
[2038] = 21362 21362
[2039] = 23735 23735
[2040] = 26109 26109
[2041] = 28483 28483
[2042] = 30856 30856
[2043] = 33230 33230
[2044] = 0 0
[2045] = 2373 2373
[2046] = 4746 4746
[2047] = 7120 7120
[2048] = 9493 9493
[2049] = 11867 11867
[2050] = 14241 14241
[2051] = 16614 16614
[2052] = 18988 18988
[2053] = 21362 21362
[2054] = 23735 23735
[2055] = 26109 26109
[2056] = 28483 28483
[2057] = 30856 30856
[2058] = 33230 33230
[2059] = 0 0
[2060] = 2224 2224
[2061] = 4449 4449
[2062] = 6674 6674
[2063] = 8900 8900
[2064] = 11125 11125
[2065] = 13350 13350
[2066] = 15575 15575
[2067] = 17801 17801
[2068] = 20026 20026
[2069] = 22251 22251
[2070] = 24477 24477
[2071] = 26702 26702
[2072] = 28927 28927
[2073] = 31153 31153
[2074] = 33378 33378
[2075] = 0 0
[2076] = 2373 2373
[2077] = 4746 4746
[2078] = 7120 7120
[2079] = 9493 9493
[2080] = 11867 11867
[2081] = 14241 14241
[2082] = 16614 16614
[2083] = 18988 18988
[2084] = 21362 21362
[2085] = 23735 23735
[2086] = 26109 26109
[2087] = 28483 28483
[2088] = 30856 30856
[2089] = 33230 33230
[2090] = 0 0
[2091] = 2373 2373
[2092] = 4746 4746
[2093] = 7120 7120
[2094] = 9493 9493
[2095] = 11867 11867
[2096] = 14241 14241
[2097] = 16614 16614
[2098] = 18988 18988
[2099] = 21362 21362
[2100] = 23735 23735
[2101] = 26109 26109
[2102] = 28483 28483
[2103] = 30856 30856
[2104] = 33230 33230
[2105] = 0 0
[2106] = 2224 2224
[2107] = 4449 4449
[2108] = 6674 6674
[2109] = 8900 8900
[2110] = 11125 11125
[2111] = 13350 13350
[2112] = 15575 15575
[2113] = 17801 17801
[2114] = 20026 20026
[2115] = 22251 22251
[2116] = 24477 24477
[2117] = 26702 26702
[2118] = 28927 28927
[2119] = 31153 31153
[2120] = 33378 33378
[2121] = 0 0
[2122] = 2373 2373
[2123] = 4746 4746
[2124] = 7120 7120
[2125] = 9493 9493
[2126] = 11867 11867
[2127] = 14241 14241
[2128] = 16614 16614
[2129] = 18988 18988
[2130] = 21362 21362
[2131] = 23735 23735
[2132] = 26109 26109
[2133] = 28483 28483
[2134] = 30856 30856
[2135] = 33230 33230
[2136] = 0 0
[2137] = 2373 2373
[2138] = 4746 4746
[2139] = 7120 7120
[2140] = 9493 9493
[2141] = 11867 11867
[2142] = 14241 14241
[2143] = 16614 16614
[2144] = 18988 18988
[2145] = 21362 21362
[2146] = 23735 23735
[2147] = 26109 26109
[2148] = 28483 28483
[2149] = 30856 30856
[2150] = 33230 33230
[2151] = 0 0
[2152] = 2373 2373
[2153] = 4746 4746
[2154] = 7120 7120
[2155] = 9493 9493
[2156] = 11867 11867
[2157] = 14241 14241
[2158] = 16614 16614
[2159] = 18988 18988
[2160] = 21362 21362
[2161] = 23735 23735
[2162] = 26109 26109
[2163] = 28483 28483
[2164] = 30856 30856
[2165] = 33230 33230
[2166] = 0 0
[2167] = 2224 2224
[2168] = 4449 4449
[2169] = 6674 6674
[2170] = 8900 8900
[2171] = 11125 11125
[2172] = 13350 13350
[2173] = 15575 15575
[2174] = 17801 17801
[2175] = 20026 20026
[2176] = 22251 22251
[2177] = 24477 24477
[2178] = 26702 26702
[2179] = 28927 28927
[2180] = 31153 31153
[2181] = 33378 33378
[2182] = 0 0
[2183] = 2373 2373
[2184] = 4746 4746
[2185] = 7120 7120
[2186] = 9493 9493
[2187] = 11867 11867
[2188] = 14241 14241
[2189] = 16614 16614
[2190] = 18988 18988
[2191] = 21362 21362
[2192] = 23735 23735
[2193] = 26109 26109
[2194] = 28483 28483
[2195] = 30856 30856
[2196] = 33230 33230
[2197] = 0 0
[2198] = 2373 2373
[2199] = 4746 4746
[2200] = 7120 7120
[2201] = 9493 9493
[2202] = 11867 11867
[2203] = 14241 14241
[2204] = 16614 16614
[2205] = 18988 18988
[2206] = 21362 21362
[2207] = 23735 23735
[2208] = 26109 26109
[2209] = 28483 28483
[2210] = 30856 30856
[2211] = 33230 33230
[2212] = 0 0
[2213] = 2224 2224
[2214] = 4449 4449
[2215] = 6674 6674
[2216] = 8900 8900
[2217] = 11125 11125
[2218] = 13350 13350
[2219] = 15575 15575
[2220] = 17801 17801
[2221] = 20026 20026
[2222] = 22251 22251
[2223] = 24477 24477
[2224] = 26702 26702
[2225] = 28927 28927
[2226] = 31153 31153
[2227] = 33378 33378
[2228] = 0 0
[2229] = 2373 2373
[2230] = 4746 4746
[2231] = 7120 7120
[2232] = 9493 9493
[2233] = 11867 11867
[2234] = 14241 14241
[2235] = 16614 16614
[2236] = 18988 18988
[2237] = 21362 21362
[2238] = 23735 23735
[2239] = 26109 26109
[2240] = 28483 28483
[2241] = 30856 30856
[2242] = 33230 33230
[2243] = 0 0
[2244] = 2373 2373
[2245] = 4746 4746
[2246] = 7120 7120
[2247] = 9493 9493
[2248] = 11867 11867
[2249] = 14241 14241
[2250] = 16614 16614
[2251] = 18988 18988
[2252] = 21362 21362
[2253] = 23735 23735
[2254] = 26109 26109
[2255] = 28483 28483
[2256] = 30856 30856
[2257] = 33230 33230
[2258] = 0 0
[2259] = 2224 2224
[2260] = 4449 4449
[2261] = 6674 6674
[2262] = 8900 8900
[2263] = 11125 11125
[2264] = 13350 13350
[2265] = 15575 15575
[2266] = 17801 17801
[2267] = 20026 20026
[2268] = 22251 22251
[2269] = 24477 24477
[2270] = 26702 26702
[2271] = 28927 28927
[2272] = 31153 31153
[2273] = 33378 33378
[2274] = 0 0
[2275] = 2373 2373
[2276] = 4746 4746
[2277] = 7120 7120
[2278] = 9493 9493
[2279] = 11867 11867
[2280] = 14241 14241
[2281] = 16614 16614
[2282] = 18988 18988
[2283] = 21362 21362
[2284] = 23735 23735
[2285] = 26109 26109
[2286] = 28483 28483
[2287] = 30856 30856
[2288] = 33230 33230
[2289] = 0 0
[2290] = 2373 2373
[2291] = 4746 4746
[2292] = 7120 7120
[2293] = 9493 9493
[2294] = 11867 11867
[2295] = 14241 14241
[2296] = 16614 16614
[2297] = 18988 18988
[2298] = 21362 21362
[2299] = 23735 23735
[2300] = 26109 26109
[2301] = 28483 28483
[2302] = 30856 30856
[2303] = 33230 33230
[2304] = 0 0
[2305] = 2224 2224
[2306] = 4449 4449
[2307] = 6674 6674
[2308] = 8900 8900
[2309] = 11125 11125
[2310] = 13350 13350
[2311] = 15575 15575
[2312] = 17801 17801
[2313] = 20026 20026
[2314] = 22251 22251
[2315] = 24477 24477
[2316] = 26702 26702
[2317] = 28927 28927
[2318] = 31153 31153
[2319] = 33378 33378
[2320] = 0 0
[2321] = 2373 2373
[2322] = 4746 4746
[2323] = 7120 7120
[2324] = 9493 9493
[2325] = 11867 11867
[2326] = 14241 14241
[2327] = 16614 16614
[2328] = 18988 18988
[2329] = 21362 21362
[2330] = 23735 23735
[2331] = 26109 26109
[2332] = 28483 28483
[2333] = 30856 30856
[2334] = 33230 33230
[2335] = 0 0
[2336] = 2373 2373
[2337] = 4746 4746
[2338] = 7120 7120
[2339] = 9493 9493
[2340] = 11867 11867
[2341] = 14241 14241
[2342] = 16614 16614
[2343] = 18988 18988
[2344] = 21362 21362
[2345] = 23735 23735
[2346] = 26109 26109
[2347] = 28483 28483
[2348] = 30856 30856
[2349] = 33230 33230
[2350] = 0 0
[2351] = 2373 2373
[2352] = 4746 4746
[2353] = 7120 7120
[2354] = 9493 9493
[2355] = 11867 11867
[2356] = 14241 14241
[2357] = 16614 16614
[2358] = 18988 18988
[2359] = 21362 21362
[2360] = 23735 23735
[2361] = 26109 26109
[2362] = 28483 28483
[2363] = 30856 30856
[2364] = 33230 33230
[2365] = 0 0
[2366] = 2224 2224
[2367] = 4449 4449
[2368] = 6674 6674
[2369] = 8900 8900
[2370] = 11125 11125
[2371] = 13350 13350
[2372] = 15575 15575
[2373] = 17801 17801
[2374] = 20026 20026
[2375] = 22251 22251
[2376] = 24477 24477
[2377] = 26702 26702
[2378] = 28927 28927
[2379] = 31153 31153
[2380] = 33378 33378
[2381] = 0 0
[2382] = 2373 2373
[2383] = 4746 4746
[2384] = 7120 7120
[2385] = 9493 9493
[2386] = 11867 11867
[2387] = 14241 14241
[2388] = 16614 16614
[2389] = 18988 18988
[2390] = 21362 21362
[2391] = 23735 23735
[2392] = 26109 26109
[2393] = 28483 28483
[2394] = 30856 30856
[2395] = 33230 33230
[2396] = 0 0
[2397] = 2373 2373
[2398] = 4746 4746
[2399] = 7120 7120
[2400] = 9493 9493
[2401] = 11867 11867
[2402] = 14241 14241
[2403] = 16614 16614
[2404] = 18988 18988
[2405] = 21362 21362
[2406] = 23735 23735
[2407] = 26109 26109
[2408] = 28483 28483
[2409] = 30856 30856
[2410] = 33230 33230
[2411] = 0 0
[2412] = 2224 2224
[2413] = 4449 4449
[2414] = 6674 6674
[2415] = 8900 8900
[2416] = 11125 11125
[2417] = 13350 13350
[2418] = 15575 15575
[2419] = 17801 17801
[2420] = 20026 20026
[2421] = 22251 22251
[2422] = 24477 24477
[2423] = 26702 26702
[2424] = 28927 28927
[2425] = 31153 31153
[2426] = 33378 33378
[2427] = 0 0
[2428] = 2373 2373
[2429] = 4746 4746
[2430] = 7120 7120
[2431] = 9493 9493
[2432] = 11867 11867
[2433] = 14241 14241
[2434] = 16614 16614
[2435] = 18988 18988
[2436] = 21362 21362
[2437] = 23735 23735
[2438] = 26109 26109
[2439] = 28483 28483
[2440] = 30856 30856
[2441] = 33230 33230
[2442] = 0 0
[2443] = 2373 2373
[2444] = 4746 4746
[2445] = 7120 7120
[2446] = 9493 9493
[2447] = 11867 11867
[2448] = 14241 14241
[2449] = 16614 16614
[2450] = 18988 18988
[2451] = 21362 21362
[2452] = 23735 23735
[2453] = 26109 26109
[2454] = 28483 28483
[2455] = 30856 30856
[2456] = 33230 33230
[2457] = 0 0
[2458] = 2224 2224
[2459] = 4449 4449
[2460] = 6674 6674
[2461] = 8900 8900
[2462] = 11125 11125
[2463] = 13350 13350
[2464] = 15575 15575
[2465] = 17801 17801
[2466] = 20026 20026
[2467] = 22251 22251
[2468] = 24477 24477
[2469] = 26702 26702
[2470] = 28927 28927
[2471] = 31153 31153
[2472] = 33378 33378
[2473] = 0 0
[2474] = 2373 2373
[2475] = 4746 4746
[2476] = 7120 7120
[2477] = 9493 9493
[2478] = 11867 11867
[2479] = 14241 14241
[2480] = 16614 16614
[2481] = 18988 18988
[2482] = 21362 21362
[2483] = 23735 23735
[2484] = 26109 26109
[2485] = 28483 28483
[2486] = 30856 30856
[2487] = 33230 33230
[2488] = 0 0
[2489] = 2373 2373
[2490] = 4746 4746
[2491] = 7120 7120
[2492] = 9493 9493
[2493] = 11867 11867
[2494] = 14241 14241
[2495] = 16614 16614
[2496] = 18988 18988
[2497] = 21362 21362
[2498] = 23735 23735
[2499] = 26109 26109
[2500] = 28483 28483
[2501] = 30856 30856
[2502] = 33230 33230
[2503] = 0 0
[2504] = 2224 2224
[2505] = 4449 4449
[2506] = 6674 6674
[2507] = 8900 8900
[2508] = 11125 11125
[2509] = 13350 13350
[2510] = 15575 15575
[2511] = 17801 17801
[2512] = 20026 20026
[2513] = 22251 22251
[2514] = 24477 24477
[2515] = 26702 26702
[2516] = 28927 28927
[2517] = 31153 31153
[2518] = 33378 33378
[2519] = 0 0
[2520] = 2373 2373
[2521] = 4746 4746
[2522] = 7120 7120
[2523] = 9493 9493
[2524] = 11867 11867
[2525] = 14241 14241
[2526] = 16614 16614
[2527] = 18988 18988
[2528] = 21362 21362
[2529] = 23735 23735
[2530] = 26109 26109
[2531] = 28483 28483
[2532] = 30856 30856
[2533] = 33230 33230
[2534] = 0 0
[2535] = 2373 2373
[2536] = 4746 4746
[2537] = 7120 7120
[2538] = 9493 9493
[2539] = 11867 11867
[2540] = 14241 14241
[2541] = 16614 16614
[2542] = 18988 18988
[2543] = 21362 21362
[2544] = 23735 23735
[2545] = 26109 26109
[2546] = 28483 28483
[2547] = 30856 30856
[2548] = 33230 33230
[2549] = 0 0
[2550] = 2373 2373
[2551] = 4746 4746
[2552] = 7120 7120
[2553] = 9493 9493
[2554] = 11867 11867
[2555] = 14241 14241
[2556] = 16614 16614
[2557] = 18988 18988
[2558] = 21362 21362
[2559] = 23735 23735
[2560] = 26109 26109
[2561] = 28483 28483
[2562] = 30856 30856
[2563] = 33230 33230
[2564] = 0 0
[2565] = 2224 2224
[2566] = 4449 4449
[2567] = 6674 6674
[2568] = 8900 8900
[2569] = 11125 11125
[2570] = 13350 13350
[2571] = 15575 15575
[2572] = 17801 17801
[2573] = 20026 20026
[2574] = 22251 22251
[2575] = 24477 24477
[2576] = 26702 26702
[2577] = 28927 28927
[2578] = 31153 31153
[2579] = 33378 33378
[2580] = 0 0
[2581] = 2373 2373
[2582] = 4746 4746
[2583] = 7120 7120
[2584] = 9493 9493
[2585] = 11867 11867
[2586] = 14241 14241
[2587] = 16614 16614
[2588] = 18988 18988
[2589] = 21362 21362
[2590] = 23735 23735
[2591] = 26109 26109
[2592] = 28483 28483
[2593] = 30856 30856
[2594] = 33230 33230
[2595] = 0 0
[2596] = 2373 2373
[2597] = 4746 4746
[2598] = 7120 7120
[2599] = 9493 9493
[2600] = 11867 11867
[2601] = 14241 14241
[2602] = 16614 16614
[2603] = 18988 18988
[2604] = 21362 21362
[2605] = 23735 23735
[2606] = 26109 26109
[2607] = 28483 28483
[2608] = 30856 30856
[2609] = 33230 33230
[2610] = 0 0
[2611] = 2224 2224
[2612] = 4449 4449
[2613] = 6674 6674
[2614] = 8900 8900
[2615] = 11125 11125
[2616] = 13350 13350
[2617] = 15575 15575
[2618] = 17801 17801
[2619] = 20026 20026
[2620] = 22251 22251
[2621] = 24477 24477
[2622] = 26702 26702
[2623] = 28927 28927
[2624] = 31153 31153
[2625] = 33378 33378
[2626] = 0 0
[2627] = 2373 2373
[2628] = 4746 4746
[2629] = 7120 7120
[2630] = 9493 9493
[2631] = 11867 11867
[2632] = 14241 14241
[2633] = 16614 16614
[2634] = 18988 18988
[2635] = 21362 21362
[2636] = 23735 23735
[2637] = 26109 26109
[2638] = 28483 28483
[2639] = 30856 30856
[2640] = 33230 33230
[2641] = 0 0
[2642] = 2373 2373
[2643] = 4746 4746
[2644] = 7120 7120
[2645] = 9493 9493
[2646] = 11867 11867
[2647] = 14241 14241
[2648] = 16614 16614
[2649] = 18988 18988
[2650] = 21362 21362
[2651] = 23735 23735
[2652] = 26109 26109
[2653] = 28483 28483
[2654] = 30856 30856
[2655] = 33230 33230
[2656] = 0 0
[2657] = 2224 2224
[2658] = 4449 4449
[2659] = 6674 6674
[2660] = 8900 8900
[2661] = 11125 11125
[2662] = 13350 13350
[2663] = 15575 15575
[2664] = 17801 17801
[2665] = 20026 20026
[2666] = 22251 22251
[2667] = 24477 24477
[2668] = 26702 26702
[2669] = 28927 28927
[2670] = 31153 31153
[2671] = 33378 33378
[2672] = 0 0
[2673] = 2373 2373
[2674] = 4746 4746
[2675] = 7120 7120
[2676] = 9493 9493
[2677] = 11867 11867
[2678] = 14241 14241
[2679] = 16614 16614
[2680] = 18988 18988
[2681] = 21362 21362
[2682] = 23735 23735
[2683] = 26109 26109
[2684] = 28483 28483
[2685] = 30856 30856
[2686] = 33230 33230
[2687] = 0 0
[2688] = 2373 2373
[2689] = 4746 4746
[2690] = 7120 7120
[2691] = 9493 9493
[2692] = 11867 11867
[2693] = 14241 14241
[2694] = 16614 16614
[2695] = 18988 18988
[2696] = 21362 21362
[2697] = 23735 23735
[2698] = 26109 26109
[2699] = 28483 28483
[2700] = 30856 30856
[2701] = 33230 33230
[2702] = 0 0
[2703] = 2224 2224
[2704] = 4449 4449
[2705] = 6674 6674
[2706] = 8900 8900
[2707] = 11125 11125
[2708] = 13350 13350
[2709] = 15575 15575
[2710] = 17801 17801
[2711] = 20026 20026
[2712] = 22251 22251
[2713] = 24477 24477
[2714] = 26702 26702
[2715] = 28927 28927
[2716] = 31153 31153
[2717] = 33378 33378
[2718] = 0 0
[2719] = 2373 2373
[2720] = 4746 4746
[2721] = 7120 7120
[2722] = 9493 9493
[2723] = 11867 11867
[2724] = 14241 14241
[2725] = 16614 16614
[2726] = 18988 18988
[2727] = 21362 21362
[2728] = 23735 23735
[2729] = 26109 26109
[2730] = 28483 28483
[2731] = 30856 30856
[2732] = 33230 33230
[2733] = 0 0
[2734] = 2373 2373
[2735] = 4746 4746
[2736] = 7120 7120
[2737] = 9493 9493
[2738] = 11867 11867
[2739] = 14241 14241
[2740] = 16614 16614
[2741] = 18988 18988
[2742] = 21362 21362
[2743] = 23735 23735
[2744] = 26109 26109
[2745] = 28483 28483
[2746] = 30856 30856
[2747] = 33230 33230
[2748] = 0 0
[2749] = 2373 2373
[2750] = 4746 4746
[2751] = 7120 7120
[2752] = 9493 9493
[2753] = 11867 11867
[2754] = 14241 14241
[2755] = 16614 16614
[2756] = 18988 18988
[2757] = 21362 21362
[2758] = 23735 23735
[2759] = 26109 26109
[2760] = 28483 28483
[2761] = 30856 30856
[2762] = 33230 33230
[2763] = 0 0
[2764] = 2224 2224
[2765] = 4449 4449
[2766] = 6674 6674
[2767] = 8900 8900
[2768] = 11125 11125
[2769] = 13350 13350
[2770] = 15575 15575
[2771] = 17801 17801
[2772] = 20026 20026
[2773] = 22251 22251
[2774] = 24477 24477
[2775] = 26702 26702
[2776] = 28927 28927
[2777] = 31153 31153
[2778] = 33378 33378
[2779] = 0 0
[2780] = 2373 2373
[2781] = 4746 4746
[2782] = 7120 7120
[2783] = 9493 9493
[2784] = 11867 11867
[2785] = 14241 14241
[2786] = 16614 16614
[2787] = 18988 18988
[2788] = 21362 21362
[2789] = 23735 23735
[2790] = 26109 26109
[2791] = 28483 28483
[2792] = 30856 30856
[2793] = 33230 33230
[2794] = 0 0
[2795] = 2373 2373
[2796] = 4746 4746
[2797] = 7120 7120
[2798] = 9493 9493
[2799] = 11867 11867
[2800] = 14241 14241
[2801] = 16614 16614
[2802] = 18988 18988
[2803] = 21362 21362
[2804] = 23735 23735
[2805] = 26109 26109
[2806] = 28483 28483
[2807] = 30856 30856
[2808] = 33230 33230
[2809] = 0 0
[2810] = 2224 2224
[2811] = 4449 4449
[2812] = 6674 6674
[2813] = 8900 8900
[2814] = 11125 11125
[2815] = 13350 13350
[2816] = 15575 15575
[2817] = 17801 17801
[2818] = 20026 20026
[2819] = 22251 22251
[2820] = 24477 24477
[2821] = 26702 26702
[2822] = 28927 28927
[2823] = 31153 31153
[2824] = 33378 33378
[2825] = 0 0
[2826] = 2373 2373
[2827] = 4746 4746
[2828] = 7120 7120
[2829] = 9493 9493
[2830] = 11867 11867
[2831] = 14241 14241
[2832] = 16614 16614
[2833] = 18988 18988
[2834] = 21362 21362
[2835] = 23735 23735
[2836] = 26109 26109
[2837] = 28483 28483
[2838] = 30856 30856
[2839] = 33230 33230
[2840] = 0 0
[2841] = 2373 2373
[2842] = 4746 4746
[2843] = 7120 7120
[2844] = 9493 9493
[2845] = 11867 11867
[2846] = 14241 14241
[2847] = 16614 16614
[2848] = 18988 18988
[2849] = 21362 21362
[2850] = 23735 23735
[2851] = 26109 26109
[2852] = 28483 28483
[2853] = 30856 30856
[2854] = 33230 33230
[2855] = 0 0
[2856] = 2224 2224
[2857] = 4449 4449
[2858] = 6674 6674
[2859] = 8900 8900
[2860] = 11125 11125
[2861] = 13350 13350
[2862] = 15575 15575
[2863] = 17801 17801
[2864] = 20026 20026
[2865] = 22251 22251
[2866] = 24477 24477
[2867] = 26702 26702
[2868] = 28927 28927
[2869] = 31153 31153
[2870] = 33378 33378
[2871] = 0 0
[2872] = 2373 2373
[2873] = 4746 4746
[2874] = 7120 7120
[2875] = 9493 9493
[2876] = 11867 11867
[2877] = 14241 14241
[2878] = 16614 16614
[2879] = 18988 18988
[2880] = 21362 21362
[2881] = 23735 23735
[2882] = 26109 26109
[2883] = 28483 28483
[2884] = 30856 30856
[2885] = 33230 33230
[2886] = 0 0
[2887] = 2373 2373
[2888] = 4746 4746
[2889] = 7120 7120
[2890] = 9493 9493
[2891] = 11867 11867
[2892] = 14241 14241
[2893] = 16614 16614
[2894] = 18988 18988
[2895] = 21362 21362
[2896] = 23735 23735
[2897] = 26109 26109
[2898] = 28483 28483
[2899] = 30856 30856
[2900] = 33230 33230
[2901] = 0 0
[2902] = 2224 2224
[2903] = 4449 4449
[2904] = 6674 6674
[2905] = 8900 8900
[2906] = 11125 11125
[2907] = 13350 13350
[2908] = 15575 15575
[2909] = 17801 17801
[2910] = 20026 20026
[2911] = 22251 22251
[2912] = 24477 24477
[2913] = 26702 26702
[2914] = 28927 28927
[2915] = 31153 31153
[2916] = 33378 33378
[2917] = 0 0
[2918] = 2373 2373
[2919] = 4746 4746
[2920] = 7120 7120
[2921] = 9493 9493
[2922] = 11867 11867
[2923] = 14241 14241
[2924] = 16614 16614
[2925] = 18988 18988
[2926] = 21362 21362
[2927] = 23735 23735
[2928] = 26109 26109
[2929] = 28483 28483
[2930] = 30856 30856
[2931] = 33230 33230
[2932] = 0 0
[2933] = 2373 2373
[2934] = 4746 4746
[2935] = 7120 7120
[2936] = 9493 9493
[2937] = 11867 11867
[2938] = 14241 14241
[2939] = 16614 16614
[2940] = 18988 18988
[2941] = 21362 21362
[2942] = 23735 23735
[2943] = 26109 26109
[2944] = 28483 28483
[2945] = 30856 30856
[2946] = 33230 33230
[2947] = 0 0
[2948] = 2373 2373
[2949] = 4746 4746
[2950] = 7120 7120
[2951] = 9493 9493
[2952] = 11867 11867
[2953] = 14241 14241
[2954] = 16614 16614
[2955] = 18988 18988
[2956] = 21362 21362
[2957] = 23735 23735
[2958] = 26109 26109
[2959] = 28483 28483
[2960] = 30856 30856
[2961] = 33230 33230
[2962] = 0 0
[2963] = 2224 2224
[2964] = 4449 4449
[2965] = 6674 6674
[2966] = 8900 8900
[2967] = 11125 11125
[2968] = 13350 13350
[2969] = 15575 15575
[2970] = 17801 17801
[2971] = 20026 20026
[2972] = 22251 22251
[2973] = 24477 24477
[2974] = 26702 26702
[2975] = 28927 28927
[2976] = 31153 31153
[2977] = 33378 33378
[2978] = 0 0
[2979] = 2373 2373
[2980] = 4746 4746
[2981] = 7120 7120
[2982] = 9493 9493
[2983] = 11867 11867
[2984] = 14241 14241
[2985] = 16614 16614
[2986] = 18988 18988
[2987] = 21362 21362
[2988] = 23735 23735
[2989] = 26109 26109
[2990] = 28483 28483
[2991] = 30856 30856
[2992] = 33230 33230
[2993] = 0 0
[2994] = 2373 2373
[2995] = 4746 4746
[2996] = 7120 7120
[2997] = 9493 9493
[2998] = 11867 11867
[2999] = 14241 14241
[3000] = 16614 16614
[3001] = 18988 18988
[3002] = 21362 21362
[3003] = 23735 23735
[3004] = 26109 26109
[3005] = 28483 28483
[3006] = 30856 30856
[3007] = 33230 33230
[3008] = 0 0
[3009] = 2224 2224
[3010] = 4449 4449
[3011] = 6674 6674
[3012] = 8900 8900
[3013] = 11125 11125
[3014] = 13350 13350
[3015] = 15575 15575
[3016] = 17801 17801
[3017] = 20026 20026
[3018] = 22251 22251
[3019] = 24477 24477
[3020] = 26702 26702
[3021] = 28927 28927
[3022] = 31153 31153
[3023] = 33378 33378
[3024] = 0 0
[3025] = 2373 2373
[3026] = 4746 4746
[3027] = 7120 7120
[3028] = 9493 9493
[3029] = 11867 11867
[3030] = 14241 14241
[3031] = 16614 16614
[3032] = 18988 18988
[3033] = 21362 21362
[3034] = 23735 23735
[3035] = 26109 26109
[3036] = 28483 28483
[3037] = 30856 30856
[3038] = 33230 33230
[3039] = 0 0
[3040] = 2373 2373
[3041] = 4746 4746
[3042] = 7120 7120
[3043] = 9493 9493
[3044] = 11867 11867
[3045] = 14241 14241
[3046] = 16614 16614
[3047] = 18988 18988
[3048] = 21362 21362
[3049] = 23735 23735
[3050] = 26109 26109
[3051] = 28483 28483
[3052] = 30856 30856
[3053] = 33230 33230
[3054] = 0 0
[3055] = 2224 2224
[3056] = 4449 4449
[3057] = 6674 6674
[3058] = 8900 8900
[3059] = 11125 11125
[3060] = 13350 13350
[3061] = 15575 15575
[3062] = 17801 17801
[3063] = 20026 20026
[3064] = 22251 22251
[3065] = 24477 24477
[3066] = 26702 26702
[3067] = 28927 28927
[3068] = 31153 31153
[3069] = 33378 33378
[3070] = 0 0
[3071] = 2373 2373
[3072] = 4746 4746
[3073] = 7120 7120
[3074] = 9493 9493
[3075] = 11867 11867
[3076] = 14241 14241
[3077] = 16614 16614
[3078] = 18988 18988
[3079] = 21362 21362
[3080] = 23735 23735
[3081] = 26109 26109
[3082] = 28483 28483
[3083] = 30856 30856
[3084] = 33230 33230
[3085] = 0 0
[3086] = 2373 2373
[3087] = 4746 4746
[3088] = 7120 7120
[3089] = 9493 9493
[3090] = 11867 11867
[3091] = 14241 14241
[3092] = 16614 16614
[3093] = 18988 18988
[3094] = 21362 21362
[3095] = 23735 23735
[3096] = 26109 26109
[3097] = 28483 28483
[3098] = 30856 30856
[3099] = 33230 33230
[3100] = 0 0
[3101] = 2224 2224
[3102] = 4449 4449
[3103] = 6674 6674
[3104] = 8900 8900
[3105] = 11125 11125
[3106] = 13350 13350
[3107] = 15575 15575
[3108] = 17801 17801
[3109] = 20026 20026
[3110] = 22251 22251
[3111] = 24477 24477
[3112] = 26702 26702
[3113] = 28927 28927
[3114] = 31153 31153
[3115] = 33378 33378
[3116] = 0 0
[3117] = 2373 2373
[3118] = 4746 4746
[3119] = 7120 7120
[3120] = 9493 9493
[3121] = 11867 11867
[3122] = 14241 14241
[3123] = 16614 16614
[3124] = 18988 18988
[3125] = 21362 21362
[3126] = 23735 23735
[3127] = 26109 26109
[3128] = 28483 28483
[3129] = 30856 30856
[3130] = 33230 33230
[3131] = 0 0
[3132] = 2373 2373
[3133] = 4746 4746
[3134] = 7120 7120
[3135] = 9493 9493
[3136] = 11867 11867
[3137] = 14241 14241
[3138] = 16614 16614
[3139] = 18988 18988
[3140] = 21362 21362
[3141] = 23735 23735
[3142] = 26109 26109
[3143] = 28483 28483
[3144] = 30856 30856
[3145] = 33230 33230
[3146] = 0 0
[3147] = 2373 2373
[3148] = 4746 4746
[3149] = 7120 7120
[3150] = 9493 9493
[3151] = 11867 11867
[3152] = 14241 14241
[3153] = 16614 16614
[3154] = 18988 18988
[3155] = 21362 21362
[3156] = 23735 23735
[3157] = 26109 26109
[3158] = 28483 28483
[3159] = 30856 30856
[3160] = 33230 33230
[3161] = 0 0
[3162] = 2224 2224
[3163] = 4449 4449
[3164] = 6674 6674
[3165] = 8900 8900
[3166] = 11125 11125
[3167] = 13350 13350
[3168] = 15575 15575
[3169] = 17801 17801
[3170] = 20026 20026
[3171] = 22251 22251
[3172] = 24477 24477
[3173] = 26702 26702
[3174] = 28927 28927
[3175] = 31153 31153
[3176] = 33378 33378
[3177] = 0 0
[3178] = 2373 2373
[3179] = 4746 4746
[3180] = 7120 7120
[3181] = 9493 9493
[3182] = 11867 11867
[3183] = 14241 14241
[3184] = 16614 16614
[3185] = 18988 18988
[3186] = 21362 21362
[3187] = 23735 23735
[3188] = 26109 26109
[3189] = 28483 28483
[3190] = 30856 30856
[3191] = 33230 33230
[3192] = 0 0
[3193] = 2373 2373
[3194] = 4746 4746
[3195] = 7120 7120
[3196] = 9493 9493
[3197] = 11867 11867
[3198] = 14241 14241
[3199] = 16614 16614
[3200] = 18988 18988
[3201] = 21362 21362
[3202] = 23735 23735
[3203] = 26109 26109
[3204] = 28483 28483
[3205] = 30856 30856
[3206] = 33230 33230
[3207] = 0 0
[3208] = 2224 2224
[3209] = 4449 4449
[3210] = 6674 6674
[3211] = 8900 8900
[3212] = 11125 11125
[3213] = 13350 13350
[3214] = 15575 15575
[3215] = 17801 17801
[3216] = 20026 20026
[3217] = 22251 22251
[3218] = 24477 24477
[3219] = 26702 26702
[3220] = 28927 28927
[3221] = 31153 31153
[3222] = 33378 33378
[3223] = 0 0
[3224] = 2373 2373
[3225] = 4746 4746
[3226] = 7120 7120
[3227] = 9493 9493
[3228] = 11867 11867
[3229] = 14241 14241
[3230] = 16614 16614
[3231] = 18988 18988
[3232] = 21362 21362
[3233] = 23735 23735
[3234] = 26109 26109
[3235] = 28483 28483
[3236] = 30856 30856
[3237] = 33230 33230
[3238] = 0 0
[3239] = 2373 2373
[3240] = 4746 4746
[3241] = 7120 7120
[3242] = 9493 9493
[3243] = 11867 11867
[3244] = 14241 14241
[3245] = 16614 16614
[3246] = 18988 18988
[3247] = 21362 21362
[3248] = 23735 23735
[3249] = 26109 26109
[3250] = 28483 28483
[3251] = 30856 30856
[3252] = 33230 33230
[3253] = 0 0
[3254] = 2224 2224
[3255] = 4449 4449
[3256] = 6674 6674
[3257] = 8900 8900
[3258] = 11125 11125
[3259] = 13350 13350
[3260] = 15575 15575
[3261] = 17801 17801
[3262] = 20026 20026
[3263] = 22251 22251
[3264] = 24477 24477
[3265] = 26702 26702
[3266] = 28927 28927
[3267] = 31153 31153
[3268] = 33378 33378
[3269] = 0 0
[3270] = 2373 2373
[3271] = 4746 4746
[3272] = 7120 7120
[3273] = 9493 9493
[3274] = 11867 11867
[3275] = 14241 14241
[3276] = 16614 16614
[3277] = 18988 18988
[3278] = 21362 21362
[3279] = 23735 23735
[3280] = 26109 26109
[3281] = 28483 28483
[3282] = 30856 30856
[3283] = 33230 33230
[3284] = 0 0
[3285] = 2373 2373
[3286] = 4746 4746
[3287] = 7120 7120
[3288] = 9493 9493
[3289] = 11867 11867
[3290] = 14241 14241
[3291] = 16614 16614
[3292] = 18988 18988
[3293] = 21362 21362
[3294] = 23735 23735
[3295] = 26109 26109
[3296] = 28483 28483
[3297] = 30856 30856
[3298] = 33230 33230
[3299] = 0 0
[3300] = 2224 2224
[3301] = 4449 4449
[3302] = 6674 6674
[3303] = 8900 8900
[3304] = 11125 11125
[3305] = 13350 13350
[3306] = 15575 15575
[3307] = 17801 17801
[3308] = 20026 20026
[3309] = 22251 22251
[3310] = 24477 24477
[3311] = 26702 26702
[3312] = 28927 28927
[3313] = 31153 31153
[3314] = 33378 33378
[3315] = 0 0
[3316] = 2373 2373
[3317] = 4746 4746
[3318] = 7120 7120
[3319] = 9493 9493
[3320] = 11867 11867
[3321] = 14241 14241
[3322] = 16614 16614
[3323] = 18988 18988
[3324] = 21362 21362
[3325] = 23735 23735
[3326] = 26109 26109
[3327] = 28483 28483
[3328] = 30856 30856
[3329] = 33230 33230
[3330] = 0 0
[3331] = 2373 2373
[3332] = 4746 4746
[3333] = 7120 7120
[3334] = 9493 9493
[3335] = 11867 11867
[3336] = 14241 14241
[3337] = 16614 16614
[3338] = 18988 18988
[3339] = 21362 21362
[3340] = 23735 23735
[3341] = 26109 26109
[3342] = 28483 28483
[3343] = 30856 30856
[3344] = 33230 33230
[3345] = 0 0
[3346] = 2373 2373
[3347] = 4746 4746
[3348] = 7120 7120
[3349] = 9493 9493
[3350] = 11867 11867
[3351] = 14241 14241
[3352] = 16614 16614
[3353] = 18988 18988
[3354] = 21362 21362
[3355] = 23735 23735
[3356] = 26109 26109
[3357] = 28483 28483
[3358] = 30856 30856
[3359] = 33230 33230
[3360] = 0 0
[3361] = 2224 2224
[3362] = 4449 4449
[3363] = 6674 6674
[3364] = 8900 8900
[3365] = 11125 11125
[3366] = 13350 13350
[3367] = 15575 15575
[3368] = 17801 17801
[3369] = 20026 20026
[3370] = 22251 22251
[3371] = 24477 24477
[3372] = 26702 26702
[3373] = 28927 28927
[3374] = 31153 31153
[3375] = 33378 33378
[3376] = 0 0
[3377] = 2373 2373
[3378] = 4746 4746
[3379] = 7120 7120
[3380] = 9493 9493
[3381] = 11867 11867
[3382] = 14241 14241
[3383] = 16614 16614
[3384] = 18988 18988
[3385] = 21362 21362
[3386] = 23735 23735
[3387] = 26109 26109
[3388] = 28483 28483
[3389] = 30856 30856
[3390] = 33230 33230
[3391] = 0 0
[3392] = 2373 2373
[3393] = 4746 4746
[3394] = 7120 7120
[3395] = 9493 9493
[3396] = 11867 11867
[3397] = 14241 14241
[3398] = 16614 16614
[3399] = 18988 18988
[3400] = 21362 21362
[3401] = 23735 23735
[3402] = 26109 26109
[3403] = 28483 28483
[3404] = 30856 30856
[3405] = 33230 33230
[3406] = 0 0
[3407] = 2224 2224
[3408] = 4449 4449
[3409] = 6674 6674
[3410] = 8900 8900
[3411] = 11125 11125
[3412] = 13350 13350
[3413] = 15575 15575
[3414] = 17801 17801
[3415] = 20026 20026
[3416] = 22251 22251
[3417] = 24477 24477
[3418] = 26702 26702
[3419] = 28927 28927
[3420] = 31153 31153
[3421] = 33378 33378
[3422] = 0 0
[3423] = 2373 2373
[3424] = 4746 4746
[3425] = 7120 7120
[3426] = 9493 9493
[3427] = 11867 11867
[3428] = 14241 14241
[3429] = 16614 16614
[3430] = 18988 18988
[3431] = 21362 21362
[3432] = 23735 23735
[3433] = 26109 26109
[3434] = 28483 28483
[3435] = 30856 30856
[3436] = 33230 33230
[3437] = 0 0
[3438] = 2373 2373
[3439] = 4746 4746
[3440] = 7120 7120
[3441] = 9493 9493
[3442] = 11867 11867
[3443] = 14241 14241
[3444] = 16614 16614
[3445] = 18988 18988
[3446] = 21362 21362
[3447] = 23735 23735
[3448] = 26109 26109
[3449] = 28483 28483
[3450] = 30856 30856
[3451] = 33230 33230
[3452] = 0 0
[3453] = 2224 2224
[3454] = 4449 4449
[3455] = 6674 6674
[3456] = 8900 8900
[3457] = 11125 11125
[3458] = 13350 13350
[3459] = 15575 15575
[3460] = 17801 17801
[3461] = 20026 20026
[3462] = 22251 22251
[3463] = 24477 24477
[3464] = 26702 26702
[3465] = 28927 28927
[3466] = 31153 31153
[3467] = 33378 33378
[3468] = 0 0
[3469] = 2373 2373
[3470] = 4746 4746
[3471] = 7120 7120
[3472] = 9493 9493
[3473] = 11867 11867
[3474] = 14241 14241
[3475] = 16614 16614
[3476] = 18988 18988
[3477] = 21362 21362
[3478] = 23735 23735
[3479] = 26109 26109
[3480] = 28483 28483
[3481] = 30856 30856
[3482] = 33230 33230
[3483] = 0 0
[3484] = 2373 2373
[3485] = 4746 4746
[3486] = 7120 7120
[3487] = 9493 9493
[3488] = 11867 11867
[3489] = 14241 14241
[3490] = 16614 16614
[3491] = 18988 18988
[3492] = 21362 21362
[3493] = 23735 23735
[3494] = 26109 26109
[3495] = 28483 28483
[3496] = 30856 30856
[3497] = 33230 33230
[3498] = 0 0
[3499] = 2224 2224
[3500] = 4449 4449
[3501] = 6674 6674
[3502] = 8900 8900
[3503] = 11125 11125
[3504] = 13350 13350
[3505] = 15575 15575
[3506] = 17801 17801
[3507] = 20026 20026
[3508] = 22251 22251
[3509] = 24477 24477
[3510] = 26702 26702
[3511] = 28927 28927
[3512] = 31153 31153
[3513] = 33378 33378
[3514] = 0 0
[3515] = 2373 2373
[3516] = 4746 4746
[3517] = 7120 7120
[3518] = 9493 9493
[3519] = 11867 11867
[3520] = 14241 14241
[3521] = 16614 16614
[3522] = 18988 18988
[3523] = 21362 21362
[3524] = 23735 23735
[3525] = 26109 26109
[3526] = 28483 28483
[3527] = 30856 30856
[3528] = 33230 33230
[3529] = 0 0
[3530] = 2373 2373
[3531] = 4746 4746
[3532] = 7120 7120
[3533] = 9493 9493
[3534] = 11867 11867
[3535] = 14241 14241
[3536] = 16614 16614
[3537] = 18988 18988
[3538] = 21362 21362
[3539] = 23735 23735
[3540] = 26109 26109
[3541] = 28483 28483
[3542] = 30856 30856
[3543] = 33230 33230
[3544] = 0 0
[3545] = 2373 2373
[3546] = 4746 4746
[3547] = 7120 7120
[3548] = 9493 9493
[3549] = 11867 11867
[3550] = 14241 14241
[3551] = 16614 16614
[3552] = 18988 18988
[3553] = 21362 21362
[3554] = 23735 23735
[3555] = 26109 26109
[3556] = 28483 28483
[3557] = 30856 30856
[3558] = 33230 33230
[3559] = 0 0
[3560] = 2224 2224
[3561] = 4449 4449
[3562] = 6674 6674
[3563] = 8900 8900
[3564] = 11125 11125
[3565] = 13350 13350
[3566] = 15575 15575
[3567] = 17801 17801
[3568] = 20026 20026
[3569] = 22251 22251
[3570] = 24477 24477
[3571] = 26702 26702
[3572] = 28927 28927
[3573] = 31153 31153
[3574] = 33378 33378
[3575] = 0 0
[3576] = 2373 2373
[3577] = 4746 4746
[3578] = 7120 7120
[3579] = 9493 9493
[3580] = 11867 11867
[3581] = 14241 14241
[3582] = 16614 16614
[3583] = 18988 18988
[3584] = 21362 21362
[3585] = 23735 23735
[3586] = 26109 26109
[3587] = 28483 28483
[3588] = 30856 30856
[3589] = 33230 33230
[3590] = 0 0
[3591] = 2373 2373
[3592] = 4746 4746
[3593] = 7120 7120
[3594] = 9493 9493
[3595] = 11867 11867
[3596] = 14241 14241
[3597] = 16614 16614
[3598] = 18988 18988
[3599] = 21362 21362
[3600] = 23735 23735
[3601] = 26109 26109
[3602] = 28483 28483
[3603] = 30856 30856
[3604] = 33230 33230
[3605] = 0 0
[3606] = 2224 2224
[3607] = 4449 4449
[3608] = 6674 6674
[3609] = 8900 8900
[3610] = 11125 11125
[3611] = 13350 13350
[3612] = 15575 15575
[3613] = 17801 17801
[3614] = 20026 20026
[3615] = 22251 22251
[3616] = 24477 24477
[3617] = 26702 26702
[3618] = 28927 28927
[3619] = 31153 31153
[3620] = 33378 33378
[3621] = 0 0
[3622] = 2373 2373
[3623] = 4746 4746
[3624] = 7120 7120
[3625] = 9493 9493
[3626] = 11867 11867
[3627] = 14241 14241
[3628] = 16614 16614
[3629] = 18988 18988
[3630] = 21362 21362
[3631] = 23735 23735
[3632] = 26109 26109
[3633] = 28483 28483
[3634] = 30856 30856
[3635] = 33230 33230
[3636] = 0 0
[3637] = 2373 2373
[3638] = 4746 4746
[3639] = 7120 7120
[3640] = 9493 9493
[3641] = 11867 11867
[3642] = 14241 14241
[3643] = 16614 16614
[3644] = 18988 18988
[3645] = 21362 21362
[3646] = 23735 23735
[3647] = 26109 26109
[3648] = 28483 28483
[3649] = 30856 30856
[3650] = 33230 33230
[3651] = 0 0
[3652] = 2224 2224
[3653] = 4449 4449
[3654] = 6674 6674
[3655] = 8900 8900
[3656] = 11125 11125
[3657] = 13350 13350
[3658] = 15575 15575
[3659] = 17801 17801
[3660] = 20026 20026
[3661] = 22251 22251
[3662] = 24477 24477
[3663] = 26702 26702
[3664] = 28927 28927
[3665] = 31153 31153
[3666] = 33378 33378
[3667] = 0 0
[3668] = 2373 2373
[3669] = 4746 4746
[3670] = 7120 7120
[3671] = 9493 9493
[3672] = 11867 11867
[3673] = 14241 14241
[3674] = 16614 16614
[3675] = 18988 18988
[3676] = 21362 21362
[3677] = 23735 23735
[3678] = 26109 26109
[3679] = 28483 28483
[3680] = 30856 30856
[3681] = 33230 33230
[3682] = 0 0
[3683] = 2373 2373
[3684] = 4746 4746
[3685] = 7120 7120
[3686] = 9493 9493
[3687] = 11867 11867
[3688] = 14241 14241
[3689] = 16614 16614
[3690] = 18988 18988
[3691] = 21362 21362
[3692] = 23735 23735
[3693] = 26109 26109
[3694] = 28483 28483
[3695] = 30856 30856
[3696] = 33230 33230
[3697] = 0 0
[3698] = 2224 2224
[3699] = 4449 4449
[3700] = 6674 6674
[3701] = 8900 8900
[3702] = 11125 11125
[3703] = 13350 13350
[3704] = 15575 15575
[3705] = 17801 17801
[3706] = 20026 20026
[3707] = 22251 22251
[3708] = 24477 24477
[3709] = 26702 26702
[3710] = 28927 28927
[3711] = 31153 31153
[3712] = 33378 33378
[3713] = 0 0
[3714] = 2373 2373
[3715] = 4746 4746
[3716] = 7120 7120
[3717] = 9493 9493
[3718] = 11867 11867
[3719] = 14241 14241
[3720] = 16614 16614
[3721] = 18988 18988
[3722] = 21362 21362
[3723] = 23735 23735
[3724] = 26109 26109
[3725] = 28483 28483
[3726] = 30856 30856
[3727] = 33230 33230
[3728] = 0 0
[3729] = 2373 2373
[3730] = 4746 4746
[3731] = 7120 7120
[3732] = 9493 9493
[3733] = 11867 11867
[3734] = 14241 14241
[3735] = 16614 16614
[3736] = 18988 18988
[3737] = 21362 21362
[3738] = 23735 23735
[3739] = 26109 26109
[3740] = 28483 28483
[3741] = 30856 30856
[3742] = 33230 33230
[3743] = 0 0
[3744] = 2373 2373
[3745] = 4746 4746
[3746] = 7120 7120
[3747] = 9493 9493
[3748] = 11867 11867
[3749] = 14241 14241
[3750] = 16614 16614
[3751] = 18988 18988
[3752] = 21362 21362
[3753] = 23735 23735
[3754] = 26109 26109
[3755] = 28483 28483
[3756] = 30856 30856
[3757] = 33230 33230
[3758] = 0 0
[3759] = 2224 2224
[3760] = 4449 4449
[3761] = 6674 6674
[3762] = 8900 8900
[3763] = 11125 11125
[3764] = 13350 13350
[3765] = 15575 15575
[3766] = 17801 17801
[3767] = 20026 20026
[3768] = 22251 22251
[3769] = 24477 24477
[3770] = 26702 26702
[3771] = 28927 28927
[3772] = 31153 31153
[3773] = 33378 33378
[3774] = 0 0
[3775] = 2373 2373
[3776] = 4746 4746
[3777] = 7120 7120
[3778] = 9493 9493
[3779] = 11867 11867
[3780] = 14241 14241
[3781] = 16614 16614
[3782] = 18988 18988
[3783] = 21362 21362
[3784] = 23735 23735
[3785] = 26109 26109
[3786] = 28483 28483
[3787] = 30856 30856
[3788] = 33230 33230
[3789] = 0 0
[3790] = 2373 2373
[3791] = 4746 4746
[3792] = 7120 7120
[3793] = 9493 9493
[3794] = 11867 11867
[3795] = 14241 14241
[3796] = 16614 16614
[3797] = 18988 18988
[3798] = 21362 21362
[3799] = 23735 23735
[3800] = 26109 26109
[3801] = 28483 28483
[3802] = 30856 30856
[3803] = 33230 33230
[3804] = 0 0
[3805] = 2224 2224
[3806] = 4449 4449
[3807] = 6674 6674
[3808] = 8900 8900
[3809] = 11125 11125
[3810] = 13350 13350
[3811] = 15575 15575
[3812] = 17801 17801
[3813] = 20026 20026
[3814] = 22251 22251
[3815] = 24477 24477
[3816] = 26702 26702
[3817] = 28927 28927
[3818] = 31153 31153
[3819] = 33378 33378
[3820] = 0 0
[3821] = 2373 2373
[3822] = 4746 4746
[3823] = 7120 7120
[3824] = 9493 9493
[3825] = 11867 11867
[3826] = 14241 14241
[3827] = 16614 16614
[3828] = 18988 18988
[3829] = 21362 21362
[3830] = 23735 23735
[3831] = 26109 26109
[3832] = 28483 28483
[3833] = 30856 30856
[3834] = 33230 33230
[3835] = 0 0
[3836] = 2373 2373
[3837] = 4746 4746
[3838] = 7120 7120
[3839] = 9493 9493
[3840] = 11867 11867
[3841] = 14241 14241
[3842] = 16614 16614
[3843] = 18988 18988
[3844] = 21362 21362
[3845] = 23735 23735
[3846] = 26109 26109
[3847] = 28483 28483
[3848] = 30856 30856
[3849] = 33230 33230
[3850] = 0 0
[3851] = 2224 2224
[3852] = 4449 4449
[3853] = 6674 6674
[3854] = 8900 8900
[3855] = 11125 11125
[3856] = 13350 13350
[3857] = 15575 15575
[3858] = 17801 17801
[3859] = 20026 20026
[3860] = 22251 22251
[3861] = 24477 24477
[3862] = 26702 26702
[3863] = 28927 28927
[3864] = 31153 31153
[3865] = 33378 33378
[3866] = 0 0
[3867] = 2373 2373
[3868] = 4746 4746
[3869] = 7120 7120
[3870] = 9493 9493
[3871] = 11867 11867
[3872] = 14241 14241
[3873] = 16614 16614
[3874] = 18988 18988
[3875] = 21362 21362
[3876] = 23735 23735
[3877] = 26109 26109
[3878] = 28483 28483
[3879] = 30856 30856
[3880] = 33230 33230
[3881] = 0 0
[3882] = 2373 2373
[3883] = 4746 4746
[3884] = 7120 7120
[3885] = 9493 9493
[3886] = 11867 11867
[3887] = 14241 14241
[3888] = 16614 16614
[3889] = 18988 18988
[3890] = 21362 21362
[3891] = 23735 23735
[3892] = 26109 26109
[3893] = 28483 28483
[3894] = 30856 30856
[3895] = 33230 33230
[3896] = 0 0
[3897] = 2224 2224
[3898] = 4449 4449
[3899] = 6674 6674
[3900] = 8900 8900
[3901] = 11125 11125
[3902] = 13350 13350
[3903] = 15575 15575
[3904] = 17801 17801
[3905] = 20026 20026
[3906] = 22251 22251
[3907] = 24477 24477
[3908] = 26702 26702
[3909] = 28927 28927
[3910] = 31153 31153
[3911] = 33378 33378
[3912] = 0 0
[3913] = 2373 2373
[3914] = 4746 4746
[3915] = 7120 7120
[3916] = 9493 9493
[3917] = 11867 11867
[3918] = 14241 14241
[3919] = 16614 16614
[3920] = 18988 18988
[3921] = 21362 21362
[3922] = 23735 23735
[3923] = 26109 26109
[3924] = 28483 28483
[3925] = 30856 30856
[3926] = 33230 33230
[3927] = 0 0
[3928] = 2373 2373
[3929] = 4746 4746
[3930] = 7120 7120
[3931] = 9493 9493
[3932] = 11867 11867
[3933] = 14241 14241
[3934] = 16614 16614
[3935] = 18988 18988
[3936] = 21362 21362
[3937] = 23735 23735
[3938] = 26109 26109
[3939] = 28483 28483
[3940] = 30856 30856
[3941] = 33230 33230
[3942] = 0 0
[3943] = 2373 2373
[3944] = 4746 4746
[3945] = 7120 7120
[3946] = 9493 9493
[3947] = 11867 11867
[3948] = 14241 14241
[3949] = 16614 16614
[3950] = 18988 18988
[3951] = 21362 21362
[3952] = 23735 23735
[3953] = 26109 26109
[3954] = 28483 28483
[3955] = 30856 30856
[3956] = 33230 33230
[3957] = 0 0
[3958] = 2224 2224
[3959] = 4449 4449
[3960] = 6674 6674
[3961] = 8900 8900
[3962] = 11125 11125
[3963] = 13350 13350
[3964] = 15575 15575
[3965] = 17801 17801
[3966] = 20026 20026
[3967] = 22251 22251
[3968] = 24477 24477
[3969] = 26702 26702
[3970] = 28927 28927
[3971] = 31153 31153
[3972] = 33378 33378
[3973] = 0 0
[3974] = 2373 2373
[3975] = 4746 4746
[3976] = 7120 7120
[3977] = 9493 9493
[3978] = 11867 11867
[3979] = 14241 14241
[3980] = 16614 16614
[3981] = 18988 18988
[3982] = 21362 21362
[3983] = 23735 23735
[3984] = 26109 26109
[3985] = 28483 28483
[3986] = 30856 30856
[3987] = 33230 33230
[3988] = 0 0
[3989] = 2373 2373
[3990] = 4746 4746
[3991] = 7120 7120
[3992] = 9493 9493
[3993] = 11867 11867
[3994] = 14241 14241
[3995] = 16614 16614
[3996] = 18988 18988
[3997] = 21362 21362
[3998] = 23735 23735
[3999] = 26109 26109
[4000] = 28483 28483
[4001] = 30856 30856
[4002] = 33230 33230
[4003] = 0 0
[4004] = 2224 2224
[4005] = 4449 4449
[4006] = 6674 6674
[4007] = 8900 8900
[4008] = 11125 11125
[4009] = 13350 13350
[4010] = 15575 15575
[4011] = 17801 17801
[4012] = 20026 20026
[4013] = 22251 22251
[4014] = 24477 24477
[4015] = 26702 26702
[4016] = 28927 28927
[4017] = 31153 31153
[4018] = 33378 33378
[4019] = 0 0
[4020] = 2373 2373
[4021] = 4746 4746
[4022] = 7120 7120
[4023] = 9493 9493
[4024] = 11867 11867
[4025] = 14241 14241
[4026] = 16614 16614
[4027] = 18988 18988
[4028] = 21362 21362
[4029] = 23735 23735
[4030] = 26109 26109
[4031] = 28483 28483
[4032] = 30856 30856
[4033] = 33230 33230
[4034] = 0 0
[4035] = 2373 2373
[4036] = 4746 4746
[4037] = 7120 7120
[4038] = 9493 9493
[4039] = 11867 11867
[4040] = 14241 14241
[4041] = 16614 16614
[4042] = 18988 18988
[4043] = 21362 21362
[4044] = 23735 23735
[4045] = 26109 26109
[4046] = 28483 28483
[4047] = 30856 30856
[4048] = 33230 33230
[4049] = 0 0
[4050] = 2224 2224
[4051] = 4449 4449
[4052] = 6674 6674
[4053] = 8900 8900
[4054] = 11125 11125
[4055] = 13350 13350
[4056] = 15575 15575
[4057] = 17801 17801
[4058] = 20026 20026
[4059] = 22251 22251
[4060] = 24477 24477
[4061] = 26702 26702
[4062] = 28927 28927
[4063] = 31153 31153
[4064] = 33378 33378
[4065] = 0 0
[4066] = 2373 2373
[4067] = 4746 4746
[4068] = 7120 7120
[4069] = 9493 9493
[4070] = 11867 11867
[4071] = 14241 14241
[4072] = 16614 16614
[4073] = 18988 18988
[4074] = 21362 21362
[4075] = 23735 23735
[4076] = 26109 26109
[4077] = 28483 28483
[4078] = 30856 30856
[4079] = 33230 33230
[4080] = 0 0
[4081] = 2373 2373
[4082] = 4746 4746
[4083] = 7120 7120
[4084] = 9493 9493
[4085] = 11867 11867
[4086] = 14241 14241
[4087] = 16614 16614
[4088] = 18988 18988
[4089] = 21362 21362
[4090] = 23735 23735
[4091] = 26109 26109
[4092] = 28483 28483
[4093] = 30856 30856
[4094] = 33230 33230
[4095] = 0 0
[4096] = 2224 2224
[4097] = 4449 4449
[4098] = 6674 6674
[4099] = 8900 8900
[4100] = 11125 11125
[4101] = 13350 13350
[4102] = 15575 15575
[4103] = 17801 17801
[4104] = 20026 20026
[4105] = 22251 22251
[4106] = 24477 24477
[4107] = 26702 26702
[4108] = 28927 28927
[4109] = 31153 31153
[4110] = 33378 33378
[4111] = 0 0
[4112] = 2373 2373
[4113] = 4746 4746
[4114] = 7120 7120
[4115] = 9493 9493
[4116] = 11867 11867
[4117] = 14241 14241
[4118] = 16614 16614
[4119] = 18988 18988
[4120] = 21362 21362
[4121] = 23735 23735
[4122] = 26109 26109
[4123] = 28483 28483
[4124] = 30856 30856
[4125] = 33230 33230
[4126] = 0 0
[4127] = 2373 2373
[4128] = 4746 4746
[4129] = 7120 7120
[4130] = 9493 9493
[4131] = 11867 11867
[4132] = 14241 14241
[4133] = 16614 16614
[4134] = 18988 18988
[4135] = 21362 21362
[4136] = 23735 23735
[4137] = 26109 26109
[4138] = 28483 28483
[4139] = 30856 30856
[4140] = 33230 33230
[4141] = 0 0
[4142] = 2373 2373
[4143] = 4746 4746
[4144] = 7120 7120
[4145] = 9493 9493
[4146] = 11867 11867
[4147] = 14241 14241
[4148] = 16614 16614
[4149] = 18988 18988
[4150] = 21362 21362
[4151] = 23735 23735
[4152] = 26109 26109
[4153] = 28483 28483
[4154] = 30856 30856
[4155] = 33230 33230
[4156] = 0 0
[4157] = 2224 2224
[4158] = 4449 4449
[4159] = 6674 6674
[4160] = 8900 8900
[4161] = 11125 11125
[4162] = 13350 13350
[4163] = 15575 15575
[4164] = 17801 17801
[4165] = 20026 20026
[4166] = 22251 22251
[4167] = 24477 24477
[4168] = 26702 26702
[4169] = 28927 28927
[4170] = 31153 31153
[4171] = 33378 33378
[4172] = 0 0
[4173] = 2373 2373
[4174] = 4746 4746
[4175] = 7120 7120
[4176] = 9493 9493
[4177] = 11867 11867
[4178] = 14241 14241
[4179] = 16614 16614
[4180] = 18988 18988
[4181] = 21362 21362
[4182] = 23735 23735
[4183] = 26109 26109
[4184] = 28483 28483
[4185] = 30856 30856
[4186] = 33230 33230
[4187] = 0 0
[4188] = 2373 2373
[4189] = 4746 4746
[4190] = 7120 7120
[4191] = 9493 9493
[4192] = 11867 11867
[4193] = 14241 14241
[4194] = 16614 16614
[4195] = 18988 18988
[4196] = 21362 21362
[4197] = 23735 23735
[4198] = 26109 26109
[4199] = 28483 28483
[4200] = 30856 30856
[4201] = 33230 33230
[4202] = 0 0
[4203] = 2224 2224
[4204] = 4449 4449
[4205] = 6674 6674
[4206] = 8900 8900
[4207] = 11125 11125
[4208] = 13350 13350
[4209] = 15575 15575
[4210] = 17801 17801
[4211] = 20026 20026
[4212] = 22251 22251
[4213] = 24477 24477
[4214] = 26702 26702
[4215] = 28927 28927
[4216] = 31153 31153
[4217] = 33378 33378
[4218] = 0 0
[4219] = 2373 2373
[4220] = 4746 4746
[4221] = 7120 7120
[4222] = 9493 9493
[4223] = 11867 11867
[4224] = 14241 14241
[4225] = 16614 16614
[4226] = 18988 18988
[4227] = 21362 21362
[4228] = 23735 23735
[4229] = 26109 26109
[4230] = 28483 28483
[4231] = 30856 30856
[4232] = 33230 33230
[4233] = 0 0
[4234] = 2373 2373
[4235] = 4746 4746
[4236] = 7120 7120
[4237] = 9493 9493
[4238] = 11867 11867
[4239] = 14241 14241
[4240] = 16614 16614
[4241] = 18988 18988
[4242] = 21362 21362
[4243] = 23735 23735
[4244] = 26109 26109
[4245] = 28483 28483
[4246] = 30856 30856
[4247] = 33230 33230
[4248] = 0 0
[4249] = 2224 2224
[4250] = 4449 4449
[4251] = 6674 6674
[4252] = 8900 8900
[4253] = 11125 11125
[4254] = 13350 13350
[4255] = 15575 15575
[4256] = 17801 17801
[4257] = 20026 20026
[4258] = 22251 22251
[4259] = 24477 24477
[4260] = 26702 26702
[4261] = 28927 28927
[4262] = 31153 31153
[4263] = 33378 33378
[4264] = 0 0
[4265] = 2373 2373
[4266] = 4746 4746
[4267] = 7120 7120
[4268] = 9493 9493
[4269] = 11867 11867
[4270] = 14241 14241
[4271] = 16614 16614
[4272] = 18988 18988
[4273] = 21362 21362
[4274] = 23735 23735
[4275] = 26109 26109
[4276] = 28483 28483
[4277] = 30856 30856
[4278] = 33230 33230
[4279] = 0 0
[4280] = 2373 2373
[4281] = 4746 4746
[4282] = 7120 7120
[4283] = 9493 9493
[4284] = 11867 11867
[4285] = 14241 14241
[4286] = 16614 16614
[4287] = 18988 18988
[4288] = 21362 21362
[4289] = 23735 23735
[4290] = 26109 26109
[4291] = 28483 28483
[4292] = 30856 30856
[4293] = 33230 33230
[4294] = 0 0
[4295] = 2224 2224
[4296] = 4449 4449
[4297] = 6674 6674
[4298] = 8900 8900
[4299] = 11125 11125
[4300] = 13350 13350
[4301] = 15575 15575
[4302] = 17801 17801
[4303] = 20026 20026
[4304] = 22251 22251
[4305] = 24477 24477
[4306] = 26702 26702
[4307] = 28927 28927
[4308] = 31153 31153
[4309] = 33378 33378
[4310] = 0 0
[4311] = 2373 2373
[4312] = 4746 4746
[4313] = 7120 7120
[4314] = 9493 9493
[4315] = 11867 11867
[4316] = 14241 14241
[4317] = 16614 16614
[4318] = 18988 18988
[4319] = 21362 21362
[4320] = 23735 23735
[4321] = 26109 26109
[4322] = 28483 28483
[4323] = 30856 30856
[4324] = 33230 33230
[4325] = 0 0
[4326] = 2373 2373
[4327] = 4746 4746
[4328] = 7120 7120
[4329] = 9493 9493
[4330] = 11867 11867
[4331] = 14241 14241
[4332] = 16614 16614
[4333] = 18988 18988
[4334] = 21362 21362
[4335] = 23735 23735
[4336] = 26109 26109
[4337] = 28483 28483
[4338] = 30856 30856
[4339] = 33230 33230
[4340] = 0 0
[4341] = 2373 2373
[4342] = 4746 4746
[4343] = 7120 7120
[4344] = 9493 9493
[4345] = 11867 11867
[4346] = 14241 14241
[4347] = 16614 16614
[4348] = 18988 18988
[4349] = 21362 21362
[4350] = 23735 23735
[4351] = 26109 26109
[4352] = 28483 28483
[4353] = 30856 30856
[4354] = 33230 33230
[4355] = 0 0
[4356] = 2224 2224
[4357] = 4449 4449
[4358] = 6674 6674
[4359] = 8900 8900
[4360] = 11125 11125
[4361] = 13350 13350
[4362] = 15575 15575
[4363] = 17801 17801
[4364] = 20026 20026
[4365] = 22251 22251
[4366] = 24477 24477
[4367] = 26702 26702
[4368] = 28927 28927
[4369] = 31153 31153
[4370] = 33378 33378
[4371] = 0 0
[4372] = 2373 2373
[4373] = 4746 4746
[4374] = 7120 7120
[4375] = 9493 9493
[4376] = 11867 11867
[4377] = 14241 14241
[4378] = 16614 16614
[4379] = 18988 18988
[4380] = 21362 21362
[4381] = 23735 23735
[4382] = 26109 26109
[4383] = 28483 28483
[4384] = 30856 30856
[4385] = 33230 33230
[4386] = 0 0
[4387] = 2373 2373
[4388] = 4746 4746
[4389] = 7120 7120
[4390] = 9493 9493
[4391] = 11867 11867
[4392] = 14241 14241
[4393] = 16614 16614
[4394] = 18988 18988
[4395] = 21362 21362
[4396] = 23735 23735
[4397] = 26109 26109
[4398] = 28483 28483
[4399] = 30856 30856
[4400] = 33230 33230
[4401] = 0 0
[4402] = 2224 2224
[4403] = 4449 4449
[4404] = 6674 6674
[4405] = 8900 8900
[4406] = 11125 11125
[4407] = 13350 13350
[4408] = 15575 15575
[4409] = 17801 17801
[4410] = 20026 20026
[4411] = 22251 22251
[4412] = 24477 24477
[4413] = 26702 26702
[4414] = 28927 28927
[4415] = 31153 31153
[4416] = 33378 33378
[4417] = 0 0
[4418] = 2373 2373
[4419] = 4746 4746
[4420] = 7120 7120
[4421] = 9493 9493
[4422] = 11867 11867
[4423] = 14241 14241
[4424] = 16614 16614
[4425] = 18988 18988
[4426] = 21362 21362
[4427] = 23735 23735
[4428] = 26109 26109
[4429] = 28483 28483
[4430] = 30856 30856
[4431] = 33230 33230
[4432] = 0 0
[4433] = 2373 2373
[4434] = 4746 4746
[4435] = 7120 7120
[4436] = 9493 9493
[4437] = 11867 11867
[4438] = 14241 14241
[4439] = 16614 16614
[4440] = 18988 18988
[4441] = 21362 21362
[4442] = 23735 23735
[4443] = 26109 26109
[4444] = 28483 28483
[4445] = 30856 30856
[4446] = 33230 33230
[4447] = 0 0
[4448] = 2224 2224
[4449] = 4449 4449
[4450] = 6674 6674
[4451] = 8900 8900
[4452] = 11125 11125
[4453] = 13350 13350
[4454] = 15575 15575
[4455] = 17801 17801
[4456] = 20026 20026
[4457] = 22251 22251
[4458] = 24477 24477
[4459] = 26702 26702
[4460] = 28927 28927
[4461] = 31153 31153
[4462] = 33378 33378
[4463] = 0 0
[4464] = 2373 2373
[4465] = 4746 4746
[4466] = 7120 7120
[4467] = 9493 9493
[4468] = 11867 11867
[4469] = 14241 14241
[4470] = 16614 16614
[4471] = 18988 18988
[4472] = 21362 21362
[4473] = 23735 23735
[4474] = 26109 26109
[4475] = 28483 28483
[4476] = 30856 30856
[4477] = 33230 33230
[4478] = 0 0
[4479] = 2373 2373
[4480] = 4746 4746
[4481] = 7120 7120
[4482] = 9493 9493
[4483] = 11867 11867
[4484] = 14241 14241
[4485] = 16614 16614
[4486] = 18988 18988
[4487] = 21362 21362
[4488] = 23735 23735
[4489] = 26109 26109
[4490] = 28483 28483
[4491] = 30856 30856
[4492] = 33230 33230
[4493] = 0 0
[4494] = 2224 2224
[4495] = 4449 4449
[4496] = 6674 6674
[4497] = 8900 8900
[4498] = 11125 11125
[4499] = 13350 13350
[4500] = 15575 15575
[4501] = 17801 17801
[4502] = 20026 20026
[4503] = 22251 22251
[4504] = 24477 24477
[4505] = 26702 26702
[4506] = 28927 28927
[4507] = 31153 31153
[4508] = 33378 33378
[4509] = 0 0
[4510] = 2373 2373
[4511] = 4746 4746
[4512] = 7120 7120
[4513] = 9493 9493
[4514] = 11867 11867
[4515] = 14241 14241
[4516] = 16614 16614
[4517] = 18988 18988
[4518] = 21362 21362
[4519] = 23735 23735
[4520] = 26109 26109
[4521] = 28483 28483
[4522] = 30856 30856
[4523] = 33230 33230
[4524] = 0 0
[4525] = 2373 2373
[4526] = 4746 4746
[4527] = 7120 7120
[4528] = 9493 9493
[4529] = 11867 11867
[4530] = 14241 14241
[4531] = 16614 16614
[4532] = 18988 18988
[4533] = 21362 21362
[4534] = 23735 23735
[4535] = 26109 26109
[4536] = 28483 28483
[4537] = 30856 30856
[4538] = 33230 33230
[4539] = 0 0
[4540] = 2373 2373
[4541] = 4746 4746
[4542] = 7120 7120
[4543] = 9493 9493
[4544] = 11867 11867
[4545] = 14241 14241
[4546] = 16614 16614
[4547] = 18988 18988
[4548] = 21362 21362
[4549] = 23735 23735
[4550] = 26109 26109
[4551] = 28483 28483
[4552] = 30856 30856
[4553] = 33230 33230
[4554] = 0 0
[4555] = 2224 2224
[4556] = 4449 4449
[4557] = 6674 6674
[4558] = 8900 8900
[4559] = 11125 11125
[4560] = 13350 13350
[4561] = 15575 15575
[4562] = 17801 17801
[4563] = 20026 20026
[4564] = 22251 22251
[4565] = 24477 24477
[4566] = 26702 26702
[4567] = 28927 28927
[4568] = 31153 31153
[4569] = 33378 33378
[4570] = 0 0
[4571] = 2373 2373
[4572] = 4746 4746
[4573] = 7120 7120
[4574] = 9493 9493
[4575] = 11867 11867
[4576] = 14241 14241
[4577] = 16614 16614
[4578] = 18988 18988
[4579] = 21362 21362
[4580] = 23735 23735
[4581] = 26109 26109
[4582] = 28483 28483
[4583] = 30856 30856
[4584] = 33230 33230
[4585] = 0 0
[4586] = 2373 2373
[4587] = 4746 4746
[4588] = 7120 7120
[4589] = 9493 9493
[4590] = 11867 11867
[4591] = 14241 14241
[4592] = 16614 16614
[4593] = 18988 18988
[4594] = 21362 21362
[4595] = 23735 23735
[4596] = 26109 26109
[4597] = 28483 28483
[4598] = 30856 30856
[4599] = 33230 33230
[4600] = 0 0
[4601] = 2224 2224
[4602] = 4449 4449
[4603] = 6674 6674
[4604] = 8900 8900
[4605] = 11125 11125
[4606] = 13350 13350
[4607] = 15575 15575
[4608] = 17801 17801
[4609] = 20026 20026
[4610] = 22251 22251
[4611] = 24477 24477
[4612] = 26702 26702
[4613] = 28927 28927
[4614] = 31153 31153
[4615] = 33378 33378
[4616] = 0 0
[4617] = 2373 2373
[4618] = 4746 4746
[4619] = 7120 7120
[4620] = 9493 9493
[4621] = 11867 11867
[4622] = 14241 14241
[4623] = 16614 16614
[4624] = 18988 18988
[4625] = 21362 21362
[4626] = 23735 23735
[4627] = 26109 26109
[4628] = 28483 28483
[4629] = 30856 30856
[4630] = 33230 33230
[4631] = 0 0
[4632] = 2373 2373
[4633] = 4746 4746
[4634] = 7120 7120
[4635] = 9493 9493
[4636] = 11867 11867
[4637] = 14241 14241
[4638] = 16614 16614
[4639] = 18988 18988
[4640] = 21362 21362
[4641] = 23735 23735
[4642] = 26109 26109
[4643] = 28483 28483
[4644] = 30856 30856
[4645] = 33230 33230
[4646] = 0 0
[4647] = 2224 2224
[4648] = 4449 4449
[4649] = 6674 6674
[4650] = 8900 8900
[4651] = 11125 11125
[4652] = 13350 13350
[4653] = 15575 15575
[4654] = 17801 17801
[4655] = 20026 20026
[4656] = 22251 22251
[4657] = 24477 24477
[4658] = 26702 26702
[4659] = 28927 28927
[4660] = 31153 31153
[4661] = 33378 33378
[4662] = 0 0
[4663] = 2373 2373
[4664] = 4746 4746
[4665] = 7120 7120
[4666] = 9493 9493
[4667] = 11867 11867
[4668] = 14241 14241
[4669] = 16614 16614
[4670] = 18988 18988
[4671] = 21362 21362
[4672] = 23735 23735
[4673] = 26109 26109
[4674] = 28483 28483
[4675] = 30856 30856
[4676] = 33230 33230
[4677] = 0 0
[4678] = 2373 2373
[4679] = 4746 4746
[4680] = 7120 7120
[4681] = 9493 9493
[4682] = 11867 11867
[4683] = 14241 14241
[4684] = 16614 16614
[4685] = 18988 18988
[4686] = 21362 21362
[4687] = 23735 23735
[4688] = 26109 26109
[4689] = 28483 28483
[4690] = 30856 30856
[4691] = 33230 33230
[4692] = 0 0
[4693] = 2224 2224
[4694] = 4449 4449
[4695] = 6674 6674
[4696] = 8900 8900
[4697] = 11125 11125
[4698] = 13350 13350
[4699] = 15575 15575
[4700] = 17801 17801
[4701] = 20026 20026
[4702] = 22251 22251
[4703] = 24477 24477
[4704] = 26702 26702
[4705] = 28927 28927
[4706] = 31153 31153
[4707] = 33378 33378
[4708] = 0 0
[4709] = 2373 2373
[4710] = 4746 4746
[4711] = 7120 7120
[4712] = 9493 9493
[4713] = 11867 11867
[4714] = 14241 14241
[4715] = 16614 16614
[4716] = 18988 18988
[4717] = 21362 21362
[4718] = 23735 23735
[4719] = 26109 26109
[4720] = 28483 28483
[4721] = 30856 30856
[4722] = 33230 33230
[4723] = 0 0
[4724] = 2373 2373
[4725] = 4746 4746
[4726] = 7120 7120
[4727] = 9493 9493
[4728] = 11867 11867
[4729] = 14241 14241
[4730] = 16614 16614
[4731] = 18988 18988
[4732] = 21362 21362
[4733] = 23735 23735
[4734] = 26109 26109
[4735] = 28483 28483
[4736] = 30856 30856
[4737] = 33230 33230
[4738] = 0 0
[4739] = 2373 2373
[4740] = 4746 4746
[4741] = 7120 7120
[4742] = 9493 9493
[4743] = 11867 11867
[4744] = 14241 14241
[4745] = 16614 16614
[4746] = 18988 18988
[4747] = 21362 21362
[4748] = 23735 23735
[4749] = 26109 26109
[4750] = 28483 28483
[4751] = 30856 30856
[4752] = 33230 33230
[4753] = 0 0
[4754] = 2224 2224
[4755] = 4449 4449
[4756] = 6674 6674
[4757] = 8900 8900
[4758] = 11125 11125
[4759] = 13350 13350
[4760] = 15575 15575
[4761] = 17801 17801
[4762] = 20026 20026
[4763] = 22251 22251
[4764] = 24477 24477
[4765] = 26702 26702
[4766] = 28927 28927
[4767] = 31153 31153
[4768] = 33378 33378
[4769] = 0 0
[4770] = 2373 2373
[4771] = 4746 4746
[4772] = 7120 7120
[4773] = 9493 9493
[4774] = 11867 11867
[4775] = 14241 14241
[4776] = 16614 16614
[4777] = 18988 18988
[4778] = 21362 21362
[4779] = 23735 23735
[4780] = 26109 26109
[4781] = 28483 28483
[4782] = 30856 30856
[4783] = 33230 33230
[4784] = 0 0
[4785] = 2373 2373
[4786] = 4746 4746
[4787] = 7120 7120
[4788] = 9493 9493
[4789] = 11867 11867
[4790] = 14241 14241
[4791] = 16614 16614
[4792] = 18988 18988
[4793] = 21362 21362
[4794] = 23735 23735
[4795] = 26109 26109
[4796] = 28483 28483
[4797] = 30856 30856
[4798] = 33230 33230
[4799] = 0 0
[4800] = 2224 2224
[4801] = 4449 4449
[4802] = 6674 6674
[4803] = 8900 8900
[4804] = 11125 11125
[4805] = 13350 13350
[4806] = 15575 15575
[4807] = 17801 17801
[4808] = 20026 20026
[4809] = 22251 22251
[4810] = 24477 24477
[4811] = 26702 26702
[4812] = 28927 28927
[4813] = 31153 31153
[4814] = 33378 33378
[4815] = 0 0
[4816] = 2373 2373
[4817] = 4746 4746
[4818] = 7120 7120
[4819] = 9493 9493
[4820] = 11867 11867
[4821] = 14241 14241
[4822] = 16614 16614
[4823] = 18988 18988
[4824] = 21362 21362
[4825] = 23735 23735
[4826] = 26109 26109
[4827] = 28483 28483
[4828] = 30856 30856
[4829] = 33230 33230
[4830] = 0 0
[4831] = 2373 2373
[4832] = 4746 4746
[4833] = 7120 7120
[4834] = 9493 9493
[4835] = 11867 11867
[4836] = 14241 14241
[4837] = 16614 16614
[4838] = 18988 18988
[4839] = 21362 21362
[4840] = 23735 23735
[4841] = 26109 26109
[4842] = 28483 28483
[4843] = 30856 30856
[4844] = 33230 33230
[4845] = 0 0
[4846] = 2224 2224
[4847] = 4449 4449
[4848] = 6674 6674
[4849] = 8900 8900
[4850] = 11125 11125
[4851] = 13350 13350
[4852] = 15575 15575
[4853] = 17801 17801
[4854] = 20026 20026
[4855] = 22251 22251
[4856] = 24477 24477
[4857] = 26702 26702
[4858] = 28927 28927
[4859] = 31153 31153
[4860] = 33378 33378
[4861] = 0 0
[4862] = 2373 2373
[4863] = 4746 4746
[4864] = 7120 7120
[4865] = 9493 9493
[4866] = 11867 11867
[4867] = 14241 14241
[4868] = 16614 16614
[4869] = 18988 18988
[4870] = 21362 21362
[4871] = 23735 23735
[4872] = 26109 26109
[4873] = 28483 28483
[4874] = 30856 30856
[4875] = 33230 33230
[4876] = 0 0
[4877] = 2373 2373
[4878] = 4746 4746
[4879] = 7120 7120
[4880] = 9493 9493
[4881] = 11867 11867
[4882] = 14241 14241
[4883] = 16614 16614
[4884] = 18988 18988
[4885] = 21362 21362
[4886] = 23735 23735
[4887] = 26109 26109
[4888] = 28483 28483
[4889] = 30856 30856
[4890] = 33230 33230
[4891] = 0 0
[4892] = 2224 2224
[4893] = 4449 4449
[4894] = 6674 6674
[4895] = 8900 8900
[4896] = 11125 11125
[4897] = 13350 13350
[4898] = 15575 15575
[4899] = 17801 17801
[4900] = 20026 20026
[4901] = 22251 22251
[4902] = 24477 24477
[4903] = 26702 26702
[4904] = 28927 28927
[4905] = 31153 31153
[4906] = 33378 33378
[4907] = 0 0
[4908] = 2373 2373
[4909] = 4746 4746
[4910] = 7120 7120
[4911] = 9493 9493
[4912] = 11867 11867
[4913] = 14241 14241
[4914] = 16614 16614
[4915] = 18988 18988
[4916] = 21362 21362
[4917] = 23735 23735
[4918] = 26109 26109
[4919] = 28483 28483
[4920] = 30856 30856
[4921] = 33230 33230
[4922] = 0 0
[4923] = 2373 2373
[4924] = 4746 4746
[4925] = 7120 7120
[4926] = 9493 9493
[4927] = 11867 11867
[4928] = 14241 14241
[4929] = 16614 16614
[4930] = 18988 18988
[4931] = 21362 21362
[4932] = 23735 23735
[4933] = 26109 26109
[4934] = 28483 28483
[4935] = 30856 30856
[4936] = 33230 33230
[4937] = 0 0
[4938] = 2373 2373
[4939] = 4746 4746
[4940] = 7120 7120
[4941] = 9493 9493
[4942] = 11867 11867
[4943] = 14241 14241
[4944] = 16614 16614
[4945] = 18988 18988
[4946] = 21362 21362
[4947] = 23735 23735
[4948] = 26109 26109
[4949] = 28483 28483
[4950] = 30856 30856
[4951] = 33230 33230
[4952] = 0 0
[4953] = 2224 2224
[4954] = 4449 4449
[4955] = 6674 6674
[4956] = 8900 8900
[4957] = 11125 11125
[4958] = 13350 13350
[4959] = 15575 15575
[4960] = 17801 17801
[4961] = 20026 20026
[4962] = 22251 22251
[4963] = 24477 24477
[4964] = 26702 26702
[4965] = 28927 28927
[4966] = 31153 31153
[4967] = 33378 33378
[4968] = 0 0
[4969] = 2373 2373
[4970] = 4746 4746
[4971] = 7120 7120
[4972] = 9493 9493
[4973] = 11867 11867
[4974] = 14241 14241
[4975] = 16614 16614
[4976] = 18988 18988
[4977] = 21362 21362
[4978] = 23735 23735
[4979] = 26109 26109
[4980] = 28483 28483
[4981] = 30856 30856
[4982] = 33230 33230
[4983] = 0 0
[4984] = 2373 2373
[4985] = 4746 4746
[4986] = 7120 7120
[4987] = 9493 9493
[4988] = 11867 11867
[4989] = 14241 14241
[4990] = 16614 16614
[4991] = 18988 18988
[4992] = 21362 21362
[4993] = 23735 23735
[4994] = 26109 26109
[4995] = 28483 28483
[4996] = 30856 30856
[4997] = 33230 33230
[4998] = 0 0
[4999] = 2224 2224
[5000] = 4449 4449
[5001] = 6674 6674
[5002] = 8900 8900
[5003] = 11125 11125
[5004] = 13350 13350
[5005] = 15575 15575
[5006] = 17801 17801
[5007] = 20026 20026
[5008] = 22251 22251
[5009] = 24477 24477
[5010] = 26702 26702
[5011] = 28927 28927
[5012] = 31153 31153
[5013] = 33378 33378
[5014] = 0 0
[5015] = 2373 2373
[5016] = 4746 4746
[5017] = 7120 7120
[5018] = 9493 9493
[5019] = 11867 11867
[5020] = 14241 14241
[5021] = 16614 16614
[5022] = 18988 18988
[5023] = 21362 21362
[5024] = 23735 23735
[5025] = 26109 26109
[5026] = 28483 28483
[5027] = 30856 30856
[5028] = 33230 33230
[5029] = 0 0
[5030] = 2373 2373
[5031] = 4746 4746
[5032] = 7120 7120
[5033] = 9493 9493
[5034] = 11867 11867
[5035] = 14241 14241
[5036] = 16614 16614
[5037] = 18988 18988
[5038] = 21362 21362
[5039] = 23735 23735
[5040] = 26109 26109
[5041] = 28483 28483
[5042] = 30856 30856
[5043] = 33230 33230
[5044] = 0 0
[5045] = 2224 2224
[5046] = 4449 4449
[5047] = 6674 6674
[5048] = 8900 8900
[5049] = 11125 11125
[5050] = 13350 13350
[5051] = 15575 15575
[5052] = 17801 17801
[5053] = 20026 20026
[5054] = 22251 22251
[5055] = 24477 24477
[5056] = 26702 26702
[5057] = 28927 28927
[5058] = 31153 31153
[5059] = 33378 33378
[5060] = 0 0
[5061] = 2373 2373
[5062] = 4746 4746
[5063] = 7120 7120
[5064] = 9493 9493
[5065] = 11867 11867
[5066] = 14241 14241
[5067] = 16614 16614
[5068] = 18988 18988
[5069] = 21362 21362
[5070] = 23735 23735
[5071] = 26109 26109
[5072] = 28483 28483
[5073] = 30856 30856
[5074] = 33230 33230
[5075] = 0 0
[5076] = 2373 2373
[5077] = 4746 4746
[5078] = 7120 7120
[5079] = 9493 9493
[5080] = 11867 11867
[5081] = 14241 14241
[5082] = 16614 16614
[5083] = 18988 18988
[5084] = 21362 21362
[5085] = 23735 23735
[5086] = 26109 26109
[5087] = 28483 28483
[5088] = 30856 30856
[5089] = 33230 33230
[5090] = 0 0
[5091] = 2224 2224
[5092] = 4449 4449
[5093] = 6674 6674
[5094] = 8900 8900
[5095] = 11125 11125
[5096] = 13350 13350
[5097] = 15575 15575
[5098] = 17801 17801
[5099] = 20026 20026
[5100] = 22251 22251
[5101] = 24477 24477
[5102] = 26702 26702
[5103] = 28927 28927
[5104] = 31153 31153
[5105] = 33378 33378
[5106] = 0 0
[5107] = 2373 2373
[5108] = 4746 4746
[5109] = 7120 7120
[5110] = 9493 9493
[5111] = 11867 11867
[5112] = 14241 14241
[5113] = 16614 16614
[5114] = 18988 18988
[5115] = 21362 21362
[5116] = 23735 23735
[5117] = 26109 26109
[5118] = 28483 28483
[5119] = 30856 30856
[5120] = 33230 33230
[5121] = 0 0
[5122] = 2373 2373
[5123] = 4746 4746
[5124] = 7120 7120
[5125] = 9493 9493
[5126] = 11867 11867
[5127] = 14241 14241
[5128] = 16614 16614
[5129] = 18988 18988
[5130] = 21362 21362
[5131] = 23735 23735
[5132] = 26109 26109
[5133] = 28483 28483
[5134] = 30856 30856
[5135] = 33230 33230
[5136] = 0 0
[5137] = 2373 2373
[5138] = 4746 4746
[5139] = 7120 7120
[5140] = 9493 9493
[5141] = 11867 11867
[5142] = 14241 14241
[5143] = 16614 16614
[5144] = 18988 18988
[5145] = 21362 21362
[5146] = 23735 23735
[5147] = 26109 26109
[5148] = 28483 28483
[5149] = 30856 30856
[5150] = 33230 33230
[5151] = 0 0
[5152] = 2224 2224
[5153] = 4449 4449
[5154] = 6674 6674
[5155] = 8900 8900
[5156] = 11125 11125
[5157] = 13350 13350
[5158] = 15575 15575
[5159] = 17801 17801
[5160] = 20026 20026
[5161] = 22251 22251
[5162] = 24477 24477
[5163] = 26702 26702
[5164] = 28927 28927
[5165] = 31153 31153
[5166] = 33378 33378
[5167] = 0 0
[5168] = 2373 2373
[5169] = 4746 4746
[5170] = 7120 7120
[5171] = 9493 9493
[5172] = 11867 11867
[5173] = 14241 14241
[5174] = 16614 16614
[5175] = 18988 18988
[5176] = 21362 21362
[5177] = 23735 23735
[5178] = 26109 26109
[5179] = 28483 28483
[5180] = 30856 30856
[5181] = 33230 33230
[5182] = 0 0
[5183] = 2373 2373
[5184] = 4746 4746
[5185] = 7120 7120
[5186] = 9493 9493
[5187] = 11867 11867
[5188] = 14241 14241
[5189] = 16614 16614
[5190] = 18988 18988
[5191] = 21362 21362
[5192] = 23735 23735
[5193] = 26109 26109
[5194] = 28483 28483
[5195] = 30856 30856
[5196] = 33230 33230
[5197] = 0 0
[5198] = 2224 2224
[5199] = 4449 4449
[5200] = 6674 6674
[5201] = 8900 8900
[5202] = 11125 11125
[5203] = 13350 13350
[5204] = 15575 15575
[5205] = 17801 17801
[5206] = 20026 20026
[5207] = 22251 22251
[5208] = 24477 24477
[5209] = 26702 26702
[5210] = 28927 28927
[5211] = 31153 31153
[5212] = 33378 33378
[5213] = 0 0
[5214] = 2373 2373
[5215] = 4746 4746
[5216] = 7120 7120
[5217] = 9493 9493
[5218] = 11867 11867
[5219] = 14241 14241
[5220] = 16614 16614
[5221] = 18988 18988
[5222] = 21362 21362
[5223] = 23735 23735
[5224] = 26109 26109
[5225] = 28483 28483
[5226] = 30856 30856
[5227] = 33230 33230
[5228] = 0 0
[5229] = 2373 2373
[5230] = 4746 4746
[5231] = 7120 7120
[5232] = 9493 9493
[5233] = 11867 11867
[5234] = 14241 14241
[5235] = 16614 16614
[5236] = 18988 18988
[5237] = 21362 21362
[5238] = 23735 23735
[5239] = 26109 26109
[5240] = 28483 28483
[5241] = 30856 30856
[5242] = 33230 33230
[5243] = 0 0
[5244] = 2224 2224
[5245] = 4449 4449
[5246] = 6674 6674
[5247] = 8900 8900
[5248] = 11125 11125
[5249] = 13350 13350
[5250] = 15575 15575
[5251] = 17801 17801
[5252] = 20026 20026
[5253] = 22251 22251
[5254] = 24477 24477
[5255] = 26702 26702
[5256] = 28927 28927
[5257] = 31153 31153
[5258] = 33378 33378
[5259] = 0 0
[5260] = 2373 2373
[5261] = 4746 4746
[5262] = 7120 7120
[5263] = 9493 9493
[5264] = 11867 11867
[5265] = 14241 14241
[5266] = 16614 16614
[5267] = 18988 18988
[5268] = 21362 21362
[5269] = 23735 23735
[5270] = 26109 26109
[5271] = 28483 28483
[5272] = 30856 30856
[5273] = 33230 33230
[5274] = 0 0
[5275] = 2373 2373
[5276] = 4746 4746
[5277] = 7120 7120
[5278] = 9493 9493
[5279] = 11867 11867
[5280] = 14241 14241
[5281] = 16614 16614
[5282] = 18988 18988
[5283] = 21362 21362
[5284] = 23735 23735
[5285] = 26109 26109
[5286] = 28483 28483
[5287] = 30856 30856
[5288] = 33230 33230
[5289] = 0 0
[5290] = 2224 2224
[5291] = 4449 4449
[5292] = 6674 6674
[5293] = 8900 8900
[5294] = 11125 11125
[5295] = 13350 13350
[5296] = 15575 15575
[5297] = 17801 17801
[5298] = 20026 20026
[5299] = 22251 22251
[5300] = 24477 24477
[5301] = 26702 26702
[5302] = 28927 28927
[5303] = 31153 31153
[5304] = 33378 33378
[5305] = 0 0
[5306] = 2373 2373
[5307] = 4746 4746
[5308] = 7120 7120
[5309] = 9493 9493
[5310] = 11867 11867
[5311] = 14241 14241
[5312] = 16614 16614
[5313] = 18988 18988
[5314] = 21362 21362
[5315] = 23735 23735
[5316] = 26109 26109
[5317] = 28483 28483
[5318] = 30856 30856
[5319] = 33230 33230
[5320] = 0 0
[5321] = 2373 2373
[5322] = 4746 4746
[5323] = 7120 7120
[5324] = 9493 9493
[5325] = 11867 11867
[5326] = 14241 14241
[5327] = 16614 16614
[5328] = 18988 18988
[5329] = 21362 21362
[5330] = 23735 23735
[5331] = 26109 26109
[5332] = 28483 28483
[5333] = 30856 30856
[5334] = 33230 33230
[5335] = 0 0
[5336] = 2373 2373
[5337] = 4746 4746
[5338] = 7120 7120
[5339] = 9493 9493
[5340] = 11867 11867
[5341] = 14241 14241
[5342] = 16614 16614
[5343] = 18988 18988
[5344] = 21362 21362
[5345] = 23735 23735
[5346] = 26109 26109
[5347] = 28483 28483
[5348] = 30856 30856
[5349] = 33230 33230
[5350] = 0 0
[5351] = 2224 2224
[5352] = 4449 4449
[5353] = 6674 6674
[5354] = 8900 8900
[5355] = 11125 11125
[5356] = 13350 13350
[5357] = 15575 15575
[5358] = 17801 17801
[5359] = 20026 20026
[5360] = 22251 22251
[5361] = 24477 24477
[5362] = 26702 26702
[5363] = 28927 28927
[5364] = 31153 31153
[5365] = 33378 33378
[5366] = 0 0
[5367] = 2373 2373
[5368] = 4746 4746
[5369] = 7120 7120
[5370] = 9493 9493
[5371] = 11867 11867
[5372] = 14241 14241
[5373] = 16614 16614
[5374] = 18988 18988
[5375] = 21362 21362
[5376] = 23735 23735
[5377] = 26109 26109
[5378] = 28483 28483
[5379] = 30856 30856
[5380] = 33230 33230
[5381] = 0 0
[5382] = 2373 2373
[5383] = 4746 4746
[5384] = 7120 7120
[5385] = 9493 9493
[5386] = 11867 11867
[5387] = 14241 14241
[5388] = 16614 16614
[5389] = 18988 18988
[5390] = 21362 21362
[5391] = 23735 23735
[5392] = 26109 26109
[5393] = 28483 28483
[5394] = 30856 30856
[5395] = 33230 33230
[5396] = 0 0
[5397] = 2224 2224
[5398] = 4449 4449
[5399] = 6674 6674
[5400] = 8900 8900
[5401] = 11125 11125
[5402] = 13350 13350
[5403] = 15575 15575
[5404] = 17801 17801
[5405] = 20026 20026
[5406] = 22251 22251
[5407] = 24477 24477
[5408] = 26702 26702
[5409] = 28927 28927
[5410] = 31153 31153
[5411] = 33378 33378
[5412] = 0 0
[5413] = 2373 2373
[5414] = 4746 4746
[5415] = 7120 7120
[5416] = 9493 9493
[5417] = 11867 11867
[5418] = 14241 14241
[5419] = 16614 16614
[5420] = 18988 18988
[5421] = 21362 21362
[5422] = 23735 23735
[5423] = 26109 26109
[5424] = 28483 28483
[5425] = 30856 30856
[5426] = 33230 33230
[5427] = 0 0
[5428] = 2373 2373
[5429] = 4746 4746
[5430] = 7120 7120
[5431] = 9493 9493
[5432] = 11867 11867
[5433] = 14241 14241
[5434] = 16614 16614
[5435] = 18988 18988
[5436] = 21362 21362
[5437] = 23735 23735
[5438] = 26109 26109
[5439] = 28483 28483
[5440] = 30856 30856
[5441] = 33230 33230
[5442] = 0 0
[5443] = 2224 2224
[5444] = 4449 4449
[5445] = 6674 6674
[5446] = 8900 8900
[5447] = 11125 11125
[5448] = 13350 13350
[5449] = 15575 15575
[5450] = 17801 17801
[5451] = 20026 20026
[5452] = 22251 22251
[5453] = 24477 24477
[5454] = 26702 26702
[5455] = 28927 28927
[5456] = 31153 31153
[5457] = 33378 33378
[5458] = 0 0
[5459] = 2373 2373
[5460] = 4746 4746
[5461] = 7120 7120
[5462] = 9493 9493
[5463] = 11867 11867
[5464] = 14241 14241
[5465] = 16614 16614
[5466] = 18988 18988
[5467] = 21362 21362
[5468] = 23735 23735
[5469] = 26109 26109
[5470] = 28483 28483
[5471] = 30856 30856
[5472] = 33230 33230
[5473] = 0 0
[5474] = 2373 2373
[5475] = 4746 4746
[5476] = 7120 7120
[5477] = 9493 9493
[5478] = 11867 11867
[5479] = 14241 14241
[5480] = 16614 16614
[5481] = 18988 18988
[5482] = 21362 21362
[5483] = 23735 23735
[5484] = 26109 26109
[5485] = 28483 28483
[5486] = 30856 30856
[5487] = 33230 33230
[5488] = 0 0
[5489] = 2224 2224
[5490] = 4449 4449
[5491] = 6674 6674
[5492] = 8900 8900
[5493] = 11125 11125
[5494] = 13350 13350
[5495] = 15575 15575
[5496] = 17801 17801
[5497] = 20026 20026
[5498] = 22251 22251
[5499] = 24477 24477
[5500] = 26702 26702
[5501] = 28927 28927
[5502] = 31153 31153
[5503] = 33378 33378
[5504] = 0 0
[5505] = 2373 2373
[5506] = 4746 4746
[5507] = 7120 7120
[5508] = 9493 9493
[5509] = 11867 11867
[5510] = 14241 14241
[5511] = 16614 16614
[5512] = 18988 18988
[5513] = 21362 21362
[5514] = 23735 23735
[5515] = 26109 26109
[5516] = 28483 28483
[5517] = 30856 30856
[5518] = 33230 33230
[5519] = 0 0
[5520] = 2373 2373
[5521] = 4746 4746
[5522] = 7120 7120
[5523] = 9493 9493
[5524] = 11867 11867
[5525] = 14241 14241
[5526] = 16614 16614
[5527] = 18988 18988
[5528] = 21362 21362
[5529] = 23735 23735
[5530] = 26109 26109
[5531] = 28483 28483
[5532] = 30856 30856
[5533] = 33230 33230
[5534] = 0 0
[5535] = 2373 2373
[5536] = 4746 4746
[5537] = 7120 7120
[5538] = 9493 9493
[5539] = 11867 11867
[5540] = 14241 14241
[5541] = 16614 16614
[5542] = 18988 18988
[5543] = 21362 21362
[5544] = 23735 23735
[5545] = 26109 26109
[5546] = 28483 28483
[5547] = 30856 30856
[5548] = 33230 33230
[5549] = 0 0
[5550] = 2224 2224
[5551] = 4449 4449
[5552] = 6674 6674
[5553] = 8900 8900
[5554] = 11125 11125
[5555] = 13350 13350
[5556] = 15575 15575
[5557] = 17801 17801
[5558] = 20026 20026
[5559] = 22251 22251
[5560] = 24477 24477
[5561] = 26702 26702
[5562] = 28927 28927
[5563] = 31153 31153
[5564] = 33378 33378
[5565] = 0 0
[5566] = 2373 2373
[5567] = 4746 4746
[5568] = 7120 7120
[5569] = 9493 9493
[5570] = 11867 11867
[5571] = 14241 14241
[5572] = 16614 16614
[5573] = 18988 18988
[5574] = 21362 21362
[5575] = 23735 23735
[5576] = 26109 26109
[5577] = 28483 28483
[5578] = 30856 30856
[5579] = 33230 33230
[5580] = 0 0
[5581] = 2373 2373
[5582] = 4746 4746
[5583] = 7120 7120
[5584] = 9493 9493
[5585] = 11867 11867
[5586] = 14241 14241
[5587] = 16614 16614
[5588] = 18988 18988
[5589] = 21362 21362
[5590] = 23735 23735
[5591] = 26109 26109
[5592] = 28483 28483
[5593] = 30856 30856
[5594] = 33230 33230
[5595] = 0 0
[5596] = 2224 2224
[5597] = 4449 4449
[5598] = 6674 6674
[5599] = 8900 8900
[5600] = 11125 11125
[5601] = 13350 13350
[5602] = 15575 15575
[5603] = 17801 17801
[5604] = 20026 20026
[5605] = 22251 22251
[5606] = 24477 24477
[5607] = 26702 26702
[5608] = 28927 28927
[5609] = 31153 31153
[5610] = 33378 33378
[5611] = 0 0
[5612] = 2373 2373
[5613] = 4746 4746
[5614] = 7120 7120
[5615] = 9493 9493
[5616] = 11867 11867
[5617] = 14241 14241
[5618] = 16614 16614
[5619] = 18988 18988
[5620] = 21362 21362
[5621] = 23735 23735
[5622] = 26109 26109
[5623] = 28483 28483
[5624] = 30856 30856
[5625] = 33230 33230
[5626] = 0 0
[5627] = 2373 2373
[5628] = 4746 4746
[5629] = 7120 7120
[5630] = 9493 9493
[5631] = 11867 11867
[5632] = 14241 14241
[5633] = 16614 16614
[5634] = 18988 18988
[5635] = 21362 21362
[5636] = 23735 23735
[5637] = 26109 26109
[5638] = 28483 28483
[5639] = 30856 30856
[5640] = 33230 33230
[5641] = 0 0
[5642] = 2224 2224
[5643] = 4449 4449
[5644] = 6674 6674
[5645] = 8900 8900
[5646] = 11125 11125
[5647] = 13350 13350
[5648] = 15575 15575
[5649] = 17801 17801
[5650] = 20026 20026
[5651] = 22251 22251
[5652] = 24477 24477
[5653] = 26702 26702
[5654] = 28927 28927
[5655] = 31153 31153
[5656] = 33378 33378
[5657] = 0 0
[5658] = 2373 2373
[5659] = 4746 4746
[5660] = 7120 7120
[5661] = 9493 9493
[5662] = 11867 11867
[5663] = 14241 14241
[5664] = 16614 16614
[5665] = 18988 18988
[5666] = 21362 21362
[5667] = 23735 23735
[5668] = 26109 26109
[5669] = 28483 28483
[5670] = 30856 30856
[5671] = 33230 33230
[5672] = 0 0
[5673] = 2373 2373
[5674] = 4746 4746
[5675] = 7120 7120
[5676] = 9493 9493
[5677] = 11867 11867
[5678] = 14241 14241
[5679] = 16614 16614
[5680] = 18988 18988
[5681] = 21362 21362
[5682] = 23735 23735
[5683] = 26109 26109
[5684] = 28483 28483
[5685] = 30856 30856
[5686] = 33230 33230
[5687] = 0 0
[5688] = 2224 2224
[5689] = 4449 4449
[5690] = 6674 6674
[5691] = 8900 8900
[5692] = 11125 11125
[5693] = 13350 13350
[5694] = 15575 15575
[5695] = 17801 17801
[5696] = 20026 20026
[5697] = 22251 22251
[5698] = 24477 24477
[5699] = 26702 26702
[5700] = 28927 28927
[5701] = 31153 31153
[5702] = 33378 33378
[5703] = 0 0
[5704] = 2373 2373
[5705] = 4746 4746
[5706] = 7120 7120
[5707] = 9493 9493
[5708] = 11867 11867
[5709] = 14241 14241
[5710] = 16614 16614
[5711] = 18988 18988
[5712] = 21362 21362
[5713] = 23735 23735
[5714] = 26109 26109
[5715] = 28483 28483
[5716] = 30856 30856
[5717] = 33230 33230
[5718] = 0 0
[5719] = 2373 2373
[5720] = 4746 4746
[5721] = 7120 7120
[5722] = 9493 9493
[5723] = 11867 11867
[5724] = 14241 14241
[5725] = 16614 16614
[5726] = 18988 18988
[5727] = 21362 21362
[5728] = 23735 23735
[5729] = 26109 26109
[5730] = 28483 28483
[5731] = 30856 30856
[5732] = 33230 33230
[5733] = 0 0
[5734] = 2373 2373
[5735] = 4746 4746
[5736] = 7120 7120
[5737] = 9493 9493
[5738] = 11867 11867
[5739] = 14241 14241
[5740] = 16614 16614
[5741] = 18988 18988
[5742] = 21362 21362
[5743] = 23735 23735
[5744] = 26109 26109
[5745] = 28483 28483
[5746] = 30856 30856
[5747] = 33230 33230
[5748] = 0 0
[5749] = 2224 2224
[5750] = 4449 4449
[5751] = 6674 6674
[5752] = 8900 8900
[5753] = 11125 11125
[5754] = 13350 13350
[5755] = 15575 15575
[5756] = 17801 17801
[5757] = 20026 20026
[5758] = 22251 22251
[5759] = 24477 24477
[5760] = 26702 26702
[5761] = 28927 28927
[5762] = 31153 31153
[5763] = 33378 33378
[5764] = 0 0
[5765] = 2373 2373
[5766] = 4746 4746
[5767] = 7120 7120
[5768] = 9493 9493
[5769] = 11867 11867
[5770] = 14241 14241
[5771] = 16614 16614
[5772] = 18988 18988
[5773] = 21362 21362
[5774] = 23735 23735
[5775] = 26109 26109
[5776] = 28483 28483
[5777] = 30856 30856
[5778] = 33230 33230
[5779] = 0 0
[5780] = 2373 2373
[5781] = 4746 4746
[5782] = 7120 7120
[5783] = 9493 9493
[5784] = 11867 11867
[5785] = 14241 14241
[5786] = 16614 16614
[5787] = 18988 18988
[5788] = 21362 21362
[5789] = 23735 23735
[5790] = 26109 26109
[5791] = 28483 28483
[5792] = 30856 30856
[5793] = 33230 33230
[5794] = 0 0
[5795] = 2224 2224
[5796] = 4449 4449
[5797] = 6674 6674
[5798] = 8900 8900
[5799] = 11125 11125
[5800] = 13350 13350
[5801] = 15575 15575
[5802] = 17801 17801
[5803] = 20026 20026
[5804] = 22251 22251
[5805] = 24477 24477
[5806] = 26702 26702
[5807] = 28927 28927
[5808] = 31153 31153
[5809] = 33378 33378
[5810] = 0 0
[5811] = 2373 2373
[5812] = 4746 4746
[5813] = 7120 7120
[5814] = 9493 9493
[5815] = 11867 11867
[5816] = 14241 14241
[5817] = 16614 16614
[5818] = 18988 18988
[5819] = 21362 21362
[5820] = 23735 23735
[5821] = 26109 26109
[5822] = 28483 28483
[5823] = 30856 30856
[5824] = 33230 33230
[5825] = 0 0
[5826] = 2373 2373
[5827] = 4746 4746
[5828] = 7120 7120
[5829] = 9493 9493
[5830] = 11867 11867
[5831] = 14241 14241
[5832] = 16614 16614
[5833] = 18988 18988
[5834] = 21362 21362
[5835] = 23735 23735
[5836] = 26109 26109
[5837] = 28483 28483
[5838] = 30856 30856
[5839] = 33230 33230
[5840] = 0 0
[5841] = 2224 2224
[5842] = 4449 4449
[5843] = 6674 6674
[5844] = 8900 8900
[5845] = 11125 11125
[5846] = 13350 13350
[5847] = 15575 15575
[5848] = 17801 17801
[5849] = 20026 20026
[5850] = 22251 22251
[5851] = 24477 24477
[5852] = 26702 26702
[5853] = 28927 28927
[5854] = 31153 31153
[5855] = 33378 33378
[5856] = 0 0
[5857] = 2373 2373
[5858] = 4746 4746
[5859] = 7120 7120
[5860] = 9493 9493
[5861] = 11867 11867
[5862] = 14241 14241
[5863] = 16614 16614
[5864] = 18988 18988
[5865] = 21362 21362
[5866] = 23735 23735
[5867] = 26109 26109
[5868] = 28483 28483
[5869] = 30856 30856
[5870] = 33230 33230
[5871] = 0 0
[5872] = 2373 2373
[5873] = 4746 4746
[5874] = 7120 7120
[5875] = 9493 9493
[5876] = 11867 11867
[5877] = 14241 14241
[5878] = 16614 16614
[5879] = 18988 18988
[5880] = 21362 21362
[5881] = 23735 23735
[5882] = 26109 26109
[5883] = 28483 28483
[5884] = 30856 30856
[5885] = 33230 33230
[5886] = 0 0
[5887] = 2224 2224
[5888] = 4449 4449
[5889] = 6674 6674
[5890] = 8900 8900
[5891] = 11125 11125
[5892] = 13350 13350
[5893] = 15575 15575
[5894] = 17801 17801
[5895] = 20026 20026
[5896] = 22251 22251
[5897] = 24477 24477
[5898] = 26702 26702
[5899] = 28927 28927
[5900] = 31153 31153
[5901] = 33378 33378
[5902] = 0 0
[5903] = 2373 2373
[5904] = 4746 4746
[5905] = 7120 7120
[5906] = 9493 9493
[5907] = 11867 11867
[5908] = 14241 14241
[5909] = 16614 16614
[5910] = 18988 18988
[5911] = 21362 21362
[5912] = 23735 23735
[5913] = 26109 26109
[5914] = 28483 28483
[5915] = 30856 30856
[5916] = 33230 33230
[5917] = 0 0
[5918] = 2373 2373
[5919] = 4746 4746
[5920] = 7120 7120
[5921] = 9493 9493
[5922] = 11867 11867
[5923] = 14241 14241
[5924] = 16614 16614
[5925] = 18988 18988
[5926] = 21362 21362
[5927] = 23735 23735
[5928] = 26109 26109
[5929] = 28483 28483
[5930] = 30856 30856
[5931] = 33230 33230
[5932] = 0 0
[5933] = 2373 2373
[5934] = 4746 4746
[5935] = 7120 7120
[5936] = 9493 9493
[5937] = 11867 11867
[5938] = 14241 14241
[5939] = 16614 16614
[5940] = 18988 18988
[5941] = 21362 21362
[5942] = 23735 23735
[5943] = 26109 26109
[5944] = 28483 28483
[5945] = 30856 30856
[5946] = 33230 33230
[5947] = 0 0
[5948] = 2224 2224
[5949] = 4449 4449
[5950] = 6674 6674
[5951] = 8900 8900
[5952] = 11125 11125
[5953] = 13350 13350
[5954] = 15575 15575
[5955] = 17801 17801
[5956] = 20026 20026
[5957] = 22251 22251
[5958] = 24477 24477
[5959] = 26702 26702
[5960] = 28927 28927
[5961] = 31153 31153
[5962] = 33378 33378
[5963] = 0 0
[5964] = 2373 2373
[5965] = 4746 4746
[5966] = 7120 7120
[5967] = 9493 9493
[5968] = 11867 11867
[5969] = 14241 14241
[5970] = 16614 16614
[5971] = 18988 18988
[5972] = 21362 21362
[5973] = 23735 23735
[5974] = 26109 26109
[5975] = 28483 28483
[5976] = 30856 30856
[5977] = 33230 33230
[5978] = 0 0
[5979] = 2373 2373
[5980] = 4746 4746
[5981] = 7120 7120
[5982] = 9493 9493
[5983] = 11867 11867
[5984] = 14241 14241
[5985] = 16614 16614
[5986] = 18988 18988
[5987] = 21362 21362
[5988] = 23735 23735
[5989] = 26109 26109
[5990] = 28483 28483
[5991] = 30856 30856
[5992] = 33230 33230
[5993] = 0 0
[5994] = 2224 2224
[5995] = 4449 4449
[5996] = 6674 6674
[5997] = 8900 8900
[5998] = 11125 11125
[5999] = 13350 13350
[6000] = 15575 15575
[6001] = 17801 17801
[6002] = 20026 20026
[6003] = 22251 22251
[6004] = 24477 24477
[6005] = 26702 26702
[6006] = 28927 28927
[6007] = 31153 31153
[6008] = 33378 33378
[6009] = 0 0
[6010] = 2373 2373
[6011] = 4746 4746
[6012] = 7120 7120
[6013] = 9493 9493
[6014] = 11867 11867
[6015] = 14241 14241
[6016] = 16614 16614
[6017] = 18988 18988
[6018] = 21362 21362
[6019] = 23735 23735
[6020] = 26109 26109
[6021] = 28483 28483
[6022] = 30856 30856
[6023] = 33230 33230
[6024] = 0 0
[6025] = 2373 2373
[6026] = 4746 4746
[6027] = 7120 7120
[6028] = 9493 9493
[6029] = 11867 11867
[6030] = 14241 14241
[6031] = 16614 16614
[6032] = 18988 18988
[6033] = 21362 21362
[6034] = 23735 23735
[6035] = 26109 26109
[6036] = 28483 28483
[6037] = 30856 30856
[6038] = 33230 33230
[6039] = 0 0
[6040] = 2224 2224
[6041] = 4449 4449
[6042] = 6674 6674
[6043] = 8900 8900
[6044] = 11125 11125
[6045] = 13350 13350
[6046] = 15575 15575
[6047] = 17801 17801
[6048] = 20026 20026
[6049] = 22251 22251
[6050] = 24477 24477
[6051] = 26702 26702
[6052] = 28927 28927
[6053] = 31153 31153
[6054] = 33378 33378
[6055] = 0 0
[6056] = 2373 2373
[6057] = 4746 4746
[6058] = 7120 7120
[6059] = 9493 9493
[6060] = 11867 11867
[6061] = 14241 14241
[6062] = 16614 16614
[6063] = 18988 18988
[6064] = 21362 21362
[6065] = 23735 23735
[6066] = 26109 26109
[6067] = 28483 28483
[6068] = 30856 30856
[6069] = 33230 33230
[6070] = 0 0
[6071] = 2373 2373
[6072] = 4746 4746
[6073] = 7120 7120
[6074] = 9493 9493
[6075] = 11867 11867
[6076] = 14241 14241
[6077] = 16614 16614
[6078] = 18988 18988
[6079] = 21362 21362
[6080] = 23735 23735
[6081] = 26109 26109
[6082] = 28483 28483
[6083] = 30856 30856
[6084] = 33230 33230
[6085] = 0 0
[6086] = 2224 2224
[6087] = 4449 4449
[6088] = 6674 6674
[6089] = 8900 8900
[6090] = 11125 11125
[6091] = 13350 13350
[6092] = 15575 15575
[6093] = 17801 17801
[6094] = 20026 20026
[6095] = 22251 22251
[6096] = 24477 24477
[6097] = 26702 26702
[6098] = 28927 28927
[6099] = 31153 31153
[6100] = 33378 33378
[6101] = 0 0
[6102] = 2373 2373
[6103] = 4746 4746
[6104] = 7120 7120
[6105] = 9493 9493
[6106] = 11867 11867
[6107] = 14241 14241
[6108] = 16614 16614
[6109] = 18988 18988
[6110] = 21362 21362
[6111] = 23735 23735
[6112] = 26109 26109
[6113] = 28483 28483
[6114] = 30856 30856
[6115] = 33230 33230
[6116] = 0 0
[6117] = 2373 2373
[6118] = 4746 4746
[6119] = 7120 7120
[6120] = 9493 9493
[6121] = 11867 11867
[6122] = 14241 14241
[6123] = 16614 16614
[6124] = 18988 18988
[6125] = 21362 21362
[6126] = 23735 23735
[6127] = 26109 26109
[6128] = 28483 28483
[6129] = 30856 30856
[6130] = 33230 33230
[6131] = 0 0
[6132] = 2373 2373
[6133] = 4746 4746
[6134] = 7120 7120
[6135] = 9493 9493
[6136] = 11867 11867
[6137] = 14241 14241
[6138] = 16614 16614
[6139] = 18988 18988
[6140] = 21362 21362
[6141] = 23735 23735
[6142] = 26109 26109
[6143] = 28483 28483
[6144] = 30856 30856
[6145] = 33230 33230
[6146] = 0 0
[6147] = 2224 2224
[6148] = 4449 4449
[6149] = 6674 6674
[6150] = 8900 8900
[6151] = 11125 11125
[6152] = 13350 13350
[6153] = 15575 15575
[6154] = 17801 17801
[6155] = 20026 20026
[6156] = 22251 22251
[6157] = 24477 24477
[6158] = 26702 26702
[6159] = 28927 28927
[6160] = 31153 31153
[6161] = 33378 33378
[6162] = 0 0
[6163] = 2373 2373
[6164] = 4746 4746
[6165] = 7120 7120
[6166] = 9493 9493
[6167] = 11867 11867
[6168] = 14241 14241
[6169] = 16614 16614
[6170] = 18988 18988
[6171] = 21362 21362
[6172] = 23735 23735
[6173] = 26109 26109
[6174] = 28483 28483
[6175] = 30856 30856
[6176] = 33230 33230
[6177] = 0 0
[6178] = 2373 2373
[6179] = 4746 4746
[6180] = 7120 7120
[6181] = 9493 9493
[6182] = 11867 11867
[6183] = 14241 14241
[6184] = 16614 16614
[6185] = 18988 18988
[6186] = 21362 21362
[6187] = 23735 23735
[6188] = 26109 26109
[6189] = 28483 28483
[6190] = 30856 30856
[6191] = 33230 33230
[6192] = 0 0
[6193] = 2224 2224
[6194] = 4449 4449
[6195] = 6674 6674
[6196] = 8900 8900
[6197] = 11125 11125
[6198] = 13350 13350
[6199] = 15575 15575
[6200] = 17801 17801
[6201] = 20026 20026
[6202] = 22251 22251
[6203] = 24477 24477
[6204] = 26702 26702
[6205] = 28927 28927
[6206] = 31153 31153
[6207] = 33378 33378
[6208] = 0 0
[6209] = 2373 2373
[6210] = 4746 4746
[6211] = 7120 7120
[6212] = 9493 9493
[6213] = 11867 11867
[6214] = 14241 14241
[6215] = 16614 16614
[6216] = 18988 18988
[6217] = 21362 21362
[6218] = 23735 23735
[6219] = 26109 26109
[6220] = 28483 28483
[6221] = 30856 30856
[6222] = 33230 33230
[6223] = 0 0
[6224] = 2373 2373
[6225] = 4746 4746
[6226] = 7120 7120
[6227] = 9493 9493
[6228] = 11867 11867
[6229] = 14241 14241
[6230] = 16614 16614
[6231] = 18988 18988
[6232] = 21362 21362
[6233] = 23735 23735
[6234] = 26109 26109
[6235] = 28483 28483
[6236] = 30856 30856
[6237] = 33230 33230
[6238] = 0 0
[6239] = 2224 2224
[6240] = 4449 4449
[6241] = 6674 6674
[6242] = 8900 8900
[6243] = 11125 11125
[6244] = 13350 13350
[6245] = 15575 15575
[6246] = 17801 17801
[6247] = 20026 20026
[6248] = 22251 22251
[6249] = 24477 24477
[6250] = 26702 26702
[6251] = 28927 28927
[6252] = 31153 31153
[6253] = 33378 33378
[6254] = 0 0
[6255] = 2373 2373
[6256] = 4746 4746
[6257] = 7120 7120
[6258] = 9493 9493
[6259] = 11867 11867
[6260] = 14241 14241
[6261] = 16614 16614
[6262] = 18988 18988
[6263] = 21362 21362
[6264] = 23735 23735
[6265] = 26109 26109
[6266] = 28483 28483
[6267] = 30856 30856
[6268] = 33230 33230
[6269] = 0 0
[6270] = 2373 2373
[6271] = 4746 4746
[6272] = 7120 7120
[6273] = 9493 9493
[6274] = 11867 11867
[6275] = 14241 14241
[6276] = 16614 16614
[6277] = 18988 18988
[6278] = 21362 21362
[6279] = 23735 23735
[6280] = 26109 26109
[6281] = 28483 28483
[6282] = 30856 30856
[6283] = 33230 33230
[6284] = 0 0
[6285] = 2224 2224
[6286] = 4449 4449
[6287] = 6674 6674
[6288] = 8900 8900
[6289] = 11125 11125
[6290] = 13350 13350
[6291] = 15575 15575
[6292] = 17801 17801
[6293] = 20026 20026
[6294] = 22251 22251
[6295] = 24477 24477
[6296] = 26702 26702
[6297] = 28927 28927
[6298] = 31153 31153
[6299] = 33378 33378
[6300] = 0 0
[6301] = 2373 2373
[6302] = 4746 4746
[6303] = 7120 7120
[6304] = 9493 9493
[6305] = 11867 11867
[6306] = 14241 14241
[6307] = 16614 16614
[6308] = 18988 18988
[6309] = 21362 21362
[6310] = 23735 23735
[6311] = 26109 26109
[6312] = 28483 28483
[6313] = 30856 30856
[6314] = 33230 33230
[6315] = 0 0
[6316] = 2373 2373
[6317] = 4746 4746
[6318] = 7120 7120
[6319] = 9493 9493
[6320] = 11867 11867
[6321] = 14241 14241
[6322] = 16614 16614
[6323] = 18988 18988
[6324] = 21362 21362
[6325] = 23735 23735
[6326] = 26109 26109
[6327] = 28483 28483
[6328] = 30856 30856
[6329] = 33230 33230
[6330] = 0 0
[6331] = 2373 2373
[6332] = 4746 4746
[6333] = 7120 7120
[6334] = 9493 9493
[6335] = 11867 11867
[6336] = 14241 14241
[6337] = 16614 16614
[6338] = 18988 18988
[6339] = 21362 21362
[6340] = 23735 23735
[6341] = 26109 26109
[6342] = 28483 28483
[6343] = 30856 30856
[6344] = 33230 33230
[6345] = 0 0
[6346] = 2224 2224
[6347] = 4449 4449
[6348] = 6674 6674
[6349] = 8900 8900
[6350] = 11125 11125
[6351] = 13350 13350
[6352] = 15575 15575
[6353] = 17801 17801
[6354] = 20026 20026
[6355] = 22251 22251
[6356] = 24477 24477
[6357] = 26702 26702
[6358] = 28927 28927
[6359] = 31153 31153
[6360] = 33378 33378
[6361] = 0 0
[6362] = 2373 2373
[6363] = 4746 4746
[6364] = 7120 7120
[6365] = 9493 9493
[6366] = 11867 11867
[6367] = 14241 14241
[6368] = 16614 16614
[6369] = 18988 18988
[6370] = 21362 21362
[6371] = 23735 23735
[6372] = 26109 26109
[6373] = 28483 28483
[6374] = 30856 30856
[6375] = 33230 33230
[6376] = 0 0
[6377] = 2373 2373
[6378] = 4746 4746
[6379] = 7120 7120
[6380] = 9493 9493
[6381] = 11867 11867
[6382] = 14241 14241
[6383] = 16614 16614
[6384] = 18988 18988
[6385] = 21362 21362
[6386] = 23735 23735
[6387] = 26109 26109
[6388] = 28483 28483
[6389] = 30856 30856
[6390] = 33230 33230
[6391] = 0 0
[6392] = 2224 2224
[6393] = 4449 4449
[6394] = 6674 6674
[6395] = 8900 8900
[6396] = 11125 11125
[6397] = 13350 13350
[6398] = 15575 15575
[6399] = 17801 17801
[6400] = 20026 20026
[6401] = 22251 22251
[6402] = 24477 24477
[6403] = 26702 26702
[6404] = 28927 28927
[6405] = 31153 31153
[6406] = 33378 33378
[6407] = 0 0
[6408] = 2373 2373
[6409] = 4746 4746
[6410] = 7120 7120
[6411] = 9493 9493
[6412] = 11867 11867
[6413] = 14241 14241
[6414] = 16614 16614
[6415] = 18988 18988
[6416] = 21362 21362
[6417] = 23735 23735
[6418] = 26109 26109
[6419] = 28483 28483
[6420] = 30856 30856
[6421] = 33230 33230
[6422] = 0 0
[6423] = 2373 2373
[6424] = 4746 4746
[6425] = 7120 7120
[6426] = 9493 9493
[6427] = 11867 11867
[6428] = 14241 14241
[6429] = 16614 16614
[6430] = 18988 18988
[6431] = 21362 21362
[6432] = 23735 23735
[6433] = 26109 26109
[6434] = 28483 28483
[6435] = 30856 30856
[6436] = 33230 33230
[6437] = 0 0
[6438] = 2224 2224
[6439] = 4449 4449
[6440] = 6674 6674
[6441] = 8900 8900
[6442] = 11125 11125
[6443] = 13350 13350
[6444] = 15575 15575
[6445] = 17801 17801
[6446] = 20026 20026
[6447] = 22251 22251
[6448] = 24477 24477
[6449] = 26702 26702
[6450] = 28927 28927
[6451] = 31153 31153
[6452] = 33378 33378
[6453] = 0 0
[6454] = 2373 2373
[6455] = 4746 4746
[6456] = 7120 7120
[6457] = 9493 9493
[6458] = 11867 11867
[6459] = 14241 14241
[6460] = 16614 16614
[6461] = 18988 18988
[6462] = 21362 21362
[6463] = 23735 23735
[6464] = 26109 26109
[6465] = 28483 28483
[6466] = 30856 30856
[6467] = 33230 33230
[6468] = 0 0
[6469] = 2373 2373
[6470] = 4746 4746
[6471] = 7120 7120
[6472] = 9493 9493
[6473] = 11867 11867
[6474] = 14241 14241
[6475] = 16614 16614
[6476] = 18988 18988
[6477] = 21362 21362
[6478] = 23735 23735
[6479] = 26109 26109
[6480] = 28483 28483
[6481] = 30856 30856
[6482] = 33230 33230
[6483] = 0 0
[6484] = 2373 2373
[6485] = 4746 4746
[6486] = 7120 7120
[6487] = 9493 9493
[6488] = 11867 11867
[6489] = 14241 14241
[6490] = 16601 16601
[6491] = 18957 18957
[6492] = 21309 21309
[6493] = 23656 23656
[6494] = 26000 26000
[6495] = 28340 28340
[6496] = 30676 30676
[6497] = 33009 33009
[6498] = 0 0
[6499] = 2205 2205
[6500] = 4409 4409
[6501] = 6608 6608
[6502] = 8803 8803
[6503] = 10995 10995
[6504] = 13184 13184
[6505] = 15368 15368
[6506] = 17549 17549
[6507] = 19726 19726
[6508] = 21900 21900
[6509] = 24069 24069
[6510] = 26235 26235
[6511] = 28397 28397
[6512] = 30556 30556
[6513] = 32711 32711
[6514] = 0 0
[6515] = 2321 2321
[6516] = 4639 4639
[6517] = 6954 6954
[6518] = 9264 9264
[6519] = 11571 11571
[6520] = 13873 13873
[6521] = 16171 16171
[6522] = 18466 18466
[6523] = 20756 20756
[6524] = 23043 23043
[6525] = 25326 25326
[6526] = 27605 27605
[6527] = 29879 29879
[6528] = 32150 32150
[6529] = 0 0
[6530] = 2292 2292
[6531] = 4581 4581
[6532] = 6865 6865
[6533] = 9145 9145
[6534] = 11423 11423
[6535] = 13695 13695
[6536] = 15964 15964
[6537] = 18229 18229
[6538] = 20490 20490
[6539] = 22747 22747
[6540] = 24999 24999
[6541] = 27248 27248
[6542] = 29493 29493
[6543] = 31735 31735
[6544] = 0 0
[6545] = 2120 2120
[6546] = 4238 4238
[6547] = 6352 6352
[6548] = 8462 8462
[6549] = 10569 10569
[6550] = 12672 12672
[6551] = 14771 14771
[6552] = 16867 16867
[6553] = 18959 18959
[6554] = 21046 21046
[6555] = 23131 23131
[6556] = 25212 25212
[6557] = 27288 27288
[6558] = 29361 29361
[6559] = 31431 31431
[6560] = 0 0
[6561] = 2230 2230
[6562] = 4457 4457
[6563] = 6681 6681
[6564] = 8900 8900
[6565] = 11116 11116
[6566] = 13327 13327
[6567] = 15534 15534
[6568] = 17738 17738
[6569] = 19938 19938
[6570] = 22134 22134
[6571] = 24325 24325
[6572] = 26513 26513
[6573] = 28697 28697
[6574] = 30876 30876
[6575] = 0 0
[6576] = 2201 2201
[6577] = 4398 4398
[6578] = 6592 6592
[6579] = 8781 8781
[6580] = 10968 10968
[6581] = 13149 13149
[6582] = 15327 15327
[6583] = 17501 17501
[6584] = 19671 19671
[6585] = 21837 21837
[6586] = 23998 23998
[6587] = 26157 26157
[6588] = 28310 28310
[6589] = 30460 30460
[6590] = 0 0
[6591] = 2035 2035
[6592] = 4067 4067
[6593] = 6096 6096
[6594] = 8121 8121
[6595] = 10142 10142
[6596] = 12160 12160
[6597] = 14174 14174
[6598] = 16184 16184
[6599] = 18191 18191
[6600] = 20194 20194
[6601] = 22192 22192
[6602] = 24188 24188
[6603] = 26179 26179
[6604] = 28167 28167
[6605] = 30152 30152
[6606] = 0 0
[6607] = 2139 2139
[6608] = 4275 4275
[6609] = 6408 6408
[6610] = 8537 8537
[6611] = 10661 10661
[6612] = 12781 12781
[6613] = 14898 14898
[6614] = 17010 17010
[6615] = 19119 19119
[6616] = 21223 21223
[6617] = 23324 23324
[6618] = 25421 25421
[6619] = 27514 27514
[6620] = 29602 29602
[6621] = 0 0
[6622] = 2110 2110
[6623] = 4216 4216
[6624] = 6319 6319
[6625] = 8417 8417
[6626] = 10512 10512
[6627] = 12603 12603
[6628] = 14690 14690
[6629] = 16773 16773
[6630] = 18852 18852
[6631] = 20927 20927
[6632] = 22997 22997
[6633] = 25065 25065
[6634] = 27128 27128
[6635] = 29186 29186
[6636] = 0 0
[6637] = 1950 1950
[6638] = 3897 3897
[6639] = 5840 5840
[6640] = 7780 7780
[6641] = 9716 9716
[6642] = 11648 11648
[6643] = 13577 13577
[6644] = 15502 15502
[6645] = 17422 17422
[6646] = 19341 19341
[6647] = 21254 21254
[6648] = 23164 23164
[6649] = 25071 25071
[6650] = 26973 26973
[6651] = 28872 28872
[6652] = 0 0
[6653] = 2048 2048
[6654] = 4093 4093
[6655] = 6135 6135
[6656] = 8173 8173
[6657] = 10206 10206
[6658] = 12235 12235
[6659] = 14261 14261
[6660] = 16282 16282
[6661] = 18300 18300
[6662] = 20313 20313
[6663] = 22323 22323
[6664] = 24329 24329
[6665] = 26331 26331
[6666] = 28328 28328
[6667] = 0 0
[6668] = 2019 2019
[6669] = 4034 4034
[6670] = 6046 6046
[6671] = 8054 8054
[6672] = 10057 10057
[6673] = 12057 12057
[6674] = 14053 14053
[6675] = 16045 16045
[6676] = 18033 18033
[6677] = 20017 20017
[6678] = 21997 21997
[6679] = 23973 23973
[6680] = 25945 25945
[6681] = 27913 27913
[6682] = 0 0
[6683] = 1989 1989
[6684] = 3975 3975
[6685] = 5957 5957
[6686] = 7935 7935
[6687] = 9909 9909
[6688] = 11879 11879
[6689] = 13845 13845
[6690] = 15807 15807
[6691] = 17766 17766
[6692] = 19720 19720
[6693] = 21670 21670
[6694] = 23617 23617
[6695] = 25560 25560
[6696] = 27498 27498
[6697] = 0 0
[6698] = 1836 1836
[6699] = 3670 3670
[6700] = 5501 5501
[6701] = 7327 7327
[6702] = 9150 9150
[6703] = 10969 10969
[6704] = 12785 12785
[6705] = 14597 14597
[6706] = 16405 16405
[6707] = 18209 18209
[6708] = 20010 20010
[6709] = 21807 21807
[6710] = 23600 23600
[6711] = 25390 25390
[6712] = 27175 27175
[6713] = 0 0
[6714] = 1928 1928
[6715] = 3852 3852
[6716] = 5773 5773
[6717] = 7690 7690
[6718] = 9602 9602
[6719] = 11511 11511
[6720] = 13416 13416
[6721] = 15317 15317
[6722] = 17214 17214
[6723] = 19107 19107
[6724] = 20996 20996
[6725] = 22881 22881
[6726] = 24762 24762
[6727] = 26639 26639
[6728] = 0 0
[6729] = 1898 1898
[6730] = 3793 3793
[6731] = 5684 5684
[6732] = 7571 7571
[6733] = 9454 9454
[6734] = 11333 11333
[6735] = 13209 13209
[6736] = 15079 15079
[6737] = 16947 16947
[6738] = 18811 18811
[6739] = 20670 20670
[6740] = 22525 22525
[6741] = 24377 24377
[6742] = 26224 26224
[6743] = 0 0
[6744] = 1751 1751
[6745] = 3500 3500
[6746] = 5245 5245
[6747] = 6986 6986
[6748] = 8724 8724
[6749] = 10458 10458
[6750] = 12188 12188
[6751] = 13914 13914
[6752] = 15637 15637
[6753] = 17356 17356
[6754] = 19071 19071
[6755] = 20783 20783
[6756] = 22491 22491
[6757] = 24195 24195
[6758] = 25896 25896
[6759] = 0 0
[6760] = 1837 1837
[6761] = 3670 3670
[6762] = 5500 5500
[6763] = 7326 7326
[6764] = 9147 9147
[6765] = 10966 10966
[6766] = 12779 12779
[6767] = 14589 14589
[6768] = 16395 16395
[6769] = 18197 18197
[6770] = 19995 19995
[6771] = 21789 21789
[6772] = 23579 23579
[6773] = 25365 25365
[6774] = 0 0
[6775] = 1807 1807
[6776] = 3611 3611
[6777] = 5411 5411
[6778] = 7207 7207
[6779] = 8999 8999
[6780] = 10787 10787
[6781] = 12572 12572
[6782] = 14352 14352
[6783] = 16128 16128
[6784] = 17901 17901
[6785] = 19669 19669
[6786] = 21433 21433
[6787] = 23194 23194
[6788] = 24950 24950
[6789] = 0 0
[6790] = 1666 1666
[6791] = 3330 3330
[6792] = 4989 4989
[6793] = 6645 6645
[6794] = 8298 8298
[6795] = 9946 9946
[6796] = 11591 11591
[6797] = 13232 13232
[6798] = 14869 14869
[6799] = 16503 16503
[6800] = 18133 18133
[6801] = 19760 19760
[6802] = 21382 21382
[6803] = 23001 23001
[6804] = 24616 24616
[6805] = 0 0
[6806] = 1746 1746
[6807] = 3488 3488
[6808] = 5227 5227
[6809] = 6962 6962
[6810] = 8693 8693
[6811] = 10420 10420
[6812] = 12142 12142
[6813] = 13861 13861
[6814] = 15576 15576
[6815] = 17287 17287
[6816] = 18995 18995
[6817] = 20697 20697
[6818] = 22396 22396
[6819] = 24091 24091
[6820] = 0 0
[6821] = 1716 1716
[6822] = 3429 3429
[6823] = 5138 5138
[6824] = 6843 6843
[6825] = 8544 8544
[6826] = 10241 10241
[6827] = 11935 11935
[6828] = 13624 13624
[6829] = 15309 15309
[6830] = 16990 16990
[6831] = 18668 18668
[6832] = 20341 20341
[6833] = 22011 22011
[6834] = 23676 23676
[6835] = 0 0
[6836] = 1581 1581
[6837] = 3159 3159
[6838] = 4733 4733
[6839] = 6304 6304
[6840] = 7871 7871
[6841] = 9434 9434
[6842] = 10994 10994
[6843] = 12550 12550
[6844] = 14101 14101
[6845] = 15650 15650
[6846] = 17195 17195
[6847] = 18736 18736
[6848] = 20273 20273
[6849] = 21807 21807
[6850] = 23337 23337
[6851] = 0 0
[6852] = 1655 1655
[6853] = 3306 3306
[6854] = 4954 4954
[6855] = 6598 6598
[6856] = 8238 8238
[6857] = 9874 9874
[6858] = 11505 11505
[6859] = 13133 13133
[6860] = 14758 14758
[6861] = 16377 16377
[6862] = 17993 17993
[6863] = 19605 19605
[6864] = 21214 21214
[6865] = 22817 22817
[6866] = 0 0
[6867] = 1625 1625
[6868] = 3247 3247
[6869] = 4865 4865
[6870] = 6479 6479
[6871] = 8089 8089
[6872] = 9695 9695
[6873] = 11298 11298
[6874] = 12896 12896
[6875] = 14490 14490
[6876] = 16080 16080
[6877] = 17667 17667
[6878] = 19249 19249
[6879] = 20828 20828
[6880] = 22403 22403
[6881] = 0 0
[6882] = 1595 1595
[6883] = 3188 3188
[6884] = 4776 4776
[6885] = 6360 6360
[6886] = 7941 7941
[6887] = 9518 9518
[6888] = 11090 11090
[6889] = 12659 12659
[6890] = 14223 14223
[6891] = 15784 15784
[6892] = 17340 17340
[6893] = 18893 18893
[6894] = 20442 20442
[6895] = 21987 21987
[6896] = 0 0
[6897] = 1468 1468
[6898] = 2933 2933
[6899] = 4394 4394
[6900] = 5851 5851
[6901] = 7306 7306
[6902] = 8755 8755
[6903] = 10202 10202
[6904] = 11645 11645
[6905] = 13084 13084
[6906] = 14519 14519
[6907] = 15951 15951
[6908] = 17379 17379
[6909] = 18803 18803
[6910] = 20223 20223
[6911] = 21640 21640
[6912] = 0 0
[6913] = 1534 1534
[6914] = 3065 3065
[6915] = 4592 4592
[6916] = 6115 6115
[6917] = 7634 7634
[6918] = 9150 9150
[6919] = 10661 10661
[6920] = 12168 12168
[6921] = 13671 13671
[6922] = 15170 15170
[6923] = 16666 16666
[6924] = 18158 18158
[6925] = 19645 19645
[6926] = 21129 21129
[6927] = 0 0
[6928] = 1504 1504
[6929] = 3006 3006
[6930] = 4503 4503
[6931] = 5997 5997
[6932] = 7486 7486
[6933] = 8972 8972
[6934] = 10453 10453
[6935] = 11931 11931
[6936] = 13404 13404
[6937] = 14874 14874
[6938] = 16340 16340
[6939] = 17801 17801
[6940] = 19259 19259
[6941] = 20713 20713
[6942] = 0 0
[6943] = 1383 1383
[6944] = 2762 2762
[6945] = 4138 4138
[6946] = 5510 5510
[6947] = 6879 6879
[6948] = 8244 8244
[6949] = 9605 9605
[6950] = 10962 10962
[6951] = 12316 12316
[6952] = 13666 13666
[6953] = 15012 15012
[6954] = 16355 16355
[6955] = 17694 17694
[6956] = 19029 19029
[6957] = 20360 20360
[6958] = 0 0
[6959] = 1443 1443
[6960] = 2883 2883
[6961] = 4319 4319
[6962] = 5751 5751
[6963] = 7179 7179
[6964] = 8604 8604
[6965] = 10024 10024
[6966] = 11440 11440
[6967] = 12852 12852
[6968] = 14261 14261
[6969] = 15665 15665
[6970] = 17065 17065
[6971] = 18462 18462
[6972] = 19855 19855
[6973] = 0 0
[6974] = 1413 1413
[6975] = 2824 2824
[6976] = 4230 4230
[6977] = 5633 5633
[6978] = 7031 7031
[6979] = 8426 8426
[6980] = 9816 9816
[6981] = 11203 11203
[6982] = 12586 12586
[6983] = 13964 13964
[6984] = 15339 15339
[6985] = 16710 16710
[6986] = 18076 18076
[6987] = 19439 19439
[6988] = 0 0
[6989] = 1297 1297
[6990] = 2591 2591
[6991] = 3882 3882
[6992] = 5169 5169
[6993] = 6453 6453
[6994] = 7732 7732
[6995] = 9008 9008
[6996] = 10280 10280
[6997] = 11548 11548
[6998] = 12813 12813
[6999] = 14074 14074
[7000] = 15331 15331
[7001] = 16585 16585
[7002] = 17835 17835
[7003] = 19081 19081
[7004] = 0 0
[7005] = 1352 1352
[7006] = 2701 2701
[7007] = 4046 4046
[7008] = 5387 5387
[7009] = 6725 6725
[7010] = 8058 8058
[7011] = 9387 9387
[7012] = 10712 10712
[7013] = 12033 12033
[7014] = 13351 13351
[7015] = 14664 14664
[7016] = 15974 15974
[7017] = 17279 17279
[7018] = 18581 18581
[7019] = 0 0
[7020] = 1322 1322
[7021] = 2642 2642
[7022] = 3958 3958
[7023] = 5269 5269
[7024] = 6576 6576
[7025] = 7880 7880
[7026] = 9179 9179
[7027] = 10475 10475
[7028] = 11767 11767
[7029] = 13054 13054
[7030] = 14338 14338
[7031] = 15618 15618
[7032] = 16894 16894
[7033] = 18166 18166
[7034] = 0 0
[7035] = 1211 1211
[7036] = 2421 2421
[7037] = 3626 3626
[7038] = 4828 4828
[7039] = 6026 6026
[7040] = 7220 7220
[7041] = 8410 8410
[7042] = 9597 9597
[7043] = 10781 10781
[7044] = 11960 11960
[7045] = 13136 13136
[7046] = 14308 14308
[7047] = 15476 15476
[7048] = 16641 16641
[7049] = 17802 17802
[7050] = 0 0
[7051] = 1261 1261
[7052] = 2519 2519
[7053] = 3774 3774
[7054] = 5023 5023
[7055] = 6270 6270
[7056] = 7512 7512
[7057] = 8750 8750
[7058] = 9984 9984
[7059] = 11215 11215
[7060] = 12442 12442
[7061] = 13663 13663
[7062] = 14882 14882
[7063] = 16096 16096
[7064] = 17307 17307
[7065] = 0 0
[7066] = 1231 1231
[7067] = 2460 2460
[7068] = 3685 3685
[7069] = 4905 4905
[7070] = 6121 6121
[7071] = 7334 7334
[7072] = 8542 8542
[7073] = 9747 9747
[7074] = 10948 10948
[7075] = 12144 12144
[7076] = 13337 13337
[7077] = 14526 14526
[7078] = 15711 15711
[7079] = 16892 16892
[7080] = 0 0
[7081] = 1202 1202
[7082] = 2400 2400
[7083] = 3595 3595
[7084] = 4786 4786
[7085] = 5973 5973
[7086] = 7156 7156
[7087] = 8335 8335
[7088] = 9510 9510
[7089] = 10680 10680
[7090] = 11848 11848
[7091] = 13011 13011
[7092] = 14170 14170
[7093] = 15325 15325
[7094] = 16476 16476
[7095] = 0 0
[7096] = 1099 1099
[7097] = 2195 2195
[7098] = 3287 3287
[7099] = 4375 4375
[7100] = 5460 5460
[7101] = 6541 6541
[7102] = 7619 7619
[7103] = 8692 8692
[7104] = 9763 9763
[7105] = 10828 10828
[7106] = 11892 11892
[7107] = 12950 12950
[7108] = 14005 14005
[7109] = 15057 15057
[7110] = 16105 16105
[7111] = 0 0
[7112] = 1140 1140
[7113] = 2278 2278
[7114] = 3412 3412
[7115] = 4541 4541
[7116] = 5666 5666
[7117] = 6788 6788
[7118] = 7905 7905
[7119] = 9019 9019
[7120] = 10129 10129
[7121] = 11235 11235
[7122] = 12336 12336
[7123] = 13434 13434
[7124] = 14528 14528
[7125] = 15618 15618
[7126] = 0 0
[7127] = 1111 1111
[7128] = 2218 2218
[7129] = 3322 3322
[7130] = 4422 4422
[7131] = 5518 5518
[7132] = 6610 6610
[7133] = 7698 7698
[7134] = 8782 8782
[7135] = 9861 9861
[7136] = 10938 10938
[7137] = 12010 12010
[7138] = 13079 13079
[7139] = 14142 14142
[7140] = 15202 15202
[7141] = 0 0
[7142] = 1013 1013
[7143] = 2024 2024
[7144] = 3031 3031
[7145] = 4034 4034
[7146] = 5034 5034
[7147] = 6030 6030
[7148] = 7022 7022
[7149] = 8010 8010
[7150] = 8995 8995
[7151] = 9976 9976
[7152] = 10953 10953
[7153] = 11927 11927
[7154] = 12897 12897
[7155] = 13862 13862
[7156] = 14825 14825
[7157] = 0 0
[7158] = 1049 1049
[7159] = 2096 2096
[7160] = 3139 3139
[7161] = 4177 4177
[7162] = 5211 5211
[7163] = 6242 6242
[7164] = 7268 7268
[7165] = 8291 8291
[7166] = 9310 9310
[7167] = 10325 10325
[7168] = 11335 11335
[7169] = 12342 12342
[7170] = 13345 13345
[7171] = 14344 14344
[7172] = 0 0
[7173] = 1020 1020
[7174] = 2037 2037
[7175] = 3049 3049
[7176] = 4058 4058
[7177] = 5063 5063
[7178] = 6064 6064
[7179] = 7061 7061
[7180] = 8054 8054
[7181] = 9043 9043
[7182] = 10028 10028
[7183] = 11009 11009
[7184] = 11986 11986
[7185] = 12959 12959
[7186] = 13928 13928
[7187] = 0 0
[7188] = 928 928
[7189] = 1854 1854
[7190] = 2775 2775
[7191] = 3693 3693
[7192] = 4607 4607
[7193] = 5517 5517
[7194] = 6424 6424
[7195] = 7328 7328
[7196] = 8227 8227
[7197] = 9123 9123
[7198] = 10015 10015
[7199] = 10903 10903
[7200] = 11788 11788
[7201] = 12668 12668
[7202] = 13546 13546
[7203] = 0 0
[7204] = 958 958
[7205] = 1914 1914
[7206] = 2866 2866
[7207] = 3813 3813
[7208] = 4757 4757
[7209] = 5696 5696
[7210] = 6631 6631
[7211] = 7563 7563
[7212] = 8491 8491
[7213] = 9415 9415
[7214] = 10334 10334
[7215] = 11251 11251
[7216] = 12162 12162
[7217] = 13070 13070
[7218] = 0 0
[7219] = 929 929
[7220] = 1855 1855
[7221] = 2776 2776
[7222] = 3694 3694
[7223] = 4608 4608
[7224] = 5518 5518
[7225] = 6424 6424
[7226] = 7326 7326
[7227] = 8224 8224
[7228] = 9118 9118
[7229] = 10008 10008
[7230] = 10894 10894
[7231] = 11776 11776
[7232] = 12655 12655
[7233] = 0 0
[7234] = 843 843
[7235] = 1683 1683
[7236] = 2519 2519
[7237] = 3352 3352
[7238] = 4181 4181
[7239] = 5006 5006
[7240] = 5828 5828
[7241] = 6645 6645
[7242] = 7459 7459
[7243] = 8269 8269
[7244] = 9076 9076
[7245] = 9879 9879
[7246] = 10679 10679
[7247] = 11474 11474
[7248] = 12266 12266
[7249] = 0 0
[7250] = 867 867
[7251] = 1732 1732
[7252] = 2592 2592
[7253] = 3449 3449
[7254] = 4302 4302
[7255] = 5150 5150
[7256] = 5995 5995
[7257] = 6835 6835
[7258] = 7672 7672
[7259] = 8505 8505
[7260] = 9333 9333
[7261] = 10159 10159
[7262] = 10980 10980
[7263] = 11797 11797
[7264] = 0 0
[7265] = 838 838
[7266] = 1673 1673
[7267] = 2503 2503
[7268] = 3330 3330
[7269] = 4153 4153
[7270] = 4972 4972
[7271] = 5787 5787
[7272] = 6598 6598
[7273] = 7405 7405
[7274] = 8208 8208
[7275] = 9007 9007
[7276] = 9802 9802
[7277] = 10593 10593
[7278] = 11381 11381
[7279] = 0 0
[7280] = 808 808
[7281] = 1613 1613
[7282] = 2414 2414
[7283] = 3212 3212
[7284] = 4005 4005
[7285] = 4794 4794
[7286] = 5580 5580
[7287] = 6360 6360
[7288] = 7138 7138
[7289] = 7912 7912
[7290] = 8681 8681
[7291] = 9446 9446
[7292] = 10208 10208
[7293] = 10966 10966
[7294] = 0 0
[7295] = 729 729
[7296] = 1457 1457
[7297] = 2180 2180
[7298] = 2899 2899
[7299] = 3615 3615
[7300] = 4327 4327
[7301] = 5036 5036
[7302] = 5740 5740
[7303] = 6442 6442
[7304] = 7138 7138
[7305] = 7832 7832
[7306] = 8522 8522
[7307] = 9208 9208
[7308] = 9891 9891
[7309] = 10570 10570
[7310] = 0 0
[7311] = 747 747
[7312] = 1491 1491
[7313] = 2230 2230
[7314] = 2966 2966
[7315] = 3698 3698
[7316] = 4426 4426
[7317] = 5150 5150
[7318] = 5870 5870
[7319] = 6586 6586
[7320] = 7298 7298
[7321] = 8006 8006
[7322] = 8710 8710
[7323] = 9411 9411
[7324] = 10107 10107
[7325] = 0 0
[7326] = 717 717
[7327] = 1431 1431
[7328] = 2141 2141
[7329] = 2848 2848
[7330] = 3550 3550
[7331] = 4248 4248
[7332] = 4943 4943
[7333] = 5633 5633
[7334] = 6319 6319
[7335] = 7002 7002
[7336] = 7680 7680
[7337] = 8355 8355
[7338] = 9025 9025
[7339] = 9692 9692
[7340] = 0 0
[7341] = 644 644
[7342] = 1286 1286
[7343] = 1924 1924
[7344] = 2559 2559
[7345] = 3189 3189
[7346] = 3815 3815
[7347] = 4439 4439
[7348] = 5058 5058
[7349] = 5674 5674
[7350] = 6286 6286
[7351] = 6893 6893
[7352] = 7498 7498
[7353] = 8100 8100
[7354] = 8697 8697
[7355] = 9290 9290
[7356] = 0 0
[7357] = 656 656
[7358] = 1309 1309
[7359] = 1957 1957
[7360] = 2602 2602
[7361] = 3244 3244
[7362] = 3880 3880
[7363] = 4513 4513
[7364] = 5143 5143
[7365] = 5767 5767
[7366] = 6388 6388
[7367] = 7006 7006
[7368] = 7618 7618
[7369] = 8228 8228
[7370] = 8833 8833
[7371] = 0 0
[7372] = 626 626
[7373] = 1249 1249
[7374] = 1868 1868
[7375] = 2484 2484
[7376] = 3095 3095
[7377] = 3702 3702
[7378] = 4306 4306
[7379] = 4905 4905
[7380] = 5500 5500
[7381] = 6092 6092
[7382] = 6679 6679
[7383] = 7263 7263
[7384] = 7843 7843
[7385] = 8417 8417
[7386] = 0 0
[7387] = 559 559
[7388] = 1115 1115
[7389] = 1668 1668
[7390] = 2217 2217
[7391] = 2762 2762
[7392] = 3304 3304
[7393] = 3842 3842
[7394] = 4375 4375
[7395] = 4906 4906
[7396] = 5433 5433
[7397] = 5956 5956
[7398] = 6475 6475
[7399] = 6990 6990
[7400] = 7502 7502
[7401] = 8010 8010
[7402] = 0 0
[7403] = 565 565
[7404] = 1127 1127
[7405] = 1684 1684
[7406] = 2238 2238
[7407] = 2789 2789
[7408] = 3335 3335
[7409] = 3876 3876
[7410] = 4415 4415
[7411] = 4948 4948
[7412] = 5478 5478
[7413] = 6005 6005
[7414] = 6527 6527
[7415] = 7045 7045
[7416] = 7559 7559
[7417] = 0 0
[7418] = 535 535
[7419] = 1067 1067
[7420] = 1595 1595
[7421] = 2120 2120
[7422] = 2640 2640
[7423] = 3156 3156
[7424] = 3669 3669
[7425] = 4177 4177
[7426] = 4681 4681
[7427] = 5182 5182
[7428] = 5678 5678
[7429] = 6171 6171
[7430] = 6660 6660
[7431] = 7144 7144
[7432] = 0 0
[7433] = 474 474
[7434] = 945 945
[7435] = 1412 1412
[7436] = 1876 1876
[7437] = 2336 2336
[7438] = 2792 2792
[7439] = 3244 3244
[7440] = 3693 3693
[7441] = 4138 4138
[7442] = 4580 4580
[7443] = 5017 5017
[7444] = 5451 5451
[7445] = 5881 5881
[7446] = 6308 6308
[7447] = 6731 6731
[7448] = 0 0
[7449] = 474 474
[7450] = 945 945
[7451] = 1411 1411
[7452] = 1875 1875
[7453] = 2334 2334
[7454] = 2789 2789
[7455] = 3239 3239
[7456] = 3686 3686
[7457] = 4129 4129
[7458] = 4569 4569
[7459] = 5004 5004
[7460] = 5435 5435
[7461] = 5862 5862
[7462] = 6286 6286
[7463] = 0 0
[7464] = 444 444
[7465] = 885 885
[7466] = 1322 1322
[7467] = 1756 1756
[7468] = 2185 2185
[7469] = 2610 2610
[7470] = 3031 3031
[7471] = 3449 3449
[7472] = 3863 3863
[7473] = 4272 4272
[7474] = 4677 4677
[7475] = 5079 5079
[7476] = 5477 5477
[7477] = 5870 5870
[7478] = 0 0
[7479] = 415 415
[7480] = 826 826
[7481] = 1234 1234
[7482] = 1637 1637
[7483] = 2037 2037
[7484] = 2432 2432
[7485] = 2824 2824
[7486] = 3212 3212
[7487] = 3595 3595
[7488] = 3976 3976
[7489] = 4351 4351
[7490] = 4723 4723
[7491] = 5091 5091
[7492] = 5455 5455
[7493] = 0 0
[7494] = 361 361
[7495] = 719 719
[7496] = 1073 1073
[7497] = 1424 1424
[7498] = 1770 1770
[7499] = 2113 2113
[7500] = 2453 2453
[7501] = 2788 2788
[7502] = 3121 3121
[7503] = 3449 3449
[7504] = 3773 3773
[7505] = 4094 4094
[7506] = 4411 4411
[7507] = 4724 4724
[7508] = 5034 5034
[7509] = 0 0
[7510] = 353 353
[7511] = 703 703
[7512] = 1050 1050
[7513] = 1392 1392
[7514] = 1730 1730
[7515] = 2064 2064
[7516] = 2395 2395
[7517] = 2721 2721
[7518] = 3044 3044
[7519] = 3362 3362
[7520] = 3676 3676
[7521] = 3987 3987
[7522] = 4294 4294
[7523] = 4597 4597
[7524] = 0 0
[7525] = 324 324
[7526] = 644 644
[7527] = 961 961
[7528] = 1273 1273
[7529] = 1582 1582
[7530] = 1886 1886
[7531] = 2187 2187
[7532] = 2484 2484
[7533] = 2776 2776
[7534] = 3065 3065
[7535] = 3350 3350
[7536] = 3631 3631
[7537] = 3908 3908
[7538] = 4181 4181
[7539] = 0 0
[7540] = 276 276
[7541] = 548 548
[7542] = 817 817
[7543] = 1082 1082
[7544] = 1343 1343
[7545] = 1602 1602
[7546] = 1855 1855
[7547] = 2106 2106
[7548] = 2352 2352
[7549] = 2596 2596
[7550] = 2835 2835
[7551] = 3070 3070
[7552] = 3302 3302
[7553] = 3530 3530
[7554] = 3754 3754
[7555] = 0 0
[7556] = 262 262
[7557] = 521 521
[7558] = 777 777
[7559] = 1028 1028
[7560] = 1275 1275
[7561] = 1518 1518
[7562] = 1758 1758
[7563] = 1993 1993
[7564] = 2225 2225
[7565] = 2452 2452
[7566] = 2676 2676
[7567] = 2896 2896
[7568] = 3111 3111
[7569] = 3322 3322
[7570] = 0 0
[7571] = 233 233
[7572] = 462 462
[7573] = 688 688
[7574] = 910 910
[7575] = 1127 1127
[7576] = 1340 1340
[7577] = 1550 1550
[7578] = 1756 1756
[7579] = 1957 1957
[7580] = 2155 2155
[7581] = 2349 2349
[7582] = 2539 2539
[7583] = 2725 2725
[7584] = 2907 2907
[7585] = 0 0
[7586] = 190 190
[7587] = 378 378
[7588] = 561 561
[7589] = 741 741
[7590] = 917 917
[7591] = 1090 1090
[7592] = 1258 1258
[7593] = 1424 1424
[7594] = 1585 1585
[7595] = 1742 1742
[7596] = 1897 1897
[7597] = 2046 2046
[7598] = 2193 2193
[7599] = 2336 2336
[7600] = 2475 2475
[7601] = 0 0
[7602] = 171 171
[7603] = 339 339
[7604] = 504 504
[7605] = 664 664
[7606] = 820 820
[7607] = 972 972
[7608] = 1121 1121
[7609] = 1265 1265
[7610] = 1406 1406
[7611] = 1543 1543
[7612] = 1675 1675
[7613] = 1804 1804
[7614] = 1928 1928
[7615] = 2048 2048
[7616] = 0 0
[7617] = 142 142
[7618] = 280 280
[7619] = 415 415
[7620] = 546 546
[7621] = 672 672
[7622] = 794 794
[7623] = 913 913
[7624] = 1028 1028
[7625] = 1138 1138
[7626] = 1245 1245
[7627] = 1349 1349
[7628] = 1448 1448
[7629] = 1542 1542
[7630] = 1633 1633
[7631] = 0 0
[7632] = 105 105
[7633] = 207 207
[7634] = 305 305
[7635] = 399 399
[7636] = 490 490
[7637] = 578 578
[7638] = 662 662
[7639] = 741 741
[7640] = 817 817
[7641] = 890 890
[7642] = 958 958
[7643] = 1023 1023
[7644] = 1085 1085
[7645] = 1142 1142
[7646] = 1195 1195
[7647] = 0 0
[7648] = 80 80
[7649] = 157 157
[7650] = 231 231
[7651] = 300 300
[7652] = 365 365
[7653] = 426 426
[7654] = 484 484
[7655] = 538 538
[7656] = 587 587
[7657] = 633 633
[7658] = 674 674
[7659] = 712 712
[7660] = 745 745
[7661] = 775 775
[7662] = 0 0
[7663] = 51 51
[7664] = 98 98
[7665] = 142 142
[7666] = 182 182
[7667] = 217 217
[7668] = 249 249
[7669] = 276 276
[7670] = 300 300
[7671] = 320 320
[7672] = 336 336
[7673] = 347 347
[7674] = 356 356
[7675] = 360 360
[7676] = 359 359
[7677] = 0 0
[7678] = 21 21
[7679] = 39 39
[7680] = 53 53
[7681] = 62 62
[7682] = 69 69
[7683] = 71 71
[7684] = 69 69
[7685] = 63 63
[7686] = 53 53
[7687] = 39 39
[7688] = 21 21
[7689] = 0 0
[7690] = 0 0
[7691] = 0 0
[7692] = 0 0
[7693] = 0 0
[7694] = 0 0
[7695] = 0 0
[7696] = 0 0
[7697] = 0 0
[7698] = 0 0
[7699] = 0 0

