[0] = 0 0
[1] = 0 0
[2] = 0 0
[3] = 0 0
[4] = 0 0
[5] = 0 0
[6] = 0 0
[7] = 0 0
[8] = 0 0
[9] = 0 0
[10] = 0 0
[11] = 0 0
[12] = 0 0
[13] = 0 0
[14] = 0 0
[15] = 0 0
[16] = 0 0
[17] = 0 0
[18] = 0 0
[19] = 0 0
[20] = 0 0
[21] = 0 0
[22] = 0 0
[23] = 0 0
[24] = 0 0
[25] = 0 0
[26] = 0 0
[27] = 0 0
[28] = 0 0
[29] = 0 0
[30] = 0 0
[31] = 0 0
[32] = 0 0
[33] = 0 0
[34] = 0 0
[35] = 0 0
[36] = 0 0
[37] = 0 0
[38] = 0 0
[39] = 0 0
[40] = 0 0
[41] = 0 0
[42] = 0 0
[43] = 0 0
[44] = 0 0
[45] = 0 0
[46] = 0 0
[47] = 0 0
[48] = 0 0
[49] = 0 0
[50] = 0 0
[51] = 0 0
[52] = 0 0
[53] = 0 0
[54] = 0 0
[55] = 0 0
[56] = 0 0
[57] = 0 0
[58] = 0 0
[59] = 0 0
[60] = 0 0
[61] = 0 0
[62] = 0 0
[63] = 0 0
[64] = 0 0
[65] = 0 0
[66] = 0 0
[67] = 0 0
[68] = 0 0
[69] = 0 0
[70] = 0 0
[71] = 0 0
[72] = 0 0
[73] = 0 0
[74] = 0 0
[75] = 0 0
[76] = 0 0
[77] = 0 0
[78] = 0 0
[79] = 0 0
[80] = 0 0
[81] = 0 0
[82] = 0 0
[83] = 0 0
[84] = 0 0
[85] = 0 0
[86] = 0 0
[87] = 0 0
[88] = 0 0
[89] = 0 0
[90] = 0 0
[91] = 0 0
[92] = 0 0
[93] = 0 0
[94] = 0 0
[95] = 0 0
[96] = 0 0
[97] = 0 0
[98] = 0 0
[99] = 0 0
[100] = 34563 34563
[101] = 34559 34559
[102] = 34555 34555
[103] = 34551 34551
[104] = 34548 34548
[105] = 34544 34544
[106] = 34540 34540
[107] = 34536 34536
[108] = 34532 34532
[109] = 34529 34529
[110] = 34525 34525
[111] = 34521 34521
[112] = 34517 34517
[113] = 34513 34513
[114] = 34509 34509
[115] = 34505 34505
[116] = 34502 34502
[117] = 34498 34498
[118] = 34494 34494
[119] = 34490 34490
[120] = 34486 34486
[121] = 34483 34483
[122] = 34478 34478
[123] = 34475 34475
[124] = 34471 34471
[125] = 34467 34467
[126] = 34463 34463
[127] = 34459 34459
[128] = 34456 34456
[129] = 34452 34452
[130] = 34448 34448
[131] = 34444 34444
[132] = 34440 34440
[133] = 34436 34436
[134] = 34433 34433
[135] = 34429 34429
[136] = 34425 34425
[137] = 34421 34421
[138] = 34417 34417
[139] = 0 0
[140] = 0 0
[141] = 0 0
[142] = 0 0
[143] = 0 0
[144] = 0 0
[145] = 0 0
[146] = 0 0
[147] = 0 0
[148] = 0 0
[149] = 0 0
[150] = 0 0
[151] = 0 0
[152] = 0 0
[153] = 0 0
[154] = 0 0
[155] = 0 0
[156] = 0 0
[157] = 0 0
[158] = 0 0
[159] = 0 0
[160] = 0 0
[161] = 0 0
[162] = 0 0
[163] = 0 0
[164] = 0 0
[165] = 0 0
[166] = 0 0
[167] = 0 0
[168] = 0 0
[169] = 0 0
[170] = 0 0
[171] = 0 0
[172] = 0 0
[173] = 0 0
[174] = 0 0
[175] = 0 0
[176] = 0 0
[177] = 0 0
[178] = 0 0
[179] = 0 0
[180] = 34256 34256
[181] = 34253 34253
[182] = 34248 34248
[183] = 34245 34245
[184] = 34241 34241
[185] = 34237 34237
[186] = 34233 34233
[187] = 34229 34229
[188] = 34226 34226
[189] = 34222 34222
[190] = 34218 34218
[191] = 34214 34214
[192] = 34210 34210
[193] = 34206 34206
[194] = 34203 34203
[195] = 34199 34199
[196] = 34195 34195
[197] = 34191 34191
[198] = 34187 34187
[199] = 34184 34184
[200] = 34180 34180
[201] = 34176 34176
[202] = 34172 34172
[203] = 34168 34168
[204] = 34164 34164
[205] = 34160 34160
[206] = 34157 34157
[207] = 34153 34153
[208] = 34149 34149
[209] = 34145 34145
[210] = 34141 34141
[211] = 34138 34138
[212] = 34133 34133
[213] = 34130 34130
[214] = 34126 34126
[215] = 34122 34122
[216] = 34118 34118
[217] = 34114 34114
[218] = 34111 34111
[219] = 34107 34107
[220] = 0 0
[221] = 0 0
[222] = 0 0
[223] = 0 0
[224] = 0 0
[225] = 0 0
[226] = 0 0
[227] = 0 0
[228] = 0 0
[229] = 0 0
[230] = 0 0
[231] = 0 0
[232] = 0 0
[233] = 0 0
[234] = 0 0
[235] = 0 0
[236] = 0 0
[237] = 0 0
[238] = 0 0
[239] = 0 0
[240] = 0 0
[241] = 0 0
[242] = 0 0
[243] = 0 0
[244] = 0 0
[245] = 0 0
[246] = 0 0
[247] = 0 0
[248] = 0 0
[249] = 0 0
[250] = 0 0
[251] = 0 0
[252] = 0 0
[253] = 0 0
[254] = 0 0
[255] = 0 0
[256] = 0 0
[257] = 0 0
[258] = 0 0
[259] = 0 0
[260] = 0 0
[261] = 33946 33946
[262] = 33942 33942
[263] = 33938 33938
[264] = 33934 33934
[265] = 33930 33930
[266] = 33927 33927
[267] = 33923 33923
[268] = 33919 33919
[269] = 33915 33915
[270] = 33911 33911
[271] = 33908 33908
[272] = 33903 33903
[273] = 33900 33900
[274] = 33896 33896
[275] = 33892 33892
[276] = 33888 33888
[277] = 33884 33884
[278] = 33881 33881
[279] = 33877 33877
[280] = 33873 33873
[281] = 33869 33869
[282] = 33866 33866
[283] = 33861 33861
[284] = 33858 33858
[285] = 33854 33854
[286] = 33850 33850
[287] = 33846 33846
[288] = 33842 33842
[289] = 33839 33839
[290] = 33834 33834
[291] = 33831 33831
[292] = 33827 33827
[293] = 33823 33823
[294] = 33819 33819
[295] = 33815 33815
[296] = 33812 33812
[297] = 33808 33808
[298] = 33804 33804
[299] = 33800 33800
[300] = 33796 33796
[301] = 33793 33793
[302] = 0 0
[303] = 0 0
[304] = 0 0
[305] = 0 0
[306] = 0 0
[307] = 0 0
[308] = 0 0
[309] = 0 0
[310] = 0 0
[311] = 0 0
[312] = 0 0
[313] = 0 0
[314] = 0 0
[315] = 0 0
[316] = 0 0
[317] = 0 0
[318] = 0 0
[319] = 0 0
[320] = 0 0
[321] = 0 0
[322] = 0 0
[323] = 0 0
[324] = 0 0
[325] = 0 0
[326] = 0 0
[327] = 0 0
[328] = 0 0
[329] = 0 0
[330] = 0 0
[331] = 0 0
[332] = 0 0
[333] = 0 0
[334] = 0 0
[335] = 0 0
[336] = 0 0
[337] = 0 0
[338] = 0 0
[339] = 0 0
[340] = 0 0
[341] = 0 0
[342] = 0 0
[343] = 33631 33631
[344] = 33628 33628
[345] = 33624 33624
[346] = 33620 33620
[347] = 33616 33616
[348] = 33612 33612
[349] = 33609 33609
[350] = 33604 33604
[351] = 33601 33601
[352] = 33597 33597
[353] = 33593 33593
[354] = 33589 33589
[355] = 33585 33585
[356] = 33582 33582
[357] = 33578 33578
[358] = 33574 33574
[359] = 33570 33570
[360] = 33566 33566
[361] = 33562 33562
[362] = 33559 33559
[363] = 33555 33555
[364] = 33551 33551
[365] = 33547 33547
[366] = 33543 33543
[367] = 33540 33540
[368] = 33536 33536
[369] = 33532 33532
[370] = 33528 33528
[371] = 33524 33524
[372] = 33521 33521
[373] = 33516 33516
[374] = 33513 33513
[375] = 33509 33509
[376] = 33505 33505
[377] = 33501 33501
[378] = 33497 33497
[379] = 33494 33494
[380] = 33489 33489
[381] = 33486 33486
[382] = 33482 33482
[383] = 33478 33478
[384] = 0 0
[385] = 0 0
[386] = 0 0
[387] = 0 0
[388] = 0 0
[389] = 0 0
[390] = 0 0
[391] = 0 0
[392] = 0 0
[393] = 0 0
[394] = 0 0
[395] = 0 0
[396] = 0 0
[397] = 0 0
[398] = 0 0
[399] = 0 0
[400] = 0 0
[401] = 0 0
[402] = 0 0
[403] = 0 0
[404] = 0 0
[405] = 0 0
[406] = 0 0
[407] = 0 0
[408] = 0 0
[409] = 0 0
[410] = 0 0
[411] = 0 0
[412] = 0 0
[413] = 0 0
[414] = 0 0
[415] = 0 0
[416] = 0 0
[417] = 0 0
[418] = 0 0
[419] = 0 0
[420] = 0 0
[421] = 0 0
[422] = 0 0
[423] = 0 0
[424] = 0 0
[425] = 33317 33317
[426] = 33313 33313
[427] = 33310 33310
[428] = 33306 33306
[429] = 33302 33302
[430] = 33298 33298
[431] = 33294 33294
[432] = 33291 33291
[433] = 33286 33286
[434] = 33283 33283
[435] = 33279 33279
[436] = 33275 33275
[437] = 33271 33271
[438] = 33267 33267
[439] = 33264 33264
[440] = 33259 33259
[441] = 33256 33256
[442] = 33252 33252
[443] = 33248 33248
[444] = 33244 33244
[445] = 33240 33240
[446] = 33237 33237
[447] = 33233 33233
[448] = 33229 33229
[449] = 33225 33225
[450] = 33221 33221
[451] = 33217 33217
[452] = 33214 33214
[453] = 33210 33210
[454] = 33206 33206
[455] = 33202 33202
[456] = 33198 33198
[457] = 33195 33195
[458] = 33191 33191
[459] = 33187 33187
[460] = 33183 33183
[461] = 33179 33179
[462] = 33175 33175
[463] = 33171 33171
[464] = 33168 33168
[465] = 0 0
[466] = 0 0
[467] = 0 0
[468] = 0 0
[469] = 0 0
[470] = 0 0
[471] = 0 0
[472] = 0 0
[473] = 0 0
[474] = 0 0
[475] = 0 0
[476] = 0 0
[477] = 0 0
[478] = 0 0
[479] = 0 0
[480] = 0 0
[481] = 0 0
[482] = 0 0
[483] = 0 0
[484] = 0 0
[485] = 0 0
[486] = 0 0
[487] = 0 0
[488] = 0 0
[489] = 0 0
[490] = 0 0
[491] = 0 0
[492] = 0 0
[493] = 0 0
[494] = 0 0
[495] = 0 0
[496] = 0 0
[497] = 0 0
[498] = 0 0
[499] = 0 0
[500] = 0 0
[501] = 0 0
[502] = 0 0
[503] = 0 0
[504] = 0 0
[505] = 0 0
[506] = 33007 33007
[507] = 33003 33003
[508] = 32999 32999
[509] = 32995 32995
[510] = 32992 32992
[511] = 32987 32987
[512] = 32984 32984
[513] = 32980 32980
[514] = 32976 32976
[515] = 32972 32972
[516] = 32968 32968
[517] = 32965 32965
[518] = 32961 32961
[519] = 32957 32957
[520] = 32953 32953
[521] = 32949 32949
[522] = 32945 32945
[523] = 32941 32941
[524] = 32938 32938
[525] = 32934 32934
[526] = 32930 32930
[527] = 32926 32926
[528] = 32922 32922
[529] = 32919 32919
[530] = 32914 32914
[531] = 32911 32911
[532] = 32907 32907
[533] = 32903 32903
[534] = 32899 32899
[535] = 32896 32896
[536] = 32892 32892
[537] = 32888 32888
[538] = 32884 32884
[539] = 32880 32880
[540] = 32877 32877
[541] = 32872 32872
[542] = 32869 32869
[543] = 32865 32865
[544] = 32861 32861
[545] = 32857 32857
[546] = 32853 32853
[547] = 0 0
[548] = 0 0
[549] = 0 0
[550] = 0 0
[551] = 0 0
[552] = 0 0
[553] = 0 0
[554] = 0 0
[555] = 0 0
[556] = 0 0
[557] = 0 0
[558] = 0 0
[559] = 0 0
[560] = 0 0
[561] = 0 0
[562] = 0 0
[563] = 0 0
[564] = 0 0
[565] = 0 0
[566] = 0 0
[567] = 0 0
[568] = 0 0
[569] = 0 0
[570] = 0 0
[571] = 0 0
[572] = 0 0
[573] = 0 0
[574] = 0 0
[575] = 0 0
[576] = 0 0
[577] = 0 0
[578] = 0 0
[579] = 0 0
[580] = 0 0
[581] = 0 0
[582] = 0 0
[583] = 0 0
[584] = 0 0
[585] = 0 0
[586] = 0 0
[587] = 0 0
[588] = 32692 32692
[589] = 32689 32689
[590] = 32685 32685
[591] = 32681 32681
[592] = 32677 32677
[593] = 32673 32673
[594] = 32669 32669
[595] = 32666 32666
[596] = 32662 32662
[597] = 32658 32658
[598] = 32654 32654
[599] = 32650 32650
[600] = 32647 32647
[601] = 32642 32642
[602] = 32639 32639
[603] = 32635 32635
[604] = 32631 32631
[605] = 32627 32627
[606] = 32623 32623
[607] = 32620 32620
[608] = 32615 32615
[609] = 32612 32612
[610] = 32608 32608
[611] = 32604 32604
[612] = 32600 32600
[613] = 32596 32596
[614] = 32593 32593
[615] = 32589 32589
[616] = 32585 32585
[617] = 32581 32581
[618] = 32577 32577
[619] = 32574 32574
[620] = 32570 32570
[621] = 32566 32566
[622] = 32562 32562
[623] = 32558 32558
[624] = 32554 32554
[625] = 32551 32551
[626] = 32547 32547
[627] = 32543 32543
[628] = 32539 32539
[629] = 0 0
[630] = 0 0
[631] = 0 0
[632] = 0 0
[633] = 0 0
[634] = 0 0
[635] = 0 0
[636] = 0 0
[637] = 0 0
[638] = 0 0
[639] = 0 0
[640] = 0 0
[641] = 0 0
[642] = 0 0
[643] = 0 0
[644] = 0 0
[645] = 0 0
[646] = 0 0
[647] = 0 0
[648] = 0 0
[649] = 0 0
[650] = 0 0
[651] = 0 0
[652] = 0 0
[653] = 0 0
[654] = 0 0
[655] = 0 0
[656] = 0 0
[657] = 0 0
[658] = 0 0
[659] = 0 0
[660] = 0 0
[661] = 0 0
[662] = 0 0
[663] = 0 0
[664] = 0 0
[665] = 0 0
[666] = 0 0
[667] = 0 0
[668] = 0 0
[669] = 0 0
[670] = 32378 32378
[671] = 32374 32374
[672] = 32370 32370
[673] = 32366 32366
[674] = 32363 32363
[675] = 32359 32359
[676] = 32355 32355
[677] = 32351 32351
[678] = 32347 32347
[679] = 32343 32343
[680] = 32340 32340
[681] = 32336 32336
[682] = 32332 32332
[683] = 32328 32328
[684] = 32324 32324
[685] = 32321 32321
[686] = 32317 32317
[687] = 32313 32313
[688] = 32309 32309
[689] = 32305 32305
[690] = 32302 32302
[691] = 32297 32297
[692] = 32294 32294
[693] = 32290 32290
[694] = 32286 32286
[695] = 32282 32282
[696] = 32278 32278
[697] = 32275 32275
[698] = 32270 32270
[699] = 32267 32267
[700] = 32263 32263
[701] = 32259 32259
[702] = 32255 32255
[703] = 32251 32251
[704] = 32248 32248
[705] = 32244 32244
[706] = 32240 32240
[707] = 32236 32236
[708] = 32232 32232
[709] = 32228 32228
[710] = 32225 32225
[711] = 0 0
[712] = 0 0
[713] = 0 0
[714] = 0 0
[715] = 0 0
[716] = 0 0
[717] = 0 0
[718] = 0 0
[719] = 0 0
[720] = 0 0
[721] = 0 0
[722] = 0 0
[723] = 0 0
[724] = 0 0
[725] = 0 0
[726] = 0 0
[727] = 0 0
[728] = 0 0
[729] = 0 0
[730] = 0 0
[731] = 0 0
[732] = 0 0
[733] = 0 0
[734] = 0 0
[735] = 0 0
[736] = 0 0
[737] = 0 0
[738] = 0 0
[739] = 0 0
[740] = 0 0
[741] = 0 0
[742] = 0 0
[743] = 0 0
[744] = 0 0
[745] = 0 0
[746] = 0 0
[747] = 0 0
[748] = 0 0
[749] = 0 0
[750] = 0 0
[751] = 0 0
[752] = 32064 32064
[753] = 32060 32060
[754] = 32056 32056
[755] = 32052 32052
[756] = 32048 32048
[757] = 32045 32045
[758] = 32041 32041
[759] = 32037 32037
[760] = 32033 32033
[761] = 32029 32029
[762] = 32025 32025
[763] = 32022 32022
[764] = 32018 32018
[765] = 32014 32014
[766] = 32010 32010
[767] = 32006 32006
[768] = 32003 32003
[769] = 31998 31998
[770] = 31995 31995
[771] = 31991 31991
[772] = 31987 31987
[773] = 31983 31983
[774] = 31979 31979
[775] = 31976 31976
[776] = 31972 31972
[777] = 31968 31968
[778] = 31964 31964
[779] = 31960 31960
[780] = 31957 31957
[781] = 31952 31952
[782] = 31949 31949
[783] = 31945 31945
[784] = 31941 31941
[785] = 31937 31937
[786] = 31933 31933
[787] = 31930 31930
[788] = 31926 31926
[789] = 31922 31922
[790] = 31918 31918
[791] = 31914 31914
[792] = 0 0
[793] = 0 0
[794] = 0 0
[795] = 0 0
[796] = 0 0
[797] = 0 0
[798] = 0 0
[799] = 0 0
[800] = 0 0
[801] = 0 0
[802] = 0 0
[803] = 0 0
[804] = 0 0
[805] = 0 0
[806] = 0 0
[807] = 0 0
[808] = 0 0
[809] = 0 0
[810] = 0 0
[811] = 0 0
[812] = 0 0
[813] = 0 0
[814] = 0 0
[815] = 0 0
[816] = 0 0
[817] = 0 0
[818] = 0 0
[819] = 0 0
[820] = 0 0
[821] = 0 0
[822] = 0 0
[823] = 0 0
[824] = 0 0
[825] = 0 0
[826] = 0 0
[827] = 0 0
[828] = 0 0
[829] = 0 0
[830] = 0 0
[831] = 0 0
[832] = 0 0
[833] = 31753 31753
[834] = 31749 31749
[835] = 31746 31746
[836] = 31742 31742
[837] = 31738 31738
[838] = 31734 31734
[839] = 31730 31730
[840] = 31726 31726
[841] = 31722 31722
[842] = 31719 31719
[843] = 31715 31715
[844] = 31711 31711
[845] = 31707 31707
[846] = 31703 31703
[847] = 31700 31700
[848] = 31696 31696
[849] = 31692 31692
[850] = 31688 31688
[851] = 31684 31684
[852] = 31680 31680
[853] = 31677 31677
[854] = 31673 31673
[855] = 31669 31669
[856] = 31665 31665
[857] = 31661 31661
[858] = 31658 31658
[859] = 31653 31653
[860] = 31650 31650
[861] = 31646 31646
[862] = 31642 31642
[863] = 31638 31638
[864] = 31634 31634
[865] = 31631 31631
[866] = 31627 31627
[867] = 31623 31623
[868] = 31619 31619
[869] = 31615 31615
[870] = 31611 31611
[871] = 31607 31607
[872] = 31604 31604
[873] = 31600 31600
[874] = 0 0
[875] = 0 0
[876] = 0 0
[877] = 0 0
[878] = 0 0
[879] = 0 0
[880] = 0 0
[881] = 0 0
[882] = 0 0
[883] = 0 0
[884] = 0 0
[885] = 0 0
[886] = 0 0
[887] = 0 0
[888] = 0 0
[889] = 0 0
[890] = 0 0
[891] = 0 0
[892] = 0 0
[893] = 0 0
[894] = 0 0
[895] = 0 0
[896] = 0 0
[897] = 0 0
[898] = 0 0
[899] = 0 0
[900] = 0 0
[901] = 0 0
[902] = 0 0
[903] = 0 0
[904] = 0 0
[905] = 0 0
[906] = 0 0
[907] = 0 0
[908] = 0 0
[909] = 0 0
[910] = 0 0
[911] = 0 0
[912] = 0 0
[913] = 0 0
[914] = 0 0
[915] = 31439 31439
[916] = 31435 31435
[917] = 31431 31431
[918] = 31428 31428
[919] = 31423 31423
[920] = 31420 31420
[921] = 31416 31416
[922] = 31412 31412
[923] = 31408 31408
[924] = 31404 31404
[925] = 31401 31401
[926] = 31396 31396
[927] = 31393 31393
[928] = 31389 31389
[929] = 31385 31385
[930] = 31381 31381
[931] = 31377 31377
[932] = 31374 31374
[933] = 31370 31370
[934] = 31366 31366
[935] = 31362 31362
[936] = 31358 31358
[937] = 31355 31355
[938] = 31351 31351
[939] = 31347 31347
[940] = 31343 31343
[941] = 31339 31339
[942] = 31335 31335
[943] = 31332 31332
[944] = 31328 31328
[945] = 31324 31324
[946] = 31320 31320
[947] = 31316 31316
[948] = 31313 31313
[949] = 31308 31308
[950] = 31305 31305
[951] = 31301 31301
[952] = 31297 31297
[953] = 31293 31293
[954] = 31289 31289
[955] = 31286 31286
[956] = 0 0
[957] = 0 0
[958] = 0 0
[959] = 0 0
[960] = 0 0
[961] = 0 0
[962] = 0 0
[963] = 0 0
[964] = 0 0
[965] = 0 0
[966] = 0 0
[967] = 0 0
[968] = 0 0
[969] = 0 0
[970] = 0 0
[971] = 0 0
[972] = 0 0
[973] = 0 0
[974] = 0 0
[975] = 0 0
[976] = 0 0
[977] = 0 0
[978] = 0 0
[979] = 0 0
[980] = 0 0
[981] = 0 0
[982] = 0 0
[983] = 0 0
[984] = 0 0
[985] = 0 0
[986] = 0 0
[987] = 0 0
[988] = 0 0
[989] = 0 0
[990] = 0 0
[991] = 0 0
[992] = 0 0
[993] = 0 0
[994] = 0 0
[995] = 0 0
[996] = 0 0
[997] = 31125 31125
[998] = 31121 31121
[999] = 31117 31117
[1000] = 31113 31113
[1001] = 31109 31109
[1002] = 31105 31105
[1003] = 31102 31102
[1004] = 31098 31098
[1005] = 31094 31094
[1006] = 31090 31090
[1007] = 31086 31086
[1008] = 31083 31083
[1009] = 31078 31078
[1010] = 31075 31075
[1011] = 31071 31071
[1012] = 31067 31067
[1013] = 31063 31063
[1014] = 31059 31059
[1015] = 31056 31056
[1016] = 31052 31052
[1017] = 31048 31048
[1018] = 31044 31044
[1019] = 31040 31040
[1020] = 31036 31036
[1021] = 31033 31033
[1022] = 31029 31029
[1023] = 31025 31025
[1024] = 31021 31021
[1025] = 31017 31017
[1026] = 31014 31014
[1027] = 31009 31009
[1028] = 31006 31006
[1029] = 31002 31002
[1030] = 30998 30998
[1031] = 30994 30994
[1032] = 30990 30990
[1033] = 30987 30987
[1034] = 30983 30983
[1035] = 30979 30979
[1036] = 30975 30975
[1037] = 30971 30971
[1038] = 0 0
[1039] = 0 0
[1040] = 0 0
[1041] = 0 0
[1042] = 0 0
[1043] = 0 0
[1044] = 0 0
[1045] = 0 0
[1046] = 0 0
[1047] = 0 0
[1048] = 0 0
[1049] = 0 0
[1050] = 0 0
[1051] = 0 0
[1052] = 0 0
[1053] = 0 0
[1054] = 0 0
[1055] = 0 0
[1056] = 0 0
[1057] = 0 0
[1058] = 0 0
[1059] = 0 0
[1060] = 0 0
[1061] = 0 0
[1062] = 0 0
[1063] = 0 0
[1064] = 0 0
[1065] = 0 0
[1066] = 0 0
[1067] = 0 0
[1068] = 0 0
[1069] = 0 0
[1070] = 0 0
[1071] = 0 0
[1072] = 0 0
[1073] = 0 0
[1074] = 0 0
[1075] = 0 0
[1076] = 0 0
[1077] = 0 0
[1078] = 0 0
[1079] = 30810 30810
[1080] = 30806 30806
[1081] = 30803 30803
[1082] = 30799 30799
[1083] = 30795 30795
[1084] = 30791 30791
[1085] = 30787 30787
[1086] = 30784 30784
[1087] = 30779 30779
[1088] = 30776 30776
[1089] = 30772 30772
[1090] = 30768 30768
[1091] = 30764 30764
[1092] = 30760 30760
[1093] = 30757 30757
[1094] = 30753 30753
[1095] = 30749 30749
[1096] = 30745 30745
[1097] = 30741 30741
[1098] = 30738 30738
[1099] = 30733 30733
[1100] = 30730 30730
[1101] = 30726 30726
[1102] = 30722 30722
[1103] = 30718 30718
[1104] = 30714 30714
[1105] = 30711 30711
[1106] = 30707 30707
[1107] = 30703 30703
[1108] = 30699 30699
[1109] = 30695 30695
[1110] = 30691 30691
[1111] = 30688 30688
[1112] = 30684 30684
[1113] = 30680 30680
[1114] = 30676 30676
[1115] = 30672 30672
[1116] = 30669 30669
[1117] = 30664 30664
[1118] = 30661 30661
[1119] = 0 0
[1120] = 0 0
[1121] = 0 0
[1122] = 0 0
[1123] = 0 0
[1124] = 0 0
[1125] = 0 0
[1126] = 0 0
[1127] = 0 0
[1128] = 0 0
[1129] = 0 0
[1130] = 0 0
[1131] = 0 0
[1132] = 0 0
[1133] = 0 0
[1134] = 0 0
[1135] = 0 0
[1136] = 0 0
[1137] = 0 0
[1138] = 0 0
[1139] = 0 0
[1140] = 0 0
[1141] = 0 0
[1142] = 0 0
[1143] = 0 0
[1144] = 0 0
[1145] = 0 0
[1146] = 0 0
[1147] = 0 0
[1148] = 0 0
[1149] = 0 0
[1150] = 0 0
[1151] = 0 0
[1152] = 0 0
[1153] = 0 0
[1154] = 0 0
[1155] = 0 0
[1156] = 0 0
[1157] = 0 0
[1158] = 0 0
[1159] = 0 0
[1160] = 30500 30500
[1161] = 30496 30496
[1162] = 30492 30492
[1163] = 30488 30488
[1164] = 30484 30484
[1165] = 30481 30481
[1166] = 30477 30477
[1167] = 30473 30473
[1168] = 30469 30469
[1169] = 30466 30466
[1170] = 30461 30461
[1171] = 30458 30458
[1172] = 30454 30454
[1173] = 30450 30450
[1174] = 30446 30446
[1175] = 30442 30442
[1176] = 30439 30439
[1177] = 30434 30434
[1178] = 30431 30431
[1179] = 30427 30427
[1180] = 30423 30423
[1181] = 30419 30419
[1182] = 30415 30415
[1183] = 30412 30412
[1184] = 30408 30408
[1185] = 30404 30404
[1186] = 30400 30400
[1187] = 30396 30396
[1188] = 30392 30392
[1189] = 30389 30389
[1190] = 30385 30385
[1191] = 30381 30381
[1192] = 30377 30377
[1193] = 30373 30373
[1194] = 30370 30370
[1195] = 30366 30366
[1196] = 30362 30362
[1197] = 30358 30358
[1198] = 30354 30354
[1199] = 30351 30351
[1200] = 30346 30346
[1201] = 0 0
[1202] = 0 0
[1203] = 0 0
[1204] = 0 0
[1205] = 0 0
[1206] = 0 0
[1207] = 0 0
[1208] = 0 0
[1209] = 0 0
[1210] = 0 0
[1211] = 0 0
[1212] = 0 0
[1213] = 0 0
[1214] = 0 0
[1215] = 0 0
[1216] = 0 0
[1217] = 0 0
[1218] = 0 0
[1219] = 0 0
[1220] = 0 0
[1221] = 0 0
[1222] = 0 0
[1223] = 0 0
[1224] = 0 0
[1225] = 0 0
[1226] = 0 0
[1227] = 0 0
[1228] = 0 0
[1229] = 0 0
[1230] = 0 0
[1231] = 0 0
[1232] = 0 0
[1233] = 0 0
[1234] = 0 0
[1235] = 0 0
[1236] = 0 0
[1237] = 0 0
[1238] = 0 0
[1239] = 0 0
[1240] = 0 0
[1241] = 0 0
[1242] = 30185 30185
[1243] = 30182 30182
[1244] = 30178 30178
[1245] = 30174 30174
[1246] = 30170 30170
[1247] = 30166 30166
[1248] = 30162 30162
[1249] = 30159 30159
[1250] = 30155 30155
[1251] = 30151 30151
[1252] = 30147 30147
[1253] = 30143 30143
[1254] = 30140 30140
[1255] = 30136 30136
[1256] = 30132 30132
[1257] = 30128 30128
[1258] = 30124 30124
[1259] = 30120 30120
[1260] = 30116 30116
[1261] = 30113 30113
[1262] = 30109 30109
[1263] = 30105 30105
[1264] = 30101 30101
[1265] = 30097 30097
[1266] = 30094 30094
[1267] = 30089 30089
[1268] = 30086 30086
[1269] = 30082 30082
[1270] = 30078 30078
[1271] = 30074 30074
[1272] = 30070 30070
[1273] = 30067 30067
[1274] = 30063 30063
[1275] = 30059 30059
[1276] = 30055 30055
[1277] = 30051 30051
[1278] = 30047 30047
[1279] = 30044 30044
[1280] = 30040 30040
[1281] = 30036 30036
[1282] = 30032 30032
[1283] = 0 0
[1284] = 0 0
[1285] = 0 0
[1286] = 0 0
[1287] = 0 0
[1288] = 0 0
[1289] = 0 0
[1290] = 0 0
[1291] = 0 0
[1292] = 0 0
[1293] = 0 0
[1294] = 0 0
[1295] = 0 0
[1296] = 0 0
[1297] = 0 0
[1298] = 0 0
[1299] = 0 0
[1300] = 0 0
[1301] = 0 0
[1302] = 0 0
[1303] = 0 0
[1304] = 0 0
[1305] = 0 0
[1306] = 0 0
[1307] = 0 0
[1308] = 0 0
[1309] = 0 0
[1310] = 0 0
[1311] = 0 0
[1312] = 0 0
[1313] = 0 0
[1314] = 0 0
[1315] = 0 0
[1316] = 0 0
[1317] = 0 0
[1318] = 0 0
[1319] = 0 0
[1320] = 0 0
[1321] = 0 0
[1322] = 0 0
[1323] = 0 0
[1324] = 29871 29871
[1325] = 29867 29867
[1326] = 29864 29864
[1327] = 29859 29859
[1328] = 29856 29856
[1329] = 29852 29852
[1330] = 29848 29848
[1331] = 29844 29844
[1332] = 29840 29840
[1333] = 29837 29837
[1334] = 29833 29833
[1335] = 29829 29829
[1336] = 29825 29825
[1337] = 29821 29821
[1338] = 29817 29817
[1339] = 29814 29814
[1340] = 29810 29810
[1341] = 29806 29806
[1342] = 29802 29802
[1343] = 29798 29798
[1344] = 29795 29795
[1345] = 29791 29791
[1346] = 29787 29787
[1347] = 29783 29783
[1348] = 29779 29779
[1349] = 29775 29775
[1350] = 29771 29771
[1351] = 29768 29768
[1352] = 29764 29764
[1353] = 29760 29760
[1354] = 29756 29756
[1355] = 29752 29752
[1356] = 29749 29749
[1357] = 29744 29744
[1358] = 29741 29741
[1359] = 29737 29737
[1360] = 29733 29733
[1361] = 29729 29729
[1362] = 29725 29725
[1363] = 29722 29722
[1364] = 29718 29718
[1365] = 0 0
[1366] = 0 0
[1367] = 0 0
[1368] = 0 0
[1369] = 0 0
[1370] = 0 0
[1371] = 0 0
[1372] = 0 0
[1373] = 0 0
[1374] = 0 0
[1375] = 0 0
[1376] = 0 0
[1377] = 0 0
[1378] = 0 0
[1379] = 0 0
[1380] = 0 0
[1381] = 0 0
[1382] = 0 0
[1383] = 0 0
[1384] = 0 0
[1385] = 0 0
[1386] = 0 0
[1387] = 0 0
[1388] = 0 0
[1389] = 0 0
[1390] = 0 0
[1391] = 0 0
[1392] = 0 0
[1393] = 0 0
[1394] = 0 0
[1395] = 0 0
[1396] = 0 0
[1397] = 0 0
[1398] = 0 0
[1399] = 0 0
[1400] = 0 0
[1401] = 0 0
[1402] = 0 0
[1403] = 0 0
[1404] = 0 0
[1405] = 0 0
[1406] = 29557 29557
[1407] = 29553 29553
[1408] = 29549 29549
[1409] = 29545 29545
[1410] = 29541 29541
[1411] = 29538 29538
[1412] = 29534 29534
[1413] = 29530 29530
[1414] = 29526 29526
[1415] = 29522 29522
[1416] = 29519 29519
[1417] = 29515 29515
[1418] = 29511 29511
[1419] = 29507 29507
[1420] = 29503 29503
[1421] = 29499 29499
[1422] = 29496 29496
[1423] = 29492 29492
[1424] = 29488 29488
[1425] = 29484 29484
[1426] = 29480 29480
[1427] = 29477 29477
[1428] = 29472 29472
[1429] = 29469 29469
[1430] = 29465 29465
[1431] = 29461 29461
[1432] = 29457 29457
[1433] = 29453 29453
[1434] = 29450 29450
[1435] = 29445 29445
[1436] = 29442 29442
[1437] = 29438 29438
[1438] = 29434 29434
[1439] = 29430 29430
[1440] = 29426 29426
[1441] = 29423 29423
[1442] = 29419 29419
[1443] = 29415 29415
[1444] = 29411 29411
[1445] = 29407 29407
[1446] = 0 0
[1447] = 0 0
[1448] = 0 0
[1449] = 0 0
[1450] = 0 0
[1451] = 0 0
[1452] = 0 0
[1453] = 0 0
[1454] = 0 0
[1455] = 0 0
[1456] = 0 0
[1457] = 0 0
[1458] = 0 0
[1459] = 0 0
[1460] = 0 0
[1461] = 0 0
[1462] = 0 0
[1463] = 0 0
[1464] = 0 0
[1465] = 0 0
[1466] = 0 0
[1467] = 0 0
[1468] = 0 0
[1469] = 0 0
[1470] = 0 0
[1471] = 0 0
[1472] = 0 0
[1473] = 0 0
[1474] = 0 0
[1475] = 0 0
[1476] = 0 0
[1477] = 0 0
[1478] = 0 0
[1479] = 0 0
[1480] = 0 0
[1481] = 0 0
[1482] = 0 0
[1483] = 0 0
[1484] = 0 0
[1485] = 0 0
[1486] = 0 0
[1487] = 29247 29247
[1488] = 29242 29242
[1489] = 29239 29239
[1490] = 29235 29235
[1491] = 29231 29231
[1492] = 29227 29227
[1493] = 29223 29223
[1494] = 29220 29220
[1495] = 29215 29215
[1496] = 29212 29212
[1497] = 29208 29208
[1498] = 29204 29204
[1499] = 29200 29200
[1500] = 29196 29196
[1501] = 29193 29193
[1502] = 29189 29189
[1503] = 29185 29185
[1504] = 29181 29181
[1505] = 29177 29177
[1506] = 29173 29173
[1507] = 29170 29170
[1508] = 29166 29166
[1509] = 29162 29162
[1510] = 29158 29158
[1511] = 29154 29154
[1512] = 29151 29151
[1513] = 29147 29147
[1514] = 29143 29143
[1515] = 29139 29139
[1516] = 29135 29135
[1517] = 29132 29132
[1518] = 29127 29127
[1519] = 29124 29124
[1520] = 29120 29120
[1521] = 29116 29116
[1522] = 29112 29112
[1523] = 29108 29108
[1524] = 29105 29105
[1525] = 29100 29100
[1526] = 29097 29097
[1527] = 29093 29093
[1528] = 0 0
[1529] = 0 0
[1530] = 0 0
[1531] = 0 0
[1532] = 0 0
[1533] = 0 0
[1534] = 0 0
[1535] = 0 0
[1536] = 0 0
[1537] = 0 0
[1538] = 0 0
[1539] = 0 0
[1540] = 0 0
[1541] = 0 0
[1542] = 0 0
[1543] = 0 0
[1544] = 0 0
[1545] = 0 0
[1546] = 0 0
[1547] = 0 0
[1548] = 0 0
[1549] = 0 0
[1550] = 0 0
[1551] = 0 0
[1552] = 0 0
[1553] = 0 0
[1554] = 0 0
[1555] = 0 0
[1556] = 0 0
[1557] = 0 0
[1558] = 0 0
[1559] = 0 0
[1560] = 0 0
[1561] = 0 0
[1562] = 0 0
[1563] = 0 0
[1564] = 0 0
[1565] = 0 0
[1566] = 0 0
[1567] = 0 0
[1568] = 0 0
[1569] = 28932 28932
[1570] = 28928 28928
[1571] = 28924 28924
[1572] = 28921 28921
[1573] = 28917 28917
[1574] = 28913 28913
[1575] = 28909 28909
[1576] = 28905 28905
[1577] = 28902 28902
[1578] = 28897 28897
[1579] = 28894 28894
[1580] = 28890 28890
[1581] = 28886 28886
[1582] = 28882 28882
[1583] = 28878 28878
[1584] = 28875 28875
[1585] = 28870 28870
[1586] = 28867 28867
[1587] = 28863 28863
[1588] = 28859 28859
[1589] = 28855 28855
[1590] = 28851 28851
[1591] = 28848 28848
[1592] = 28844 28844
[1593] = 28840 28840
[1594] = 28836 28836
[1595] = 28832 28832
[1596] = 28828 28828
[1597] = 28825 28825
[1598] = 28821 28821
[1599] = 28817 28817
[1600] = 28813 28813
[1601] = 28809 28809
[1602] = 28806 28806
[1603] = 28802 28802
[1604] = 28798 28798
[1605] = 28794 28794
[1606] = 28790 28790
[1607] = 28786 28786
[1608] = 28782 28782
[1609] = 28779 28779
[1610] = 0 0
[1611] = 0 0
[1612] = 0 0
[1613] = 0 0
[1614] = 0 0
[1615] = 0 0
[1616] = 0 0
[1617] = 0 0
[1618] = 0 0
[1619] = 0 0
[1620] = 0 0
[1621] = 0 0
[1622] = 0 0
[1623] = 0 0
[1624] = 0 0
[1625] = 0 0
[1626] = 0 0
[1627] = 0 0
[1628] = 0 0
[1629] = 0 0
[1630] = 0 0
[1631] = 0 0
[1632] = 0 0
[1633] = 0 0
[1634] = 0 0
[1635] = 0 0
[1636] = 0 0
[1637] = 0 0
[1638] = 0 0
[1639] = 0 0
[1640] = 0 0
[1641] = 0 0
[1642] = 0 0
[1643] = 0 0
[1644] = 0 0
[1645] = 0 0
[1646] = 0 0
[1647] = 0 0
[1648] = 0 0
[1649] = 0 0
[1650] = 0 0
[1651] = 28618 28618
[1652] = 28614 28614
[1653] = 28610 28610
[1654] = 28606 28606
[1655] = 28603 28603
[1656] = 28598 28598
[1657] = 28595 28595
[1658] = 28591 28591
[1659] = 28587 28587
[1660] = 28583 28583
[1661] = 28579 28579
[1662] = 28576 28576
[1663] = 28572 28572
[1664] = 28568 28568
[1665] = 28564 28564
[1666] = 28560 28560
[1667] = 28556 28556
[1668] = 28552 28552
[1669] = 28549 28549
[1670] = 28545 28545
[1671] = 28541 28541
[1672] = 28537 28537
[1673] = 28533 28533
[1674] = 28530 28530
[1675] = 28526 28526
[1676] = 28522 28522
[1677] = 28518 28518
[1678] = 28514 28514
[1679] = 28510 28510
[1680] = 28507 28507
[1681] = 28503 28503
[1682] = 28499 28499
[1683] = 28495 28495
[1684] = 28491 28491
[1685] = 28488 28488
[1686] = 28483 28483
[1687] = 28480 28480
[1688] = 28476 28476
[1689] = 28472 28472
[1690] = 28468 28468
[1691] = 0 0
[1692] = 0 0
[1693] = 0 0
[1694] = 0 0
[1695] = 0 0
[1696] = 0 0
[1697] = 0 0
[1698] = 0 0
[1699] = 0 0
[1700] = 0 0
[1701] = 0 0
[1702] = 0 0
[1703] = 0 0
[1704] = 0 0
[1705] = 0 0
[1706] = 0 0
[1707] = 0 0
[1708] = 0 0
[1709] = 0 0
[1710] = 0 0
[1711] = 0 0
[1712] = 0 0
[1713] = 0 0
[1714] = 0 0
[1715] = 0 0
[1716] = 0 0
[1717] = 0 0
[1718] = 0 0
[1719] = 0 0
[1720] = 0 0
[1721] = 0 0
[1722] = 0 0
[1723] = 0 0
[1724] = 0 0
[1725] = 0 0
[1726] = 0 0
[1727] = 0 0
[1728] = 0 0
[1729] = 0 0
[1730] = 0 0
[1731] = 0 0
[1732] = 28307 28307
[1733] = 28303 28303
[1734] = 28300 28300
[1735] = 28296 28296
[1736] = 28292 28292
[1737] = 28288 28288
[1738] = 28284 28284
[1739] = 28280 28280
[1740] = 28277 28277
[1741] = 28273 28273
[1742] = 28269 28269
[1743] = 28265 28265
[1744] = 28261 28261
[1745] = 28258 28258
[1746] = 28253 28253
[1747] = 28250 28250
[1748] = 28246 28246
[1749] = 28242 28242
[1750] = 28238 28238
[1751] = 28234 28234
[1752] = 28231 28231
[1753] = 28226 28226
[1754] = 28223 28223
[1755] = 28219 28219
[1756] = 28215 28215
[1757] = 28211 28211
[1758] = 28207 28207
[1759] = 28204 28204
[1760] = 28200 28200
[1761] = 28196 28196
[1762] = 28192 28192
[1763] = 28188 28188
[1764] = 28185 28185
[1765] = 28181 28181
[1766] = 28177 28177
[1767] = 28173 28173
[1768] = 28169 28169
[1769] = 28165 28165
[1770] = 28162 28162
[1771] = 28158 28158
[1772] = 28154 28154
[1773] = 0 0
[1774] = 0 0
[1775] = 0 0
[1776] = 0 0
[1777] = 0 0
[1778] = 0 0
[1779] = 0 0
[1780] = 0 0
[1781] = 0 0
[1782] = 0 0
[1783] = 0 0
[1784] = 0 0
[1785] = 0 0
[1786] = 0 0
[1787] = 0 0
[1788] = 0 0
[1789] = 0 0
[1790] = 0 0
[1791] = 0 0
[1792] = 0 0
[1793] = 0 0
[1794] = 0 0
[1795] = 0 0
[1796] = 0 0
[1797] = 0 0
[1798] = 0 0
[1799] = 0 0
[1800] = 0 0
[1801] = 0 0
[1802] = 0 0
[1803] = 0 0
[1804] = 0 0
[1805] = 0 0
[1806] = 0 0
[1807] = 0 0
[1808] = 0 0
[1809] = 0 0
[1810] = 0 0
[1811] = 0 0
[1812] = 0 0
[1813] = 0 0
[1814] = 27993 27993
[1815] = 27989 27989
[1816] = 27985 27985
[1817] = 27981 27981
[1818] = 27977 27977
[1819] = 27974 27974
[1820] = 27970 27970
[1821] = 27966 27966
[1822] = 27962 27962
[1823] = 27958 27958
[1824] = 27954 27954
[1825] = 27951 27951
[1826] = 27947 27947
[1827] = 27943 27943
[1828] = 27939 27939
[1829] = 27935 27935
[1830] = 27932 27932
[1831] = 27928 27928
[1832] = 27924 27924
[1833] = 27920 27920
[1834] = 27916 27916
[1835] = 27913 27913
[1836] = 27908 27908
[1837] = 27905 27905
[1838] = 27901 27901
[1839] = 27897 27897
[1840] = 27893 27893
[1841] = 27889 27889
[1842] = 27886 27886
[1843] = 27881 27881
[1844] = 27878 27878
[1845] = 27874 27874
[1846] = 27870 27870
[1847] = 27866 27866
[1848] = 27863 27863
[1849] = 27859 27859
[1850] = 27855 27855
[1851] = 27851 27851
[1852] = 27847 27847
[1853] = 27844 27844
[1854] = 27839 27839
[1855] = 0 0
[1856] = 0 0
[1857] = 0 0
[1858] = 0 0
[1859] = 0 0
[1860] = 0 0
[1861] = 0 0
[1862] = 0 0
[1863] = 0 0
[1864] = 0 0
[1865] = 0 0
[1866] = 0 0
[1867] = 0 0
[1868] = 0 0
[1869] = 0 0
[1870] = 0 0
[1871] = 0 0
[1872] = 0 0
[1873] = 0 0
[1874] = 0 0
[1875] = 0 0
[1876] = 0 0
[1877] = 0 0
[1878] = 0 0
[1879] = 0 0
[1880] = 0 0
[1881] = 0 0
[1882] = 0 0
[1883] = 0 0
[1884] = 0 0
[1885] = 0 0
[1886] = 0 0
[1887] = 0 0
[1888] = 0 0
[1889] = 0 0
[1890] = 0 0
[1891] = 0 0
[1892] = 0 0
[1893] = 0 0
[1894] = 0 0
[1895] = 0 0
[1896] = 27678 27678
[1897] = 27675 27675
[1898] = 27671 27671
[1899] = 27667 27667
[1900] = 27663 27663
[1901] = 27659 27659
[1902] = 27656 27656
[1903] = 27652 27652
[1904] = 27648 27648
[1905] = 27644 27644
[1906] = 27640 27640
[1907] = 27636 27636
[1908] = 27633 27633
[1909] = 27629 27629
[1910] = 27625 27625
[1911] = 27621 27621
[1912] = 27617 27617
[1913] = 27614 27614
[1914] = 27609 27609
[1915] = 27606 27606
[1916] = 27602 27602
[1917] = 27598 27598
[1918] = 27594 27594
[1919] = 27590 27590
[1920] = 27587 27587
[1921] = 27583 27583
[1922] = 27579 27579
[1923] = 27575 27575
[1924] = 27571 27571
[1925] = 27567 27567
[1926] = 27563 27563
[1927] = 27560 27560
[1928] = 27556 27556
[1929] = 27552 27552
[1930] = 27548 27548
[1931] = 27544 27544
[1932] = 27541 27541
[1933] = 27537 27537
[1934] = 27533 27533
[1935] = 27529 27529
[1936] = 27525 27525
[1937] = 0 0
[1938] = 0 0
[1939] = 0 0
[1940] = 0 0
[1941] = 0 0
[1942] = 0 0
[1943] = 0 0
[1944] = 0 0
[1945] = 0 0
[1946] = 0 0
[1947] = 0 0
[1948] = 0 0
[1949] = 0 0
[1950] = 0 0
[1951] = 0 0
[1952] = 0 0
[1953] = 0 0
[1954] = 0 0
[1955] = 0 0
[1956] = 0 0
[1957] = 0 0
[1958] = 0 0
[1959] = 0 0
[1960] = 0 0
[1961] = 0 0
[1962] = 0 0
[1963] = 0 0
[1964] = 0 0
[1965] = 0 0
[1966] = 0 0
[1967] = 0 0
[1968] = 0 0
[1969] = 0 0
[1970] = 0 0
[1971] = 0 0
[1972] = 0 0
[1973] = 0 0
[1974] = 0 0
[1975] = 0 0
[1976] = 0 0
[1977] = 0 0
[1978] = 27364 27364
[1979] = 27360 27360
[1980] = 27357 27357
[1981] = 27353 27353
[1982] = 27349 27349
[1983] = 27345 27345
[1984] = 27341 27341
[1985] = 27337 27337
[1986] = 27333 27333
[1987] = 27330 27330
[1988] = 27326 27326
[1989] = 27322 27322
[1990] = 27318 27318
[1991] = 27314 27314
[1992] = 27311 27311
[1993] = 27307 27307
[1994] = 27303 27303
[1995] = 27299 27299
[1996] = 27295 27295
[1997] = 27291 27291
[1998] = 27288 27288
[1999] = 27284 27284
[2000] = 27280 27280
[2001] = 27276 27276
[2002] = 27272 27272
[2003] = 27269 27269
[2004] = 27264 27264
[2005] = 27261 27261
[2006] = 27257 27257
[2007] = 27253 27253
[2008] = 27249 27249
[2009] = 27245 27245
[2010] = 27242 27242
[2011] = 27238 27238
[2012] = 27234 27234
[2013] = 27230 27230
[2014] = 27226 27226
[2015] = 27222 27222
[2016] = 27218 27218
[2017] = 27215 27215
[2018] = 0 0
[2019] = 0 0
[2020] = 0 0
[2021] = 0 0
[2022] = 0 0
[2023] = 0 0
[2024] = 0 0
[2025] = 0 0
[2026] = 0 0
[2027] = 0 0
[2028] = 0 0
[2029] = 0 0
[2030] = 0 0
[2031] = 0 0
[2032] = 0 0
[2033] = 0 0
[2034] = 0 0
[2035] = 0 0
[2036] = 0 0
[2037] = 0 0
[2038] = 0 0
[2039] = 0 0
[2040] = 0 0
[2041] = 0 0
[2042] = 0 0
[2043] = 0 0
[2044] = 0 0
[2045] = 0 0
[2046] = 0 0
[2047] = 0 0
[2048] = 0 0
[2049] = 0 0
[2050] = 0 0
[2051] = 0 0
[2052] = 0 0
[2053] = 0 0
[2054] = 0 0
[2055] = 0 0
[2056] = 0 0
[2057] = 0 0
[2058] = 0 0
[2059] = 27054 27054
[2060] = 27050 27050
[2061] = 27046 27046
[2062] = 27042 27042
[2063] = 27039 27039
[2064] = 27034 27034
[2065] = 27031 27031
[2066] = 27027 27027
[2067] = 27023 27023
[2068] = 27019 27019
[2069] = 27015 27015
[2070] = 27012 27012
[2071] = 27007 27007
[2072] = 27004 27004
[2073] = 27000 27000
[2074] = 26996 26996
[2075] = 26992 26992
[2076] = 26989 26989
[2077] = 26985 26985
[2078] = 26981 26981
[2079] = 26977 26977
[2080] = 26973 26973
[2081] = 26970 26970
[2082] = 26966 26966
[2083] = 26962 26962
[2084] = 26958 26958
[2085] = 26954 26954
[2086] = 26950 26950
[2087] = 26946 26946
[2088] = 26943 26943
[2089] = 26939 26939
[2090] = 26935 26935
[2091] = 26931 26931
[2092] = 26927 26927
[2093] = 26924 26924
[2094] = 26919 26919
[2095] = 26916 26916
[2096] = 26912 26912
[2097] = 26908 26908
[2098] = 26904 26904
[2099] = 26900 26900
[2100] = 0 0
[2101] = 0 0
[2102] = 0 0
[2103] = 0 0
[2104] = 0 0
[2105] = 0 0
[2106] = 0 0
[2107] = 0 0
[2108] = 0 0
[2109] = 0 0
[2110] = 0 0
[2111] = 0 0
[2112] = 0 0
[2113] = 0 0
[2114] = 0 0
[2115] = 0 0
[2116] = 0 0
[2117] = 0 0
[2118] = 0 0
[2119] = 0 0
[2120] = 0 0
[2121] = 0 0
[2122] = 0 0
[2123] = 0 0
[2124] = 0 0
[2125] = 0 0
[2126] = 0 0
[2127] = 0 0
[2128] = 0 0
[2129] = 0 0
[2130] = 0 0
[2131] = 0 0
[2132] = 0 0
[2133] = 0 0
[2134] = 0 0
[2135] = 0 0
[2136] = 0 0
[2137] = 0 0
[2138] = 0 0
[2139] = 0 0
[2140] = 0 0
[2141] = 26740 26740
[2142] = 26736 26736
[2143] = 26732 26732
[2144] = 26728 26728
[2145] = 26724 26724
[2146] = 26720 26720
[2147] = 26716 26716
[2148] = 26713 26713
[2149] = 26709 26709
[2150] = 26705 26705
[2151] = 26701 26701
[2152] = 26697 26697
[2153] = 26694 26694
[2154] = 26689 26689
[2155] = 26686 26686
[2156] = 26682 26682
[2157] = 26678 26678
[2158] = 26674 26674
[2159] = 26670 26670
[2160] = 26667 26667
[2161] = 26663 26663
[2162] = 26659 26659
[2163] = 26655 26655
[2164] = 26651 26651
[2165] = 26647 26647
[2166] = 26644 26644
[2167] = 26640 26640
[2168] = 26636 26636
[2169] = 26632 26632
[2170] = 26628 26628
[2171] = 26625 26625
[2172] = 26620 26620
[2173] = 26617 26617
[2174] = 26613 26613
[2175] = 26609 26609
[2176] = 26605 26605
[2177] = 26601 26601
[2178] = 26598 26598
[2179] = 26594 26594
[2180] = 26590 26590
[2181] = 26586 26586
[2182] = 0 0
[2183] = 0 0
[2184] = 0 0
[2185] = 0 0
[2186] = 0 0
[2187] = 0 0
[2188] = 0 0
[2189] = 0 0
[2190] = 0 0
[2191] = 0 0
[2192] = 0 0
[2193] = 0 0
[2194] = 0 0
[2195] = 0 0
[2196] = 0 0
[2197] = 0 0
[2198] = 0 0
[2199] = 0 0
[2200] = 0 0
[2201] = 0 0
[2202] = 0 0
[2203] = 0 0
[2204] = 0 0
[2205] = 0 0
[2206] = 0 0
[2207] = 0 0
[2208] = 0 0
[2209] = 0 0
[2210] = 0 0
[2211] = 0 0
[2212] = 0 0
[2213] = 0 0
[2214] = 0 0
[2215] = 0 0
[2216] = 0 0
[2217] = 0 0
[2218] = 0 0
[2219] = 0 0
[2220] = 0 0
[2221] = 0 0
[2222] = 0 0
[2223] = 26425 26425
[2224] = 26421 26421
[2225] = 26417 26417
[2226] = 26414 26414
[2227] = 26410 26410
[2228] = 26406 26406
[2229] = 26402 26402
[2230] = 26398 26398
[2231] = 26395 26395
[2232] = 26390 26390
[2233] = 26387 26387
[2234] = 26383 26383
[2235] = 26379 26379
[2236] = 26375 26375
[2237] = 26371 26371
[2238] = 26368 26368
[2239] = 26364 26364
[2240] = 26360 26360
[2241] = 26356 26356
[2242] = 26352 26352
[2243] = 26349 26349
[2244] = 26344 26344
[2245] = 26341 26341
[2246] = 26337 26337
[2247] = 26333 26333
[2248] = 26329 26329
[2249] = 26325 26325
[2250] = 26322 26322
[2251] = 26318 26318
[2252] = 26314 26314
[2253] = 26310 26310
[2254] = 26306 26306
[2255] = 26302 26302
[2256] = 26299 26299
[2257] = 26295 26295
[2258] = 26291 26291
[2259] = 26287 26287
[2260] = 26283 26283
[2261] = 26280 26280
[2262] = 26275 26275
[2263] = 26272 26272
[2264] = 0 0
[2265] = 0 0
[2266] = 0 0
[2267] = 0 0
[2268] = 0 0
[2269] = 0 0
[2270] = 0 0
[2271] = 0 0
[2272] = 0 0
[2273] = 0 0
[2274] = 0 0
[2275] = 0 0
[2276] = 0 0
[2277] = 0 0
[2278] = 0 0
[2279] = 0 0
[2280] = 0 0
[2281] = 0 0
[2282] = 0 0
[2283] = 0 0
[2284] = 0 0
[2285] = 0 0
[2286] = 0 0
[2287] = 0 0
[2288] = 0 0
[2289] = 0 0
[2290] = 0 0
[2291] = 0 0
[2292] = 0 0
[2293] = 0 0
[2294] = 0 0
[2295] = 0 0
[2296] = 0 0
[2297] = 0 0
[2298] = 0 0
[2299] = 0 0
[2300] = 0 0
[2301] = 0 0
[2302] = 0 0
[2303] = 0 0
[2304] = 0 0
[2305] = 26111 26111
[2306] = 26107 26107
[2307] = 26103 26103
[2308] = 26099 26099
[2309] = 26096 26096
[2310] = 26092 26092
[2311] = 26088 26088
[2312] = 26084 26084
[2313] = 26080 26080
[2314] = 26077 26077
[2315] = 26072 26072
[2316] = 26069 26069
[2317] = 26065 26065
[2318] = 26061 26061
[2319] = 26057 26057
[2320] = 26053 26053
[2321] = 26050 26050
[2322] = 26045 26045
[2323] = 26042 26042
[2324] = 26038 26038
[2325] = 26034 26034
[2326] = 26030 26030
[2327] = 26026 26026
[2328] = 26023 26023
[2329] = 26019 26019
[2330] = 26015 26015
[2331] = 26011 26011
[2332] = 26007 26007
[2333] = 26003 26003
[2334] = 26000 26000
[2335] = 25996 25996
[2336] = 25992 25992
[2337] = 25988 25988
[2338] = 25984 25984
[2339] = 25981 25981
[2340] = 25977 25977
[2341] = 25973 25973
[2342] = 25969 25969
[2343] = 25965 25965
[2344] = 25962 25962
[2345] = 0 0
[2346] = 0 0
[2347] = 0 0
[2348] = 0 0
[2349] = 0 0
[2350] = 0 0
[2351] = 0 0
[2352] = 0 0
[2353] = 0 0
[2354] = 0 0
[2355] = 0 0
[2356] = 0 0
[2357] = 0 0
[2358] = 0 0
[2359] = 0 0
[2360] = 0 0
[2361] = 0 0
[2362] = 0 0
[2363] = 0 0
[2364] = 0 0
[2365] = 0 0
[2366] = 0 0
[2367] = 0 0
[2368] = 0 0
[2369] = 0 0
[2370] = 0 0
[2371] = 0 0
[2372] = 0 0
[2373] = 0 0
[2374] = 0 0
[2375] = 0 0
[2376] = 0 0
[2377] = 0 0
[2378] = 0 0
[2379] = 0 0
[2380] = 0 0
[2381] = 0 0
[2382] = 0 0
[2383] = 0 0
[2384] = 0 0
[2385] = 0 0
[2386] = 25800 25800
[2387] = 25796 25796
[2388] = 25793 25793
[2389] = 25789 25789
[2390] = 25785 25785
[2391] = 25781 25781
[2392] = 25777 25777
[2393] = 25773 25773
[2394] = 25770 25770
[2395] = 25766 25766
[2396] = 25762 25762
[2397] = 25758 25758
[2398] = 25754 25754
[2399] = 25751 25751
[2400] = 25747 25747
[2401] = 25743 25743
[2402] = 25739 25739
[2403] = 25735 25735
[2404] = 25731 25731
[2405] = 25727 25727
[2406] = 25724 25724
[2407] = 25720 25720
[2408] = 25716 25716
[2409] = 25712 25712
[2410] = 25708 25708
[2411] = 25705 25705
[2412] = 25700 25700
[2413] = 25697 25697
[2414] = 25693 25693
[2415] = 25689 25689
[2416] = 25685 25685
[2417] = 25681 25681
[2418] = 25678 25678
[2419] = 25674 25674
[2420] = 25670 25670
[2421] = 25666 25666
[2422] = 25662 25662
[2423] = 25658 25658
[2424] = 25655 25655
[2425] = 25651 25651
[2426] = 25647 25647
[2427] = 0 0
[2428] = 0 0
[2429] = 0 0
[2430] = 0 0
[2431] = 0 0
[2432] = 0 0
[2433] = 0 0
[2434] = 0 0
[2435] = 0 0
[2436] = 0 0
[2437] = 0 0
[2438] = 0 0
[2439] = 0 0
[2440] = 0 0
[2441] = 0 0
[2442] = 0 0
[2443] = 0 0
[2444] = 0 0
[2445] = 0 0
[2446] = 0 0
[2447] = 0 0
[2448] = 0 0
[2449] = 0 0
[2450] = 0 0
[2451] = 0 0
[2452] = 0 0
[2453] = 0 0
[2454] = 0 0
[2455] = 0 0
[2456] = 0 0
[2457] = 0 0
[2458] = 0 0
[2459] = 0 0
[2460] = 0 0
[2461] = 0 0
[2462] = 0 0
[2463] = 0 0
[2464] = 0 0
[2465] = 0 0
[2466] = 0 0
[2467] = 0 0
[2468] = 25486 25486
[2469] = 25482 25482
[2470] = 25478 25478
[2471] = 25475 25475
[2472] = 25470 25470
[2473] = 25467 25467
[2474] = 25463 25463
[2475] = 25459 25459
[2476] = 25455 25455
[2477] = 25451 25451
[2478] = 25448 25448
[2479] = 25444 25444
[2480] = 25440 25440
[2481] = 25436 25436
[2482] = 25432 25432
[2483] = 25428 25428
[2484] = 25425 25425
[2485] = 25421 25421
[2486] = 25417 25417
[2487] = 25413 25413
[2488] = 25409 25409
[2489] = 25406 25406
[2490] = 25401 25401
[2491] = 25398 25398
[2492] = 25394 25394
[2493] = 25390 25390
[2494] = 25386 25386
[2495] = 25382 25382
[2496] = 25379 25379
[2497] = 25375 25375
[2498] = 25371 25371
[2499] = 25367 25367
[2500] = 25363 25363
[2501] = 25360 25360
[2502] = 25355 25355
[2503] = 25352 25352
[2504] = 25348 25348
[2505] = 25344 25344
[2506] = 25340 25340
[2507] = 25337 25337
[2508] = 25333 25333
[2509] = 0 0
[2510] = 0 0
[2511] = 0 0
[2512] = 0 0
[2513] = 0 0
[2514] = 0 0
[2515] = 0 0
[2516] = 0 0
[2517] = 0 0
[2518] = 0 0
[2519] = 0 0
[2520] = 0 0
[2521] = 0 0
[2522] = 0 0
[2523] = 0 0
[2524] = 0 0
[2525] = 0 0
[2526] = 0 0
[2527] = 0 0
[2528] = 0 0
[2529] = 0 0
[2530] = 0 0
[2531] = 0 0
[2532] = 0 0
[2533] = 0 0
[2534] = 0 0
[2535] = 0 0
[2536] = 0 0
[2537] = 0 0
[2538] = 0 0
[2539] = 0 0
[2540] = 0 0
[2541] = 0 0
[2542] = 0 0
[2543] = 0 0
[2544] = 0 0
[2545] = 0 0
[2546] = 0 0
[2547] = 0 0
[2548] = 0 0
[2549] = 0 0
[2550] = 25171 25171
[2551] = 25168 25168
[2552] = 25164 25164
[2553] = 25160 25160
[2554] = 25156 25156
[2555] = 25152 25152
[2556] = 25149 25149
[2557] = 25145 25145
[2558] = 25141 25141
[2559] = 25137 25137
[2560] = 25133 25133
[2561] = 25130 25130
[2562] = 25126 25126
[2563] = 25122 25122
[2564] = 25118 25118
[2565] = 25114 25114
[2566] = 25110 25110
[2567] = 25107 25107
[2568] = 25103 25103
[2569] = 25099 25099
[2570] = 25095 25095
[2571] = 25091 25091
[2572] = 25088 25088
[2573] = 25083 25083
[2574] = 25080 25080
[2575] = 25076 25076
[2576] = 25072 25072
[2577] = 25068 25068
[2578] = 25064 25064
[2579] = 25061 25061
[2580] = 25056 25056
[2581] = 25053 25053
[2582] = 25049 25049
[2583] = 25045 25045
[2584] = 25041 25041
[2585] = 25037 25037
[2586] = 25034 25034
[2587] = 25030 25030
[2588] = 25026 25026
[2589] = 25022 25022
[2590] = 25018 25018
[2591] = 0 0
[2592] = 0 0
[2593] = 0 0
[2594] = 0 0
[2595] = 0 0
[2596] = 0 0
[2597] = 0 0
[2598] = 0 0
[2599] = 0 0
[2600] = 0 0
[2601] = 0 0
[2602] = 0 0
[2603] = 0 0
[2604] = 0 0
[2605] = 0 0
[2606] = 0 0
[2607] = 0 0
[2608] = 0 0
[2609] = 0 0
[2610] = 0 0
[2611] = 0 0
[2612] = 0 0
[2613] = 0 0
[2614] = 0 0
[2615] = 0 0
[2616] = 0 0
[2617] = 0 0
[2618] = 0 0
[2619] = 0 0
[2620] = 0 0
[2621] = 0 0
[2622] = 0 0
[2623] = 0 0
[2624] = 0 0
[2625] = 0 0
[2626] = 0 0
[2627] = 0 0
[2628] = 0 0
[2629] = 0 0
[2630] = 0 0
[2631] = 0 0
[2632] = 24858 24858
[2633] = 24853 24853
[2634] = 24850 24850
[2635] = 24846 24846
[2636] = 24842 24842
[2637] = 24838 24838
[2638] = 24834 24834
[2639] = 24831 24831
[2640] = 24826 24826
[2641] = 24823 24823
[2642] = 24819 24819
[2643] = 24815 24815
[2644] = 24811 24811
[2645] = 24807 24807
[2646] = 24804 24804
[2647] = 24800 24800
[2648] = 24796 24796
[2649] = 24792 24792
[2650] = 24788 24788
[2651] = 24784 24784
[2652] = 24781 24781
[2653] = 24777 24777
[2654] = 24773 24773
[2655] = 24769 24769
[2656] = 24765 24765
[2657] = 24762 24762
[2658] = 24758 24758
[2659] = 24754 24754
[2660] = 24750 24750
[2661] = 24746 24746
[2662] = 24743 24743
[2663] = 24738 24738
[2664] = 24735 24735
[2665] = 24731 24731
[2666] = 24727 24727
[2667] = 24723 24723
[2668] = 24719 24719
[2669] = 24716 24716
[2670] = 24711 24711
[2671] = 24708 24708
[2672] = 0 0
[2673] = 0 0
[2674] = 0 0
[2675] = 0 0
[2676] = 0 0
[2677] = 0 0
[2678] = 0 0
[2679] = 0 0
[2680] = 0 0
[2681] = 0 0
[2682] = 0 0
[2683] = 0 0
[2684] = 0 0
[2685] = 0 0
[2686] = 0 0
[2687] = 0 0
[2688] = 0 0
[2689] = 0 0
[2690] = 0 0
[2691] = 0 0
[2692] = 0 0
[2693] = 0 0
[2694] = 0 0
[2695] = 0 0
[2696] = 0 0
[2697] = 0 0
[2698] = 0 0
[2699] = 0 0
[2700] = 0 0
[2701] = 0 0
[2702] = 0 0
[2703] = 0 0
[2704] = 0 0
[2705] = 0 0
[2706] = 0 0
[2707] = 0 0
[2708] = 0 0
[2709] = 0 0
[2710] = 0 0
[2711] = 0 0
[2712] = 0 0
[2713] = 24547 24547
[2714] = 24543 24543
[2715] = 24539 24539
[2716] = 24535 24535
[2717] = 24532 24532
[2718] = 24528 24528
[2719] = 24524 24524
[2720] = 24520 24520
[2721] = 24516 24516
[2722] = 24512 24512
[2723] = 24508 24508
[2724] = 24505 24505
[2725] = 24501 24501
[2726] = 24497 24497
[2727] = 24493 24493
[2728] = 24489 24489
[2729] = 24486 24486
[2730] = 24481 24481
[2731] = 24478 24478
[2732] = 24474 24474
[2733] = 24470 24470
[2734] = 24466 24466
[2735] = 24463 24463
[2736] = 24459 24459
[2737] = 24455 24455
[2738] = 24451 24451
[2739] = 24447 24447
[2740] = 24444 24444
[2741] = 24439 24439
[2742] = 24436 24436
[2743] = 24432 24432
[2744] = 24428 24428
[2745] = 24424 24424
[2746] = 24420 24420
[2747] = 24417 24417
[2748] = 24413 24413
[2749] = 24409 24409
[2750] = 24405 24405
[2751] = 24401 24401
[2752] = 24397 24397
[2753] = 24393 24393
[2754] = 0 0
[2755] = 0 0
[2756] = 0 0
[2757] = 0 0
[2758] = 0 0
[2759] = 0 0
[2760] = 0 0
[2761] = 0 0
[2762] = 0 0
[2763] = 0 0
[2764] = 0 0
[2765] = 0 0
[2766] = 0 0
[2767] = 0 0
[2768] = 0 0
[2769] = 0 0
[2770] = 0 0
[2771] = 0 0
[2772] = 0 0
[2773] = 0 0
[2774] = 0 0
[2775] = 0 0
[2776] = 0 0
[2777] = 0 0
[2778] = 0 0
[2779] = 0 0
[2780] = 0 0
[2781] = 0 0
[2782] = 0 0
[2783] = 0 0
[2784] = 0 0
[2785] = 0 0
[2786] = 0 0
[2787] = 0 0
[2788] = 0 0
[2789] = 0 0
[2790] = 0 0
[2791] = 0 0
[2792] = 0 0
[2793] = 0 0
[2794] = 0 0
[2795] = 24233 24233
[2796] = 24229 24229
[2797] = 24225 24225
[2798] = 24221 24221
[2799] = 24217 24217
[2800] = 24214 24214
[2801] = 24209 24209
[2802] = 24206 24206
[2803] = 24202 24202
[2804] = 24198 24198
[2805] = 24194 24194
[2806] = 24190 24190
[2807] = 24187 24187
[2808] = 24183 24183
[2809] = 24179 24179
[2810] = 24175 24175
[2811] = 24171 24171
[2812] = 24167 24167
[2813] = 24163 24163
[2814] = 24160 24160
[2815] = 24156 24156
[2816] = 24152 24152
[2817] = 24148 24148
[2818] = 24144 24144
[2819] = 24141 24141
[2820] = 24137 24137
[2821] = 24133 24133
[2822] = 24129 24129
[2823] = 24125 24125
[2824] = 24121 24121
[2825] = 24118 24118
[2826] = 24114 24114
[2827] = 24110 24110
[2828] = 24106 24106
[2829] = 24102 24102
[2830] = 24099 24099
[2831] = 24094 24094
[2832] = 24091 24091
[2833] = 24087 24087
[2834] = 24083 24083
[2835] = 24079 24079
[2836] = 0 0
[2837] = 0 0
[2838] = 0 0
[2839] = 0 0
[2840] = 0 0
[2841] = 0 0
[2842] = 0 0
[2843] = 0 0
[2844] = 0 0
[2845] = 0 0
[2846] = 0 0
[2847] = 0 0
[2848] = 0 0
[2849] = 0 0
[2850] = 0 0
[2851] = 0 0
[2852] = 0 0
[2853] = 0 0
[2854] = 0 0
[2855] = 0 0
[2856] = 0 0
[2857] = 0 0
[2858] = 0 0
[2859] = 0 0
[2860] = 0 0
[2861] = 0 0
[2862] = 0 0
[2863] = 0 0
[2864] = 0 0
[2865] = 0 0
[2866] = 0 0
[2867] = 0 0
[2868] = 0 0
[2869] = 0 0
[2870] = 0 0
[2871] = 0 0
[2872] = 0 0
[2873] = 0 0
[2874] = 0 0
[2875] = 0 0
[2876] = 0 0
[2877] = 23918 23918
[2878] = 23914 23914
[2879] = 23911 23911
[2880] = 23907 23907
[2881] = 23903 23903
[2882] = 23899 23899
[2883] = 23895 23895
[2884] = 23891 23891
[2885] = 23888 23888
[2886] = 23884 23884
[2887] = 23880 23880
[2888] = 23876 23876
[2889] = 23872 23872
[2890] = 23869 23869
[2891] = 23864 23864
[2892] = 23861 23861
[2893] = 23857 23857
[2894] = 23853 23853
[2895] = 23849 23849
[2896] = 23845 23845
[2897] = 23842 23842
[2898] = 23837 23837
[2899] = 23834 23834
[2900] = 23830 23830
[2901] = 23826 23826
[2902] = 23822 23822
[2903] = 23818 23818
[2904] = 23815 23815
[2905] = 23811 23811
[2906] = 23807 23807
[2907] = 23803 23803
[2908] = 23799 23799
[2909] = 23796 23796
[2910] = 23792 23792
[2911] = 23788 23788
[2912] = 23784 23784
[2913] = 23780 23780
[2914] = 23776 23776
[2915] = 23773 23773
[2916] = 23769 23769
[2917] = 23765 23765
[2918] = 0 0
[2919] = 0 0
[2920] = 0 0
[2921] = 0 0
[2922] = 0 0
[2923] = 0 0
[2924] = 0 0
[2925] = 0 0
[2926] = 0 0
[2927] = 0 0
[2928] = 0 0
[2929] = 0 0
[2930] = 0 0
[2931] = 0 0
[2932] = 0 0
[2933] = 0 0
[2934] = 0 0
[2935] = 0 0
[2936] = 0 0
[2937] = 0 0
[2938] = 0 0
[2939] = 0 0
[2940] = 0 0
[2941] = 0 0
[2942] = 0 0
[2943] = 0 0
[2944] = 0 0
[2945] = 0 0
[2946] = 0 0
[2947] = 0 0
[2948] = 0 0
[2949] = 0 0
[2950] = 0 0
[2951] = 0 0
[2952] = 0 0
[2953] = 0 0
[2954] = 0 0
[2955] = 0 0
[2956] = 0 0
[2957] = 0 0
[2958] = 0 0
[2959] = 23604 23604
[2960] = 23600 23600
[2961] = 23596 23596
[2962] = 23592 23592
[2963] = 23589 23589
[2964] = 23585 23585
[2965] = 23581 23581
[2966] = 23577 23577
[2967] = 23573 23573
[2968] = 23570 23570
[2969] = 23565 23565
[2970] = 23562 23562
[2971] = 23558 23558
[2972] = 23554 23554
[2973] = 23550 23550
[2974] = 23546 23546
[2975] = 23543 23543
[2976] = 23539 23539
[2977] = 23535 23535
[2978] = 23531 23531
[2979] = 23527 23527
[2980] = 23524 23524
[2981] = 23519 23519
[2982] = 23516 23516
[2983] = 23512 23512
[2984] = 23508 23508
[2985] = 23504 23504
[2986] = 23500 23500
[2987] = 23497 23497
[2988] = 23493 23493
[2989] = 23489 23489
[2990] = 23485 23485
[2991] = 23481 23481
[2992] = 23477 23477
[2993] = 23474 23474
[2994] = 23470 23470
[2995] = 23466 23466
[2996] = 23462 23462
[2997] = 23458 23458
[2998] = 23455 23455
[2999] = 0 0
[3000] = 0 0
[3001] = 0 0
[3002] = 0 0
[3003] = 0 0
[3004] = 0 0
[3005] = 0 0
[3006] = 0 0
[3007] = 0 0
[3008] = 0 0
[3009] = 0 0
[3010] = 0 0
[3011] = 0 0
[3012] = 0 0
[3013] = 0 0
[3014] = 0 0
[3015] = 0 0
[3016] = 0 0
[3017] = 0 0
[3018] = 0 0
[3019] = 0 0
[3020] = 0 0
[3021] = 0 0
[3022] = 0 0
[3023] = 0 0
[3024] = 0 0
[3025] = 0 0
[3026] = 0 0
[3027] = 0 0
[3028] = 0 0
[3029] = 0 0
[3030] = 0 0
[3031] = 0 0
[3032] = 0 0
[3033] = 0 0
[3034] = 0 0
[3035] = 0 0
[3036] = 0 0
[3037] = 0 0
[3038] = 0 0
[3039] = 0 0
[3040] = 23294 23294
[3041] = 23289 23289
[3042] = 23286 23286
[3043] = 23282 23282
[3044] = 23278 23278
[3045] = 23274 23274
[3046] = 23270 23270
[3047] = 23267 23267
[3048] = 23263 23263
[3049] = 23259 23259
[3050] = 23255 23255
[3051] = 23251 23251
[3052] = 23247 23247
[3053] = 23244 23244
[3054] = 23240 23240
[3055] = 23236 23236
[3056] = 23232 23232
[3057] = 23228 23228
[3058] = 23225 23225
[3059] = 23220 23220
[3060] = 23217 23217
[3061] = 23213 23213
[3062] = 23209 23209
[3063] = 23205 23205
[3064] = 23201 23201
[3065] = 23198 23198
[3066] = 23194 23194
[3067] = 23190 23190
[3068] = 23186 23186
[3069] = 23182 23182
[3070] = 23178 23178
[3071] = 23174 23174
[3072] = 23171 23171
[3073] = 23167 23167
[3074] = 23163 23163
[3075] = 23159 23159
[3076] = 23155 23155
[3077] = 23152 23152
[3078] = 23148 23148
[3079] = 23144 23144
[3080] = 23140 23140
[3081] = 0 0
[3082] = 0 0
[3083] = 0 0
[3084] = 0 0
[3085] = 0 0
[3086] = 0 0
[3087] = 0 0
[3088] = 0 0
[3089] = 0 0
[3090] = 0 0
[3091] = 0 0
[3092] = 0 0
[3093] = 0 0
[3094] = 0 0
[3095] = 0 0
[3096] = 0 0
[3097] = 0 0
[3098] = 0 0
[3099] = 0 0
[3100] = 0 0
[3101] = 0 0
[3102] = 0 0
[3103] = 0 0
[3104] = 0 0
[3105] = 0 0
[3106] = 0 0
[3107] = 0 0
[3108] = 0 0
[3109] = 0 0
[3110] = 0 0
[3111] = 0 0
[3112] = 0 0
[3113] = 0 0
[3114] = 0 0
[3115] = 0 0
[3116] = 0 0
[3117] = 0 0
[3118] = 0 0
[3119] = 0 0
[3120] = 0 0
[3121] = 0 0
[3122] = 22979 22979
[3123] = 22975 22975
[3124] = 22971 22971
[3125] = 22968 22968
[3126] = 22964 22964
[3127] = 22960 22960
[3128] = 22956 22956
[3129] = 22952 22952
[3130] = 22948 22948
[3131] = 22944 22944
[3132] = 22941 22941
[3133] = 22937 22937
[3134] = 22933 22933
[3135] = 22929 22929
[3136] = 22925 22925
[3137] = 22922 22922
[3138] = 22918 22918
[3139] = 22914 22914
[3140] = 22910 22910
[3141] = 22906 22906
[3142] = 22902 22902
[3143] = 22899 22899
[3144] = 22895 22895
[3145] = 22891 22891
[3146] = 22887 22887
[3147] = 22883 22883
[3148] = 22880 22880
[3149] = 22875 22875
[3150] = 22872 22872
[3151] = 22868 22868
[3152] = 22864 22864
[3153] = 22860 22860
[3154] = 22856 22856
[3155] = 22853 22853
[3156] = 22849 22849
[3157] = 22845 22845
[3158] = 22841 22841
[3159] = 22837 22837
[3160] = 22833 22833
[3161] = 22829 22829
[3162] = 22826 22826
[3163] = 0 0
[3164] = 0 0
[3165] = 0 0
[3166] = 0 0
[3167] = 0 0
[3168] = 0 0
[3169] = 0 0
[3170] = 0 0
[3171] = 0 0
[3172] = 0 0
[3173] = 0 0
[3174] = 0 0
[3175] = 0 0
[3176] = 0 0
[3177] = 0 0
[3178] = 0 0
[3179] = 0 0
[3180] = 0 0
[3181] = 0 0
[3182] = 0 0
[3183] = 0 0
[3184] = 0 0
[3185] = 0 0
[3186] = 0 0
[3187] = 0 0
[3188] = 0 0
[3189] = 0 0
[3190] = 0 0
[3191] = 0 0
[3192] = 0 0
[3193] = 0 0
[3194] = 0 0
[3195] = 0 0
[3196] = 0 0
[3197] = 0 0
[3198] = 0 0
[3199] = 0 0
[3200] = 0 0
[3201] = 0 0
[3202] = 0 0
[3203] = 0 0
[3204] = 22791 22791
[3205] = 22791 22791
[3206] = 22791 22791
[3207] = 22791 22791
[3208] = 22791 22791
[3209] = 22791 22791
[3210] = 22791 22791
[3211] = 22791 22791
[3212] = 22791 22791
[3213] = 22791 22791
[3214] = 22791 22791
[3215] = 22791 22791
[3216] = 22791 22791
[3217] = 22791 22791
[3218] = 22791 22791
[3219] = 22791 22791
[3220] = 22791 22791
[3221] = 22791 22791
[3222] = 22791 22791
[3223] = 22791 22791
[3224] = 22791 22791
[3225] = 22791 22791
[3226] = 22791 22791
[3227] = 22791 22791
[3228] = 22791 22791
[3229] = 22791 22791
[3230] = 22791 22791
[3231] = 22791 22791
[3232] = 22791 22791
[3233] = 22791 22791
[3234] = 22791 22791
[3235] = 22791 22791
[3236] = 22791 22791
[3237] = 22791 22791
[3238] = 22791 22791
[3239] = 22791 22791
[3240] = 22791 22791
[3241] = 22791 22791
[3242] = 22791 22791
[3243] = 22791 22791
[3244] = 22791 22791
[3245] = 0 0
[3246] = 0 0
[3247] = 0 0
[3248] = 0 0
[3249] = 0 0
[3250] = 0 0
[3251] = 0 0
[3252] = 0 0
[3253] = 0 0
[3254] = 0 0
[3255] = 0 0
[3256] = 0 0
[3257] = 0 0
[3258] = 0 0
[3259] = 0 0
[3260] = 0 0
[3261] = 0 0
[3262] = 0 0
[3263] = 0 0
[3264] = 0 0
[3265] = 0 0
[3266] = 0 0
[3267] = 0 0
[3268] = 0 0
[3269] = 0 0
[3270] = 0 0
[3271] = 0 0
[3272] = 0 0
[3273] = 0 0
[3274] = 0 0
[3275] = 0 0
[3276] = 0 0
[3277] = 0 0
[3278] = 0 0
[3279] = 0 0
[3280] = 0 0
[3281] = 0 0
[3282] = 0 0
[3283] = 0 0
[3284] = 0 0
[3285] = 0 0
[3286] = 22791 22791
[3287] = 22791 22791
[3288] = 22791 22791
[3289] = 22791 22791
[3290] = 22791 22791
[3291] = 22791 22791
[3292] = 22791 22791
[3293] = 22791 22791
[3294] = 22791 22791
[3295] = 22791 22791
[3296] = 22791 22791
[3297] = 22791 22791
[3298] = 22791 22791
[3299] = 22791 22791
[3300] = 22791 22791
[3301] = 22791 22791
[3302] = 22791 22791
[3303] = 22791 22791
[3304] = 22791 22791
[3305] = 22791 22791
[3306] = 22791 22791
[3307] = 22791 22791
[3308] = 22791 22791
[3309] = 22791 22791
[3310] = 22791 22791
[3311] = 22791 22791
[3312] = 22791 22791
[3313] = 22791 22791
[3314] = 22791 22791
[3315] = 22791 22791
[3316] = 22791 22791
[3317] = 22791 22791
[3318] = 22791 22791
[3319] = 22791 22791
[3320] = 22791 22791
[3321] = 22791 22791
[3322] = 22791 22791
[3323] = 22791 22791
[3324] = 22791 22791
[3325] = 22791 22791
[3326] = 0 0
[3327] = 0 0
[3328] = 0 0
[3329] = 0 0
[3330] = 0 0
[3331] = 0 0
[3332] = 0 0
[3333] = 0 0
[3334] = 0 0
[3335] = 0 0
[3336] = 0 0
[3337] = 0 0
[3338] = 0 0
[3339] = 0 0
[3340] = 0 0
[3341] = 0 0
[3342] = 0 0
[3343] = 0 0
[3344] = 0 0
[3345] = 0 0
[3346] = 0 0
[3347] = 0 0
[3348] = 0 0
[3349] = 0 0
[3350] = 0 0
[3351] = 0 0
[3352] = 0 0
[3353] = 0 0
[3354] = 0 0
[3355] = 0 0
[3356] = 0 0
[3357] = 0 0
[3358] = 0 0
[3359] = 0 0
[3360] = 0 0
[3361] = 0 0
[3362] = 0 0
[3363] = 0 0
[3364] = 0 0
[3365] = 0 0
[3366] = 0 0
[3367] = 22791 22791
[3368] = 22791 22791
[3369] = 22791 22791
[3370] = 22791 22791
[3371] = 22791 22791
[3372] = 22791 22791
[3373] = 22791 22791
[3374] = 22791 22791
[3375] = 22791 22791
[3376] = 22791 22791
[3377] = 22791 22791
[3378] = 22791 22791
[3379] = 22791 22791
[3380] = 22791 22791
[3381] = 22791 22791
[3382] = 22791 22791
[3383] = 22791 22791
[3384] = 22791 22791
[3385] = 22791 22791
[3386] = 22791 22791
[3387] = 22791 22791
[3388] = 22791 22791
[3389] = 22791 22791
[3390] = 22791 22791
[3391] = 22791 22791
[3392] = 22791 22791
[3393] = 22791 22791
[3394] = 22791 22791
[3395] = 22791 22791
[3396] = 22791 22791
[3397] = 22791 22791
[3398] = 22791 22791
[3399] = 22791 22791
[3400] = 22791 22791
[3401] = 22791 22791
[3402] = 22791 22791
[3403] = 22791 22791
[3404] = 22791 22791
[3405] = 22791 22791
[3406] = 22791 22791
[3407] = 22791 22791
[3408] = 0 0
[3409] = 0 0
[3410] = 0 0
[3411] = 0 0
[3412] = 0 0
[3413] = 0 0
[3414] = 0 0
[3415] = 0 0
[3416] = 0 0
[3417] = 0 0
[3418] = 0 0
[3419] = 0 0
[3420] = 0 0
[3421] = 0 0
[3422] = 0 0
[3423] = 0 0
[3424] = 0 0
[3425] = 0 0
[3426] = 0 0
[3427] = 0 0
[3428] = 0 0
[3429] = 0 0
[3430] = 0 0
[3431] = 0 0
[3432] = 0 0
[3433] = 0 0
[3434] = 0 0
[3435] = 0 0
[3436] = 0 0
[3437] = 0 0
[3438] = 0 0
[3439] = 0 0
[3440] = 0 0
[3441] = 0 0
[3442] = 0 0
[3443] = 0 0
[3444] = 0 0
[3445] = 0 0
[3446] = 0 0
[3447] = 0 0
[3448] = 0 0
[3449] = 22791 22791
[3450] = 22791 22791
[3451] = 22791 22791
[3452] = 22791 22791
[3453] = 22791 22791
[3454] = 22791 22791
[3455] = 22791 22791
[3456] = 22791 22791
[3457] = 22791 22791
[3458] = 22791 22791
[3459] = 22791 22791
[3460] = 22791 22791
[3461] = 22791 22791
[3462] = 22791 22791
[3463] = 22791 22791
[3464] = 22791 22791
[3465] = 22791 22791
[3466] = 22791 22791
[3467] = 22791 22791
[3468] = 22791 22791
[3469] = 22791 22791
[3470] = 22791 22791
[3471] = 22791 22791
[3472] = 22791 22791
[3473] = 22791 22791
[3474] = 22791 22791
[3475] = 22791 22791
[3476] = 22791 22791
[3477] = 22791 22791
[3478] = 22791 22791
[3479] = 22791 22791
[3480] = 22791 22791
[3481] = 22791 22791
[3482] = 22791 22791
[3483] = 22791 22791
[3484] = 22791 22791
[3485] = 22791 22791
[3486] = 22791 22791
[3487] = 22791 22791
[3488] = 22791 22791
[3489] = 22791 22791
[3490] = 0 0
[3491] = 0 0
[3492] = 0 0
[3493] = 0 0
[3494] = 0 0
[3495] = 0 0
[3496] = 0 0
[3497] = 0 0
[3498] = 0 0
[3499] = 0 0
[3500] = 0 0
[3501] = 0 0
[3502] = 0 0
[3503] = 0 0
[3504] = 0 0
[3505] = 0 0
[3506] = 0 0
[3507] = 0 0
[3508] = 0 0
[3509] = 0 0
[3510] = 0 0
[3511] = 0 0
[3512] = 0 0
[3513] = 0 0
[3514] = 0 0
[3515] = 0 0
[3516] = 0 0
[3517] = 0 0
[3518] = 0 0
[3519] = 0 0
[3520] = 0 0
[3521] = 0 0
[3522] = 0 0
[3523] = 0 0
[3524] = 0 0
[3525] = 0 0
[3526] = 0 0
[3527] = 0 0
[3528] = 0 0
[3529] = 0 0
[3530] = 0 0
[3531] = 22791 22791
[3532] = 22791 22791
[3533] = 22791 22791
[3534] = 22791 22791
[3535] = 22791 22791
[3536] = 22791 22791
[3537] = 22791 22791
[3538] = 22791 22791
[3539] = 22791 22791
[3540] = 22791 22791
[3541] = 22791 22791
[3542] = 22791 22791
[3543] = 22791 22791
[3544] = 22791 22791
[3545] = 22791 22791
[3546] = 22791 22791
[3547] = 22791 22791
[3548] = 22791 22791
[3549] = 22791 22791
[3550] = 22791 22791
[3551] = 22791 22791
[3552] = 22791 22791
[3553] = 22791 22791
[3554] = 22791 22791
[3555] = 22791 22791
[3556] = 22791 22791
[3557] = 22791 22791
[3558] = 22791 22791
[3559] = 22791 22791
[3560] = 22791 22791
[3561] = 22791 22791
[3562] = 22791 22791
[3563] = 22791 22791
[3564] = 22791 22791
[3565] = 22791 22791
[3566] = 22791 22791
[3567] = 22791 22791
[3568] = 22791 22791
[3569] = 22791 22791
[3570] = 22791 22791
[3571] = 0 0
[3572] = 0 0
[3573] = 0 0
[3574] = 0 0
[3575] = 0 0
[3576] = 0 0
[3577] = 0 0
[3578] = 0 0
[3579] = 0 0
[3580] = 0 0
[3581] = 0 0
[3582] = 0 0
[3583] = 0 0
[3584] = 0 0
[3585] = 0 0
[3586] = 0 0
[3587] = 0 0
[3588] = 0 0
[3589] = 0 0
[3590] = 0 0
[3591] = 0 0
[3592] = 0 0
[3593] = 0 0
[3594] = 0 0
[3595] = 0 0
[3596] = 0 0
[3597] = 0 0
[3598] = 0 0
[3599] = 0 0
[3600] = 0 0
[3601] = 0 0
[3602] = 0 0
[3603] = 0 0
[3604] = 0 0
[3605] = 0 0
[3606] = 0 0
[3607] = 0 0
[3608] = 0 0
[3609] = 0 0
[3610] = 0 0
[3611] = 0 0
[3612] = 22791 22791
[3613] = 22791 22791
[3614] = 22791 22791
[3615] = 22791 22791
[3616] = 22791 22791
[3617] = 22791 22791
[3618] = 22791 22791
[3619] = 22791 22791
[3620] = 22791 22791
[3621] = 22791 22791
[3622] = 22791 22791
[3623] = 22791 22791
[3624] = 22791 22791
[3625] = 22791 22791
[3626] = 22791 22791
[3627] = 22791 22791
[3628] = 22791 22791
[3629] = 22791 22791
[3630] = 22791 22791
[3631] = 22791 22791
[3632] = 22791 22791
[3633] = 22791 22791
[3634] = 22791 22791
[3635] = 22791 22791
[3636] = 22791 22791
[3637] = 22791 22791
[3638] = 22791 22791
[3639] = 22791 22791
[3640] = 22791 22791
[3641] = 22791 22791
[3642] = 22791 22791
[3643] = 22791 22791
[3644] = 22791 22791
[3645] = 22791 22791
[3646] = 22791 22791
[3647] = 22791 22791
[3648] = 22791 22791
[3649] = 22791 22791
[3650] = 22791 22791
[3651] = 22791 22791
[3652] = 22791 22791
[3653] = 0 0
[3654] = 0 0
[3655] = 0 0
[3656] = 0 0
[3657] = 0 0
[3658] = 0 0
[3659] = 0 0
[3660] = 0 0
[3661] = 0 0
[3662] = 0 0
[3663] = 0 0
[3664] = 0 0
[3665] = 0 0
[3666] = 0 0
[3667] = 0 0
[3668] = 0 0
[3669] = 0 0
[3670] = 0 0
[3671] = 0 0
[3672] = 0 0
[3673] = 0 0
[3674] = 0 0
[3675] = 0 0
[3676] = 0 0
[3677] = 0 0
[3678] = 0 0
[3679] = 0 0
[3680] = 0 0
[3681] = 0 0
[3682] = 0 0
[3683] = 0 0
[3684] = 0 0
[3685] = 0 0
[3686] = 0 0
[3687] = 0 0
[3688] = 0 0
[3689] = 0 0
[3690] = 0 0
[3691] = 0 0
[3692] = 0 0
[3693] = 0 0
[3694] = 22791 22791
[3695] = 22791 22791
[3696] = 22791 22791
[3697] = 22791 22791
[3698] = 22791 22791
[3699] = 22791 22791
[3700] = 22791 22791
[3701] = 22791 22791
[3702] = 22791 22791
[3703] = 22791 22791
[3704] = 22791 22791
[3705] = 22791 22791
[3706] = 22791 22791
[3707] = 22791 22791
[3708] = 22791 22791
[3709] = 22791 22791
[3710] = 22791 22791
[3711] = 22791 22791
[3712] = 22791 22791
[3713] = 22791 22791
[3714] = 22791 22791
[3715] = 22791 22791
[3716] = 22791 22791
[3717] = 22791 22791
[3718] = 22791 22791
[3719] = 22791 22791
[3720] = 22791 22791
[3721] = 22791 22791
[3722] = 22791 22791
[3723] = 22791 22791
[3724] = 22791 22791
[3725] = 22791 22791
[3726] = 22791 22791
[3727] = 22791 22791
[3728] = 22791 22791
[3729] = 22791 22791
[3730] = 22791 22791
[3731] = 22791 22791
[3732] = 22791 22791
[3733] = 22791 22791
[3734] = 22791 22791
[3735] = 0 0
[3736] = 0 0
[3737] = 0 0
[3738] = 0 0
[3739] = 0 0
[3740] = 0 0
[3741] = 0 0
[3742] = 0 0
[3743] = 0 0
[3744] = 0 0
[3745] = 0 0
[3746] = 0 0
[3747] = 0 0
[3748] = 0 0
[3749] = 0 0
[3750] = 0 0
[3751] = 0 0
[3752] = 0 0
[3753] = 0 0
[3754] = 0 0
[3755] = 0 0
[3756] = 0 0
[3757] = 0 0
[3758] = 0 0
[3759] = 0 0
[3760] = 0 0
[3761] = 0 0
[3762] = 0 0
[3763] = 0 0
[3764] = 0 0
[3765] = 0 0
[3766] = 0 0
[3767] = 0 0
[3768] = 0 0
[3769] = 0 0
[3770] = 0 0
[3771] = 0 0
[3772] = 0 0
[3773] = 0 0
[3774] = 0 0
[3775] = 0 0
[3776] = 22791 22791
[3777] = 22791 22791
[3778] = 22791 22791
[3779] = 22791 22791
[3780] = 22791 22791
[3781] = 22791 22791
[3782] = 22791 22791
[3783] = 22791 22791
[3784] = 22791 22791
[3785] = 22791 22791
[3786] = 22791 22791
[3787] = 22791 22791
[3788] = 22791 22791
[3789] = 22791 22791
[3790] = 22791 22791
[3791] = 22791 22791
[3792] = 22791 22791
[3793] = 22791 22791
[3794] = 22791 22791
[3795] = 22791 22791
[3796] = 22791 22791
[3797] = 22791 22791
[3798] = 22791 22791
[3799] = 22791 22791
[3800] = 22791 22791
[3801] = 22791 22791
[3802] = 22791 22791
[3803] = 22791 22791
[3804] = 22791 22791
[3805] = 22791 22791
[3806] = 22791 22791
[3807] = 22791 22791
[3808] = 22791 22791
[3809] = 22791 22791
[3810] = 22791 22791
[3811] = 22791 22791
[3812] = 22791 22791
[3813] = 22791 22791
[3814] = 22791 22791
[3815] = 22791 22791
[3816] = 22791 22791
[3817] = 0 0
[3818] = 0 0
[3819] = 0 0
[3820] = 0 0
[3821] = 0 0
[3822] = 0 0
[3823] = 0 0
[3824] = 0 0
[3825] = 0 0
[3826] = 0 0
[3827] = 0 0
[3828] = 0 0
[3829] = 0 0
[3830] = 0 0
[3831] = 0 0
[3832] = 0 0
[3833] = 0 0
[3834] = 0 0
[3835] = 0 0
[3836] = 0 0
[3837] = 0 0
[3838] = 0 0
[3839] = 0 0
[3840] = 0 0
[3841] = 0 0
[3842] = 0 0
[3843] = 0 0
[3844] = 0 0
[3845] = 0 0
[3846] = 0 0
[3847] = 0 0
[3848] = 0 0
[3849] = 0 0
[3850] = 0 0
[3851] = 0 0
[3852] = 0 0
[3853] = 0 0
[3854] = 0 0
[3855] = 0 0
[3856] = 0 0
[3857] = 0 0
[3858] = 22791 22791
[3859] = 22791 22791
[3860] = 22791 22791
[3861] = 22791 22791
[3862] = 22791 22791
[3863] = 22791 22791
[3864] = 22791 22791
[3865] = 22791 22791
[3866] = 22791 22791
[3867] = 22791 22791
[3868] = 22791 22791
[3869] = 22791 22791
[3870] = 22791 22791
[3871] = 22791 22791
[3872] = 22791 22791
[3873] = 22791 22791
[3874] = 22791 22791
[3875] = 22791 22791
[3876] = 22791 22791
[3877] = 22791 22791
[3878] = 22791 22791
[3879] = 22791 22791
[3880] = 22791 22791
[3881] = 22791 22791
[3882] = 22791 22791
[3883] = 22791 22791
[3884] = 22791 22791
[3885] = 22791 22791
[3886] = 22791 22791
[3887] = 22791 22791
[3888] = 22791 22791
[3889] = 22791 22791
[3890] = 22791 22791
[3891] = 22791 22791
[3892] = 22791 22791
[3893] = 22791 22791
[3894] = 22791 22791
[3895] = 22791 22791
[3896] = 22791 22791
[3897] = 22791 22791
[3898] = 0 0
[3899] = 0 0
[3900] = 0 0
[3901] = 0 0
[3902] = 0 0
[3903] = 0 0
[3904] = 0 0
[3905] = 0 0
[3906] = 0 0
[3907] = 0 0
[3908] = 0 0
[3909] = 0 0
[3910] = 0 0
[3911] = 0 0
[3912] = 0 0
[3913] = 0 0
[3914] = 0 0
[3915] = 0 0
[3916] = 0 0
[3917] = 0 0
[3918] = 0 0
[3919] = 0 0
[3920] = 0 0
[3921] = 0 0
[3922] = 0 0
[3923] = 0 0
[3924] = 0 0
[3925] = 0 0
[3926] = 0 0
[3927] = 0 0
[3928] = 0 0
[3929] = 0 0
[3930] = 0 0
[3931] = 0 0
[3932] = 0 0
[3933] = 0 0
[3934] = 0 0
[3935] = 0 0
[3936] = 0 0
[3937] = 0 0
[3938] = 0 0
[3939] = 22791 22791
[3940] = 22791 22791
[3941] = 22791 22791
[3942] = 22791 22791
[3943] = 22791 22791
[3944] = 22791 22791
[3945] = 22791 22791
[3946] = 22791 22791
[3947] = 22791 22791
[3948] = 22791 22791
[3949] = 22791 22791
[3950] = 22791 22791
[3951] = 22791 22791
[3952] = 22791 22791
[3953] = 22791 22791
[3954] = 22791 22791
[3955] = 22791 22791
[3956] = 22791 22791
[3957] = 22791 22791
[3958] = 22791 22791
[3959] = 22791 22791
[3960] = 22791 22791
[3961] = 22791 22791
[3962] = 22791 22791
[3963] = 22791 22791
[3964] = 22791 22791
[3965] = 22791 22791
[3966] = 22791 22791
[3967] = 22791 22791
[3968] = 22791 22791
[3969] = 22791 22791
[3970] = 22791 22791
[3971] = 22791 22791
[3972] = 22791 22791
[3973] = 22791 22791
[3974] = 22791 22791
[3975] = 22791 22791
[3976] = 22791 22791
[3977] = 22791 22791
[3978] = 22791 22791
[3979] = 22791 22791
[3980] = 0 0
[3981] = 0 0
[3982] = 0 0
[3983] = 0 0
[3984] = 0 0
[3985] = 0 0
[3986] = 0 0
[3987] = 0 0
[3988] = 0 0
[3989] = 0 0
[3990] = 0 0
[3991] = 0 0
[3992] = 0 0
[3993] = 0 0
[3994] = 0 0
[3995] = 0 0
[3996] = 0 0
[3997] = 0 0
[3998] = 0 0
[3999] = 0 0
[4000] = 0 0
[4001] = 0 0
[4002] = 0 0
[4003] = 0 0
[4004] = 0 0
[4005] = 0 0
[4006] = 0 0
[4007] = 0 0
[4008] = 0 0
[4009] = 0 0
[4010] = 0 0
[4011] = 0 0
[4012] = 0 0
[4013] = 0 0
[4014] = 0 0
[4015] = 0 0
[4016] = 0 0
[4017] = 0 0
[4018] = 0 0
[4019] = 0 0
[4020] = 0 0
[4021] = 22791 22791
[4022] = 22791 22791
[4023] = 22791 22791
[4024] = 22791 22791
[4025] = 22791 22791
[4026] = 22791 22791
[4027] = 22791 22791
[4028] = 22791 22791
[4029] = 22791 22791
[4030] = 22791 22791
[4031] = 22791 22791
[4032] = 22791 22791
[4033] = 22791 22791
[4034] = 22791 22791
[4035] = 22791 22791
[4036] = 22791 22791
[4037] = 22791 22791
[4038] = 22791 22791
[4039] = 22791 22791
[4040] = 22791 22791
[4041] = 22791 22791
[4042] = 22791 22791
[4043] = 22791 22791
[4044] = 22791 22791
[4045] = 22791 22791
[4046] = 22791 22791
[4047] = 22791 22791
[4048] = 22791 22791
[4049] = 22791 22791
[4050] = 22791 22791
[4051] = 22791 22791
[4052] = 22791 22791
[4053] = 22791 22791
[4054] = 22791 22791
[4055] = 22791 22791
[4056] = 22791 22791
[4057] = 22791 22791
[4058] = 22791 22791
[4059] = 22791 22791
[4060] = 22791 22791
[4061] = 22791 22791
[4062] = 0 0
[4063] = 0 0
[4064] = 0 0
[4065] = 0 0
[4066] = 0 0
[4067] = 0 0
[4068] = 0 0
[4069] = 0 0
[4070] = 0 0
[4071] = 0 0
[4072] = 0 0
[4073] = 0 0
[4074] = 0 0
[4075] = 0 0
[4076] = 0 0
[4077] = 0 0
[4078] = 0 0
[4079] = 0 0
[4080] = 0 0
[4081] = 0 0
[4082] = 0 0
[4083] = 0 0
[4084] = 0 0
[4085] = 0 0
[4086] = 0 0
[4087] = 0 0
[4088] = 0 0
[4089] = 0 0
[4090] = 0 0
[4091] = 0 0
[4092] = 0 0
[4093] = 0 0
[4094] = 0 0
[4095] = 0 0
[4096] = 0 0
[4097] = 0 0
[4098] = 0 0
[4099] = 0 0
[4100] = 0 0
[4101] = 0 0
[4102] = 0 0
[4103] = 22791 22791
[4104] = 22791 22791
[4105] = 22791 22791
[4106] = 22791 22791
[4107] = 22791 22791
[4108] = 22791 22791
[4109] = 22791 22791
[4110] = 22791 22791
[4111] = 22791 22791
[4112] = 22791 22791
[4113] = 22791 22791
[4114] = 22791 22791
[4115] = 22791 22791
[4116] = 22791 22791
[4117] = 22791 22791
[4118] = 22791 22791
[4119] = 22791 22791
[4120] = 22791 22791
[4121] = 22791 22791
[4122] = 22791 22791
[4123] = 22791 22791
[4124] = 22791 22791
[4125] = 22791 22791
[4126] = 22791 22791
[4127] = 22791 22791
[4128] = 22791 22791
[4129] = 22791 22791
[4130] = 22791 22791
[4131] = 22791 22791
[4132] = 22791 22791
[4133] = 22791 22791
[4134] = 22791 22791
[4135] = 22791 22791
[4136] = 22791 22791
[4137] = 22791 22791
[4138] = 22791 22791
[4139] = 22791 22791
[4140] = 22791 22791
[4141] = 22791 22791
[4142] = 22791 22791
[4143] = 22791 22791
[4144] = 0 0
[4145] = 0 0
[4146] = 0 0
[4147] = 0 0
[4148] = 0 0
[4149] = 0 0
[4150] = 0 0
[4151] = 0 0
[4152] = 0 0
[4153] = 0 0
[4154] = 0 0
[4155] = 0 0
[4156] = 0 0
[4157] = 0 0
[4158] = 0 0
[4159] = 0 0
[4160] = 0 0
[4161] = 0 0
[4162] = 0 0
[4163] = 0 0
[4164] = 0 0
[4165] = 0 0
[4166] = 0 0
[4167] = 0 0
[4168] = 0 0
[4169] = 0 0
[4170] = 0 0
[4171] = 0 0
[4172] = 0 0
[4173] = 0 0
[4174] = 0 0
[4175] = 0 0
[4176] = 0 0
[4177] = 0 0
[4178] = 0 0
[4179] = 0 0
[4180] = 0 0
[4181] = 0 0
[4182] = 0 0
[4183] = 0 0
[4184] = 0 0
[4185] = 22791 22791
[4186] = 22791 22791
[4187] = 22791 22791
[4188] = 22791 22791
[4189] = 22791 22791
[4190] = 22791 22791
[4191] = 22791 22791
[4192] = 22791 22791
[4193] = 22791 22791
[4194] = 22791 22791
[4195] = 22791 22791
[4196] = 22791 22791
[4197] = 22791 22791
[4198] = 22791 22791
[4199] = 22791 22791
[4200] = 22791 22791
[4201] = 22791 22791
[4202] = 22791 22791
[4203] = 22791 22791
[4204] = 22791 22791
[4205] = 22791 22791
[4206] = 22791 22791
[4207] = 22791 22791
[4208] = 22791 22791
[4209] = 22791 22791
[4210] = 22791 22791
[4211] = 22791 22791
[4212] = 22791 22791
[4213] = 22791 22791
[4214] = 22791 22791
[4215] = 22791 22791
[4216] = 22791 22791
[4217] = 22791 22791
[4218] = 22791 22791
[4219] = 22791 22791
[4220] = 22791 22791
[4221] = 22791 22791
[4222] = 22791 22791
[4223] = 22791 22791
[4224] = 22791 22791
[4225] = 0 0
[4226] = 0 0
[4227] = 0 0
[4228] = 0 0
[4229] = 0 0
[4230] = 0 0
[4231] = 0 0
[4232] = 0 0
[4233] = 0 0
[4234] = 0 0
[4235] = 0 0
[4236] = 0 0
[4237] = 0 0
[4238] = 0 0
[4239] = 0 0
[4240] = 0 0
[4241] = 0 0
[4242] = 0 0
[4243] = 0 0
[4244] = 0 0
[4245] = 0 0
[4246] = 0 0
[4247] = 0 0
[4248] = 0 0
[4249] = 0 0
[4250] = 0 0
[4251] = 0 0
[4252] = 0 0
[4253] = 0 0
[4254] = 0 0
[4255] = 0 0
[4256] = 0 0
[4257] = 0 0
[4258] = 0 0
[4259] = 0 0
[4260] = 0 0
[4261] = 0 0
[4262] = 0 0
[4263] = 0 0
[4264] = 0 0
[4265] = 0 0
[4266] = 22791 22791
[4267] = 22791 22791
[4268] = 22791 22791
[4269] = 22791 22791
[4270] = 22791 22791
[4271] = 22791 22791
[4272] = 22791 22791
[4273] = 22791 22791
[4274] = 22791 22791
[4275] = 22791 22791
[4276] = 22791 22791
[4277] = 22791 22791
[4278] = 22791 22791
[4279] = 22791 22791
[4280] = 22791 22791
[4281] = 22791 22791
[4282] = 22791 22791
[4283] = 22791 22791
[4284] = 22791 22791
[4285] = 22791 22791
[4286] = 22791 22791
[4287] = 22791 22791
[4288] = 22791 22791
[4289] = 22791 22791
[4290] = 22791 22791
[4291] = 22791 22791
[4292] = 22791 22791
[4293] = 22791 22791
[4294] = 22791 22791
[4295] = 22791 22791
[4296] = 22791 22791
[4297] = 22791 22791
[4298] = 22791 22791
[4299] = 22791 22791
[4300] = 22791 22791
[4301] = 22791 22791
[4302] = 22791 22791
[4303] = 22791 22791
[4304] = 22791 22791
[4305] = 22791 22791
[4306] = 22791 22791
[4307] = 0 0
[4308] = 0 0
[4309] = 0 0
[4310] = 0 0
[4311] = 0 0
[4312] = 0 0
[4313] = 0 0
[4314] = 0 0
[4315] = 0 0
[4316] = 0 0
[4317] = 0 0
[4318] = 0 0
[4319] = 0 0
[4320] = 0 0
[4321] = 0 0
[4322] = 0 0
[4323] = 0 0
[4324] = 0 0
[4325] = 0 0
[4326] = 0 0
[4327] = 0 0
[4328] = 0 0
[4329] = 0 0
[4330] = 0 0
[4331] = 0 0
[4332] = 0 0
[4333] = 0 0
[4334] = 0 0
[4335] = 0 0
[4336] = 0 0
[4337] = 0 0
[4338] = 0 0
[4339] = 0 0
[4340] = 0 0
[4341] = 0 0
[4342] = 0 0
[4343] = 0 0
[4344] = 0 0
[4345] = 0 0
[4346] = 0 0
[4347] = 0 0
[4348] = 22791 22791
[4349] = 22791 22791
[4350] = 22791 22791
[4351] = 22791 22791
[4352] = 22791 22791
[4353] = 22791 22791
[4354] = 22791 22791
[4355] = 22791 22791
[4356] = 22791 22791
[4357] = 22791 22791
[4358] = 22791 22791
[4359] = 22791 22791
[4360] = 22791 22791
[4361] = 22791 22791
[4362] = 22791 22791
[4363] = 22791 22791
[4364] = 22791 22791
[4365] = 22791 22791
[4366] = 22791 22791
[4367] = 22791 22791
[4368] = 22791 22791
[4369] = 22791 22791
[4370] = 22791 22791
[4371] = 22791 22791
[4372] = 22791 22791
[4373] = 22791 22791
[4374] = 22791 22791
[4375] = 22791 22791
[4376] = 22791 22791
[4377] = 22791 22791
[4378] = 22791 22791
[4379] = 22791 22791
[4380] = 22791 22791
[4381] = 22791 22791
[4382] = 22791 22791
[4383] = 22791 22791
[4384] = 22791 22791
[4385] = 22791 22791
[4386] = 22791 22791
[4387] = 22791 22791
[4388] = 22791 22791
[4389] = 0 0
[4390] = 0 0
[4391] = 0 0
[4392] = 0 0
[4393] = 0 0
[4394] = 0 0
[4395] = 0 0
[4396] = 0 0
[4397] = 0 0
[4398] = 0 0
[4399] = 0 0
[4400] = 0 0
[4401] = 0 0
[4402] = 0 0
[4403] = 0 0
[4404] = 0 0
[4405] = 0 0
[4406] = 0 0
[4407] = 0 0
[4408] = 0 0
[4409] = 0 0
[4410] = 0 0
[4411] = 0 0
[4412] = 0 0
[4413] = 0 0
[4414] = 0 0
[4415] = 0 0
[4416] = 0 0
[4417] = 0 0
[4418] = 0 0
[4419] = 0 0
[4420] = 0 0
[4421] = 0 0
[4422] = 0 0
[4423] = 0 0
[4424] = 0 0
[4425] = 0 0
[4426] = 0 0
[4427] = 0 0
[4428] = 0 0
[4429] = 0 0
[4430] = 22791 22791
[4431] = 22791 22791
[4432] = 22791 22791
[4433] = 22791 22791
[4434] = 22791 22791
[4435] = 22791 22791
[4436] = 22791 22791
[4437] = 22791 22791
[4438] = 22791 22791
[4439] = 22791 22791
[4440] = 22791 22791
[4441] = 22791 22791
[4442] = 22791 22791
[4443] = 22791 22791
[4444] = 22791 22791
[4445] = 22791 22791
[4446] = 22791 22791
[4447] = 22791 22791
[4448] = 22791 22791
[4449] = 22791 22791
[4450] = 22791 22791
[4451] = 22791 22791
[4452] = 22791 22791
[4453] = 22791 22791
[4454] = 22791 22791
[4455] = 22791 22791
[4456] = 22791 22791
[4457] = 22791 22791
[4458] = 22791 22791
[4459] = 22791 22791
[4460] = 22791 22791
[4461] = 22791 22791
[4462] = 22791 22791
[4463] = 22791 22791
[4464] = 22791 22791
[4465] = 22791 22791
[4466] = 22791 22791
[4467] = 22791 22791
[4468] = 22791 22791
[4469] = 22791 22791
[4470] = 22791 22791
[4471] = 0 0
[4472] = 0 0
[4473] = 0 0
[4474] = 0 0
[4475] = 0 0
[4476] = 0 0
[4477] = 0 0
[4478] = 0 0
[4479] = 0 0
[4480] = 0 0
[4481] = 0 0
[4482] = 0 0
[4483] = 0 0
[4484] = 0 0
[4485] = 0 0
[4486] = 0 0
[4487] = 0 0
[4488] = 0 0
[4489] = 0 0
[4490] = 0 0
[4491] = 0 0
[4492] = 0 0
[4493] = 0 0
[4494] = 0 0
[4495] = 0 0
[4496] = 0 0
[4497] = 0 0
[4498] = 0 0
[4499] = 0 0
[4500] = 0 0
[4501] = 0 0
[4502] = 0 0
[4503] = 0 0
[4504] = 0 0
[4505] = 0 0
[4506] = 0 0
[4507] = 0 0
[4508] = 0 0
[4509] = 0 0
[4510] = 0 0
[4511] = 0 0
[4512] = 22791 22791
[4513] = 22791 22791
[4514] = 22791 22791
[4515] = 22791 22791
[4516] = 22791 22791
[4517] = 22791 22791
[4518] = 22791 22791
[4519] = 22791 22791
[4520] = 22791 22791
[4521] = 22791 22791
[4522] = 22791 22791
[4523] = 22791 22791
[4524] = 22791 22791
[4525] = 22791 22791
[4526] = 22791 22791
[4527] = 22791 22791
[4528] = 22791 22791
[4529] = 22791 22791
[4530] = 22791 22791
[4531] = 22791 22791
[4532] = 22791 22791
[4533] = 22791 22791
[4534] = 22791 22791
[4535] = 22791 22791
[4536] = 22791 22791
[4537] = 22791 22791
[4538] = 22791 22791
[4539] = 22791 22791
[4540] = 22791 22791
[4541] = 22791 22791
[4542] = 22791 22791
[4543] = 22791 22791
[4544] = 22791 22791
[4545] = 22791 22791
[4546] = 22791 22791
[4547] = 22791 22791
[4548] = 22791 22791
[4549] = 22791 22791
[4550] = 22791 22791
[4551] = 22791 22791
[4552] = 0 0
[4553] = 0 0
[4554] = 0 0
[4555] = 0 0
[4556] = 0 0
[4557] = 0 0
[4558] = 0 0
[4559] = 0 0
[4560] = 0 0
[4561] = 0 0
[4562] = 0 0
[4563] = 0 0
[4564] = 0 0
[4565] = 0 0
[4566] = 0 0
[4567] = 0 0
[4568] = 0 0
[4569] = 0 0
[4570] = 0 0
[4571] = 0 0
[4572] = 0 0
[4573] = 0 0
[4574] = 0 0
[4575] = 0 0
[4576] = 0 0
[4577] = 0 0
[4578] = 0 0
[4579] = 0 0
[4580] = 0 0
[4581] = 0 0
[4582] = 0 0
[4583] = 0 0
[4584] = 0 0
[4585] = 0 0
[4586] = 0 0
[4587] = 0 0
[4588] = 0 0
[4589] = 0 0
[4590] = 0 0
[4591] = 0 0
[4592] = 0 0
[4593] = 22791 22791
[4594] = 22791 22791
[4595] = 22791 22791
[4596] = 22791 22791
[4597] = 22791 22791
[4598] = 22791 22791
[4599] = 22791 22791
[4600] = 22791 22791
[4601] = 22791 22791
[4602] = 22791 22791
[4603] = 22791 22791
[4604] = 22791 22791
[4605] = 22791 22791
[4606] = 22791 22791
[4607] = 22791 22791
[4608] = 22791 22791
[4609] = 22791 22791
[4610] = 22791 22791
[4611] = 22791 22791
[4612] = 22791 22791
[4613] = 22791 22791
[4614] = 22791 22791
[4615] = 22791 22791
[4616] = 22791 22791
[4617] = 22791 22791
[4618] = 22791 22791
[4619] = 22791 22791
[4620] = 22791 22791
[4621] = 22791 22791
[4622] = 22791 22791
[4623] = 22791 22791
[4624] = 22791 22791
[4625] = 22791 22791
[4626] = 22791 22791
[4627] = 22791 22791
[4628] = 22791 22791
[4629] = 22791 22791
[4630] = 22791 22791
[4631] = 22791 22791
[4632] = 22791 22791
[4633] = 22791 22791
[4634] = 0 0
[4635] = 0 0
[4636] = 0 0
[4637] = 0 0
[4638] = 0 0
[4639] = 0 0
[4640] = 0 0
[4641] = 0 0
[4642] = 0 0
[4643] = 0 0
[4644] = 0 0
[4645] = 0 0
[4646] = 0 0
[4647] = 0 0
[4648] = 0 0
[4649] = 0 0
[4650] = 0 0
[4651] = 0 0
[4652] = 0 0
[4653] = 0 0
[4654] = 0 0
[4655] = 0 0
[4656] = 0 0
[4657] = 0 0
[4658] = 0 0
[4659] = 0 0
[4660] = 0 0
[4661] = 0 0
[4662] = 0 0
[4663] = 0 0
[4664] = 0 0
[4665] = 0 0
[4666] = 0 0
[4667] = 0 0
[4668] = 0 0
[4669] = 0 0
[4670] = 0 0
[4671] = 0 0
[4672] = 0 0
[4673] = 0 0
[4674] = 0 0
[4675] = 22791 22791
[4676] = 22791 22791
[4677] = 22791 22791
[4678] = 22791 22791
[4679] = 22791 22791
[4680] = 22791 22791
[4681] = 22791 22791
[4682] = 22791 22791
[4683] = 22791 22791
[4684] = 22791 22791
[4685] = 22791 22791
[4686] = 22791 22791
[4687] = 22791 22791
[4688] = 22791 22791
[4689] = 22791 22791
[4690] = 22791 22791
[4691] = 22791 22791
[4692] = 22791 22791
[4693] = 22791 22791
[4694] = 22791 22791
[4695] = 22791 22791
[4696] = 22791 22791
[4697] = 22791 22791
[4698] = 22791 22791
[4699] = 22791 22791
[4700] = 22791 22791
[4701] = 22791 22791
[4702] = 22791 22791
[4703] = 22791 22791
[4704] = 22791 22791
[4705] = 22791 22791
[4706] = 22791 22791
[4707] = 22791 22791
[4708] = 22791 22791
[4709] = 22791 22791
[4710] = 22791 22791
[4711] = 22791 22791
[4712] = 22791 22791
[4713] = 22791 22791
[4714] = 22791 22791
[4715] = 22791 22791
[4716] = 0 0
[4717] = 0 0
[4718] = 0 0
[4719] = 0 0
[4720] = 0 0
[4721] = 0 0
[4722] = 0 0
[4723] = 0 0
[4724] = 0 0
[4725] = 0 0
[4726] = 0 0
[4727] = 0 0
[4728] = 0 0
[4729] = 0 0
[4730] = 0 0
[4731] = 0 0
[4732] = 0 0
[4733] = 0 0
[4734] = 0 0
[4735] = 0 0
[4736] = 0 0
[4737] = 0 0
[4738] = 0 0
[4739] = 0 0
[4740] = 0 0
[4741] = 0 0
[4742] = 0 0
[4743] = 0 0
[4744] = 0 0
[4745] = 0 0
[4746] = 0 0
[4747] = 0 0
[4748] = 0 0
[4749] = 0 0
[4750] = 0 0
[4751] = 0 0
[4752] = 0 0
[4753] = 0 0
[4754] = 0 0
[4755] = 0 0
[4756] = 0 0
[4757] = 22791 22791
[4758] = 22791 22791
[4759] = 22791 22791
[4760] = 22791 22791
[4761] = 22791 22791
[4762] = 22791 22791
[4763] = 22791 22791
[4764] = 22791 22791
[4765] = 22791 22791
[4766] = 22791 22791
[4767] = 22791 22791
[4768] = 22791 22791
[4769] = 22791 22791
[4770] = 22791 22791
[4771] = 22791 22791
[4772] = 22791 22791
[4773] = 22791 22791
[4774] = 22791 22791
[4775] = 22791 22791
[4776] = 22791 22791
[4777] = 22791 22791
[4778] = 22791 22791
[4779] = 22791 22791
[4780] = 22791 22791
[4781] = 22791 22791
[4782] = 22791 22791
[4783] = 22791 22791
[4784] = 22791 22791
[4785] = 22791 22791
[4786] = 22791 22791
[4787] = 22791 22791
[4788] = 22791 22791
[4789] = 22791 22791
[4790] = 22791 22791
[4791] = 22791 22791
[4792] = 22791 22791
[4793] = 22791 22791
[4794] = 22791 22791
[4795] = 22791 22791
[4796] = 22791 22791
[4797] = 22791 22791
[4798] = 0 0
[4799] = 0 0
[4800] = 0 0
[4801] = 0 0
[4802] = 0 0
[4803] = 0 0
[4804] = 0 0
[4805] = 0 0
[4806] = 0 0
[4807] = 0 0
[4808] = 0 0
[4809] = 0 0
[4810] = 0 0
[4811] = 0 0
[4812] = 0 0
[4813] = 0 0
[4814] = 0 0
[4815] = 0 0
[4816] = 0 0
[4817] = 0 0
[4818] = 0 0
[4819] = 0 0
[4820] = 0 0
[4821] = 0 0
[4822] = 0 0
[4823] = 0 0
[4824] = 0 0
[4825] = 0 0
[4826] = 0 0
[4827] = 0 0
[4828] = 0 0
[4829] = 0 0
[4830] = 0 0
[4831] = 0 0
[4832] = 0 0
[4833] = 0 0
[4834] = 0 0
[4835] = 0 0
[4836] = 0 0
[4837] = 0 0
[4838] = 0 0
[4839] = 22791 22791
[4840] = 22791 22791
[4841] = 22791 22791
[4842] = 22791 22791
[4843] = 22791 22791
[4844] = 22791 22791
[4845] = 22791 22791
[4846] = 22791 22791
[4847] = 22791 22791
[4848] = 22791 22791
[4849] = 22791 22791
[4850] = 22791 22791
[4851] = 22791 22791
[4852] = 22791 22791
[4853] = 22791 22791
[4854] = 22791 22791
[4855] = 22791 22791
[4856] = 22791 22791
[4857] = 22791 22791
[4858] = 22791 22791
[4859] = 22791 22791
[4860] = 22791 22791
[4861] = 22791 22791
[4862] = 22791 22791
[4863] = 22791 22791
[4864] = 22791 22791
[4865] = 22791 22791
[4866] = 22791 22791
[4867] = 22791 22791
[4868] = 22791 22791
[4869] = 22791 22791
[4870] = 22791 22791
[4871] = 22791 22791
[4872] = 22791 22791
[4873] = 22791 22791
[4874] = 22791 22791
[4875] = 22791 22791
[4876] = 22791 22791
[4877] = 22791 22791
[4878] = 22791 22791
[4879] = 0 0
[4880] = 0 0
[4881] = 0 0
[4882] = 0 0
[4883] = 0 0
[4884] = 0 0
[4885] = 0 0
[4886] = 0 0
[4887] = 0 0
[4888] = 0 0
[4889] = 0 0
[4890] = 0 0
[4891] = 0 0
[4892] = 0 0
[4893] = 0 0
[4894] = 0 0
[4895] = 0 0
[4896] = 0 0
[4897] = 0 0
[4898] = 0 0
[4899] = 0 0
[4900] = 0 0
[4901] = 0 0
[4902] = 0 0
[4903] = 0 0
[4904] = 0 0
[4905] = 0 0
[4906] = 0 0
[4907] = 0 0
[4908] = 0 0
[4909] = 0 0
[4910] = 0 0
[4911] = 0 0
[4912] = 0 0
[4913] = 0 0
[4914] = 0 0
[4915] = 0 0
[4916] = 0 0
[4917] = 0 0
[4918] = 0 0
[4919] = 0 0
[4920] = 22791 22791
[4921] = 22791 22791
[4922] = 22791 22791
[4923] = 22791 22791
[4924] = 22791 22791
[4925] = 22791 22791
[4926] = 22791 22791
[4927] = 22791 22791
[4928] = 22791 22791
[4929] = 22791 22791
[4930] = 22791 22791
[4931] = 22791 22791
[4932] = 22791 22791
[4933] = 22791 22791
[4934] = 22791 22791
[4935] = 22791 22791
[4936] = 22791 22791
[4937] = 22791 22791
[4938] = 22791 22791
[4939] = 22791 22791
[4940] = 22791 22791
[4941] = 22791 22791
[4942] = 22791 22791
[4943] = 22791 22791
[4944] = 22791 22791
[4945] = 22791 22791
[4946] = 22791 22791
[4947] = 22791 22791
[4948] = 22791 22791
[4949] = 22791 22791
[4950] = 22791 22791
[4951] = 22791 22791
[4952] = 22791 22791
[4953] = 22791 22791
[4954] = 22791 22791
[4955] = 22791 22791
[4956] = 22791 22791
[4957] = 22791 22791
[4958] = 22791 22791
[4959] = 22791 22791
[4960] = 22791 22791
[4961] = 0 0
[4962] = 0 0
[4963] = 0 0
[4964] = 0 0
[4965] = 0 0
[4966] = 0 0
[4967] = 0 0
[4968] = 0 0
[4969] = 0 0
[4970] = 0 0
[4971] = 0 0
[4972] = 0 0
[4973] = 0 0
[4974] = 0 0
[4975] = 0 0
[4976] = 0 0
[4977] = 0 0
[4978] = 0 0
[4979] = 0 0
[4980] = 0 0
[4981] = 0 0
[4982] = 0 0
[4983] = 0 0
[4984] = 0 0
[4985] = 0 0
[4986] = 0 0
[4987] = 0 0
[4988] = 0 0
[4989] = 0 0
[4990] = 0 0
[4991] = 0 0
[4992] = 0 0
[4993] = 0 0
[4994] = 0 0
[4995] = 0 0
[4996] = 0 0
[4997] = 0 0
[4998] = 0 0
[4999] = 0 0
[5000] = 0 0
[5001] = 0 0
[5002] = 22791 22791
[5003] = 22791 22791
[5004] = 22791 22791
[5005] = 22791 22791
[5006] = 22791 22791
[5007] = 22791 22791
[5008] = 22791 22791
[5009] = 22791 22791
[5010] = 22791 22791
[5011] = 22791 22791
[5012] = 22791 22791
[5013] = 22791 22791
[5014] = 22791 22791
[5015] = 22791 22791
[5016] = 22791 22791
[5017] = 22791 22791
[5018] = 22791 22791
[5019] = 22791 22791
[5020] = 22791 22791
[5021] = 22791 22791
[5022] = 22791 22791
[5023] = 22791 22791
[5024] = 22791 22791
[5025] = 22791 22791
[5026] = 22791 22791
[5027] = 22791 22791
[5028] = 22791 22791
[5029] = 22791 22791
[5030] = 22791 22791
[5031] = 22791 22791
[5032] = 22791 22791
[5033] = 22791 22791
[5034] = 22791 22791
[5035] = 22791 22791
[5036] = 22791 22791
[5037] = 22791 22791
[5038] = 22791 22791
[5039] = 22791 22791
[5040] = 22791 22791
[5041] = 22791 22791
[5042] = 22791 22791
[5043] = 0 0
[5044] = 0 0
[5045] = 0 0
[5046] = 0 0
[5047] = 0 0
[5048] = 0 0
[5049] = 0 0
[5050] = 0 0
[5051] = 0 0
[5052] = 0 0
[5053] = 0 0
[5054] = 0 0
[5055] = 0 0
[5056] = 0 0
[5057] = 0 0
[5058] = 0 0
[5059] = 0 0
[5060] = 0 0
[5061] = 0 0
[5062] = 0 0
[5063] = 0 0
[5064] = 0 0
[5065] = 0 0
[5066] = 0 0
[5067] = 0 0
[5068] = 0 0
[5069] = 0 0
[5070] = 0 0
[5071] = 0 0
[5072] = 0 0
[5073] = 0 0
[5074] = 0 0
[5075] = 0 0
[5076] = 0 0
[5077] = 0 0
[5078] = 0 0
[5079] = 0 0
[5080] = 0 0
[5081] = 0 0
[5082] = 0 0
[5083] = 0 0
[5084] = 22791 22791
[5085] = 22791 22791
[5086] = 22791 22791
[5087] = 22791 22791
[5088] = 22791 22791
[5089] = 22791 22791
[5090] = 22791 22791
[5091] = 22791 22791
[5092] = 22791 22791
[5093] = 22791 22791
[5094] = 22791 22791
[5095] = 22791 22791
[5096] = 22791 22791
[5097] = 22791 22791
[5098] = 22791 22791
[5099] = 22791 22791
[5100] = 22791 22791
[5101] = 22791 22791
[5102] = 22791 22791
[5103] = 22791 22791
[5104] = 22791 22791
[5105] = 22791 22791
[5106] = 22791 22791
[5107] = 22791 22791
[5108] = 22791 22791
[5109] = 22791 22791
[5110] = 22791 22791
[5111] = 22791 22791
[5112] = 22791 22791
[5113] = 22791 22791
[5114] = 22791 22791
[5115] = 22791 22791
[5116] = 22791 22791
[5117] = 22791 22791
[5118] = 22791 22791
[5119] = 22791 22791
[5120] = 22791 22791
[5121] = 22791 22791
[5122] = 22791 22791
[5123] = 22791 22791
[5124] = 0 0
[5125] = 0 0
[5126] = 0 0
[5127] = 0 0
[5128] = 0 0
[5129] = 0 0
[5130] = 0 0
[5131] = 0 0
[5132] = 0 0
[5133] = 0 0
[5134] = 0 0
[5135] = 0 0
[5136] = 0 0
[5137] = 0 0
[5138] = 0 0
[5139] = 0 0
[5140] = 0 0
[5141] = 0 0
[5142] = 0 0
[5143] = 0 0
[5144] = 0 0
[5145] = 0 0
[5146] = 0 0
[5147] = 0 0
[5148] = 0 0
[5149] = 0 0
[5150] = 0 0
[5151] = 0 0
[5152] = 0 0
[5153] = 0 0
[5154] = 0 0
[5155] = 0 0
[5156] = 0 0
[5157] = 0 0
[5158] = 0 0
[5159] = 0 0
[5160] = 0 0
[5161] = 0 0
[5162] = 0 0
[5163] = 0 0
[5164] = 0 0
[5165] = 22791 22791
[5166] = 22791 22791
[5167] = 22791 22791
[5168] = 22791 22791
[5169] = 22791 22791
[5170] = 22791 22791
[5171] = 22791 22791
[5172] = 22791 22791
[5173] = 22791 22791
[5174] = 22791 22791
[5175] = 22791 22791
[5176] = 22791 22791
[5177] = 22791 22791
[5178] = 22791 22791
[5179] = 22791 22791
[5180] = 22791 22791
[5181] = 22791 22791
[5182] = 22791 22791
[5183] = 22791 22791
[5184] = 22791 22791
[5185] = 22791 22791
[5186] = 22791 22791
[5187] = 22791 22791
[5188] = 22791 22791
[5189] = 22791 22791
[5190] = 22791 22791
[5191] = 22791 22791
[5192] = 22791 22791
[5193] = 22791 22791
[5194] = 22791 22791
[5195] = 22791 22791
[5196] = 22791 22791
[5197] = 22791 22791
[5198] = 22791 22791
[5199] = 22791 22791
[5200] = 22791 22791
[5201] = 22791 22791
[5202] = 22791 22791
[5203] = 22791 22791
[5204] = 22791 22791
[5205] = 22791 22791
[5206] = 0 0
[5207] = 0 0
[5208] = 0 0
[5209] = 0 0
[5210] = 0 0
[5211] = 0 0
[5212] = 0 0
[5213] = 0 0
[5214] = 0 0
[5215] = 0 0
[5216] = 0 0
[5217] = 0 0
[5218] = 0 0
[5219] = 0 0
[5220] = 0 0
[5221] = 0 0
[5222] = 0 0
[5223] = 0 0
[5224] = 0 0
[5225] = 0 0
[5226] = 0 0
[5227] = 0 0
[5228] = 0 0
[5229] = 0 0
[5230] = 0 0
[5231] = 0 0
[5232] = 0 0
[5233] = 0 0
[5234] = 0 0
[5235] = 0 0
[5236] = 0 0
[5237] = 0 0
[5238] = 0 0
[5239] = 0 0
[5240] = 0 0
[5241] = 0 0
[5242] = 0 0
[5243] = 0 0
[5244] = 0 0
[5245] = 0 0
[5246] = 0 0
[5247] = 22791 22791
[5248] = 22791 22791
[5249] = 22791 22791
[5250] = 22791 22791
[5251] = 22791 22791
[5252] = 22791 22791
[5253] = 22791 22791
[5254] = 22791 22791
[5255] = 22791 22791
[5256] = 22791 22791
[5257] = 22791 22791
[5258] = 22791 22791
[5259] = 22791 22791
[5260] = 22791 22791
[5261] = 22791 22791
[5262] = 22791 22791
[5263] = 22791 22791
[5264] = 22791 22791
[5265] = 22791 22791
[5266] = 22791 22791
[5267] = 22791 22791
[5268] = 22791 22791
[5269] = 22791 22791
[5270] = 22791 22791
[5271] = 22791 22791
[5272] = 22791 22791
[5273] = 22791 22791
[5274] = 22791 22791
[5275] = 22791 22791
[5276] = 22791 22791
[5277] = 22791 22791
[5278] = 22791 22791
[5279] = 22791 22791
[5280] = 22791 22791
[5281] = 22791 22791
[5282] = 22791 22791
[5283] = 22791 22791
[5284] = 22791 22791
[5285] = 22791 22791
[5286] = 22791 22791
[5287] = 22791 22791
[5288] = 0 0
[5289] = 0 0
[5290] = 0 0
[5291] = 0 0
[5292] = 0 0
[5293] = 0 0
[5294] = 0 0
[5295] = 0 0
[5296] = 0 0
[5297] = 0 0
[5298] = 0 0
[5299] = 0 0
[5300] = 0 0
[5301] = 0 0
[5302] = 0 0
[5303] = 0 0
[5304] = 0 0
[5305] = 0 0
[5306] = 0 0
[5307] = 0 0
[5308] = 0 0
[5309] = 0 0
[5310] = 0 0
[5311] = 0 0
[5312] = 0 0
[5313] = 0 0
[5314] = 0 0
[5315] = 0 0
[5316] = 0 0
[5317] = 0 0
[5318] = 0 0
[5319] = 0 0
[5320] = 0 0
[5321] = 0 0
[5322] = 0 0
[5323] = 0 0
[5324] = 0 0
[5325] = 0 0
[5326] = 0 0
[5327] = 0 0
[5328] = 0 0
[5329] = 22791 22791
[5330] = 22791 22791
[5331] = 22791 22791
[5332] = 22791 22791
[5333] = 22791 22791
[5334] = 22791 22791
[5335] = 22791 22791
[5336] = 22791 22791
[5337] = 22791 22791
[5338] = 22791 22791
[5339] = 22791 22791
[5340] = 22791 22791
[5341] = 22791 22791
[5342] = 22791 22791
[5343] = 22791 22791
[5344] = 22791 22791
[5345] = 22791 22791
[5346] = 22791 22791
[5347] = 22791 22791
[5348] = 22791 22791
[5349] = 22791 22791
[5350] = 22791 22791
[5351] = 22791 22791
[5352] = 22791 22791
[5353] = 22791 22791
[5354] = 22791 22791
[5355] = 22791 22791
[5356] = 22791 22791
[5357] = 22791 22791
[5358] = 22791 22791
[5359] = 22791 22791
[5360] = 22791 22791
[5361] = 22791 22791
[5362] = 22791 22791
[5363] = 22791 22791
[5364] = 22791 22791
[5365] = 22791 22791
[5366] = 22791 22791
[5367] = 22791 22791
[5368] = 22791 22791
[5369] = 22791 22791
[5370] = 0 0
[5371] = 0 0
[5372] = 0 0
[5373] = 0 0
[5374] = 0 0
[5375] = 0 0
[5376] = 0 0
[5377] = 0 0
[5378] = 0 0
[5379] = 0 0
[5380] = 0 0
[5381] = 0 0
[5382] = 0 0
[5383] = 0 0
[5384] = 0 0
[5385] = 0 0
[5386] = 0 0
[5387] = 0 0
[5388] = 0 0
[5389] = 0 0
[5390] = 0 0
[5391] = 0 0
[5392] = 0 0
[5393] = 0 0
[5394] = 0 0
[5395] = 0 0
[5396] = 0 0
[5397] = 0 0
[5398] = 0 0
[5399] = 0 0
[5400] = 0 0
[5401] = 0 0
[5402] = 0 0
[5403] = 0 0
[5404] = 0 0
[5405] = 0 0
[5406] = 0 0
[5407] = 0 0
[5408] = 0 0
[5409] = 0 0
[5410] = 0 0
[5411] = 22791 22791
[5412] = 22791 22791
[5413] = 22791 22791
[5414] = 22791 22791
[5415] = 22791 22791
[5416] = 22791 22791
[5417] = 22791 22791
[5418] = 22791 22791
[5419] = 22791 22791
[5420] = 22791 22791
[5421] = 22791 22791
[5422] = 22791 22791
[5423] = 22791 22791
[5424] = 22791 22791
[5425] = 22791 22791
[5426] = 22791 22791
[5427] = 22791 22791
[5428] = 22791 22791
[5429] = 22791 22791
[5430] = 22791 22791
[5431] = 22791 22791
[5432] = 22791 22791
[5433] = 22791 22791
[5434] = 22791 22791
[5435] = 22791 22791
[5436] = 22791 22791
[5437] = 22791 22791
[5438] = 22791 22791
[5439] = 22791 22791
[5440] = 22791 22791
[5441] = 22791 22791
[5442] = 22791 22791
[5443] = 22791 22791
[5444] = 22791 22791
[5445] = 22791 22791
[5446] = 22791 22791
[5447] = 22791 22791
[5448] = 22791 22791
[5449] = 22791 22791
[5450] = 22791 22791
[5451] = 0 0
[5452] = 0 0
[5453] = 0 0
[5454] = 0 0
[5455] = 0 0
[5456] = 0 0
[5457] = 0 0
[5458] = 0 0
[5459] = 0 0
[5460] = 0 0
[5461] = 0 0
[5462] = 0 0
[5463] = 0 0
[5464] = 0 0
[5465] = 0 0
[5466] = 0 0
[5467] = 0 0
[5468] = 0 0
[5469] = 0 0
[5470] = 0 0
[5471] = 0 0
[5472] = 0 0
[5473] = 0 0
[5474] = 0 0
[5475] = 0 0
[5476] = 0 0
[5477] = 0 0
[5478] = 0 0
[5479] = 0 0
[5480] = 0 0
[5481] = 0 0
[5482] = 0 0
[5483] = 0 0
[5484] = 0 0
[5485] = 0 0
[5486] = 0 0
[5487] = 0 0
[5488] = 0 0
[5489] = 0 0
[5490] = 0 0
[5491] = 0 0
[5492] = 22791 22791
[5493] = 22791 22791
[5494] = 22791 22791
[5495] = 22791 22791
[5496] = 22791 22791
[5497] = 22791 22791
[5498] = 22791 22791
[5499] = 22791 22791
[5500] = 22791 22791
[5501] = 22791 22791
[5502] = 22791 22791
[5503] = 22791 22791
[5504] = 22791 22791
[5505] = 22791 22791
[5506] = 22791 22791
[5507] = 22791 22791
[5508] = 22791 22791
[5509] = 22791 22791
[5510] = 22791 22791
[5511] = 22791 22791
[5512] = 22791 22791
[5513] = 22791 22791
[5514] = 22791 22791
[5515] = 22791 22791
[5516] = 22791 22791
[5517] = 22791 22791
[5518] = 22791 22791
[5519] = 22791 22791
[5520] = 22791 22791
[5521] = 22791 22791
[5522] = 22791 22791
[5523] = 22791 22791
[5524] = 22791 22791
[5525] = 22791 22791
[5526] = 22791 22791
[5527] = 22791 22791
[5528] = 22791 22791
[5529] = 22791 22791
[5530] = 22791 22791
[5531] = 22791 22791
[5532] = 22791 22791
[5533] = 0 0
[5534] = 0 0
[5535] = 0 0
[5536] = 0 0
[5537] = 0 0
[5538] = 0 0
[5539] = 0 0
[5540] = 0 0
[5541] = 0 0
[5542] = 0 0
[5543] = 0 0
[5544] = 0 0
[5545] = 0 0
[5546] = 0 0
[5547] = 0 0
[5548] = 0 0
[5549] = 0 0
[5550] = 0 0
[5551] = 0 0
[5552] = 0 0
[5553] = 0 0
[5554] = 0 0
[5555] = 0 0
[5556] = 0 0
[5557] = 0 0
[5558] = 0 0
[5559] = 0 0
[5560] = 0 0
[5561] = 0 0
[5562] = 0 0
[5563] = 0 0
[5564] = 0 0
[5565] = 0 0
[5566] = 0 0
[5567] = 0 0
[5568] = 0 0
[5569] = 0 0
[5570] = 0 0
[5571] = 0 0
[5572] = 0 0
[5573] = 0 0
[5574] = 22791 22791
[5575] = 22791 22791
[5576] = 22791 22791
[5577] = 22791 22791
[5578] = 22791 22791
[5579] = 22791 22791
[5580] = 22791 22791
[5581] = 22791 22791
[5582] = 22791 22791
[5583] = 22791 22791
[5584] = 22791 22791
[5585] = 22791 22791
[5586] = 22791 22791
[5587] = 22791 22791
[5588] = 22791 22791
[5589] = 22791 22791
[5590] = 22791 22791
[5591] = 22791 22791
[5592] = 22791 22791
[5593] = 22791 22791
[5594] = 22791 22791
[5595] = 22791 22791
[5596] = 22791 22791
[5597] = 22791 22791
[5598] = 22791 22791
[5599] = 22791 22791
[5600] = 22791 22791
[5601] = 22791 22791
[5602] = 22791 22791
[5603] = 22791 22791
[5604] = 22791 22791
[5605] = 22791 22791
[5606] = 22791 22791
[5607] = 22791 22791
[5608] = 22791 22791
[5609] = 22791 22791
[5610] = 22791 22791
[5611] = 22791 22791
[5612] = 22791 22791
[5613] = 22791 22791
[5614] = 22791 22791
[5615] = 0 0
[5616] = 0 0
[5617] = 0 0
[5618] = 0 0
[5619] = 0 0
[5620] = 0 0
[5621] = 0 0
[5622] = 0 0
[5623] = 0 0
[5624] = 0 0
[5625] = 0 0
[5626] = 0 0
[5627] = 0 0
[5628] = 0 0
[5629] = 0 0
[5630] = 0 0
[5631] = 0 0
[5632] = 0 0
[5633] = 0 0
[5634] = 0 0
[5635] = 0 0
[5636] = 0 0
[5637] = 0 0
[5638] = 0 0
[5639] = 0 0
[5640] = 0 0
[5641] = 0 0
[5642] = 0 0
[5643] = 0 0
[5644] = 0 0
[5645] = 0 0
[5646] = 0 0
[5647] = 0 0
[5648] = 0 0
[5649] = 0 0
[5650] = 0 0
[5651] = 0 0
[5652] = 0 0
[5653] = 0 0
[5654] = 0 0
[5655] = 0 0
[5656] = 22791 22791
[5657] = 22791 22791
[5658] = 22791 22791
[5659] = 22791 22791
[5660] = 22791 22791
[5661] = 22791 22791
[5662] = 22791 22791
[5663] = 22791 22791
[5664] = 22791 22791
[5665] = 22791 22791
[5666] = 22791 22791
[5667] = 22791 22791
[5668] = 22791 22791
[5669] = 22791 22791
[5670] = 22791 22791
[5671] = 22791 22791
[5672] = 22791 22791
[5673] = 22791 22791
[5674] = 22791 22791
[5675] = 22791 22791
[5676] = 22791 22791
[5677] = 22791 22791
[5678] = 22791 22791
[5679] = 22791 22791
[5680] = 22791 22791
[5681] = 22791 22791
[5682] = 22791 22791
[5683] = 22791 22791
[5684] = 22791 22791
[5685] = 22791 22791
[5686] = 22791 22791
[5687] = 22791 22791
[5688] = 22791 22791
[5689] = 22791 22791
[5690] = 22791 22791
[5691] = 22791 22791
[5692] = 22791 22791
[5693] = 22791 22791
[5694] = 22791 22791
[5695] = 22791 22791
[5696] = 22791 22791
[5697] = 0 0
[5698] = 0 0
[5699] = 0 0
[5700] = 0 0
[5701] = 0 0
[5702] = 0 0
[5703] = 0 0
[5704] = 0 0
[5705] = 0 0
[5706] = 0 0
[5707] = 0 0
[5708] = 0 0
[5709] = 0 0
[5710] = 0 0
[5711] = 0 0
[5712] = 0 0
[5713] = 0 0
[5714] = 0 0
[5715] = 0 0
[5716] = 0 0
[5717] = 0 0
[5718] = 0 0
[5719] = 0 0
[5720] = 0 0
[5721] = 0 0
[5722] = 0 0
[5723] = 0 0
[5724] = 0 0
[5725] = 0 0
[5726] = 0 0
[5727] = 0 0
[5728] = 0 0
[5729] = 0 0
[5730] = 0 0
[5731] = 0 0
[5732] = 0 0
[5733] = 0 0
[5734] = 0 0
[5735] = 0 0
[5736] = 0 0
[5737] = 0 0
[5738] = 22791 22791
[5739] = 22791 22791
[5740] = 22791 22791
[5741] = 22791 22791
[5742] = 22791 22791
[5743] = 22791 22791
[5744] = 22791 22791
[5745] = 22791 22791
[5746] = 22791 22791
[5747] = 22791 22791
[5748] = 22791 22791
[5749] = 22791 22791
[5750] = 22791 22791
[5751] = 22791 22791
[5752] = 22791 22791
[5753] = 22791 22791
[5754] = 22791 22791
[5755] = 22791 22791
[5756] = 22791 22791
[5757] = 22791 22791
[5758] = 22791 22791
[5759] = 22791 22791
[5760] = 22791 22791
[5761] = 22791 22791
[5762] = 22791 22791
[5763] = 22791 22791
[5764] = 22791 22791
[5765] = 22791 22791
[5766] = 22791 22791
[5767] = 22791 22791
[5768] = 22791 22791
[5769] = 22791 22791
[5770] = 22791 22791
[5771] = 22791 22791
[5772] = 22791 22791
[5773] = 22791 22791
[5774] = 22791 22791
[5775] = 22791 22791
[5776] = 22791 22791
[5777] = 22791 22791
[5778] = 0 0
[5779] = 0 0
[5780] = 0 0
[5781] = 0 0
[5782] = 0 0
[5783] = 0 0
[5784] = 0 0
[5785] = 0 0
[5786] = 0 0
[5787] = 0 0
[5788] = 0 0
[5789] = 0 0
[5790] = 0 0
[5791] = 0 0
[5792] = 0 0
[5793] = 0 0
[5794] = 0 0
[5795] = 0 0
[5796] = 0 0
[5797] = 0 0
[5798] = 0 0
[5799] = 0 0
[5800] = 0 0
[5801] = 0 0
[5802] = 0 0
[5803] = 0 0
[5804] = 0 0
[5805] = 0 0
[5806] = 0 0
[5807] = 0 0
[5808] = 0 0
[5809] = 0 0
[5810] = 0 0
[5811] = 0 0
[5812] = 0 0
[5813] = 0 0
[5814] = 0 0
[5815] = 0 0
[5816] = 0 0
[5817] = 0 0
[5818] = 0 0
[5819] = 22791 22791
[5820] = 22791 22791
[5821] = 22791 22791
[5822] = 22791 22791
[5823] = 22791 22791
[5824] = 22791 22791
[5825] = 22791 22791
[5826] = 22791 22791
[5827] = 22791 22791
[5828] = 22791 22791
[5829] = 22791 22791
[5830] = 22791 22791
[5831] = 22791 22791
[5832] = 22791 22791
[5833] = 22791 22791
[5834] = 22791 22791
[5835] = 22791 22791
[5836] = 22791 22791
[5837] = 22791 22791
[5838] = 22791 22791
[5839] = 22791 22791
[5840] = 22791 22791
[5841] = 22791 22791
[5842] = 22791 22791
[5843] = 22791 22791
[5844] = 22791 22791
[5845] = 22791 22791
[5846] = 22791 22791
[5847] = 22791 22791
[5848] = 22791 22791
[5849] = 22791 22791
[5850] = 22791 22791
[5851] = 22791 22791
[5852] = 22791 22791
[5853] = 22791 22791
[5854] = 22791 22791
[5855] = 22791 22791
[5856] = 22791 22791
[5857] = 22791 22791
[5858] = 22791 22791
[5859] = 22791 22791
[5860] = 0 0
[5861] = 0 0
[5862] = 0 0
[5863] = 0 0
[5864] = 0 0
[5865] = 0 0
[5866] = 0 0
[5867] = 0 0
[5868] = 0 0
[5869] = 0 0
[5870] = 0 0
[5871] = 0 0
[5872] = 0 0
[5873] = 0 0
[5874] = 0 0
[5875] = 0 0
[5876] = 0 0
[5877] = 0 0
[5878] = 0 0
[5879] = 0 0
[5880] = 0 0
[5881] = 0 0
[5882] = 0 0
[5883] = 0 0
[5884] = 0 0
[5885] = 0 0
[5886] = 0 0
[5887] = 0 0
[5888] = 0 0
[5889] = 0 0
[5890] = 0 0
[5891] = 0 0
[5892] = 0 0
[5893] = 0 0
[5894] = 0 0
[5895] = 0 0
[5896] = 0 0
[5897] = 0 0
[5898] = 0 0
[5899] = 0 0
[5900] = 0 0
[5901] = 22791 22791
[5902] = 22791 22791
[5903] = 22791 22791
[5904] = 22791 22791
[5905] = 22791 22791
[5906] = 22791 22791
[5907] = 22791 22791
[5908] = 22791 22791
[5909] = 22791 22791
[5910] = 22791 22791
[5911] = 22791 22791
[5912] = 22791 22791
[5913] = 22791 22791
[5914] = 22791 22791
[5915] = 22791 22791
[5916] = 22791 22791
[5917] = 22791 22791
[5918] = 22791 22791
[5919] = 22791 22791
[5920] = 22791 22791
[5921] = 22791 22791
[5922] = 22791 22791
[5923] = 22791 22791
[5924] = 22791 22791
[5925] = 22791 22791
[5926] = 22791 22791
[5927] = 22791 22791
[5928] = 22791 22791
[5929] = 22791 22791
[5930] = 22791 22791
[5931] = 22791 22791
[5932] = 22791 22791
[5933] = 22791 22791
[5934] = 22791 22791
[5935] = 22791 22791
[5936] = 22791 22791
[5937] = 22791 22791
[5938] = 22791 22791
[5939] = 22791 22791
[5940] = 22791 22791
[5941] = 22791 22791
[5942] = 0 0
[5943] = 0 0
[5944] = 0 0
[5945] = 0 0
[5946] = 0 0
[5947] = 0 0
[5948] = 0 0
[5949] = 0 0
[5950] = 0 0
[5951] = 0 0
[5952] = 0 0
[5953] = 0 0
[5954] = 0 0
[5955] = 0 0
[5956] = 0 0
[5957] = 0 0
[5958] = 0 0
[5959] = 0 0
[5960] = 0 0
[5961] = 0 0
[5962] = 0 0
[5963] = 0 0
[5964] = 0 0
[5965] = 0 0
[5966] = 0 0
[5967] = 0 0
[5968] = 0 0
[5969] = 0 0
[5970] = 0 0
[5971] = 0 0
[5972] = 0 0
[5973] = 0 0
[5974] = 0 0
[5975] = 0 0
[5976] = 0 0
[5977] = 0 0
[5978] = 0 0
[5979] = 0 0
[5980] = 0 0
[5981] = 0 0
[5982] = 0 0
[5983] = 22791 22791
[5984] = 22791 22791
[5985] = 22791 22791
[5986] = 22791 22791
[5987] = 22791 22791
[5988] = 22791 22791
[5989] = 22791 22791
[5990] = 22791 22791
[5991] = 22791 22791
[5992] = 22791 22791
[5993] = 22791 22791
[5994] = 22791 22791
[5995] = 22791 22791
[5996] = 22791 22791
[5997] = 22791 22791
[5998] = 22791 22791
[5999] = 22791 22791
[6000] = 22791 22791
[6001] = 22791 22791
[6002] = 22791 22791
[6003] = 22791 22791
[6004] = 22791 22791
[6005] = 22791 22791
[6006] = 22791 22791
[6007] = 22791 22791
[6008] = 22791 22791
[6009] = 22791 22791
[6010] = 22791 22791
[6011] = 22791 22791
[6012] = 22791 22791
[6013] = 22791 22791
[6014] = 22791 22791
[6015] = 22791 22791
[6016] = 22791 22791
[6017] = 22791 22791
[6018] = 22791 22791
[6019] = 22791 22791
[6020] = 22791 22791
[6021] = 22791 22791
[6022] = 22791 22791
[6023] = 22791 22791
[6024] = 0 0
[6025] = 0 0
[6026] = 0 0
[6027] = 0 0
[6028] = 0 0
[6029] = 0 0
[6030] = 0 0
[6031] = 0 0
[6032] = 0 0
[6033] = 0 0
[6034] = 0 0
[6035] = 0 0
[6036] = 0 0
[6037] = 0 0
[6038] = 0 0
[6039] = 0 0
[6040] = 0 0
[6041] = 0 0
[6042] = 0 0
[6043] = 0 0
[6044] = 0 0
[6045] = 0 0
[6046] = 0 0
[6047] = 0 0
[6048] = 0 0
[6049] = 0 0
[6050] = 0 0
[6051] = 0 0
[6052] = 0 0
[6053] = 0 0
[6054] = 0 0
[6055] = 0 0
[6056] = 0 0
[6057] = 0 0
[6058] = 0 0
[6059] = 0 0
[6060] = 0 0
[6061] = 0 0
[6062] = 0 0
[6063] = 0 0
[6064] = 0 0
[6065] = 22791 22791
[6066] = 22791 22791
[6067] = 22791 22791
[6068] = 22791 22791
[6069] = 22791 22791
[6070] = 22791 22791
[6071] = 22791 22791
[6072] = 22791 22791
[6073] = 22791 22791
[6074] = 22791 22791
[6075] = 22791 22791
[6076] = 22791 22791
[6077] = 22791 22791
[6078] = 22791 22791
[6079] = 22791 22791
[6080] = 22791 22791
[6081] = 22791 22791
[6082] = 22791 22791
[6083] = 22791 22791
[6084] = 22791 22791
[6085] = 22791 22791
[6086] = 22791 22791
[6087] = 22791 22791
[6088] = 22791 22791
[6089] = 22791 22791
[6090] = 22791 22791
[6091] = 22791 22791
[6092] = 22791 22791
[6093] = 22791 22791
[6094] = 22791 22791
[6095] = 22791 22791
[6096] = 22791 22791
[6097] = 22791 22791
[6098] = 22791 22791
[6099] = 22791 22791
[6100] = 22791 22791
[6101] = 22791 22791
[6102] = 22791 22791
[6103] = 22791 22791
[6104] = 22791 22791
[6105] = 0 0
[6106] = 0 0
[6107] = 0 0
[6108] = 0 0
[6109] = 0 0
[6110] = 0 0
[6111] = 0 0
[6112] = 0 0
[6113] = 0 0
[6114] = 0 0
[6115] = 0 0
[6116] = 0 0
[6117] = 0 0
[6118] = 0 0
[6119] = 0 0
[6120] = 0 0
[6121] = 0 0
[6122] = 0 0
[6123] = 0 0
[6124] = 0 0
[6125] = 0 0
[6126] = 0 0
[6127] = 0 0
[6128] = 0 0
[6129] = 0 0
[6130] = 0 0
[6131] = 0 0
[6132] = 0 0
[6133] = 0 0
[6134] = 0 0
[6135] = 0 0
[6136] = 0 0
[6137] = 0 0
[6138] = 0 0
[6139] = 0 0
[6140] = 0 0
[6141] = 0 0
[6142] = 0 0
[6143] = 0 0
[6144] = 0 0
[6145] = 0 0
[6146] = 22791 22791
[6147] = 22791 22791
[6148] = 22791 22791
[6149] = 22791 22791
[6150] = 22791 22791
[6151] = 22791 22791
[6152] = 22791 22791
[6153] = 22791 22791
[6154] = 22791 22791
[6155] = 22791 22791
[6156] = 22791 22791
[6157] = 22791 22791
[6158] = 22791 22791
[6159] = 22791 22791
[6160] = 22791 22791
[6161] = 22791 22791
[6162] = 22791 22791
[6163] = 22791 22791
[6164] = 22791 22791
[6165] = 22791 22791
[6166] = 22791 22791
[6167] = 22791 22791
[6168] = 22791 22791
[6169] = 22791 22791
[6170] = 22791 22791
[6171] = 22791 22791
[6172] = 22791 22791
[6173] = 22791 22791
[6174] = 22791 22791
[6175] = 22791 22791
[6176] = 22791 22791
[6177] = 22791 22791
[6178] = 22791 22791
[6179] = 22791 22791
[6180] = 22791 22791
[6181] = 22791 22791
[6182] = 22791 22791
[6183] = 22791 22791
[6184] = 22791 22791
[6185] = 22791 22791
[6186] = 22791 22791
[6187] = 0 0
[6188] = 0 0
[6189] = 0 0
[6190] = 0 0
[6191] = 0 0
[6192] = 0 0
[6193] = 0 0
[6194] = 0 0
[6195] = 0 0
[6196] = 0 0
[6197] = 0 0
[6198] = 0 0
[6199] = 0 0
[6200] = 0 0
[6201] = 0 0
[6202] = 0 0
[6203] = 0 0
[6204] = 0 0
[6205] = 0 0
[6206] = 0 0
[6207] = 0 0
[6208] = 0 0
[6209] = 0 0
[6210] = 0 0
[6211] = 0 0
[6212] = 0 0
[6213] = 0 0
[6214] = 0 0
[6215] = 0 0
[6216] = 0 0
[6217] = 0 0
[6218] = 0 0
[6219] = 0 0
[6220] = 0 0
[6221] = 0 0
[6222] = 0 0
[6223] = 0 0
[6224] = 0 0
[6225] = 0 0
[6226] = 0 0
[6227] = 0 0
[6228] = 22791 22791
[6229] = 22791 22791
[6230] = 22791 22791
[6231] = 22791 22791
[6232] = 22791 22791
[6233] = 22791 22791
[6234] = 22791 22791
[6235] = 22791 22791
[6236] = 22791 22791
[6237] = 22791 22791
[6238] = 22791 22791
[6239] = 22791 22791
[6240] = 22791 22791
[6241] = 22791 22791
[6242] = 22791 22791
[6243] = 22791 22791
[6244] = 22791 22791
[6245] = 22791 22791
[6246] = 22791 22791
[6247] = 22791 22791
[6248] = 22791 22791
[6249] = 22791 22791
[6250] = 22791 22791
[6251] = 22791 22791
[6252] = 22791 22791
[6253] = 22791 22791
[6254] = 22791 22791
[6255] = 22791 22791
[6256] = 22791 22791
[6257] = 22791 22791
[6258] = 22791 22791
[6259] = 22791 22791
[6260] = 22791 22791
[6261] = 22791 22791
[6262] = 22791 22791
[6263] = 22791 22791
[6264] = 22791 22791
[6265] = 22791 22791
[6266] = 22791 22791
[6267] = 22791 22791
[6268] = 22791 22791
[6269] = 0 0
[6270] = 0 0
[6271] = 0 0
[6272] = 0 0
[6273] = 0 0
[6274] = 0 0
[6275] = 0 0
[6276] = 0 0
[6277] = 0 0
[6278] = 0 0
[6279] = 0 0
[6280] = 0 0
[6281] = 0 0
[6282] = 0 0
[6283] = 0 0
[6284] = 0 0
[6285] = 0 0
[6286] = 0 0
[6287] = 0 0
[6288] = 0 0
[6289] = 0 0
[6290] = 0 0
[6291] = 0 0
[6292] = 0 0
[6293] = 0 0
[6294] = 0 0
[6295] = 0 0
[6296] = 0 0
[6297] = 0 0
[6298] = 0 0
[6299] = 0 0
[6300] = 0 0
[6301] = 0 0
[6302] = 0 0
[6303] = 0 0
[6304] = 0 0
[6305] = 0 0
[6306] = 0 0
[6307] = 0 0
[6308] = 0 0
[6309] = 0 0
[6310] = 22791 22791
[6311] = 22791 22791
[6312] = 22791 22791
[6313] = 22791 22791
[6314] = 22791 22791
[6315] = 22791 22791
[6316] = 22791 22791
[6317] = 22791 22791
[6318] = 22791 22791
[6319] = 22791 22791
[6320] = 22791 22791
[6321] = 22791 22791
[6322] = 22791 22791
[6323] = 22791 22791
[6324] = 22791 22791
[6325] = 22791 22791
[6326] = 22791 22791
[6327] = 22791 22791
[6328] = 22791 22791
[6329] = 22791 22791
[6330] = 22791 22791
[6331] = 22791 22791
[6332] = 22791 22791
[6333] = 22791 22791
[6334] = 22791 22791
[6335] = 22791 22791
[6336] = 22791 22791
[6337] = 22791 22791
[6338] = 22791 22791
[6339] = 22791 22791
[6340] = 22791 22791
[6341] = 22791 22791
[6342] = 22791 22791
[6343] = 22791 22791
[6344] = 22791 22791
[6345] = 22791 22791
[6346] = 22791 22791
[6347] = 22791 22791
[6348] = 22791 22791
[6349] = 22791 22791
[6350] = 22791 22791
[6351] = 0 0
[6352] = 0 0
[6353] = 0 0
[6354] = 0 0
[6355] = 0 0
[6356] = 0 0
[6357] = 0 0
[6358] = 0 0
[6359] = 0 0
[6360] = 0 0
[6361] = 0 0
[6362] = 0 0
[6363] = 0 0
[6364] = 0 0
[6365] = 0 0
[6366] = 0 0
[6367] = 0 0
[6368] = 0 0
[6369] = 0 0
[6370] = 0 0
[6371] = 0 0
[6372] = 0 0
[6373] = 0 0
[6374] = 0 0
[6375] = 0 0
[6376] = 0 0
[6377] = 0 0
[6378] = 0 0
[6379] = 0 0
[6380] = 0 0
[6381] = 0 0
[6382] = 0 0
[6383] = 0 0
[6384] = 0 0
[6385] = 0 0
[6386] = 0 0
[6387] = 0 0
[6388] = 0 0
[6389] = 0 0
[6390] = 0 0
[6391] = 0 0
[6392] = 22791 22791
[6393] = 22791 22791
[6394] = 22791 22791
[6395] = 22791 22791
[6396] = 22791 22791
[6397] = 22791 22791
[6398] = 22791 22791
[6399] = 22791 22791
[6400] = 22791 22791
[6401] = 22791 22791
[6402] = 22791 22791
[6403] = 22791 22791
[6404] = 22791 22791
[6405] = 22791 22791
[6406] = 22791 22791
[6407] = 22791 22791
[6408] = 22791 22791
[6409] = 22791 22791
[6410] = 22791 22791
[6411] = 22791 22791
[6412] = 22791 22791
[6413] = 22791 22791
[6414] = 22791 22791
[6415] = 22791 22791
[6416] = 22791 22791
[6417] = 22791 22791
[6418] = 22791 22791
[6419] = 22791 22791
[6420] = 22791 22791
[6421] = 22791 22791
[6422] = 22791 22791
[6423] = 22791 22791
[6424] = 22791 22791
[6425] = 22791 22791
[6426] = 22791 22791
[6427] = 22791 22791
[6428] = 22791 22791
[6429] = 22791 22791
[6430] = 22791 22791
[6431] = 22791 22791
[6432] = 0 0
[6433] = 0 0
[6434] = 0 0
[6435] = 0 0
[6436] = 0 0
[6437] = 0 0
[6438] = 0 0
[6439] = 0 0
[6440] = 0 0
[6441] = 0 0
[6442] = 0 0
[6443] = 0 0
[6444] = 0 0
[6445] = 0 0
[6446] = 0 0
[6447] = 0 0
[6448] = 0 0
[6449] = 0 0
[6450] = 0 0
[6451] = 0 0
[6452] = 0 0
[6453] = 0 0
[6454] = 0 0
[6455] = 0 0
[6456] = 0 0
[6457] = 0 0
[6458] = 0 0
[6459] = 0 0
[6460] = 0 0
[6461] = 0 0
[6462] = 0 0
[6463] = 0 0
[6464] = 0 0
[6465] = 0 0
[6466] = 0 0
[6467] = 0 0
[6468] = 0 0
[6469] = 0 0
[6470] = 0 0
[6471] = 0 0
[6472] = 0 0
[6473] = 22791 22791
[6474] = 22791 22791
[6475] = 22791 22791
[6476] = 22791 22791
[6477] = 22791 22791
[6478] = 22791 22791
[6479] = 22791 22791
[6480] = 22791 22791
[6481] = 22791 22791
[6482] = 22791 22791
[6483] = 22791 22791
[6484] = 22791 22791
[6485] = 22791 22791
[6486] = 22791 22791
[6487] = 22791 22791
[6488] = 22791 22791
[6489] = 22791 22791
[6490] = 22791 22791
[6491] = 22791 22791
[6492] = 22791 22791
[6493] = 22791 22791
[6494] = 22791 22791
[6495] = 22791 22791
[6496] = 22791 22791
[6497] = 22791 22791
[6498] = 22791 22791
[6499] = 22791 22791
[6500] = 22791 22791
[6501] = 22791 22791
[6502] = 22791 22791
[6503] = 22791 22791
[6504] = 22791 22791
[6505] = 22791 22791
[6506] = 22791 22791
[6507] = 22791 22791
[6508] = 22791 22791
[6509] = 22791 22791
[6510] = 22791 22791
[6511] = 22791 22791
[6512] = 22791 22791
[6513] = 22791 22791
[6514] = 0 0
[6515] = 0 0
[6516] = 0 0
[6517] = 0 0
[6518] = 0 0
[6519] = 0 0
[6520] = 0 0
[6521] = 0 0
[6522] = 0 0
[6523] = 0 0
[6524] = 0 0
[6525] = 0 0
[6526] = 0 0
[6527] = 0 0
[6528] = 0 0
[6529] = 0 0
[6530] = 0 0
[6531] = 0 0
[6532] = 0 0
[6533] = 0 0
[6534] = 0 0
[6535] = 0 0
[6536] = 0 0
[6537] = 0 0
[6538] = 0 0
[6539] = 0 0
[6540] = 0 0
[6541] = 0 0
[6542] = 0 0
[6543] = 0 0
[6544] = 0 0
[6545] = 0 0
[6546] = 0 0
[6547] = 0 0
[6548] = 0 0
[6549] = 0 0
[6550] = 0 0
[6551] = 0 0
[6552] = 0 0
[6553] = 0 0
[6554] = 0 0
[6555] = 22791 22791
[6556] = 22791 22791
[6557] = 22791 22791
[6558] = 22791 22791
[6559] = 22791 22791
[6560] = 22791 22791
[6561] = 22791 22791
[6562] = 22791 22791
[6563] = 22791 22791
[6564] = 22791 22791
[6565] = 22791 22791
[6566] = 22791 22791
[6567] = 22791 22791
[6568] = 22791 22791
[6569] = 22791 22791
[6570] = 22791 22791
[6571] = 22791 22791
[6572] = 22791 22791
[6573] = 22791 22791
[6574] = 22791 22791
[6575] = 22791 22791
[6576] = 22791 22791
[6577] = 22791 22791
[6578] = 22791 22791
[6579] = 22791 22791
[6580] = 22791 22791
[6581] = 22791 22791
[6582] = 22791 22791
[6583] = 22791 22791
[6584] = 22791 22791
[6585] = 22791 22791
[6586] = 22791 22791
[6587] = 22791 22791
[6588] = 22791 22791
[6589] = 22791 22791
[6590] = 22791 22791
[6591] = 22791 22791
[6592] = 22791 22791
[6593] = 22791 22791
[6594] = 22791 22791
[6595] = 22791 22791
[6596] = 0 0
[6597] = 0 0
[6598] = 0 0
[6599] = 0 0
[6600] = 0 0
[6601] = 0 0
[6602] = 0 0
[6603] = 0 0
[6604] = 0 0
[6605] = 0 0
[6606] = 0 0
[6607] = 0 0
[6608] = 0 0
[6609] = 0 0
[6610] = 0 0
[6611] = 0 0
[6612] = 0 0
[6613] = 0 0
[6614] = 0 0
[6615] = 0 0
[6616] = 0 0
[6617] = 0 0
[6618] = 0 0
[6619] = 0 0
[6620] = 0 0
[6621] = 0 0
[6622] = 0 0
[6623] = 0 0
[6624] = 0 0
[6625] = 0 0
[6626] = 0 0
[6627] = 0 0
[6628] = 0 0
[6629] = 0 0
[6630] = 0 0
[6631] = 0 0
[6632] = 0 0
[6633] = 0 0
[6634] = 0 0
[6635] = 0 0
[6636] = 0 0
[6637] = 22791 22791
[6638] = 22791 22791
[6639] = 22791 22791
[6640] = 22791 22791
[6641] = 22791 22791
[6642] = 22791 22791
[6643] = 22791 22791
[6644] = 22791 22791
[6645] = 22791 22791
[6646] = 22791 22791
[6647] = 22791 22791
[6648] = 22791 22791
[6649] = 22791 22791
[6650] = 22791 22791
[6651] = 22791 22791
[6652] = 22791 22791
[6653] = 22791 22791
[6654] = 22791 22791
[6655] = 22791 22791
[6656] = 22791 22791
[6657] = 22791 22791
[6658] = 22791 22791
[6659] = 22791 22791
[6660] = 22791 22791
[6661] = 22791 22791
[6662] = 22791 22791
[6663] = 22791 22791
[6664] = 22791 22791
[6665] = 22791 22791
[6666] = 22791 22791
[6667] = 22791 22791
[6668] = 22791 22791
[6669] = 22791 22791
[6670] = 22791 22791
[6671] = 22791 22791
[6672] = 22791 22791
[6673] = 22791 22791
[6674] = 22791 22791
[6675] = 22791 22791
[6676] = 22791 22791
[6677] = 0 0
[6678] = 0 0
[6679] = 0 0
[6680] = 0 0
[6681] = 0 0
[6682] = 0 0
[6683] = 0 0
[6684] = 0 0
[6685] = 0 0
[6686] = 0 0
[6687] = 0 0
[6688] = 0 0
[6689] = 0 0
[6690] = 0 0
[6691] = 0 0
[6692] = 0 0
[6693] = 0 0
[6694] = 0 0
[6695] = 0 0
[6696] = 0 0
[6697] = 0 0
[6698] = 0 0
[6699] = 0 0
[6700] = 0 0
[6701] = 0 0
[6702] = 0 0
[6703] = 0 0
[6704] = 0 0
[6705] = 0 0
[6706] = 0 0
[6707] = 0 0
[6708] = 0 0
[6709] = 0 0
[6710] = 0 0
[6711] = 0 0
[6712] = 0 0
[6713] = 0 0
[6714] = 0 0
[6715] = 0 0
[6716] = 0 0
[6717] = 0 0
[6718] = 22791 22791
[6719] = 22791 22791
[6720] = 22791 22791
[6721] = 22791 22791
[6722] = 22791 22791
[6723] = 22791 22791
[6724] = 22791 22791
[6725] = 22791 22791
[6726] = 22791 22791
[6727] = 22791 22791
[6728] = 22791 22791
[6729] = 22791 22791
[6730] = 22791 22791
[6731] = 22791 22791
[6732] = 22791 22791
[6733] = 22791 22791
[6734] = 22791 22791
[6735] = 22791 22791
[6736] = 22791 22791
[6737] = 22791 22791
[6738] = 22791 22791
[6739] = 22791 22791
[6740] = 22791 22791
[6741] = 22791 22791
[6742] = 22791 22791
[6743] = 22791 22791
[6744] = 22791 22791
[6745] = 22791 22791
[6746] = 22791 22791
[6747] = 22791 22791
[6748] = 22791 22791
[6749] = 22791 22791
[6750] = 22791 22791
[6751] = 22791 22791
[6752] = 22791 22791
[6753] = 22791 22791
[6754] = 22791 22791
[6755] = 22791 22791
[6756] = 22791 22791
[6757] = 22791 22791
[6758] = 22791 22791
[6759] = 0 0
[6760] = 0 0
[6761] = 0 0
[6762] = 0 0
[6763] = 0 0
[6764] = 0 0
[6765] = 0 0
[6766] = 0 0
[6767] = 0 0
[6768] = 0 0
[6769] = 0 0
[6770] = 0 0
[6771] = 0 0
[6772] = 0 0
[6773] = 0 0
[6774] = 0 0
[6775] = 0 0
[6776] = 0 0
[6777] = 0 0
[6778] = 0 0
[6779] = 0 0
[6780] = 0 0
[6781] = 0 0
[6782] = 0 0
[6783] = 0 0
[6784] = 0 0
[6785] = 0 0
[6786] = 0 0
[6787] = 0 0
[6788] = 0 0
[6789] = 0 0
[6790] = 0 0
[6791] = 0 0
[6792] = 0 0
[6793] = 0 0
[6794] = 0 0
[6795] = 0 0
[6796] = 0 0
[6797] = 0 0
[6798] = 0 0
[6799] = 0 0
[6800] = 22791 22791
[6801] = 22791 22791
[6802] = 22791 22791
[6803] = 22791 22791
[6804] = 22791 22791
[6805] = 22791 22791
[6806] = 22791 22791
[6807] = 22791 22791
[6808] = 22791 22791
[6809] = 22791 22791
[6810] = 22791 22791
[6811] = 22791 22791
[6812] = 22791 22791
[6813] = 22791 22791
[6814] = 22791 22791
[6815] = 22791 22791
[6816] = 22791 22791
[6817] = 22791 22791
[6818] = 22791 22791
[6819] = 22791 22791
[6820] = 22791 22791
[6821] = 22791 22791
[6822] = 22791 22791
[6823] = 22791 22791
[6824] = 22791 22791
[6825] = 22791 22791
[6826] = 22791 22791
[6827] = 22791 22791
[6828] = 22791 22791
[6829] = 22791 22791
[6830] = 22791 22791
[6831] = 22791 22791
[6832] = 22791 22791
[6833] = 22791 22791
[6834] = 22791 22791
[6835] = 22791 22791
[6836] = 22791 22791
[6837] = 22791 22791
[6838] = 22791 22791
[6839] = 22791 22791
[6840] = 22791 22791
[6841] = 0 0
[6842] = 0 0
[6843] = 0 0
[6844] = 0 0
[6845] = 0 0
[6846] = 0 0
[6847] = 0 0
[6848] = 0 0
[6849] = 0 0
[6850] = 0 0
[6851] = 0 0
[6852] = 0 0
[6853] = 0 0
[6854] = 0 0
[6855] = 0 0
[6856] = 0 0
[6857] = 0 0
[6858] = 0 0
[6859] = 0 0
[6860] = 0 0
[6861] = 0 0
[6862] = 0 0
[6863] = 0 0
[6864] = 0 0
[6865] = 0 0
[6866] = 0 0
[6867] = 0 0
[6868] = 0 0
[6869] = 0 0
[6870] = 0 0
[6871] = 0 0
[6872] = 0 0
[6873] = 0 0
[6874] = 0 0
[6875] = 0 0
[6876] = 0 0
[6877] = 0 0
[6878] = 0 0
[6879] = 0 0
[6880] = 0 0
[6881] = 0 0
[6882] = 22791 22791
[6883] = 22791 22791
[6884] = 22791 22791
[6885] = 22791 22791
[6886] = 22791 22791
[6887] = 22791 22791
[6888] = 22791 22791
[6889] = 22791 22791
[6890] = 22791 22791
[6891] = 22791 22791
[6892] = 22791 22791
[6893] = 22791 22791
[6894] = 22791 22791
[6895] = 22791 22791
[6896] = 22791 22791
[6897] = 22791 22791
[6898] = 22791 22791
[6899] = 22791 22791
[6900] = 22791 22791
[6901] = 22791 22791
[6902] = 22791 22791
[6903] = 22791 22791
[6904] = 22791 22791
[6905] = 22791 22791
[6906] = 22791 22791
[6907] = 22791 22791
[6908] = 22791 22791
[6909] = 22791 22791
[6910] = 22791 22791
[6911] = 22791 22791
[6912] = 22791 22791
[6913] = 22791 22791
[6914] = 22791 22791
[6915] = 22791 22791
[6916] = 22791 22791
[6917] = 22791 22791
[6918] = 22791 22791
[6919] = 22791 22791
[6920] = 22791 22791
[6921] = 22791 22791
[6922] = 22791 22791
[6923] = 0 0
[6924] = 0 0
[6925] = 0 0
[6926] = 0 0
[6927] = 0 0
[6928] = 0 0
[6929] = 0 0
[6930] = 0 0
[6931] = 0 0
[6932] = 0 0
[6933] = 0 0
[6934] = 0 0
[6935] = 0 0
[6936] = 0 0
[6937] = 0 0
[6938] = 0 0
[6939] = 0 0
[6940] = 0 0
[6941] = 0 0
[6942] = 0 0
[6943] = 0 0
[6944] = 0 0
[6945] = 0 0
[6946] = 0 0
[6947] = 0 0
[6948] = 0 0
[6949] = 0 0
[6950] = 0 0
[6951] = 0 0
[6952] = 0 0
[6953] = 0 0
[6954] = 0 0
[6955] = 0 0
[6956] = 0 0
[6957] = 0 0
[6958] = 0 0
[6959] = 0 0
[6960] = 0 0
[6961] = 0 0
[6962] = 0 0
[6963] = 0 0
[6964] = 22791 22791
[6965] = 22791 22791
[6966] = 22791 22791
[6967] = 22791 22791
[6968] = 22791 22791
[6969] = 22791 22791
[6970] = 22791 22791
[6971] = 22791 22791
[6972] = 22791 22791
[6973] = 22791 22791
[6974] = 22791 22791
[6975] = 22791 22791
[6976] = 22791 22791
[6977] = 22791 22791
[6978] = 22791 22791
[6979] = 22791 22791
[6980] = 22791 22791
[6981] = 22791 22791
[6982] = 22791 22791
[6983] = 22791 22791
[6984] = 22791 22791
[6985] = 22791 22791
[6986] = 22791 22791
[6987] = 22791 22791
[6988] = 22791 22791
[6989] = 22791 22791
[6990] = 22791 22791
[6991] = 22791 22791
[6992] = 22791 22791
[6993] = 22791 22791
[6994] = 22791 22791
[6995] = 22791 22791
[6996] = 22791 22791
[6997] = 22791 22791
[6998] = 22791 22791
[6999] = 22791 22791
[7000] = 22791 22791
[7001] = 22791 22791
[7002] = 22791 22791
[7003] = 22791 22791
[7004] = 0 0
[7005] = 0 0
[7006] = 0 0
[7007] = 0 0
[7008] = 0 0
[7009] = 0 0
[7010] = 0 0
[7011] = 0 0
[7012] = 0 0
[7013] = 0 0
[7014] = 0 0
[7015] = 0 0
[7016] = 0 0
[7017] = 0 0
[7018] = 0 0
[7019] = 0 0
[7020] = 0 0
[7021] = 0 0
[7022] = 0 0
[7023] = 0 0
[7024] = 0 0
[7025] = 0 0
[7026] = 0 0
[7027] = 0 0
[7028] = 0 0
[7029] = 0 0
[7030] = 0 0
[7031] = 0 0
[7032] = 0 0
[7033] = 0 0
[7034] = 0 0
[7035] = 0 0
[7036] = 0 0
[7037] = 0 0
[7038] = 0 0
[7039] = 0 0
[7040] = 0 0
[7041] = 0 0
[7042] = 0 0
[7043] = 0 0
[7044] = 0 0
[7045] = 22791 22791
[7046] = 22791 22791
[7047] = 22791 22791
[7048] = 22791 22791
[7049] = 22791 22791
[7050] = 22791 22791
[7051] = 22791 22791
[7052] = 22791 22791
[7053] = 22791 22791
[7054] = 22791 22791
[7055] = 22791 22791
[7056] = 22791 22791
[7057] = 22791 22791
[7058] = 22791 22791
[7059] = 22791 22791
[7060] = 22791 22791
[7061] = 22791 22791
[7062] = 22791 22791
[7063] = 22791 22791
[7064] = 22791 22791
[7065] = 22791 22791
[7066] = 22791 22791
[7067] = 22791 22791
[7068] = 22791 22791
[7069] = 22791 22791
[7070] = 22791 22791
[7071] = 22791 22791
[7072] = 22791 22791
[7073] = 22791 22791
[7074] = 22791 22791
[7075] = 22791 22791
[7076] = 22791 22791
[7077] = 22791 22791
[7078] = 22791 22791
[7079] = 22791 22791
[7080] = 22791 22791
[7081] = 22791 22791
[7082] = 22791 22791
[7083] = 22791 22791
[7084] = 22791 22791
[7085] = 22791 22791
[7086] = 0 0
[7087] = 0 0
[7088] = 0 0
[7089] = 0 0
[7090] = 0 0
[7091] = 0 0
[7092] = 0 0
[7093] = 0 0
[7094] = 0 0
[7095] = 0 0
[7096] = 0 0
[7097] = 0 0
[7098] = 0 0
[7099] = 0 0
[7100] = 0 0
[7101] = 0 0
[7102] = 0 0
[7103] = 0 0
[7104] = 0 0
[7105] = 0 0
[7106] = 0 0
[7107] = 0 0
[7108] = 0 0
[7109] = 0 0
[7110] = 0 0
[7111] = 0 0
[7112] = 0 0
[7113] = 0 0
[7114] = 0 0
[7115] = 0 0
[7116] = 0 0
[7117] = 0 0
[7118] = 0 0
[7119] = 0 0
[7120] = 0 0
[7121] = 0 0
[7122] = 0 0
[7123] = 0 0
[7124] = 0 0
[7125] = 0 0
[7126] = 0 0
[7127] = 22683 22683
[7128] = 22679 22679
[7129] = 22675 22675
[7130] = 22672 22672
[7131] = 22668 22668
[7132] = 22664 22664
[7133] = 22660 22660
[7134] = 22656 22656
[7135] = 22652 22652
[7136] = 22649 22649
[7137] = 22644 22644
[7138] = 22641 22641
[7139] = 22637 22637
[7140] = 22633 22633
[7141] = 22629 22629
[7142] = 22625 22625
[7143] = 22621 22621
[7144] = 22617 22617
[7145] = 22614 22614
[7146] = 22610 22610
[7147] = 22606 22606
[7148] = 22602 22602
[7149] = 22598 22598
[7150] = 22594 22594
[7151] = 22591 22591
[7152] = 22587 22587
[7153] = 22583 22583
[7154] = 22579 22579
[7155] = 22575 22575
[7156] = 22571 22571
[7157] = 22567 22567
[7158] = 22564 22564
[7159] = 22559 22559
[7160] = 22556 22556
[7161] = 22552 22552
[7162] = 22548 22548
[7163] = 22544 22544
[7164] = 22540 22540
[7165] = 22536 22536
[7166] = 22533 22533
[7167] = 22529 22529
[7168] = 0 0
[7169] = 0 0
[7170] = 0 0
[7171] = 0 0
[7172] = 0 0
[7173] = 0 0
[7174] = 0 0
[7175] = 0 0
[7176] = 0 0
[7177] = 0 0
[7178] = 0 0
[7179] = 0 0
[7180] = 0 0
[7181] = 0 0
[7182] = 0 0
[7183] = 0 0
[7184] = 0 0
[7185] = 0 0
[7186] = 0 0
[7187] = 0 0
[7188] = 0 0
[7189] = 0 0
[7190] = 0 0
[7191] = 0 0
[7192] = 0 0
[7193] = 0 0
[7194] = 0 0
[7195] = 0 0
[7196] = 0 0
[7197] = 0 0
[7198] = 0 0
[7199] = 0 0
[7200] = 0 0
[7201] = 0 0
[7202] = 0 0
[7203] = 0 0
[7204] = 0 0
[7205] = 0 0
[7206] = 0 0
[7207] = 0 0
[7208] = 0 0
[7209] = 22366 22366
[7210] = 22363 22363
[7211] = 22359 22359
[7212] = 22355 22355
[7213] = 22351 22351
[7214] = 22347 22347
[7215] = 22344 22344
[7216] = 22339 22339
[7217] = 22336 22336
[7218] = 22332 22332
[7219] = 22328 22328
[7220] = 22324 22324
[7221] = 22320 22320
[7222] = 22316 22316
[7223] = 22313 22313
[7224] = 22309 22309
[7225] = 22305 22305
[7226] = 22301 22301
[7227] = 22297 22297
[7228] = 22293 22293
[7229] = 22289 22289
[7230] = 22286 22286
[7231] = 22281 22281
[7232] = 22278 22278
[7233] = 22274 22274
[7234] = 22270 22270
[7235] = 22266 22266
[7236] = 22262 22262
[7237] = 22259 22259
[7238] = 22255 22255
[7239] = 22251 22251
[7240] = 22247 22247
[7241] = 22243 22243
[7242] = 22239 22239
[7243] = 22236 22236
[7244] = 22231 22231
[7245] = 22228 22228
[7246] = 22224 22224
[7247] = 22220 22220
[7248] = 22216 22216
[7249] = 22212 22212
[7250] = 0 0
[7251] = 0 0
[7252] = 0 0
[7253] = 0 0
[7254] = 0 0
[7255] = 0 0
[7256] = 0 0
[7257] = 0 0
[7258] = 0 0
[7259] = 0 0
[7260] = 0 0
[7261] = 0 0
[7262] = 0 0
[7263] = 0 0
[7264] = 0 0
[7265] = 0 0
[7266] = 0 0
[7267] = 0 0
[7268] = 0 0
[7269] = 0 0
[7270] = 0 0
[7271] = 0 0
[7272] = 0 0
[7273] = 0 0
[7274] = 0 0
[7275] = 0 0
[7276] = 0 0
[7277] = 0 0
[7278] = 0 0
[7279] = 0 0
[7280] = 0 0
[7281] = 0 0
[7282] = 0 0
[7283] = 0 0
[7284] = 0 0
[7285] = 0 0
[7286] = 0 0
[7287] = 0 0
[7288] = 0 0
[7289] = 0 0
[7290] = 0 0
[7291] = 22050 22050
[7292] = 22046 22046
[7293] = 22043 22043
[7294] = 22038 22038
[7295] = 22035 22035
[7296] = 22031 22031
[7297] = 22027 22027
[7298] = 22023 22023
[7299] = 22019 22019
[7300] = 22015 22015
[7301] = 22011 22011
[7302] = 22008 22008
[7303] = 22003 22003
[7304] = 22000 22000
[7305] = 21996 21996
[7306] = 21992 21992
[7307] = 21988 21988
[7308] = 21985 21985
[7309] = 21981 21981
[7310] = 21977 21977
[7311] = 21973 21973
[7312] = 21969 21969
[7313] = 21965 21965
[7314] = 21961 21961
[7315] = 21958 21958
[7316] = 21953 21953
[7317] = 21950 21950
[7318] = 21946 21946
[7319] = 21942 21942
[7320] = 21938 21938
[7321] = 21934 21934
[7322] = 21930 21930
[7323] = 21926 21926
[7324] = 21923 21923
[7325] = 21919 21919
[7326] = 21915 21915
[7327] = 21911 21911
[7328] = 21907 21907
[7329] = 21903 21903
[7330] = 21900 21900
[7331] = 0 0
[7332] = 0 0
[7333] = 0 0
[7334] = 0 0
[7335] = 0 0
[7336] = 0 0
[7337] = 0 0
[7338] = 0 0
[7339] = 0 0
[7340] = 0 0
[7341] = 0 0
[7342] = 0 0
[7343] = 0 0
[7344] = 0 0
[7345] = 0 0
[7346] = 0 0
[7347] = 0 0
[7348] = 0 0
[7349] = 0 0
[7350] = 0 0
[7351] = 0 0
[7352] = 0 0
[7353] = 0 0
[7354] = 0 0
[7355] = 0 0
[7356] = 0 0
[7357] = 0 0
[7358] = 0 0
[7359] = 0 0
[7360] = 0 0
[7361] = 0 0
[7362] = 0 0
[7363] = 0 0
[7364] = 0 0
[7365] = 0 0
[7366] = 0 0
[7367] = 0 0
[7368] = 0 0
[7369] = 0 0
[7370] = 0 0
[7371] = 0 0
[7372] = 21737 21737
[7373] = 21733 21733
[7374] = 21730 21730
[7375] = 21726 21726
[7376] = 21722 21722
[7377] = 21718 21718
[7378] = 21714 21714
[7379] = 21710 21710
[7380] = 21707 21707
[7381] = 21703 21703
[7382] = 21699 21699
[7383] = 21695 21695
[7384] = 21691 21691
[7385] = 21687 21687
[7386] = 21683 21683
[7387] = 21680 21680
[7388] = 21675 21675
[7389] = 21672 21672
[7390] = 21668 21668
[7391] = 21664 21664
[7392] = 21660 21660
[7393] = 21656 21656
[7394] = 21652 21652
[7395] = 21649 21649
[7396] = 21645 21645
[7397] = 21641 21641
[7398] = 21637 21637
[7399] = 21633 21633
[7400] = 21630 21630
[7401] = 21625 21625
[7402] = 21622 21622
[7403] = 21618 21618
[7404] = 21614 21614
[7405] = 21610 21610
[7406] = 21606 21606
[7407] = 21602 21602
[7408] = 21598 21598
[7409] = 21595 21595
[7410] = 21590 21590
[7411] = 21587 21587
[7412] = 21583 21583
[7413] = 0 0
[7414] = 0 0
[7415] = 0 0
[7416] = 0 0
[7417] = 0 0
[7418] = 0 0
[7419] = 0 0
[7420] = 0 0
[7421] = 0 0
[7422] = 0 0
[7423] = 0 0
[7424] = 0 0
[7425] = 0 0
[7426] = 0 0
[7427] = 0 0
[7428] = 0 0
[7429] = 0 0
[7430] = 0 0
[7431] = 0 0
[7432] = 0 0
[7433] = 0 0
[7434] = 0 0
[7435] = 0 0
[7436] = 0 0
[7437] = 0 0
[7438] = 0 0
[7439] = 0 0
[7440] = 0 0
[7441] = 0 0
[7442] = 0 0
[7443] = 0 0
[7444] = 0 0
[7445] = 0 0
[7446] = 0 0
[7447] = 0 0
[7448] = 0 0
[7449] = 0 0
[7450] = 0 0
[7451] = 0 0
[7452] = 0 0
[7453] = 0 0
[7454] = 21421 21421
[7455] = 21417 21417
[7456] = 21413 21413
[7457] = 21409 21409
[7458] = 21405 21405
[7459] = 21402 21402
[7460] = 21397 21397
[7461] = 21394 21394
[7462] = 21390 21390
[7463] = 21386 21386
[7464] = 21382 21382
[7465] = 21378 21378
[7466] = 21375 21375
[7467] = 21371 21371
[7468] = 21367 21367
[7469] = 21363 21363
[7470] = 21359 21359
[7471] = 21355 21355
[7472] = 21352 21352
[7473] = 21347 21347
[7474] = 21344 21344
[7475] = 21340 21340
[7476] = 21336 21336
[7477] = 21332 21332
[7478] = 21328 21328
[7479] = 21324 21324
[7480] = 21320 21320
[7481] = 21317 21317
[7482] = 21313 21313
[7483] = 21309 21309
[7484] = 21305 21305
[7485] = 21301 21301
[7486] = 21297 21297
[7487] = 21294 21294
[7488] = 21289 21289
[7489] = 21286 21286
[7490] = 21282 21282
[7491] = 21278 21278
[7492] = 21274 21274
[7493] = 21270 21270
[7494] = 21267 21267
[7495] = 0 0
[7496] = 0 0
[7497] = 0 0
[7498] = 0 0
[7499] = 0 0
[7500] = 0 0
[7501] = 0 0
[7502] = 0 0
[7503] = 0 0
[7504] = 0 0
[7505] = 0 0
[7506] = 0 0
[7507] = 0 0
[7508] = 0 0
[7509] = 0 0
[7510] = 0 0
[7511] = 0 0
[7512] = 0 0
[7513] = 0 0
[7514] = 0 0
[7515] = 0 0
[7516] = 0 0
[7517] = 0 0
[7518] = 0 0
[7519] = 0 0
[7520] = 0 0
[7521] = 0 0
[7522] = 0 0
[7523] = 0 0
[7524] = 0 0
[7525] = 0 0
[7526] = 0 0
[7527] = 0 0
[7528] = 0 0
[7529] = 0 0
[7530] = 0 0
[7531] = 0 0
[7532] = 0 0
[7533] = 0 0
[7534] = 0 0
[7535] = 0 0
[7536] = 21104 21104
[7537] = 21100 21100
[7538] = 21097 21097
[7539] = 21093 21093
[7540] = 21089 21089
[7541] = 21085 21085
[7542] = 21081 21081
[7543] = 21077 21077
[7544] = 21074 21074
[7545] = 21069 21069
[7546] = 21066 21066
[7547] = 21062 21062
[7548] = 21058 21058
[7549] = 21054 21054
[7550] = 21050 21050
[7551] = 21046 21046
[7552] = 21042 21042
[7553] = 21039 21039
[7554] = 21035 21035
[7555] = 21031 21031
[7556] = 21027 21027
[7557] = 21023 21023
[7558] = 21019 21019
[7559] = 21016 21016
[7560] = 21012 21012
[7561] = 21008 21008
[7562] = 21004 21004
[7563] = 21000 21000
[7564] = 20996 20996
[7565] = 20992 20992
[7566] = 20989 20989
[7567] = 20984 20984
[7568] = 20981 20981
[7569] = 20977 20977
[7570] = 20973 20973
[7571] = 20969 20969
[7572] = 20965 20965
[7573] = 20961 20961
[7574] = 20958 20958
[7575] = 20954 20954
[7576] = 20950 20950
[7577] = 0 0
[7578] = 0 0
[7579] = 0 0
[7580] = 0 0
[7581] = 0 0
[7582] = 0 0
[7583] = 0 0
[7584] = 0 0
[7585] = 0 0
[7586] = 0 0
[7587] = 0 0
[7588] = 0 0
[7589] = 0 0
[7590] = 0 0
[7591] = 0 0
[7592] = 0 0
[7593] = 0 0
[7594] = 0 0
[7595] = 0 0
[7596] = 0 0
[7597] = 0 0
[7598] = 0 0
[7599] = 0 0
[7600] = 0 0
[7601] = 0 0
[7602] = 0 0
[7603] = 0 0
[7604] = 0 0
[7605] = 0 0
[7606] = 0 0
[7607] = 0 0
[7608] = 0 0
[7609] = 0 0
[7610] = 0 0
[7611] = 0 0
[7612] = 0 0
[7613] = 0 0
[7614] = 0 0
[7615] = 0 0
[7616] = 0 0
[7617] = 0 0
[7618] = 20788 20788
[7619] = 20784 20784
[7620] = 20780 20780
[7621] = 20776 20776
[7622] = 20772 20772
[7623] = 20768 20768
[7624] = 20764 20764
[7625] = 20761 20761
[7626] = 20757 20757
[7627] = 20753 20753
[7628] = 20749 20749
[7629] = 20746 20746
[7630] = 20741 20741
[7631] = 20738 20738
[7632] = 20734 20734
[7633] = 20730 20730
[7634] = 20726 20726
[7635] = 20722 20722
[7636] = 20718 20718
[7637] = 20714 20714
[7638] = 20711 20711
[7639] = 20706 20706
[7640] = 20703 20703
[7641] = 20699 20699
[7642] = 20695 20695
[7643] = 20691 20691
[7644] = 20687 20687
[7645] = 20683 20683
[7646] = 20680 20680
[7647] = 20676 20676
[7648] = 20672 20672
[7649] = 20668 20668
[7650] = 20664 20664
[7651] = 20661 20661
[7652] = 20656 20656
[7653] = 20653 20653
[7654] = 20649 20649
[7655] = 20645 20645
[7656] = 20641 20641
[7657] = 20637 20637
[7658] = 0 0
[7659] = 0 0
[7660] = 0 0
[7661] = 0 0
[7662] = 0 0
[7663] = 0 0
[7664] = 0 0
[7665] = 0 0
[7666] = 0 0
[7667] = 0 0
[7668] = 0 0
[7669] = 0 0
[7670] = 0 0
[7671] = 0 0
[7672] = 0 0
[7673] = 0 0
[7674] = 0 0
[7675] = 0 0
[7676] = 0 0
[7677] = 0 0
[7678] = 0 0
[7679] = 0 0
[7680] = 0 0
[7681] = 0 0
[7682] = 0 0
[7683] = 0 0
[7684] = 0 0
[7685] = 0 0
[7686] = 0 0
[7687] = 0 0
[7688] = 0 0
[7689] = 0 0
[7690] = 0 0
[7691] = 0 0
[7692] = 0 0
[7693] = 0 0
[7694] = 0 0
[7695] = 0 0
[7696] = 0 0
[7697] = 0 0
[7698] = 0 0
[7699] = 20475 20475
[7700] = 20471 20471
[7701] = 20468 20468
[7702] = 20463 20463
[7703] = 20460 20460
[7704] = 20456 20456
[7705] = 20452 20452
[7706] = 20448 20448
[7707] = 20444 20444
[7708] = 20440 20440
[7709] = 20436 20436
[7710] = 20433 20433
[7711] = 20428 20428
[7712] = 20425 20425
[7713] = 20421 20421
[7714] = 20417 20417
[7715] = 20413 20413
[7716] = 20410 20410
[7717] = 20406 20406
[7718] = 20402 20402
[7719] = 20398 20398
[7720] = 20394 20394
[7721] = 20390 20390
[7722] = 20386 20386
[7723] = 20383 20383
[7724] = 20378 20378
[7725] = 20375 20375
[7726] = 20371 20371
[7727] = 20367 20367
[7728] = 20363 20363
[7729] = 20359 20359
[7730] = 20355 20355
[7731] = 20351 20351
[7732] = 20348 20348
[7733] = 20344 20344
[7734] = 20340 20340
[7735] = 20336 20336
[7736] = 20332 20332
[7737] = 20328 20328
[7738] = 20325 20325
[7739] = 20320 20320
[7740] = 0 0
[7741] = 0 0
[7742] = 0 0
[7743] = 0 0
[7744] = 0 0
[7745] = 0 0
[7746] = 0 0
[7747] = 0 0
[7748] = 0 0
[7749] = 0 0
[7750] = 0 0
[7751] = 0 0
[7752] = 0 0
[7753] = 0 0
[7754] = 0 0
[7755] = 0 0
[7756] = 0 0
[7757] = 0 0
[7758] = 0 0
[7759] = 0 0
[7760] = 0 0
[7761] = 0 0
[7762] = 0 0
[7763] = 0 0
[7764] = 0 0
[7765] = 0 0
[7766] = 0 0
[7767] = 0 0
[7768] = 0 0
[7769] = 0 0
[7770] = 0 0
[7771] = 0 0
[7772] = 0 0
[7773] = 0 0
[7774] = 0 0
[7775] = 0 0
[7776] = 0 0
[7777] = 0 0
[7778] = 0 0
[7779] = 0 0
[7780] = 0 0
[7781] = 20158 20158
[7782] = 20155 20155
[7783] = 20151 20151
[7784] = 20147 20147
[7785] = 20143 20143
[7786] = 20139 20139
[7787] = 20135 20135
[7788] = 20132 20132
[7789] = 20128 20128
[7790] = 20124 20124
[7791] = 20120 20120
[7792] = 20116 20116
[7793] = 20112 20112
[7794] = 20108 20108
[7795] = 20105 20105
[7796] = 20100 20100
[7797] = 20097 20097
[7798] = 20093 20093
[7799] = 20089 20089
[7800] = 20085 20085
[7801] = 20081 20081
[7802] = 20077 20077
[7803] = 20074 20074
[7804] = 20070 20070
[7805] = 20066 20066
[7806] = 20062 20062
[7807] = 20058 20058
[7808] = 20054 20054
[7809] = 20050 20050
[7810] = 20047 20047
[7811] = 20043 20043
[7812] = 20039 20039
[7813] = 20035 20035
[7814] = 20031 20031
[7815] = 20027 20027
[7816] = 20023 20023
[7817] = 20020 20020
[7818] = 20015 20015
[7819] = 20012 20012
[7820] = 20008 20008
[7821] = 20004 20004
[7822] = 0 0
[7823] = 0 0
[7824] = 0 0
[7825] = 0 0
[7826] = 0 0
[7827] = 0 0
[7828] = 0 0
[7829] = 0 0
[7830] = 0 0
[7831] = 0 0
[7832] = 0 0
[7833] = 0 0
[7834] = 0 0
[7835] = 0 0
[7836] = 0 0
[7837] = 0 0
[7838] = 0 0
[7839] = 0 0
[7840] = 0 0
[7841] = 0 0
[7842] = 0 0
[7843] = 0 0
[7844] = 0 0
[7845] = 0 0
[7846] = 0 0
[7847] = 0 0
[7848] = 0 0
[7849] = 0 0
[7850] = 0 0
[7851] = 0 0
[7852] = 0 0
[7853] = 0 0
[7854] = 0 0
[7855] = 0 0
[7856] = 0 0
[7857] = 0 0
[7858] = 0 0
[7859] = 0 0
[7860] = 0 0
[7861] = 0 0
[7862] = 0 0
[7863] = 19842 19842
[7864] = 19838 19838
[7865] = 19834 19834
[7866] = 19830 19830
[7867] = 19827 19827
[7868] = 19822 19822
[7869] = 19819 19819
[7870] = 19815 19815
[7871] = 19811 19811
[7872] = 19807 19807
[7873] = 19803 19803
[7874] = 19799 19799
[7875] = 19796 19796
[7876] = 19792 19792
[7877] = 19788 19788
[7878] = 19784 19784
[7879] = 19780 19780
[7880] = 19777 19777
[7881] = 19772 19772
[7882] = 19769 19769
[7883] = 19765 19765
[7884] = 19761 19761
[7885] = 19757 19757
[7886] = 19753 19753
[7887] = 19749 19749
[7888] = 19745 19745
[7889] = 19742 19742
[7890] = 19738 19738
[7891] = 19734 19734
[7892] = 19730 19730
[7893] = 19726 19726
[7894] = 19722 19722
[7895] = 19719 19719
[7896] = 19714 19714
[7897] = 19711 19711
[7898] = 19707 19707
[7899] = 19703 19703
[7900] = 19699 19699
[7901] = 19695 19695
[7902] = 19692 19692
[7903] = 19687 19687
[7904] = 0 0
[7905] = 0 0
[7906] = 0 0
[7907] = 0 0
[7908] = 0 0
[7909] = 0 0
[7910] = 0 0
[7911] = 0 0
[7912] = 0 0
[7913] = 0 0
[7914] = 0 0
[7915] = 0 0
[7916] = 0 0
[7917] = 0 0
[7918] = 0 0
[7919] = 0 0
[7920] = 0 0
[7921] = 0 0
[7922] = 0 0
[7923] = 0 0
[7924] = 0 0
[7925] = 0 0
[7926] = 0 0
[7927] = 0 0
[7928] = 0 0
[7929] = 0 0
[7930] = 0 0
[7931] = 0 0
[7932] = 0 0
[7933] = 0 0
[7934] = 0 0
[7935] = 0 0
[7936] = 0 0
[7937] = 0 0
[7938] = 0 0
[7939] = 0 0
[7940] = 0 0
[7941] = 0 0
[7942] = 0 0
[7943] = 0 0
[7944] = 0 0
[7945] = 19525 19525
[7946] = 19522 19522
[7947] = 19518 19518
[7948] = 19514 19514
[7949] = 19510 19510
[7950] = 19506 19506
[7951] = 19502 19502
[7952] = 19499 19499
[7953] = 19494 19494
[7954] = 19491 19491
[7955] = 19487 19487
[7956] = 19483 19483
[7957] = 19479 19479
[7958] = 19475 19475
[7959] = 19471 19471
[7960] = 19467 19467
[7961] = 19464 19464
[7962] = 19460 19460
[7963] = 19456 19456
[7964] = 19452 19452
[7965] = 19448 19448
[7966] = 19444 19444
[7967] = 19441 19441
[7968] = 19436 19436
[7969] = 19433 19433
[7970] = 19429 19429
[7971] = 19425 19425
[7972] = 19421 19421
[7973] = 19417 19417
[7974] = 19414 19414
[7975] = 19409 19409
[7976] = 19406 19406
[7977] = 19402 19402
[7978] = 19398 19398
[7979] = 19394 19394
[7980] = 19390 19390
[7981] = 19386 19386
[7982] = 19383 19383
[7983] = 19379 19379
[7984] = 19375 19375
[7985] = 0 0
[7986] = 0 0
[7987] = 0 0
[7988] = 0 0
[7989] = 0 0
[7990] = 0 0
[7991] = 0 0
[7992] = 0 0
[7993] = 0 0
[7994] = 0 0
[7995] = 0 0
[7996] = 0 0
[7997] = 0 0
[7998] = 0 0
[7999] = 0 0
[8000] = 0 0
[8001] = 0 0
[8002] = 0 0
[8003] = 0 0
[8004] = 0 0
[8005] = 0 0
[8006] = 0 0
[8007] = 0 0
[8008] = 0 0
[8009] = 0 0
[8010] = 0 0
[8011] = 0 0
[8012] = 0 0
[8013] = 0 0
[8014] = 0 0
[8015] = 0 0
[8016] = 0 0
[8017] = 0 0
[8018] = 0 0
[8019] = 0 0
[8020] = 0 0
[8021] = 0 0
[8022] = 0 0
[8023] = 0 0
[8024] = 0 0
[8025] = 0 0
[8026] = 19213 19213
[8027] = 19209 19209
[8028] = 19205 19205
[8029] = 19201 19201
[8030] = 19197 19197
[8031] = 19193 19193
[8032] = 19189 19189
[8033] = 19186 19186
[8034] = 19182 19182
[8035] = 19178 19178
[8036] = 19174 19174
[8037] = 19170 19170
[8038] = 19166 19166
[8039] = 19163 19163
[8040] = 19159 19159
[8041] = 19155 19155
[8042] = 19151 19151
[8043] = 19147 19147
[8044] = 19143 19143
[8045] = 19139 19139
[8046] = 19136 19136
[8047] = 19131 19131
[8048] = 19128 19128
[8049] = 19124 19124
[8050] = 19120 19120
[8051] = 19116 19116
[8052] = 19112 19112
[8053] = 19108 19108
[8054] = 19105 19105
[8055] = 19101 19101
[8056] = 19097 19097
[8057] = 19093 19093
[8058] = 19089 19089
[8059] = 19085 19085
[8060] = 19081 19081
[8061] = 19078 19078
[8062] = 19074 19074
[8063] = 19070 19070
[8064] = 19066 19066
[8065] = 19062 19062
[8066] = 19058 19058
[8067] = 0 0
[8068] = 0 0
[8069] = 0 0
[8070] = 0 0
[8071] = 0 0
[8072] = 0 0
[8073] = 0 0
[8074] = 0 0
[8075] = 0 0
[8076] = 0 0
[8077] = 0 0
[8078] = 0 0
[8079] = 0 0
[8080] = 0 0
[8081] = 0 0
[8082] = 0 0
[8083] = 0 0
[8084] = 0 0
[8085] = 0 0
[8086] = 0 0
[8087] = 0 0
[8088] = 0 0
[8089] = 0 0
[8090] = 0 0
[8091] = 0 0
[8092] = 0 0
[8093] = 0 0
[8094] = 0 0
[8095] = 0 0
[8096] = 0 0
[8097] = 0 0
[8098] = 0 0
[8099] = 0 0
[8100] = 0 0
[8101] = 0 0
[8102] = 0 0
[8103] = 0 0
[8104] = 0 0
[8105] = 0 0
[8106] = 0 0
[8107] = 0 0
[8108] = 18896 18896
[8109] = 18893 18893
[8110] = 18888 18888
[8111] = 18885 18885
[8112] = 18881 18881
[8113] = 18877 18877
[8114] = 18873 18873
[8115] = 18869 18869
[8116] = 18865 18865
[8117] = 18861 18861
[8118] = 18858 18858
[8119] = 18854 18854
[8120] = 18850 18850
[8121] = 18846 18846
[8122] = 18842 18842
[8123] = 18838 18838
[8124] = 18835 18835
[8125] = 18830 18830
[8126] = 18827 18827
[8127] = 18823 18823
[8128] = 18819 18819
[8129] = 18815 18815
[8130] = 18811 18811
[8131] = 18808 18808
[8132] = 18803 18803
[8133] = 18800 18800
[8134] = 18796 18796
[8135] = 18792 18792
[8136] = 18788 18788
[8137] = 18784 18784
[8138] = 18780 18780
[8139] = 18776 18776
[8140] = 18773 18773
[8141] = 18769 18769
[8142] = 18765 18765
[8143] = 18761 18761
[8144] = 18757 18757
[8145] = 18753 18753
[8146] = 18750 18750
[8147] = 18745 18745
[8148] = 18742 18742
[8149] = 0 0
[8150] = 0 0
[8151] = 0 0
[8152] = 0 0
[8153] = 0 0
[8154] = 0 0
[8155] = 0 0
[8156] = 0 0
[8157] = 0 0
[8158] = 0 0
[8159] = 0 0
[8160] = 0 0
[8161] = 0 0
[8162] = 0 0
[8163] = 0 0
[8164] = 0 0
[8165] = 0 0
[8166] = 0 0
[8167] = 0 0
[8168] = 0 0
[8169] = 0 0
[8170] = 0 0
[8171] = 0 0
[8172] = 0 0
[8173] = 0 0
[8174] = 0 0
[8175] = 0 0
[8176] = 0 0
[8177] = 0 0
[8178] = 0 0
[8179] = 0 0
[8180] = 0 0
[8181] = 0 0
[8182] = 0 0
[8183] = 0 0
[8184] = 0 0
[8185] = 0 0
[8186] = 0 0
[8187] = 0 0
[8188] = 0 0
[8189] = 0 0
[8190] = 18580 18580
[8191] = 18576 18576
[8192] = 18572 18572
[8193] = 18568 18568
[8194] = 18564 18564
[8195] = 18560 18560
[8196] = 18557 18557
[8197] = 18552 18552
[8198] = 18549 18549
[8199] = 18545 18545
[8200] = 18541 18541
[8201] = 18537 18537
[8202] = 18533 18533
[8203] = 18530 18530
[8204] = 18525 18525
[8205] = 18522 18522
[8206] = 18518 18518
[8207] = 18514 18514
[8208] = 18510 18510
[8209] = 18506 18506
[8210] = 18502 18502
[8211] = 18499 18499
[8212] = 18495 18495
[8213] = 18491 18491
[8214] = 18487 18487
[8215] = 18483 18483
[8216] = 18479 18479
[8217] = 18475 18475
[8218] = 18472 18472
[8219] = 18467 18467
[8220] = 18464 18464
[8221] = 18460 18460
[8222] = 18456 18456
[8223] = 18452 18452
[8224] = 18448 18448
[8225] = 18445 18445
[8226] = 18441 18441
[8227] = 18437 18437
[8228] = 18433 18433
[8229] = 18429 18429
[8230] = 0 0
[8231] = 0 0
[8232] = 0 0
[8233] = 0 0
[8234] = 0 0
[8235] = 0 0
[8236] = 0 0
[8237] = 0 0
[8238] = 0 0
[8239] = 0 0
[8240] = 0 0
[8241] = 0 0
[8242] = 0 0
[8243] = 0 0
[8244] = 0 0
[8245] = 0 0
[8246] = 0 0
[8247] = 0 0
[8248] = 0 0
[8249] = 0 0
[8250] = 0 0
[8251] = 0 0
[8252] = 0 0
[8253] = 0 0
[8254] = 0 0
[8255] = 0 0
[8256] = 0 0
[8257] = 0 0
[8258] = 0 0
[8259] = 0 0
[8260] = 0 0
[8261] = 0 0
[8262] = 0 0
[8263] = 0 0
[8264] = 0 0
[8265] = 0 0
[8266] = 0 0
[8267] = 0 0
[8268] = 0 0
[8269] = 0 0
[8270] = 0 0
[8271] = 18267 18267
[8272] = 18263 18263
[8273] = 18259 18259
[8274] = 18255 18255
[8275] = 18252 18252
[8276] = 18247 18247
[8277] = 18244 18244
[8278] = 18240 18240
[8279] = 18236 18236
[8280] = 18232 18232
[8281] = 18228 18228
[8282] = 18224 18224
[8283] = 18221 18221
[8284] = 18217 18217
[8285] = 18213 18213
[8286] = 18209 18209
[8287] = 18205 18205
[8288] = 18201 18201
[8289] = 18197 18197
[8290] = 18194 18194
[8291] = 18190 18190
[8292] = 18186 18186
[8293] = 18182 18182
[8294] = 18178 18178
[8295] = 18174 18174
[8296] = 18170 18170
[8297] = 18167 18167
[8298] = 18163 18163
[8299] = 18159 18159
[8300] = 18155 18155
[8301] = 18151 18151
[8302] = 18147 18147
[8303] = 18144 18144
[8304] = 18139 18139
[8305] = 18136 18136
[8306] = 18132 18132
[8307] = 18128 18128
[8308] = 18124 18124
[8309] = 18120 18120
[8310] = 18116 18116
[8311] = 18112 18112
[8312] = 0 0
[8313] = 0 0
[8314] = 0 0
[8315] = 0 0
[8316] = 0 0
[8317] = 0 0
[8318] = 0 0
[8319] = 0 0
[8320] = 0 0
[8321] = 0 0
[8322] = 0 0
[8323] = 0 0
[8324] = 0 0
[8325] = 0 0
[8326] = 0 0
[8327] = 0 0
[8328] = 0 0
[8329] = 0 0
[8330] = 0 0
[8331] = 0 0
[8332] = 0 0
[8333] = 0 0
[8334] = 0 0
[8335] = 0 0
[8336] = 0 0
[8337] = 0 0
[8338] = 0 0
[8339] = 0 0
[8340] = 0 0
[8341] = 0 0
[8342] = 0 0
[8343] = 0 0
[8344] = 0 0
[8345] = 0 0
[8346] = 0 0
[8347] = 0 0
[8348] = 0 0
[8349] = 0 0
[8350] = 0 0
[8351] = 0 0
[8352] = 0 0
[8353] = 17950 17950
[8354] = 17946 17946
[8355] = 17943 17943
[8356] = 17939 17939
[8357] = 17935 17935
[8358] = 17931 17931
[8359] = 17927 17927
[8360] = 17924 17924
[8361] = 17919 17919
[8362] = 17916 17916
[8363] = 17912 17912
[8364] = 17908 17908
[8365] = 17904 17904
[8366] = 17900 17900
[8367] = 17896 17896
[8368] = 17892 17892
[8369] = 17889 17889
[8370] = 17885 17885
[8371] = 17881 17881
[8372] = 17877 17877
[8373] = 17873 17873
[8374] = 17869 17869
[8375] = 17866 17866
[8376] = 17861 17861
[8377] = 17858 17858
[8378] = 17854 17854
[8379] = 17850 17850
[8380] = 17846 17846
[8381] = 17842 17842
[8382] = 17839 17839
[8383] = 17834 17834
[8384] = 17831 17831
[8385] = 17827 17827
[8386] = 17823 17823
[8387] = 17819 17819
[8388] = 17815 17815
[8389] = 17811 17811
[8390] = 17808 17808
[8391] = 17804 17804
[8392] = 17800 17800
[8393] = 17796 17796
[8394] = 0 0
[8395] = 0 0
[8396] = 0 0
[8397] = 0 0
[8398] = 0 0
[8399] = 0 0
[8400] = 0 0
[8401] = 0 0
[8402] = 0 0
[8403] = 0 0
[8404] = 0 0
[8405] = 0 0
[8406] = 0 0
[8407] = 0 0
[8408] = 0 0
[8409] = 0 0
[8410] = 0 0
[8411] = 0 0
[8412] = 0 0
[8413] = 0 0
[8414] = 0 0
[8415] = 0 0
[8416] = 0 0
[8417] = 0 0
[8418] = 0 0
[8419] = 0 0
[8420] = 0 0
[8421] = 0 0
[8422] = 0 0
[8423] = 0 0
[8424] = 0 0
[8425] = 0 0
[8426] = 0 0
[8427] = 0 0
[8428] = 0 0
[8429] = 0 0
[8430] = 0 0
[8431] = 0 0
[8432] = 0 0
[8433] = 0 0
[8434] = 0 0
[8435] = 17634 17634
[8436] = 17630 17630
[8437] = 17626 17626
[8438] = 17622 17622
[8439] = 17618 17618
[8440] = 17615 17615
[8441] = 17611 17611
[8442] = 17607 17607
[8443] = 17603 17603
[8444] = 17599 17599
[8445] = 17595 17595
[8446] = 17591 17591
[8447] = 17588 17588
[8448] = 17583 17583
[8449] = 17580 17580
[8450] = 17576 17576
[8451] = 17572 17572
[8452] = 17568 17568
[8453] = 17564 17564
[8454] = 17561 17561
[8455] = 17556 17556
[8456] = 17553 17553
[8457] = 17549 17549
[8458] = 17545 17545
[8459] = 17541 17541
[8460] = 17537 17537
[8461] = 17533 17533
[8462] = 17530 17530
[8463] = 17526 17526
[8464] = 17522 17522
[8465] = 17518 17518
[8466] = 17514 17514
[8467] = 17510 17510
[8468] = 17506 17506
[8469] = 17503 17503
[8470] = 17498 17498
[8471] = 17495 17495
[8472] = 17491 17491
[8473] = 17487 17487
[8474] = 17483 17483
[8475] = 17479 17479
[8476] = 0 0
[8477] = 0 0
[8478] = 0 0
[8479] = 0 0
[8480] = 0 0
[8481] = 0 0
[8482] = 0 0
[8483] = 0 0
[8484] = 0 0
[8485] = 0 0
[8486] = 0 0
[8487] = 0 0
[8488] = 0 0
[8489] = 0 0
[8490] = 0 0
[8491] = 0 0
[8492] = 0 0
[8493] = 0 0
[8494] = 0 0
[8495] = 0 0
[8496] = 0 0
[8497] = 0 0
[8498] = 0 0
[8499] = 0 0
[8500] = 0 0
[8501] = 0 0
[8502] = 0 0
[8503] = 0 0
[8504] = 0 0
[8505] = 0 0
[8506] = 0 0
[8507] = 0 0
[8508] = 0 0
[8509] = 0 0
[8510] = 0 0
[8511] = 0 0
[8512] = 0 0
[8513] = 0 0
[8514] = 0 0
[8515] = 0 0
[8516] = 0 0
[8517] = 17317 17317
[8518] = 17313 17313
[8519] = 17310 17310
[8520] = 17306 17306
[8521] = 17302 17302
[8522] = 17298 17298
[8523] = 17294 17294
[8524] = 17290 17290
[8525] = 17286 17286
[8526] = 17283 17283
[8527] = 17279 17279
[8528] = 17275 17275
[8529] = 17271 17271
[8530] = 17267 17267
[8531] = 17263 17263
[8532] = 17260 17260
[8533] = 17255 17255
[8534] = 17252 17252
[8535] = 17248 17248
[8536] = 17244 17244
[8537] = 17240 17240
[8538] = 17236 17236
[8539] = 17232 17232
[8540] = 17228 17228
[8541] = 17225 17225
[8542] = 17221 17221
[8543] = 17217 17217
[8544] = 17213 17213
[8545] = 17209 17209
[8546] = 17205 17205
[8547] = 17202 17202
[8548] = 17198 17198
[8549] = 17194 17194
[8550] = 17190 17190
[8551] = 17186 17186
[8552] = 17182 17182
[8553] = 17178 17178
[8554] = 17175 17175
[8555] = 17170 17170
[8556] = 17167 17167
[8557] = 0 0
[8558] = 0 0
[8559] = 0 0
[8560] = 0 0
[8561] = 0 0
[8562] = 0 0
[8563] = 0 0
[8564] = 0 0
[8565] = 0 0
[8566] = 0 0
[8567] = 0 0
[8568] = 0 0
[8569] = 0 0
[8570] = 0 0
[8571] = 0 0
[8572] = 0 0
[8573] = 0 0
[8574] = 0 0
[8575] = 0 0
[8576] = 0 0
[8577] = 0 0
[8578] = 0 0
[8579] = 0 0
[8580] = 0 0
[8581] = 0 0
[8582] = 0 0
[8583] = 0 0
[8584] = 0 0
[8585] = 0 0
[8586] = 0 0
[8587] = 0 0
[8588] = 0 0
[8589] = 0 0
[8590] = 0 0
[8591] = 0 0
[8592] = 0 0
[8593] = 0 0
[8594] = 0 0
[8595] = 0 0
[8596] = 0 0
[8597] = 0 0
[8598] = 17005 17005
[8599] = 17001 17001
[8600] = 16997 16997
[8601] = 16993 16993
[8602] = 16989 16989
[8603] = 16985 16985
[8604] = 16982 16982
[8605] = 16977 16977
[8606] = 16974 16974
[8607] = 16970 16970
[8608] = 16966 16966
[8609] = 16962 16962
[8610] = 16958 16958
[8611] = 16955 16955
[8612] = 16950 16950
[8613] = 16947 16947
[8614] = 16943 16943
[8615] = 16939 16939
[8616] = 16935 16935
[8617] = 16931 16931
[8618] = 16927 16927
[8619] = 16924 16924
[8620] = 16920 16920
[8621] = 16916 16916
[8622] = 16912 16912
[8623] = 16908 16908
[8624] = 16904 16904
[8625] = 16900 16900
[8626] = 16897 16897
[8627] = 16892 16892
[8628] = 16889 16889
[8629] = 16885 16885
[8630] = 16881 16881
[8631] = 16877 16877
[8632] = 16873 16873
[8633] = 16870 16870
[8634] = 16866 16866
[8635] = 16862 16862
[8636] = 16858 16858
[8637] = 16854 16854
[8638] = 16850 16850
[8639] = 0 0
[8640] = 0 0
[8641] = 0 0
[8642] = 0 0
[8643] = 0 0
[8644] = 0 0
[8645] = 0 0
[8646] = 0 0
[8647] = 0 0
[8648] = 0 0
[8649] = 0 0
[8650] = 0 0
[8651] = 0 0
[8652] = 0 0
[8653] = 0 0
[8654] = 0 0
[8655] = 0 0
[8656] = 0 0
[8657] = 0 0
[8658] = 0 0
[8659] = 0 0
[8660] = 0 0
[8661] = 0 0
[8662] = 0 0
[8663] = 0 0
[8664] = 0 0
[8665] = 0 0
[8666] = 0 0
[8667] = 0 0
[8668] = 0 0
[8669] = 0 0
[8670] = 0 0
[8671] = 0 0
[8672] = 0 0
[8673] = 0 0
[8674] = 0 0
[8675] = 0 0
[8676] = 0 0
[8677] = 0 0
[8678] = 0 0
[8679] = 0 0
[8680] = 16688 16688
[8681] = 16684 16684
[8682] = 16680 16680
[8683] = 16677 16677
[8684] = 16672 16672
[8685] = 16669 16669
[8686] = 16665 16665
[8687] = 16661 16661
[8688] = 16657 16657
[8689] = 16653 16653
[8690] = 16649 16649
[8691] = 16646 16646
[8692] = 16642 16642
[8693] = 16638 16638
[8694] = 16634 16634
[8695] = 16630 16630
[8696] = 16626 16626
[8697] = 16622 16622
[8698] = 16619 16619
[8699] = 16614 16614
[8700] = 16611 16611
[8701] = 16607 16607
[8702] = 16603 16603
[8703] = 16599 16599
[8704] = 16595 16595
[8705] = 16592 16592
[8706] = 16588 16588
[8707] = 16584 16584
[8708] = 16580 16580
[8709] = 16576 16576
[8710] = 16572 16572
[8711] = 16569 16569
[8712] = 16564 16564
[8713] = 16561 16561
[8714] = 16557 16557
[8715] = 16553 16553
[8716] = 16549 16549
[8717] = 16545 16545
[8718] = 16541 16541
[8719] = 16537 16537
[8720] = 16534 16534
[8721] = 0 0
[8722] = 0 0
[8723] = 0 0
[8724] = 0 0
[8725] = 0 0
[8726] = 0 0
[8727] = 0 0
[8728] = 0 0
[8729] = 0 0
[8730] = 0 0
[8731] = 0 0
[8732] = 0 0
[8733] = 0 0
[8734] = 0 0
[8735] = 0 0
[8736] = 0 0
[8737] = 0 0
[8738] = 0 0
[8739] = 0 0
[8740] = 0 0
[8741] = 0 0
[8742] = 0 0
[8743] = 0 0
[8744] = 0 0
[8745] = 0 0
[8746] = 0 0
[8747] = 0 0
[8748] = 0 0
[8749] = 0 0
[8750] = 0 0
[8751] = 0 0
[8752] = 0 0
[8753] = 0 0
[8754] = 0 0
[8755] = 0 0
[8756] = 0 0
[8757] = 0 0
[8758] = 0 0
[8759] = 0 0
[8760] = 0 0
[8761] = 0 0
[8762] = 16371 16371
[8763] = 16368 16368
[8764] = 16364 16364
[8765] = 16360 16360
[8766] = 16356 16356
[8767] = 16352 16352
[8768] = 16348 16348
[8769] = 16344 16344
[8770] = 16341 16341
[8771] = 16337 16337
[8772] = 16333 16333
[8773] = 16329 16329
[8774] = 16325 16325
[8775] = 16321 16321
[8776] = 16317 16317
[8777] = 16314 16314
[8778] = 16310 16310
[8779] = 16306 16306
[8780] = 16302 16302
[8781] = 16298 16298
[8782] = 16294 16294
[8783] = 16291 16291
[8784] = 16286 16286
[8785] = 16283 16283
[8786] = 16279 16279
[8787] = 16275 16275
[8788] = 16271 16271
[8789] = 16267 16267
[8790] = 16263 16263
[8791] = 16259 16259
[8792] = 16256 16256
[8793] = 16252 16252
[8794] = 16248 16248
[8795] = 16244 16244
[8796] = 16240 16240
[8797] = 16236 16236
[8798] = 16233 16233
[8799] = 16229 16229
[8800] = 16225 16225
[8801] = 16221 16221
[8802] = 16217 16217
[8803] = 0 0
[8804] = 0 0
[8805] = 0 0
[8806] = 0 0
[8807] = 0 0
[8808] = 0 0
[8809] = 0 0
[8810] = 0 0
[8811] = 0 0
[8812] = 0 0
[8813] = 0 0
[8814] = 0 0
[8815] = 0 0
[8816] = 0 0
[8817] = 0 0
[8818] = 0 0
[8819] = 0 0
[8820] = 0 0
[8821] = 0 0
[8822] = 0 0
[8823] = 0 0
[8824] = 0 0
[8825] = 0 0
[8826] = 0 0
[8827] = 0 0
[8828] = 0 0
[8829] = 0 0
[8830] = 0 0
[8831] = 0 0
[8832] = 0 0
[8833] = 0 0
[8834] = 0 0
[8835] = 0 0
[8836] = 0 0
[8837] = 0 0
[8838] = 0 0
[8839] = 0 0
[8840] = 0 0
[8841] = 0 0
[8842] = 0 0
[8843] = 0 0
[8844] = 16055 16055
[8845] = 16051 16051
[8846] = 16047 16047
[8847] = 16043 16043
[8848] = 16040 16040
[8849] = 16036 16036
[8850] = 16032 16032
[8851] = 16028 16028
[8852] = 16024 16024
[8853] = 16020 16020
[8854] = 16016 16016
[8855] = 16013 16013
[8856] = 16008 16008
[8857] = 16005 16005
[8858] = 16001 16001
[8859] = 15997 15997
[8860] = 15993 15993
[8861] = 15989 15989
[8862] = 15986 15986
[8863] = 15981 15981
[8864] = 15978 15978
[8865] = 15974 15974
[8866] = 15970 15970
[8867] = 15966 15966
[8868] = 15963 15963
[8869] = 15958 15958
[8870] = 15955 15955
[8871] = 15951 15951
[8872] = 15947 15947
[8873] = 15943 15943
[8874] = 15939 15939
[8875] = 15935 15935
[8876] = 15931 15931
[8877] = 15928 15928
[8878] = 15923 15923
[8879] = 15920 15920
[8880] = 15916 15916
[8881] = 15912 15912
[8882] = 15908 15908
[8883] = 15904 15904
[8884] = 0 0
[8885] = 0 0
[8886] = 0 0
[8887] = 0 0
[8888] = 0 0
[8889] = 0 0
[8890] = 0 0
[8891] = 0 0
[8892] = 0 0
[8893] = 0 0
[8894] = 0 0
[8895] = 0 0
[8896] = 0 0
[8897] = 0 0
[8898] = 0 0
[8899] = 0 0
[8900] = 0 0
[8901] = 0 0
[8902] = 0 0
[8903] = 0 0
[8904] = 0 0
[8905] = 0 0
[8906] = 0 0
[8907] = 0 0
[8908] = 0 0
[8909] = 0 0
[8910] = 0 0
[8911] = 0 0
[8912] = 0 0
[8913] = 0 0
[8914] = 0 0
[8915] = 0 0
[8916] = 0 0
[8917] = 0 0
[8918] = 0 0
[8919] = 0 0
[8920] = 0 0
[8921] = 0 0
[8922] = 0 0
[8923] = 0 0
[8924] = 0 0
[8925] = 15742 15742
[8926] = 15738 15738
[8927] = 15735 15735
[8928] = 15730 15730
[8929] = 15727 15727
[8930] = 15723 15723
[8931] = 15719 15719
[8932] = 15715 15715
[8933] = 15711 15711
[8934] = 15708 15708
[8935] = 15704 15704
[8936] = 15700 15700
[8937] = 15696 15696
[8938] = 15692 15692
[8939] = 15688 15688
[8940] = 15685 15685
[8941] = 15680 15680
[8942] = 15677 15677
[8943] = 15673 15673
[8944] = 15669 15669
[8945] = 15665 15665
[8946] = 15661 15661
[8947] = 15657 15657
[8948] = 15653 15653
[8949] = 15650 15650
[8950] = 15646 15646
[8951] = 15642 15642
[8952] = 15638 15638
[8953] = 15634 15634
[8954] = 15630 15630
[8955] = 15627 15627
[8956] = 15623 15623
[8957] = 15619 15619
[8958] = 15615 15615
[8959] = 15611 15611
[8960] = 15607 15607
[8961] = 15603 15603
[8962] = 15600 15600
[8963] = 15595 15595
[8964] = 15592 15592
[8965] = 15588 15588
[8966] = 0 0
[8967] = 0 0
[8968] = 0 0
[8969] = 0 0
[8970] = 0 0
[8971] = 0 0
[8972] = 0 0
[8973] = 0 0
[8974] = 0 0
[8975] = 0 0
[8976] = 0 0
[8977] = 0 0
[8978] = 0 0
[8979] = 0 0
[8980] = 0 0
[8981] = 0 0
[8982] = 0 0
[8983] = 0 0
[8984] = 0 0
[8985] = 0 0
[8986] = 0 0
[8987] = 0 0
[8988] = 0 0
[8989] = 0 0
[8990] = 0 0
[8991] = 0 0
[8992] = 0 0
[8993] = 0 0
[8994] = 0 0
[8995] = 0 0
[8996] = 0 0
[8997] = 0 0
[8998] = 0 0
[8999] = 0 0
[9000] = 0 0
[9001] = 0 0
[9002] = 0 0
[9003] = 0 0
[9004] = 0 0
[9005] = 0 0
[9006] = 0 0
[9007] = 15426 15426
[9008] = 15422 15422
[9009] = 15418 15418
[9010] = 15414 15414
[9011] = 15410 15410
[9012] = 15407 15407
[9013] = 15402 15402
[9014] = 15399 15399
[9015] = 15395 15395
[9016] = 15391 15391
[9017] = 15387 15387
[9018] = 15383 15383
[9019] = 15379 15379
[9020] = 15375 15375
[9021] = 15372 15372
[9022] = 15368 15368
[9023] = 15364 15364
[9024] = 15360 15360
[9025] = 15356 15356
[9026] = 15352 15352
[9027] = 15349 15349
[9028] = 15345 15345
[9029] = 15341 15341
[9030] = 15337 15337
[9031] = 15333 15333
[9032] = 15329 15329
[9033] = 15325 15325
[9034] = 15322 15322
[9035] = 15317 15317
[9036] = 15314 15314
[9037] = 15310 15310
[9038] = 15306 15306
[9039] = 15302 15302
[9040] = 15298 15298
[9041] = 15294 15294
[9042] = 15291 15291
[9043] = 15287 15287
[9044] = 15283 15283
[9045] = 15279 15279
[9046] = 15275 15275
[9047] = 15272 15272
[9048] = 0 0
[9049] = 0 0
[9050] = 0 0
[9051] = 0 0
[9052] = 0 0
[9053] = 0 0
[9054] = 0 0
[9055] = 0 0
[9056] = 0 0
[9057] = 0 0
[9058] = 0 0
[9059] = 0 0
[9060] = 0 0
[9061] = 0 0
[9062] = 0 0
[9063] = 0 0
[9064] = 0 0
[9065] = 0 0
[9066] = 0 0
[9067] = 0 0
[9068] = 0 0
[9069] = 0 0
[9070] = 0 0
[9071] = 0 0
[9072] = 0 0
[9073] = 0 0
[9074] = 0 0
[9075] = 0 0
[9076] = 0 0
[9077] = 0 0
[9078] = 0 0
[9079] = 0 0
[9080] = 0 0
[9081] = 0 0
[9082] = 0 0
[9083] = 0 0
[9084] = 0 0
[9085] = 0 0
[9086] = 0 0
[9087] = 0 0
[9088] = 0 0
[9089] = 15109 15109
[9090] = 15105 15105
[9091] = 15102 15102
[9092] = 15097 15097
[9093] = 15094 15094
[9094] = 15090 15090
[9095] = 15086 15086
[9096] = 15082 15082
[9097] = 15078 15078
[9098] = 15074 15074
[9099] = 15071 15071
[9100] = 15067 15067
[9101] = 15063 15063
[9102] = 15059 15059
[9103] = 15055 15055
[9104] = 15051 15051
[9105] = 15047 15047
[9106] = 15044 15044
[9107] = 15039 15039
[9108] = 15036 15036
[9109] = 15032 15032
[9110] = 15028 15028
[9111] = 15024 15024
[9112] = 15020 15020
[9113] = 15017 15017
[9114] = 15013 15013
[9115] = 15009 15009
[9116] = 15005 15005
[9117] = 15001 15001
[9118] = 14997 14997
[9119] = 14994 14994
[9120] = 14989 14989
[9121] = 14986 14986
[9122] = 14982 14982
[9123] = 14978 14978
[9124] = 14974 14974
[9125] = 14970 14970
[9126] = 14966 14966
[9127] = 14962 14962
[9128] = 14959 14959
[9129] = 14955 14955
[9130] = 0 0
[9131] = 0 0
[9132] = 0 0
[9133] = 0 0
[9134] = 0 0
[9135] = 0 0
[9136] = 0 0
[9137] = 0 0
[9138] = 0 0
[9139] = 0 0
[9140] = 0 0
[9141] = 0 0
[9142] = 0 0
[9143] = 0 0
[9144] = 0 0
[9145] = 0 0
[9146] = 0 0
[9147] = 0 0
[9148] = 0 0
[9149] = 0 0
[9150] = 0 0
[9151] = 0 0
[9152] = 0 0
[9153] = 0 0
[9154] = 0 0
[9155] = 0 0
[9156] = 0 0
[9157] = 0 0
[9158] = 0 0
[9159] = 0 0
[9160] = 0 0
[9161] = 0 0
[9162] = 0 0
[9163] = 0 0
[9164] = 0 0
[9165] = 0 0
[9166] = 0 0
[9167] = 0 0
[9168] = 0 0
[9169] = 0 0
[9170] = 0 0
[9171] = 14793 14793
[9172] = 14789 14789
[9173] = 14785 14785
[9174] = 14781 14781
[9175] = 14777 14777
[9176] = 14773 14773
[9177] = 14769 14769
[9178] = 14766 14766
[9179] = 14761 14761
[9180] = 14758 14758
[9181] = 14754 14754
[9182] = 14750 14750
[9183] = 14746 14746
[9184] = 14742 14742
[9185] = 14739 14739
[9186] = 14735 14735
[9187] = 14731 14731
[9188] = 14727 14727
[9189] = 14723 14723
[9190] = 14719 14719
[9191] = 14716 14716
[9192] = 14711 14711
[9193] = 14708 14708
[9194] = 14704 14704
[9195] = 14700 14700
[9196] = 14696 14696
[9197] = 14692 14692
[9198] = 14688 14688
[9199] = 14684 14684
[9200] = 14681 14681
[9201] = 14677 14677
[9202] = 14673 14673
[9203] = 14669 14669
[9204] = 14665 14665
[9205] = 14661 14661
[9206] = 14658 14658
[9207] = 14654 14654
[9208] = 14650 14650
[9209] = 14646 14646
[9210] = 14642 14642
[9211] = 0 0
[9212] = 0 0
[9213] = 0 0
[9214] = 0 0
[9215] = 0 0
[9216] = 0 0
[9217] = 0 0
[9218] = 0 0
[9219] = 0 0
[9220] = 0 0
[9221] = 0 0
[9222] = 0 0
[9223] = 0 0
[9224] = 0 0
[9225] = 0 0
[9226] = 0 0
[9227] = 0 0
[9228] = 0 0
[9229] = 0 0
[9230] = 0 0
[9231] = 0 0
[9232] = 0 0
[9233] = 0 0
[9234] = 0 0
[9235] = 0 0
[9236] = 0 0
[9237] = 0 0
[9238] = 0 0
[9239] = 0 0
[9240] = 0 0
[9241] = 0 0
[9242] = 0 0
[9243] = 0 0
[9244] = 0 0
[9245] = 0 0
[9246] = 0 0
[9247] = 0 0
[9248] = 0 0
[9249] = 0 0
[9250] = 0 0
[9251] = 0 0
[9252] = 14480 14480
[9253] = 14476 14476
[9254] = 14472 14472
[9255] = 14468 14468
[9256] = 14465 14465
[9257] = 14461 14461
[9258] = 14457 14457
[9259] = 14453 14453
[9260] = 14449 14449
[9261] = 14445 14445
[9262] = 14441 14441
[9263] = 14438 14438
[9264] = 14433 14433
[9265] = 14430 14430
[9266] = 14426 14426
[9267] = 14422 14422
[9268] = 14418 14418
[9269] = 14414 14414
[9270] = 14410 14410
[9271] = 14407 14407
[9272] = 14403 14403
[9273] = 14399 14399
[9274] = 14395 14395
[9275] = 14391 14391
[9276] = 14388 14388
[9277] = 14383 14383
[9278] = 14380 14380
[9279] = 14376 14376
[9280] = 14372 14372
[9281] = 14368 14368
[9282] = 14364 14364
[9283] = 14360 14360
[9284] = 14356 14356
[9285] = 14353 14353
[9286] = 14348 14348
[9287] = 14345 14345
[9288] = 14341 14341
[9289] = 14337 14337
[9290] = 14333 14333
[9291] = 14329 14329
[9292] = 14325 14325
[9293] = 0 0
[9294] = 0 0
[9295] = 0 0
[9296] = 0 0
[9297] = 0 0
[9298] = 0 0
[9299] = 0 0
[9300] = 0 0
[9301] = 0 0
[9302] = 0 0
[9303] = 0 0
[9304] = 0 0
[9305] = 0 0
[9306] = 0 0
[9307] = 0 0
[9308] = 0 0
[9309] = 0 0
[9310] = 0 0
[9311] = 0 0
[9312] = 0 0
[9313] = 0 0
[9314] = 0 0
[9315] = 0 0
[9316] = 0 0
[9317] = 0 0
[9318] = 0 0
[9319] = 0 0
[9320] = 0 0
[9321] = 0 0
[9322] = 0 0
[9323] = 0 0
[9324] = 0 0
[9325] = 0 0
[9326] = 0 0
[9327] = 0 0
[9328] = 0 0
[9329] = 0 0
[9330] = 0 0
[9331] = 0 0
[9332] = 0 0
[9333] = 0 0
[9334] = 14163 14163
[9335] = 14160 14160
[9336] = 14155 14155
[9337] = 14152 14152
[9338] = 14148 14148
[9339] = 14144 14144
[9340] = 14140 14140
[9341] = 14136 14136
[9342] = 14133 14133
[9343] = 14129 14129
[9344] = 14125 14125
[9345] = 14121 14121
[9346] = 14117 14117
[9347] = 14113 14113
[9348] = 14110 14110
[9349] = 14105 14105
[9350] = 14102 14102
[9351] = 14098 14098
[9352] = 14094 14094
[9353] = 14090 14090
[9354] = 14086 14086
[9355] = 14082 14082
[9356] = 14078 14078
[9357] = 14075 14075
[9358] = 14071 14071
[9359] = 14067 14067
[9360] = 14063 14063
[9361] = 14059 14059
[9362] = 14055 14055
[9363] = 14052 14052
[9364] = 14047 14047
[9365] = 14044 14044
[9366] = 14040 14040
[9367] = 14036 14036
[9368] = 14032 14032
[9369] = 14028 14028
[9370] = 14025 14025
[9371] = 14020 14020
[9372] = 14017 14017
[9373] = 14013 14013
[9374] = 14009 14009
[9375] = 0 0
[9376] = 0 0
[9377] = 0 0
[9378] = 0 0
[9379] = 0 0
[9380] = 0 0
[9381] = 0 0
[9382] = 0 0
[9383] = 0 0
[9384] = 0 0
[9385] = 0 0
[9386] = 0 0
[9387] = 0 0
[9388] = 0 0
[9389] = 0 0
[9390] = 0 0
[9391] = 0 0
[9392] = 0 0
[9393] = 0 0
[9394] = 0 0
[9395] = 0 0
[9396] = 0 0
[9397] = 0 0
[9398] = 0 0
[9399] = 0 0
[9400] = 0 0
[9401] = 0 0
[9402] = 0 0
[9403] = 0 0
[9404] = 0 0
[9405] = 0 0
[9406] = 0 0
[9407] = 0 0
[9408] = 0 0
[9409] = 0 0
[9410] = 0 0
[9411] = 0 0
[9412] = 0 0
[9413] = 0 0
[9414] = 0 0
[9415] = 0 0
[9416] = 13847 13847
[9417] = 13843 13843
[9418] = 13839 13839
[9419] = 13835 13835
[9420] = 13832 13832
[9421] = 13827 13827
[9422] = 13824 13824
[9423] = 13820 13820
[9424] = 13816 13816
[9425] = 13812 13812
[9426] = 13808 13808
[9427] = 13804 13804
[9428] = 13800 13800
[9429] = 13797 13797
[9430] = 13793 13793
[9431] = 13789 13789
[9432] = 13785 13785
[9433] = 13781 13781
[9434] = 13777 13777
[9435] = 13774 13774
[9436] = 13770 13770
[9437] = 13766 13766
[9438] = 13762 13762
[9439] = 13758 13758
[9440] = 13754 13754
[9441] = 13750 13750
[9442] = 13747 13747
[9443] = 13742 13742
[9444] = 13739 13739
[9445] = 13735 13735
[9446] = 13731 13731
[9447] = 13727 13727
[9448] = 13723 13723
[9449] = 13719 13719
[9450] = 13716 13716
[9451] = 13712 13712
[9452] = 13708 13708
[9453] = 13704 13704
[9454] = 13700 13700
[9455] = 13696 13696
[9456] = 13692 13692
[9457] = 0 0
[9458] = 0 0
[9459] = 0 0
[9460] = 0 0
[9461] = 0 0
[9462] = 0 0
[9463] = 0 0
[9464] = 0 0
[9465] = 0 0
[9466] = 0 0
[9467] = 0 0
[9468] = 0 0
[9469] = 0 0
[9470] = 0 0
[9471] = 0 0
[9472] = 0 0
[9473] = 0 0
[9474] = 0 0
[9475] = 0 0
[9476] = 0 0
[9477] = 0 0
[9478] = 0 0
[9479] = 0 0
[9480] = 0 0
[9481] = 0 0
[9482] = 0 0
[9483] = 0 0
[9484] = 0 0
[9485] = 0 0
[9486] = 0 0
[9487] = 0 0
[9488] = 0 0
[9489] = 0 0
[9490] = 0 0
[9491] = 0 0
[9492] = 0 0
[9493] = 0 0
[9494] = 0 0
[9495] = 0 0
[9496] = 0 0
[9497] = 0 0
[9498] = 13530 13530
[9499] = 13526 13526
[9500] = 13522 13522
[9501] = 13519 13519
[9502] = 13515 13515
[9503] = 13511 13511
[9504] = 13507 13507
[9505] = 13503 13503
[9506] = 13499 13499
[9507] = 13496 13496
[9508] = 13492 13492
[9509] = 13488 13488
[9510] = 13484 13484
[9511] = 13480 13480
[9512] = 13476 13476
[9513] = 13472 13472
[9514] = 13469 13469
[9515] = 13464 13464
[9516] = 13461 13461
[9517] = 13457 13457
[9518] = 13453 13453
[9519] = 13449 13449
[9520] = 13445 13445
[9521] = 13441 13441
[9522] = 13438 13438
[9523] = 13434 13434
[9524] = 13430 13430
[9525] = 13426 13426
[9526] = 13422 13422
[9527] = 13419 13419
[9528] = 13414 13414
[9529] = 13411 13411
[9530] = 13407 13407
[9531] = 13403 13403
[9532] = 13399 13399
[9533] = 13395 13395
[9534] = 13391 13391
[9535] = 13387 13387
[9536] = 13384 13384
[9537] = 13380 13380
[9538] = 0 0
[9539] = 0 0
[9540] = 0 0
[9541] = 0 0
[9542] = 0 0
[9543] = 0 0
[9544] = 0 0
[9545] = 0 0
[9546] = 0 0
[9547] = 0 0
[9548] = 0 0
[9549] = 0 0
[9550] = 0 0
[9551] = 0 0
[9552] = 0 0
[9553] = 0 0
[9554] = 0 0
[9555] = 0 0
[9556] = 0 0
[9557] = 0 0
[9558] = 0 0
[9559] = 0 0
[9560] = 0 0
[9561] = 0 0
[9562] = 0 0
[9563] = 0 0
[9564] = 0 0
[9565] = 0 0
[9566] = 0 0
[9567] = 0 0
[9568] = 0 0
[9569] = 0 0
[9570] = 0 0
[9571] = 0 0
[9572] = 0 0
[9573] = 0 0
[9574] = 0 0
[9575] = 0 0
[9576] = 0 0
[9577] = 0 0
[9578] = 0 0
[9579] = 13218 13218
[9580] = 13214 13214
[9581] = 13210 13210
[9582] = 13206 13206
[9583] = 13202 13202
[9584] = 13198 13198
[9585] = 13194 13194
[9586] = 13191 13191
[9587] = 13186 13186
[9588] = 13183 13183
[9589] = 13179 13179
[9590] = 13175 13175
[9591] = 13171 13171
[9592] = 13168 13168
[9593] = 13163 13163
[9594] = 13160 13160
[9595] = 13156 13156
[9596] = 13152 13152
[9597] = 13148 13148
[9598] = 13144 13144
[9599] = 13141 13141
[9600] = 13136 13136
[9601] = 13133 13133
[9602] = 13129 13129
[9603] = 13125 13125
[9604] = 13121 13121
[9605] = 13117 13117
[9606] = 13113 13113
[9607] = 13109 13109
[9608] = 13106 13106
[9609] = 13102 13102
[9610] = 13098 13098
[9611] = 13094 13094
[9612] = 13090 13090
[9613] = 13086 13086
[9614] = 13083 13083
[9615] = 13078 13078
[9616] = 13075 13075
[9617] = 13071 13071
[9618] = 13067 13067
[9619] = 13063 13063
[9620] = 0 0
[9621] = 0 0
[9622] = 0 0
[9623] = 0 0
[9624] = 0 0
[9625] = 0 0
[9626] = 0 0
[9627] = 0 0
[9628] = 0 0
[9629] = 0 0
[9630] = 0 0
[9631] = 0 0
[9632] = 0 0
[9633] = 0 0
[9634] = 0 0
[9635] = 0 0
[9636] = 0 0
[9637] = 0 0
[9638] = 0 0
[9639] = 0 0
[9640] = 0 0
[9641] = 0 0
[9642] = 0 0
[9643] = 0 0
[9644] = 0 0
[9645] = 0 0
[9646] = 0 0
[9647] = 0 0
[9648] = 0 0
[9649] = 0 0
[9650] = 0 0
[9651] = 0 0
[9652] = 0 0
[9653] = 0 0
[9654] = 0 0
[9655] = 0 0
[9656] = 0 0
[9657] = 0 0
[9658] = 0 0
[9659] = 0 0
[9660] = 0 0
[9661] = 12901 12901
[9662] = 12897 12897
[9663] = 12893 12893
[9664] = 12890 12890
[9665] = 12886 12886
[9666] = 12882 12882
[9667] = 12878 12878
[9668] = 12874 12874
[9669] = 12870 12870
[9670] = 12866 12866
[9671] = 12863 12863
[9672] = 12858 12858
[9673] = 12855 12855
[9674] = 12851 12851
[9675] = 12847 12847
[9676] = 12843 12843
[9677] = 12839 12839
[9678] = 12835 12835
[9679] = 12832 12832
[9680] = 12828 12828
[9681] = 12824 12824
[9682] = 12820 12820
[9683] = 12816 12816
[9684] = 12812 12812
[9685] = 12808 12808
[9686] = 12805 12805
[9687] = 12801 12801
[9688] = 12797 12797
[9689] = 12793 12793
[9690] = 12789 12789
[9691] = 12785 12785
[9692] = 12781 12781
[9693] = 12778 12778
[9694] = 12773 12773
[9695] = 12770 12770
[9696] = 12766 12766
[9697] = 12762 12762
[9698] = 12758 12758
[9699] = 12755 12755
[9700] = 12750 12750
[9701] = 12747 12747
[9702] = 0 0
[9703] = 0 0
[9704] = 0 0
[9705] = 0 0
[9706] = 0 0
[9707] = 0 0
[9708] = 0 0
[9709] = 0 0
[9710] = 0 0
[9711] = 0 0
[9712] = 0 0
[9713] = 0 0
[9714] = 0 0
[9715] = 0 0
[9716] = 0 0
[9717] = 0 0
[9718] = 0 0
[9719] = 0 0
[9720] = 0 0
[9721] = 0 0
[9722] = 0 0
[9723] = 0 0
[9724] = 0 0
[9725] = 0 0
[9726] = 0 0
[9727] = 0 0
[9728] = 0 0
[9729] = 0 0
[9730] = 0 0
[9731] = 0 0
[9732] = 0 0
[9733] = 0 0
[9734] = 0 0
[9735] = 0 0
[9736] = 0 0
[9737] = 0 0
[9738] = 0 0
[9739] = 0 0
[9740] = 0 0
[9741] = 0 0
[9742] = 0 0
[9743] = 12585 12585
[9744] = 12580 12580
[9745] = 12577 12577
[9746] = 12573 12573
[9747] = 12569 12569
[9748] = 12565 12565
[9749] = 12561 12561
[9750] = 12557 12557
[9751] = 12554 12554
[9752] = 12550 12550
[9753] = 12546 12546
[9754] = 12542 12542
[9755] = 12538 12538
[9756] = 12535 12535
[9757] = 12530 12530
[9758] = 12527 12527
[9759] = 12523 12523
[9760] = 12519 12519
[9761] = 12515 12515
[9762] = 12511 12511
[9763] = 12507 12507
[9764] = 12503 12503
[9765] = 12500 12500
[9766] = 12496 12496
[9767] = 12492 12492
[9768] = 12488 12488
[9769] = 12484 12484
[9770] = 12480 12480
[9771] = 12477 12477
[9772] = 12472 12472
[9773] = 12469 12469
[9774] = 12465 12465
[9775] = 12461 12461
[9776] = 12457 12457
[9777] = 12453 12453
[9778] = 12450 12450
[9779] = 12445 12445
[9780] = 12442 12442
[9781] = 12438 12438
[9782] = 12434 12434
[9783] = 0 0
[9784] = 0 0
[9785] = 0 0
[9786] = 0 0
[9787] = 0 0
[9788] = 0 0
[9789] = 0 0
[9790] = 0 0
[9791] = 0 0
[9792] = 0 0
[9793] = 0 0
[9794] = 0 0
[9795] = 0 0
[9796] = 0 0
[9797] = 0 0
[9798] = 0 0
[9799] = 0 0
[9800] = 0 0
[9801] = 0 0
[9802] = 0 0
[9803] = 0 0
[9804] = 0 0
[9805] = 0 0
[9806] = 0 0
[9807] = 0 0
[9808] = 0 0
[9809] = 0 0
[9810] = 0 0
[9811] = 0 0
[9812] = 0 0
[9813] = 0 0
[9814] = 0 0
[9815] = 0 0
[9816] = 0 0
[9817] = 0 0
[9818] = 0 0
[9819] = 0 0
[9820] = 0 0
[9821] = 0 0
[9822] = 0 0
[9823] = 0 0
[9824] = 12272 12272
[9825] = 12268 12268
[9826] = 12264 12264
[9827] = 12260 12260
[9828] = 12257 12257
[9829] = 12252 12252
[9830] = 12249 12249
[9831] = 12245 12245
[9832] = 12241 12241
[9833] = 12237 12237
[9834] = 12233 12233
[9835] = 12229 12229
[9836] = 12225 12225
[9837] = 12222 12222
[9838] = 12218 12218
[9839] = 12214 12214
[9840] = 12210 12210
[9841] = 12206 12206
[9842] = 12202 12202
[9843] = 12199 12199
[9844] = 12194 12194
[9845] = 12191 12191
[9846] = 12187 12187
[9847] = 12183 12183
[9848] = 12179 12179
[9849] = 12175 12175
[9850] = 12172 12172
[9851] = 12167 12167
[9852] = 12164 12164
[9853] = 12160 12160
[9854] = 12156 12156
[9855] = 12152 12152
[9856] = 12148 12148
[9857] = 12144 12144
[9858] = 12141 12141
[9859] = 12137 12137
[9860] = 12133 12133
[9861] = 12129 12129
[9862] = 12125 12125
[9863] = 12121 12121
[9864] = 12117 12117
[9865] = 0 0
[9866] = 0 0
[9867] = 0 0
[9868] = 0 0
[9869] = 0 0
[9870] = 0 0
[9871] = 0 0
[9872] = 0 0
[9873] = 0 0
[9874] = 0 0
[9875] = 0 0
[9876] = 0 0
[9877] = 0 0
[9878] = 0 0
[9879] = 0 0
[9880] = 0 0
[9881] = 0 0
[9882] = 0 0
[9883] = 0 0
[9884] = 0 0
[9885] = 0 0
[9886] = 0 0
[9887] = 0 0
[9888] = 0 0
[9889] = 0 0
[9890] = 0 0
[9891] = 0 0
[9892] = 0 0
[9893] = 0 0
[9894] = 0 0
[9895] = 0 0
[9896] = 0 0
[9897] = 0 0
[9898] = 0 0
[9899] = 0 0
[9900] = 0 0
[9901] = 0 0
[9902] = 0 0
[9903] = 0 0
[9904] = 0 0
[9905] = 0 0
[9906] = 11955 11955
[9907] = 11951 11951
[9908] = 11947 11947
[9909] = 11944 11944
[9910] = 11940 11940
[9911] = 11936 11936
[9912] = 11932 11932
[9913] = 11928 11928
[9914] = 11924 11924
[9915] = 11921 11921
[9916] = 11917 11917
[9917] = 11913 11913
[9918] = 11909 11909
[9919] = 11905 11905
[9920] = 11901 11901
[9921] = 11897 11897
[9922] = 11894 11894
[9923] = 11889 11889
[9924] = 11886 11886
[9925] = 11882 11882
[9926] = 11878 11878
[9927] = 11874 11874
[9928] = 11870 11870
[9929] = 11866 11866
[9930] = 11863 11863
[9931] = 11859 11859
[9932] = 11855 11855
[9933] = 11851 11851
[9934] = 11847 11847
[9935] = 11843 11843
[9936] = 11839 11839
[9937] = 11836 11836
[9938] = 11832 11832
[9939] = 11828 11828
[9940] = 11824 11824
[9941] = 11820 11820
[9942] = 11816 11816
[9943] = 11812 11812
[9944] = 11809 11809
[9945] = 11805 11805
[9946] = 11801 11801
[9947] = 0 0
[9948] = 0 0
[9949] = 0 0
[9950] = 0 0
[9951] = 0 0
[9952] = 0 0
[9953] = 0 0
[9954] = 0 0
[9955] = 0 0
[9956] = 0 0
[9957] = 0 0
[9958] = 0 0
[9959] = 0 0
[9960] = 0 0
[9961] = 0 0
[9962] = 0 0
[9963] = 0 0
[9964] = 0 0
[9965] = 0 0
[9966] = 0 0
[9967] = 0 0
[9968] = 0 0
[9969] = 0 0
[9970] = 0 0
[9971] = 0 0
[9972] = 0 0
[9973] = 0 0
[9974] = 0 0
[9975] = 0 0
[9976] = 0 0
[9977] = 0 0
[9978] = 0 0
[9979] = 0 0
[9980] = 0 0
[9981] = 0 0
[9982] = 0 0
[9983] = 0 0
[9984] = 0 0
[9985] = 0 0
[9986] = 0 0
[9987] = 0 0
[9988] = 11639 11639
[9989] = 11635 11635
[9990] = 11631 11631
[9991] = 11627 11627
[9992] = 11623 11623
[9993] = 11619 11619
[9994] = 11616 11616
[9995] = 11612 11612
[9996] = 11608 11608
[9997] = 11604 11604
[9998] = 11600 11600
[9999] = 11596 11596
[10000] = 11593 11593
[10001] = 11588 11588
[10002] = 11585 11585
[10003] = 11581 11581
[10004] = 11577 11577
[10005] = 11573 11573
[10006] = 11569 11569
[10007] = 11566 11566
[10008] = 11561 11561
[10009] = 11558 11558
[10010] = 11554 11554
[10011] = 11550 11550
[10012] = 11546 11546
[10013] = 11542 11542
[10014] = 11538 11538
[10015] = 11534 11534
[10016] = 11531 11531
[10017] = 11527 11527
[10018] = 11523 11523
[10019] = 11519 11519
[10020] = 11515 11515
[10021] = 11511 11511
[10022] = 11508 11508
[10023] = 11503 11503
[10024] = 11500 11500
[10025] = 11496 11496
[10026] = 11492 11492
[10027] = 11488 11488
[10028] = 11484 11484
[10029] = 0 0
[10030] = 0 0
[10031] = 0 0
[10032] = 0 0
[10033] = 0 0
[10034] = 0 0
[10035] = 0 0
[10036] = 0 0
[10037] = 0 0
[10038] = 0 0
[10039] = 0 0
[10040] = 0 0
[10041] = 0 0
[10042] = 0 0
[10043] = 0 0
[10044] = 0 0
[10045] = 0 0
[10046] = 0 0
[10047] = 0 0
[10048] = 0 0
[10049] = 0 0
[10050] = 0 0
[10051] = 0 0
[10052] = 0 0
[10053] = 0 0
[10054] = 0 0
[10055] = 0 0
[10056] = 0 0
[10057] = 0 0
[10058] = 0 0
[10059] = 0 0
[10060] = 0 0
[10061] = 0 0
[10062] = 0 0
[10063] = 0 0
[10064] = 0 0
[10065] = 0 0
[10066] = 0 0
[10067] = 0 0
[10068] = 0 0
[10069] = 0 0
[10070] = 11322 11322
[10071] = 11318 11318
[10072] = 11315 11315
[10073] = 11310 11310
[10074] = 11307 11307
[10075] = 11303 11303
[10076] = 11299 11299
[10077] = 11295 11295
[10078] = 11291 11291
[10079] = 11288 11288
[10080] = 11283 11283
[10081] = 11280 11280
[10082] = 11276 11276
[10083] = 11272 11272
[10084] = 11268 11268
[10085] = 11264 11264
[10086] = 11260 11260
[10087] = 11257 11257
[10088] = 11253 11253
[10089] = 11249 11249
[10090] = 11245 11245
[10091] = 11241 11241
[10092] = 11237 11237
[10093] = 11233 11233
[10094] = 11230 11230
[10095] = 11225 11225
[10096] = 11222 11222
[10097] = 11218 11218
[10098] = 11214 11214
[10099] = 11210 11210
[10100] = 11206 11206
[10101] = 11203 11203
[10102] = 11199 11199
[10103] = 11195 11195
[10104] = 11191 11191
[10105] = 11187 11187
[10106] = 11183 11183
[10107] = 11180 11180
[10108] = 11175 11175
[10109] = 11172 11172
[10110] = 0 0
[10111] = 0 0
[10112] = 0 0
[10113] = 0 0
[10114] = 0 0
[10115] = 0 0
[10116] = 0 0
[10117] = 0 0
[10118] = 0 0
[10119] = 0 0
[10120] = 0 0
[10121] = 0 0
[10122] = 0 0
[10123] = 0 0
[10124] = 0 0
[10125] = 0 0
[10126] = 0 0
[10127] = 0 0
[10128] = 0 0
[10129] = 0 0
[10130] = 0 0
[10131] = 0 0
[10132] = 0 0
[10133] = 0 0
[10134] = 0 0
[10135] = 0 0
[10136] = 0 0
[10137] = 0 0
[10138] = 0 0
[10139] = 0 0
[10140] = 0 0
[10141] = 0 0
[10142] = 0 0
[10143] = 0 0
[10144] = 0 0
[10145] = 0 0
[10146] = 0 0
[10147] = 0 0
[10148] = 0 0
[10149] = 0 0
[10150] = 0 0
[10151] = 11010 11010
[10152] = 11005 11005
[10153] = 11002 11002
[10154] = 10998 10998
[10155] = 10994 10994
[10156] = 10990 10990
[10157] = 10986 10986
[10158] = 10982 10982
[10159] = 10979 10979
[10160] = 10975 10975
[10161] = 10971 10971
[10162] = 10967 10967
[10163] = 10963 10963
[10164] = 10959 10959
[10165] = 10955 10955
[10166] = 10952 10952
[10167] = 10948 10948
[10168] = 10944 10944
[10169] = 10940 10940
[10170] = 10936 10936
[10171] = 10932 10932
[10172] = 10928 10928
[10173] = 10925 10925
[10174] = 10921 10921
[10175] = 10917 10917
[10176] = 10913 10913
[10177] = 10909 10909
[10178] = 10905 10905
[10179] = 10902 10902
[10180] = 10897 10897
[10181] = 10894 10894
[10182] = 10890 10890
[10183] = 10886 10886
[10184] = 10882 10882
[10185] = 10878 10878
[10186] = 10874 10874
[10187] = 10870 10870
[10188] = 10867 10867
[10189] = 10863 10863
[10190] = 10859 10859
[10191] = 10855 10855
[10192] = 0 0
[10193] = 0 0
[10194] = 0 0
[10195] = 0 0
[10196] = 0 0
[10197] = 0 0
[10198] = 0 0
[10199] = 0 0
[10200] = 0 0
[10201] = 0 0
[10202] = 0 0
[10203] = 0 0
[10204] = 0 0
[10205] = 0 0
[10206] = 0 0
[10207] = 0 0
[10208] = 0 0
[10209] = 0 0
[10210] = 0 0
[10211] = 0 0
[10212] = 0 0
[10213] = 0 0
[10214] = 0 0
[10215] = 0 0
[10216] = 0 0
[10217] = 0 0
[10218] = 0 0
[10219] = 0 0
[10220] = 0 0
[10221] = 0 0
[10222] = 0 0
[10223] = 0 0
[10224] = 0 0
[10225] = 0 0
[10226] = 0 0
[10227] = 0 0
[10228] = 0 0
[10229] = 0 0
[10230] = 0 0
[10231] = 0 0
[10232] = 0 0
[10233] = 10693 10693
[10234] = 10689 10689
[10235] = 10685 10685
[10236] = 10682 10682
[10237] = 10677 10677
[10238] = 10674 10674
[10239] = 10670 10670
[10240] = 10666 10666
[10241] = 10662 10662
[10242] = 10658 10658
[10243] = 10654 10654
[10244] = 10650 10650
[10245] = 10647 10647
[10246] = 10643 10643
[10247] = 10639 10639
[10248] = 10635 10635
[10249] = 10631 10631
[10250] = 10627 10627
[10251] = 10624 10624
[10252] = 10619 10619
[10253] = 10616 10616
[10254] = 10612 10612
[10255] = 10608 10608
[10256] = 10604 10604
[10257] = 10600 10600
[10258] = 10597 10597
[10259] = 10592 10592
[10260] = 10589 10589
[10261] = 10585 10585
[10262] = 10581 10581
[10263] = 10577 10577
[10264] = 10573 10573
[10265] = 10569 10569
[10266] = 10566 10566
[10267] = 10562 10562
[10268] = 10558 10558
[10269] = 10554 10554
[10270] = 10550 10550
[10271] = 10546 10546
[10272] = 10542 10542
[10273] = 10539 10539
[10274] = 0 0
[10275] = 0 0
[10276] = 0 0
[10277] = 0 0
[10278] = 0 0
[10279] = 0 0
[10280] = 0 0
[10281] = 0 0
[10282] = 0 0
[10283] = 0 0
[10284] = 0 0
[10285] = 0 0
[10286] = 0 0
[10287] = 0 0
[10288] = 0 0
[10289] = 0 0
[10290] = 0 0
[10291] = 0 0
[10292] = 0 0
[10293] = 0 0
[10294] = 0 0
[10295] = 0 0
[10296] = 0 0
[10297] = 0 0
[10298] = 0 0
[10299] = 0 0
[10300] = 0 0
[10301] = 0 0
[10302] = 0 0
[10303] = 0 0
[10304] = 0 0
[10305] = 0 0
[10306] = 0 0
[10307] = 0 0
[10308] = 0 0
[10309] = 0 0
[10310] = 0 0
[10311] = 0 0
[10312] = 0 0
[10313] = 0 0
[10314] = 0 0
[10315] = 10376 10376
[10316] = 10373 10373
[10317] = 10369 10369
[10318] = 10365 10365
[10319] = 10361 10361
[10320] = 10357 10357
[10321] = 10353 10353
[10322] = 10349 10349
[10323] = 10346 10346
[10324] = 10341 10341
[10325] = 10338 10338
[10326] = 10334 10334
[10327] = 10330 10330
[10328] = 10326 10326
[10329] = 10322 10322
[10330] = 10319 10319
[10331] = 10314 10314
[10332] = 10311 10311
[10333] = 10307 10307
[10334] = 10303 10303
[10335] = 10299 10299
[10336] = 10295 10295
[10337] = 10291 10291
[10338] = 10288 10288
[10339] = 10284 10284
[10340] = 10280 10280
[10341] = 10276 10276
[10342] = 10272 10272
[10343] = 10268 10268
[10344] = 10264 10264
[10345] = 10261 10261
[10346] = 10256 10256
[10347] = 10253 10253
[10348] = 10249 10249
[10349] = 10245 10245
[10350] = 10241 10241
[10351] = 10237 10237
[10352] = 10234 10234
[10353] = 10230 10230
[10354] = 10226 10226
[10355] = 10222 10222
[10356] = 0 0
[10357] = 0 0
[10358] = 0 0
[10359] = 0 0
[10360] = 0 0
[10361] = 0 0
[10362] = 0 0
[10363] = 0 0
[10364] = 0 0
[10365] = 0 0
[10366] = 0 0
[10367] = 0 0
[10368] = 0 0
[10369] = 0 0
[10370] = 0 0
[10371] = 0 0
[10372] = 0 0
[10373] = 0 0
[10374] = 0 0
[10375] = 0 0
[10376] = 0 0
[10377] = 0 0
[10378] = 0 0
[10379] = 0 0
[10380] = 0 0
[10381] = 0 0
[10382] = 0 0
[10383] = 0 0
[10384] = 0 0
[10385] = 0 0
[10386] = 0 0
[10387] = 0 0
[10388] = 0 0
[10389] = 0 0
[10390] = 0 0
[10391] = 0 0
[10392] = 0 0
[10393] = 0 0
[10394] = 0 0
[10395] = 0 0
[10396] = 0 0
[10397] = 10060 10060
[10398] = 10056 10056
[10399] = 10052 10052
[10400] = 10048 10048
[10401] = 10044 10044
[10402] = 10041 10041
[10403] = 10037 10037
[10404] = 10033 10033
[10405] = 10029 10029
[10406] = 10025 10025
[10407] = 10021 10021
[10408] = 10018 10018
[10409] = 10013 10013
[10410] = 10010 10010
[10411] = 10006 10006
[10412] = 10002 10002
[10413] = 9998 9998
[10414] = 9994 9994
[10415] = 9990 9990
[10416] = 9986 9986
[10417] = 9983 9983
[10418] = 9979 9979
[10419] = 9975 9975
[10420] = 9971 9971
[10421] = 9967 9967
[10422] = 9963 9963
[10423] = 9960 9960
[10424] = 9956 9956
[10425] = 9952 9952
[10426] = 9948 9948
[10427] = 9944 9944
[10428] = 9940 9940
[10429] = 9936 9936
[10430] = 9933 9933
[10431] = 9928 9928
[10432] = 9925 9925
[10433] = 9921 9921
[10434] = 9917 9917
[10435] = 9913 9913
[10436] = 9909 9909
[10437] = 0 0
[10438] = 0 0
[10439] = 0 0
[10440] = 0 0
[10441] = 0 0
[10442] = 0 0
[10443] = 0 0
[10444] = 0 0
[10445] = 0 0
[10446] = 0 0
[10447] = 0 0
[10448] = 0 0
[10449] = 0 0
[10450] = 0 0
[10451] = 0 0
[10452] = 0 0
[10453] = 0 0
[10454] = 0 0
[10455] = 0 0
[10456] = 0 0
[10457] = 0 0
[10458] = 0 0
[10459] = 0 0
[10460] = 0 0
[10461] = 0 0
[10462] = 0 0
[10463] = 0 0
[10464] = 0 0
[10465] = 0 0
[10466] = 0 0
[10467] = 0 0
[10468] = 0 0
[10469] = 0 0
[10470] = 0 0
[10471] = 0 0
[10472] = 0 0
[10473] = 0 0
[10474] = 0 0
[10475] = 0 0
[10476] = 0 0
[10477] = 0 0
[10478] = 9747 9747
[10479] = 9743 9743
[10480] = 9740 9740
[10481] = 9735 9735
[10482] = 9732 9732
[10483] = 9728 9728
[10484] = 9724 9724
[10485] = 9720 9720
[10486] = 9716 9716
[10487] = 9713 9713
[10488] = 9708 9708
[10489] = 9705 9705
[10490] = 9701 9701
[10491] = 9697 9697
[10492] = 9693 9693
[10493] = 9689 9689
[10494] = 9685 9685
[10495] = 9682 9682
[10496] = 9678 9678
[10497] = 9674 9674
[10498] = 9670 9670
[10499] = 9666 9666
[10500] = 9662 9662
[10501] = 9658 9658
[10502] = 9655 9655
[10503] = 9650 9650
[10504] = 9647 9647
[10505] = 9643 9643
[10506] = 9639 9639
[10507] = 9635 9635
[10508] = 9631 9631
[10509] = 9628 9628
[10510] = 9624 9624
[10511] = 9620 9620
[10512] = 9616 9616
[10513] = 9612 9612
[10514] = 9608 9608
[10515] = 9605 9605
[10516] = 9600 9600
[10517] = 9597 9597
[10518] = 9593 9593
[10519] = 0 0
[10520] = 0 0
[10521] = 0 0
[10522] = 0 0
[10523] = 0 0
[10524] = 0 0
[10525] = 0 0
[10526] = 0 0
[10527] = 0 0
[10528] = 0 0
[10529] = 0 0
[10530] = 0 0
[10531] = 0 0
[10532] = 0 0
[10533] = 0 0
[10534] = 0 0
[10535] = 0 0
[10536] = 0 0
[10537] = 0 0
[10538] = 0 0
[10539] = 0 0
[10540] = 0 0
[10541] = 0 0
[10542] = 0 0
[10543] = 0 0
[10544] = 0 0
[10545] = 0 0
[10546] = 0 0
[10547] = 0 0
[10548] = 0 0
[10549] = 0 0
[10550] = 0 0
[10551] = 0 0
[10552] = 0 0
[10553] = 0 0
[10554] = 0 0
[10555] = 0 0
[10556] = 0 0
[10557] = 0 0
[10558] = 0 0
[10559] = 0 0
[10560] = 9430 9430
[10561] = 9427 9427
[10562] = 9423 9423
[10563] = 9419 9419
[10564] = 9415 9415
[10565] = 9411 9411
[10566] = 9407 9407
[10567] = 9404 9404
[10568] = 9400 9400
[10569] = 9396 9396
[10570] = 9392 9392
[10571] = 9388 9388
[10572] = 9384 9384
[10573] = 9380 9380
[10574] = 9377 9377
[10575] = 9372 9372
[10576] = 9369 9369
[10577] = 9365 9365
[10578] = 9361 9361
[10579] = 9357 9357
[10580] = 9353 9353
[10581] = 9350 9350
[10582] = 9346 9346
[10583] = 9342 9342
[10584] = 9338 9338
[10585] = 9334 9334
[10586] = 9330 9330
[10587] = 9327 9327
[10588] = 9322 9322
[10589] = 9319 9319
[10590] = 9315 9315
[10591] = 9311 9311
[10592] = 9307 9307
[10593] = 9303 9303
[10594] = 9299 9299
[10595] = 9295 9295
[10596] = 9292 9292
[10597] = 9288 9288
[10598] = 9284 9284
[10599] = 9280 9280
[10600] = 9276 9276
[10601] = 0 0
[10602] = 0 0
[10603] = 0 0
[10604] = 0 0
[10605] = 0 0
[10606] = 0 0
[10607] = 0 0
[10608] = 0 0
[10609] = 0 0
[10610] = 0 0
[10611] = 0 0
[10612] = 0 0
[10613] = 0 0
[10614] = 0 0
[10615] = 0 0
[10616] = 0 0
[10617] = 0 0
[10618] = 0 0
[10619] = 0 0
[10620] = 0 0
[10621] = 0 0
[10622] = 0 0
[10623] = 0 0
[10624] = 0 0
[10625] = 0 0
[10626] = 0 0
[10627] = 0 0
[10628] = 0 0
[10629] = 0 0
[10630] = 0 0
[10631] = 0 0
[10632] = 0 0
[10633] = 0 0
[10634] = 0 0
[10635] = 0 0
[10636] = 0 0
[10637] = 0 0
[10638] = 0 0
[10639] = 0 0
[10640] = 0 0
[10641] = 0 0
[10642] = 9114 9114
[10643] = 9110 9110
[10644] = 9106 9106
[10645] = 9102 9102
[10646] = 9099 9099
[10647] = 9095 9095
[10648] = 9091 9091
[10649] = 9087 9087
[10650] = 9083 9083
[10651] = 9079 9079
[10652] = 9075 9075
[10653] = 9072 9072
[10654] = 9068 9068
[10655] = 9064 9064
[10656] = 9060 9060
[10657] = 9056 9056
[10658] = 9052 9052
[10659] = 9049 9049
[10660] = 9044 9044
[10661] = 9041 9041
[10662] = 9037 9037
[10663] = 9033 9033
[10664] = 9029 9029
[10665] = 9025 9025
[10666] = 9021 9021
[10667] = 9017 9017
[10668] = 9014 9014
[10669] = 9010 9010
[10670] = 9006 9006
[10671] = 9002 9002
[10672] = 8998 8998
[10673] = 8994 8994
[10674] = 8991 8991
[10675] = 8987 8987
[10676] = 8983 8983
[10677] = 8979 8979
[10678] = 8975 8975
[10679] = 8971 8971
[10680] = 8967 8967
[10681] = 8964 8964
[10682] = 8959 8959
[10683] = 0 0
[10684] = 0 0
[10685] = 0 0
[10686] = 0 0
[10687] = 0 0
[10688] = 0 0
[10689] = 0 0
[10690] = 0 0
[10691] = 0 0
[10692] = 0 0
[10693] = 0 0
[10694] = 0 0
[10695] = 0 0
[10696] = 0 0
[10697] = 0 0
[10698] = 0 0
[10699] = 0 0
[10700] = 0 0
[10701] = 0 0
[10702] = 0 0
[10703] = 0 0
[10704] = 0 0
[10705] = 0 0
[10706] = 0 0
[10707] = 0 0
[10708] = 0 0
[10709] = 0 0
[10710] = 0 0
[10711] = 0 0
[10712] = 0 0
[10713] = 0 0
[10714] = 0 0
[10715] = 0 0
[10716] = 0 0
[10717] = 0 0
[10718] = 0 0
[10719] = 0 0
[10720] = 0 0
[10721] = 0 0
[10722] = 0 0
[10723] = 0 0
[10724] = 8798 8798
[10725] = 8794 8794
[10726] = 8790 8790
[10727] = 8786 8786
[10728] = 8782 8782
[10729] = 8778 8778
[10730] = 8774 8774
[10731] = 8771 8771
[10732] = 8766 8766
[10733] = 8763 8763
[10734] = 8759 8759
[10735] = 8755 8755
[10736] = 8751 8751
[10737] = 8747 8747
[10738] = 8744 8744
[10739] = 8739 8739
[10740] = 8736 8736
[10741] = 8732 8732
[10742] = 8728 8728
[10743] = 8724 8724
[10744] = 8721 8721
[10745] = 8716 8716
[10746] = 8713 8713
[10747] = 8709 8709
[10748] = 8705 8705
[10749] = 8701 8701
[10750] = 8697 8697
[10751] = 8693 8693
[10752] = 8689 8689
[10753] = 8686 8686
[10754] = 8681 8681
[10755] = 8678 8678
[10756] = 8674 8674
[10757] = 8670 8670
[10758] = 8666 8666
[10759] = 8662 8662
[10760] = 8658 8658
[10761] = 8655 8655
[10762] = 8651 8651
[10763] = 8647 8647
[10764] = 0 0
[10765] = 0 0
[10766] = 0 0
[10767] = 0 0
[10768] = 0 0
[10769] = 0 0
[10770] = 0 0
[10771] = 0 0
[10772] = 0 0
[10773] = 0 0
[10774] = 0 0
[10775] = 0 0
[10776] = 0 0
[10777] = 0 0
[10778] = 0 0
[10779] = 0 0
[10780] = 0 0
[10781] = 0 0
[10782] = 0 0
[10783] = 0 0
[10784] = 0 0
[10785] = 0 0
[10786] = 0 0
[10787] = 0 0
[10788] = 0 0
[10789] = 0 0
[10790] = 0 0
[10791] = 0 0
[10792] = 0 0
[10793] = 0 0
[10794] = 0 0
[10795] = 0 0
[10796] = 0 0
[10797] = 0 0
[10798] = 0 0
[10799] = 0 0
[10800] = 0 0
[10801] = 0 0
[10802] = 0 0
[10803] = 0 0
[10804] = 0 0
[10805] = 8485 8485
[10806] = 8481 8481
[10807] = 8477 8477
[10808] = 8473 8473
[10809] = 8469 8469
[10810] = 8466 8466
[10811] = 8462 8462
[10812] = 8458 8458
[10813] = 8454 8454
[10814] = 8450 8450
[10815] = 8446 8446
[10816] = 8443 8443
[10817] = 8438 8438
[10818] = 8435 8435
[10819] = 8431 8431
[10820] = 8427 8427
[10821] = 8423 8423
[10822] = 8419 8419
[10823] = 8415 8415
[10824] = 8411 8411
[10825] = 8408 8408
[10826] = 8403 8403
[10827] = 8400 8400
[10828] = 8396 8396
[10829] = 8392 8392
[10830] = 8388 8388
[10831] = 8385 8385
[10832] = 8381 8381
[10833] = 8377 8377
[10834] = 8373 8373
[10835] = 8369 8369
[10836] = 8365 8365
[10837] = 8361 8361
[10838] = 8358 8358
[10839] = 8353 8353
[10840] = 8350 8350
[10841] = 8346 8346
[10842] = 8342 8342
[10843] = 8338 8338
[10844] = 8334 8334
[10845] = 8330 8330
[10846] = 0 0
[10847] = 0 0
[10848] = 0 0
[10849] = 0 0
[10850] = 0 0
[10851] = 0 0
[10852] = 0 0
[10853] = 0 0
[10854] = 0 0
[10855] = 0 0
[10856] = 0 0
[10857] = 0 0
[10858] = 0 0
[10859] = 0 0
[10860] = 0 0
[10861] = 0 0
[10862] = 0 0
[10863] = 0 0
[10864] = 0 0
[10865] = 0 0
[10866] = 0 0
[10867] = 0 0
[10868] = 0 0
[10869] = 0 0
[10870] = 0 0
[10871] = 0 0
[10872] = 0 0
[10873] = 0 0
[10874] = 0 0
[10875] = 0 0
[10876] = 0 0
[10877] = 0 0
[10878] = 0 0
[10879] = 0 0
[10880] = 0 0
[10881] = 0 0
[10882] = 0 0
[10883] = 0 0
[10884] = 0 0
[10885] = 0 0
[10886] = 0 0
[10887] = 8168 8168
[10888] = 8165 8165
[10889] = 8160 8160
[10890] = 8157 8157
[10891] = 8153 8153
[10892] = 8149 8149
[10893] = 8145 8145
[10894] = 8141 8141
[10895] = 8137 8137
[10896] = 8133 8133
[10897] = 8130 8130
[10898] = 8126 8126
[10899] = 8122 8122
[10900] = 8118 8118
[10901] = 8114 8114
[10902] = 8110 8110
[10903] = 8107 8107
[10904] = 8103 8103
[10905] = 8099 8099
[10906] = 8095 8095
[10907] = 8091 8091
[10908] = 8087 8087
[10909] = 8083 8083
[10910] = 8080 8080
[10911] = 8075 8075
[10912] = 8072 8072
[10913] = 8068 8068
[10914] = 8064 8064
[10915] = 8060 8060
[10916] = 8056 8056
[10917] = 8052 8052
[10918] = 8049 8049
[10919] = 8045 8045
[10920] = 8041 8041
[10921] = 8037 8037
[10922] = 8033 8033
[10923] = 8030 8030
[10924] = 8025 8025
[10925] = 8022 8022
[10926] = 8018 8018
[10927] = 8014 8014
[10928] = 0 0
[10929] = 0 0
[10930] = 0 0
[10931] = 0 0
[10932] = 0 0
[10933] = 0 0
[10934] = 0 0
[10935] = 0 0
[10936] = 0 0
[10937] = 0 0
[10938] = 0 0
[10939] = 0 0
[10940] = 0 0
[10941] = 0 0
[10942] = 0 0
[10943] = 0 0
[10944] = 0 0
[10945] = 0 0
[10946] = 0 0
[10947] = 0 0
[10948] = 0 0
[10949] = 0 0
[10950] = 0 0
[10951] = 0 0
[10952] = 0 0
[10953] = 0 0
[10954] = 0 0
[10955] = 0 0
[10956] = 0 0
[10957] = 0 0
[10958] = 0 0
[10959] = 0 0
[10960] = 0 0
[10961] = 0 0
[10962] = 0 0
[10963] = 0 0
[10964] = 0 0
[10965] = 0 0
[10966] = 0 0
[10967] = 0 0
[10968] = 0 0
[10969] = 7852 7852
[10970] = 7848 7848
[10971] = 7844 7844
[10972] = 7840 7840
[10973] = 7836 7836
[10974] = 7832 7832
[10975] = 7829 7829
[10976] = 7825 7825
[10977] = 7821 7821
[10978] = 7817 7817
[10979] = 7813 7813
[10980] = 7809 7809
[10981] = 7805 7805
[10982] = 7802 7802
[10983] = 7797 7797
[10984] = 7794 7794
[10985] = 7790 7790
[10986] = 7786 7786
[10987] = 7782 7782
[10988] = 7778 7778
[10989] = 7774 7774
[10990] = 7771 7771
[10991] = 7767 7767
[10992] = 7763 7763
[10993] = 7759 7759
[10994] = 7755 7755
[10995] = 7752 7752
[10996] = 7747 7747
[10997] = 7744 7744
[10998] = 7740 7740
[10999] = 7736 7736
[11000] = 7732 7732
[11001] = 7728 7728
[11002] = 7724 7724
[11003] = 7720 7720
[11004] = 7717 7717
[11005] = 7713 7713
[11006] = 7709 7709
[11007] = 7705 7705
[11008] = 7701 7701
[11009] = 7697 7697
[11010] = 0 0
[11011] = 0 0
[11012] = 0 0
[11013] = 0 0
[11014] = 0 0
[11015] = 0 0
[11016] = 0 0
[11017] = 0 0
[11018] = 0 0
[11019] = 0 0
[11020] = 0 0
[11021] = 0 0
[11022] = 0 0
[11023] = 0 0
[11024] = 0 0
[11025] = 0 0
[11026] = 0 0
[11027] = 0 0
[11028] = 0 0
[11029] = 0 0
[11030] = 0 0
[11031] = 0 0
[11032] = 0 0
[11033] = 0 0
[11034] = 0 0
[11035] = 0 0
[11036] = 0 0
[11037] = 0 0
[11038] = 0 0
[11039] = 0 0
[11040] = 0 0
[11041] = 0 0
[11042] = 0 0
[11043] = 0 0
[11044] = 0 0
[11045] = 0 0
[11046] = 0 0
[11047] = 0 0
[11048] = 0 0
[11049] = 0 0
[11050] = 0 0
[11051] = 7535 7535
[11052] = 7531 7531
[11053] = 7527 7527
[11054] = 7524 7524
[11055] = 7519 7519
[11056] = 7516 7516
[11057] = 7512 7512
[11058] = 7508 7508
[11059] = 7504 7504
[11060] = 7500 7500
[11061] = 7497 7497
[11062] = 7493 7493
[11063] = 7489 7489
[11064] = 7485 7485
[11065] = 7481 7481
[11066] = 7477 7477
[11067] = 7474 7474
[11068] = 7469 7469
[11069] = 7466 7466
[11070] = 7462 7462
[11071] = 7458 7458
[11072] = 7454 7454
[11073] = 7450 7450
[11074] = 7446 7446
[11075] = 7442 7442
[11076] = 7439 7439
[11077] = 7435 7435
[11078] = 7431 7431
[11079] = 7427 7427
[11080] = 7423 7423
[11081] = 7419 7419
[11082] = 7416 7416
[11083] = 7412 7412
[11084] = 7408 7408
[11085] = 7404 7404
[11086] = 7400 7400
[11087] = 7396 7396
[11088] = 7392 7392
[11089] = 7389 7389
[11090] = 7384 7384
[11091] = 0 0
[11092] = 0 0
[11093] = 0 0
[11094] = 0 0
[11095] = 0 0
[11096] = 0 0
[11097] = 0 0
[11098] = 0 0
[11099] = 0 0
[11100] = 0 0
[11101] = 0 0
[11102] = 0 0
[11103] = 0 0
[11104] = 0 0
[11105] = 0 0
[11106] = 0 0
[11107] = 0 0
[11108] = 0 0
[11109] = 0 0
[11110] = 0 0
[11111] = 0 0
[11112] = 0 0
[11113] = 0 0
[11114] = 0 0
[11115] = 0 0
[11116] = 0 0
[11117] = 0 0
[11118] = 0 0
[11119] = 0 0
[11120] = 0 0
[11121] = 0 0
[11122] = 0 0
[11123] = 0 0
[11124] = 0 0
[11125] = 0 0
[11126] = 0 0
[11127] = 0 0
[11128] = 0 0
[11129] = 0 0
[11130] = 0 0
[11131] = 0 0
[11132] = 7223 7223
[11133] = 7219 7219
[11134] = 7215 7215
[11135] = 7211 7211
[11136] = 7207 7207
[11137] = 7203 7203
[11138] = 7199 7199
[11139] = 7196 7196
[11140] = 7191 7191
[11141] = 7188 7188
[11142] = 7184 7184
[11143] = 7180 7180
[11144] = 7176 7176
[11145] = 7172 7172
[11146] = 7168 7168
[11147] = 7164 7164
[11148] = 7161 7161
[11149] = 7157 7157
[11150] = 7153 7153
[11151] = 7149 7149
[11152] = 7146 7146
[11153] = 7141 7141
[11154] = 7138 7138
[11155] = 7134 7134
[11156] = 7130 7130
[11157] = 7126 7126
[11158] = 7122 7122
[11159] = 7118 7118
[11160] = 7114 7114
[11161] = 7111 7111
[11162] = 7106 7106
[11163] = 7103 7103
[11164] = 7099 7099
[11165] = 7095 7095
[11166] = 7091 7091
[11167] = 7087 7087
[11168] = 7083 7083
[11169] = 7080 7080
[11170] = 7076 7076
[11171] = 7072 7072
[11172] = 7068 7068
[11173] = 0 0
[11174] = 0 0
[11175] = 0 0
[11176] = 0 0
[11177] = 0 0
[11178] = 0 0
[11179] = 0 0
[11180] = 0 0
[11181] = 0 0
[11182] = 0 0
[11183] = 0 0
[11184] = 0 0
[11185] = 0 0
[11186] = 0 0
[11187] = 0 0
[11188] = 0 0
[11189] = 0 0
[11190] = 0 0
[11191] = 0 0
[11192] = 0 0
[11193] = 0 0
[11194] = 0 0
[11195] = 0 0
[11196] = 0 0
[11197] = 0 0
[11198] = 0 0
[11199] = 0 0
[11200] = 0 0
[11201] = 0 0
[11202] = 0 0
[11203] = 0 0
[11204] = 0 0
[11205] = 0 0
[11206] = 0 0
[11207] = 0 0
[11208] = 0 0
[11209] = 0 0
[11210] = 0 0
[11211] = 0 0
[11212] = 0 0
[11213] = 0 0
[11214] = 6906 6906
[11215] = 6902 6902
[11216] = 6898 6898
[11217] = 6894 6894
[11218] = 6890 6890
[11219] = 6887 6887
[11220] = 6883 6883
[11221] = 6879 6879
[11222] = 6875 6875
[11223] = 6871 6871
[11224] = 6868 6868
[11225] = 6863 6863
[11226] = 6860 6860
[11227] = 6856 6856
[11228] = 6852 6852
[11229] = 6848 6848
[11230] = 6844 6844
[11231] = 6840 6840
[11232] = 6836 6836
[11233] = 6833 6833
[11234] = 6829 6829
[11235] = 6825 6825
[11236] = 6821 6821
[11237] = 6817 6817
[11238] = 6813 6813
[11239] = 6810 6810
[11240] = 6805 6805
[11241] = 6802 6802
[11242] = 6798 6798
[11243] = 6794 6794
[11244] = 6790 6790
[11245] = 6786 6786
[11246] = 6783 6783
[11247] = 6778 6778
[11248] = 6775 6775
[11249] = 6771 6771
[11250] = 6767 6767
[11251] = 6763 6763
[11252] = 6759 6759
[11253] = 6755 6755
[11254] = 6751 6751
[11255] = 0 0
[11256] = 0 0
[11257] = 0 0
[11258] = 0 0
[11259] = 0 0
[11260] = 0 0
[11261] = 0 0
[11262] = 0 0
[11263] = 0 0
[11264] = 0 0
[11265] = 0 0
[11266] = 0 0
[11267] = 0 0
[11268] = 0 0
[11269] = 0 0
[11270] = 0 0
[11271] = 0 0
[11272] = 0 0
[11273] = 0 0
[11274] = 0 0
[11275] = 0 0
[11276] = 0 0
[11277] = 0 0
[11278] = 0 0
[11279] = 0 0
[11280] = 0 0
[11281] = 0 0
[11282] = 0 0
[11283] = 0 0
[11284] = 0 0
[11285] = 0 0
[11286] = 0 0
[11287] = 0 0
[11288] = 0 0
[11289] = 0 0
[11290] = 0 0
[11291] = 0 0
[11292] = 0 0
[11293] = 0 0
[11294] = 0 0
[11295] = 0 0
[11296] = 6590 6590
[11297] = 6585 6585
[11298] = 6582 6582
[11299] = 6578 6578
[11300] = 6574 6574
[11301] = 6570 6570
[11302] = 6566 6566
[11303] = 6562 6562
[11304] = 6558 6558
[11305] = 6555 6555
[11306] = 6551 6551
[11307] = 6547 6547
[11308] = 6543 6543
[11309] = 6539 6539
[11310] = 6535 6535
[11311] = 6532 6532
[11312] = 6528 6528
[11313] = 6524 6524
[11314] = 6520 6520
[11315] = 6516 6516
[11316] = 6512 6512
[11317] = 6508 6508
[11318] = 6505 6505
[11319] = 6500 6500
[11320] = 6497 6497
[11321] = 6493 6493
[11322] = 6489 6489
[11323] = 6485 6485
[11324] = 6481 6481
[11325] = 6477 6477
[11326] = 6474 6474
[11327] = 6470 6470
[11328] = 6466 6466
[11329] = 6462 6462
[11330] = 6458 6458
[11331] = 6454 6454
[11332] = 6450 6450
[11333] = 6447 6447
[11334] = 6443 6443
[11335] = 6439 6439
[11336] = 0 0
[11337] = 0 0
[11338] = 0 0
[11339] = 0 0
[11340] = 0 0
[11341] = 0 0
[11342] = 0 0
[11343] = 0 0
[11344] = 0 0
[11345] = 0 0
[11346] = 0 0
[11347] = 0 0
[11348] = 0 0
[11349] = 0 0
[11350] = 0 0
[11351] = 0 0
[11352] = 0 0
[11353] = 0 0
[11354] = 0 0
[11355] = 0 0
[11356] = 0 0
[11357] = 0 0
[11358] = 0 0
[11359] = 0 0
[11360] = 0 0
[11361] = 0 0
[11362] = 0 0
[11363] = 0 0
[11364] = 0 0
[11365] = 0 0
[11366] = 0 0
[11367] = 0 0
[11368] = 0 0
[11369] = 0 0
[11370] = 0 0
[11371] = 0 0
[11372] = 0 0
[11373] = 0 0
[11374] = 0 0
[11375] = 0 0
[11376] = 0 0
[11377] = 6277 6277
[11378] = 6273 6273
[11379] = 6269 6269
[11380] = 6265 6265
[11381] = 6261 6261
[11382] = 6257 6257
[11383] = 6254 6254
[11384] = 6250 6250
[11385] = 6246 6246
[11386] = 6242 6242
[11387] = 6238 6238
[11388] = 6234 6234
[11389] = 6230 6230
[11390] = 6227 6227
[11391] = 6222 6222
[11392] = 6219 6219
[11393] = 6215 6215
[11394] = 6211 6211
[11395] = 6207 6207
[11396] = 6203 6203
[11397] = 6199 6199
[11398] = 6196 6196
[11399] = 6192 6192
[11400] = 6188 6188
[11401] = 6184 6184
[11402] = 6180 6180
[11403] = 6177 6177
[11404] = 6172 6172
[11405] = 6169 6169
[11406] = 6165 6165
[11407] = 6161 6161
[11408] = 6157 6157
[11409] = 6153 6153
[11410] = 6149 6149
[11411] = 6145 6145
[11412] = 6142 6142
[11413] = 6138 6138
[11414] = 6134 6134
[11415] = 6130 6130
[11416] = 6126 6126
[11417] = 6122 6122
[11418] = 0 0
[11419] = 0 0
[11420] = 0 0
[11421] = 0 0
[11422] = 0 0
[11423] = 0 0
[11424] = 0 0
[11425] = 0 0
[11426] = 0 0
[11427] = 0 0
[11428] = 0 0
[11429] = 0 0
[11430] = 0 0
[11431] = 0 0
[11432] = 0 0
[11433] = 0 0
[11434] = 0 0
[11435] = 0 0
[11436] = 0 0
[11437] = 0 0
[11438] = 0 0
[11439] = 0 0
[11440] = 0 0
[11441] = 0 0
[11442] = 0 0
[11443] = 0 0
[11444] = 0 0
[11445] = 0 0
[11446] = 0 0
[11447] = 0 0
[11448] = 0 0
[11449] = 0 0
[11450] = 0 0
[11451] = 0 0
[11452] = 0 0
[11453] = 0 0
[11454] = 0 0
[11455] = 0 0
[11456] = 0 0
[11457] = 0 0
[11458] = 0 0
[11459] = 5960 5960
[11460] = 5956 5956
[11461] = 5952 5952
[11462] = 5949 5949
[11463] = 5944 5944
[11464] = 5941 5941
[11465] = 5937 5937
[11466] = 5933 5933
[11467] = 5929 5929
[11468] = 5925 5925
[11469] = 5921 5921
[11470] = 5918 5918
[11471] = 5914 5914
[11472] = 5910 5910
[11473] = 5906 5906
[11474] = 5902 5902
[11475] = 5899 5899
[11476] = 5894 5894
[11477] = 5891 5891
[11478] = 5887 5887
[11479] = 5883 5883
[11480] = 5879 5879
[11481] = 5875 5875
[11482] = 5871 5871
[11483] = 5867 5867
[11484] = 5864 5864
[11485] = 5860 5860
[11486] = 5856 5856
[11487] = 5852 5852
[11488] = 5848 5848
[11489] = 5844 5844
[11490] = 5841 5841
[11491] = 5836 5836
[11492] = 5833 5833
[11493] = 5829 5829
[11494] = 5825 5825
[11495] = 5821 5821
[11496] = 5817 5817
[11497] = 5814 5814
[11498] = 5809 5809
[11499] = 5806 5806
[11500] = 0 0
[11501] = 0 0
[11502] = 0 0
[11503] = 0 0
[11504] = 0 0
[11505] = 0 0
[11506] = 0 0
[11507] = 0 0
[11508] = 0 0
[11509] = 0 0
[11510] = 0 0
[11511] = 0 0
[11512] = 0 0
[11513] = 0 0
[11514] = 0 0
[11515] = 0 0
[11516] = 0 0
[11517] = 0 0
[11518] = 0 0
[11519] = 0 0
[11520] = 0 0
[11521] = 0 0
[11522] = 0 0
[11523] = 0 0
[11524] = 0 0
[11525] = 0 0
[11526] = 0 0
[11527] = 0 0
[11528] = 0 0
[11529] = 0 0
[11530] = 0 0
[11531] = 0 0
[11532] = 0 0
[11533] = 0 0
[11534] = 0 0
[11535] = 0 0
[11536] = 0 0
[11537] = 0 0
[11538] = 0 0
[11539] = 0 0
[11540] = 0 0
[11541] = 5644 5644
[11542] = 5640 5640
[11543] = 5636 5636
[11544] = 5632 5632
[11545] = 5628 5628
[11546] = 5624 5624
[11547] = 5621 5621
[11548] = 5616 5616
[11549] = 5613 5613
[11550] = 5609 5609
[11551] = 5605 5605
[11552] = 5601 5601
[11553] = 5597 5597
[11554] = 5593 5593
[11555] = 5590 5590
[11556] = 5586 5586
[11557] = 5582 5582
[11558] = 5578 5578
[11559] = 5574 5574
[11560] = 5570 5570
[11561] = 5566 5566
[11562] = 5563 5563
[11563] = 5559 5559
[11564] = 5555 5555
[11565] = 5551 5551
[11566] = 5547 5547
[11567] = 5543 5543
[11568] = 5539 5539
[11569] = 5536 5536
[11570] = 5531 5531
[11571] = 5528 5528
[11572] = 5524 5524
[11573] = 5520 5520
[11574] = 5516 5516
[11575] = 5512 5512
[11576] = 5508 5508
[11577] = 5505 5505
[11578] = 5501 5501
[11579] = 5497 5497
[11580] = 5493 5493
[11581] = 5489 5489
[11582] = 0 0
[11583] = 0 0
[11584] = 0 0
[11585] = 0 0
[11586] = 0 0
[11587] = 0 0
[11588] = 0 0
[11589] = 0 0
[11590] = 0 0
[11591] = 0 0
[11592] = 0 0
[11593] = 0 0
[11594] = 0 0
[11595] = 0 0
[11596] = 0 0
[11597] = 0 0
[11598] = 0 0
[11599] = 0 0
[11600] = 0 0
[11601] = 0 0
[11602] = 0 0
[11603] = 0 0
[11604] = 0 0
[11605] = 0 0
[11606] = 0 0
[11607] = 0 0
[11608] = 0 0
[11609] = 0 0
[11610] = 0 0
[11611] = 0 0
[11612] = 0 0
[11613] = 0 0
[11614] = 0 0
[11615] = 0 0
[11616] = 0 0
[11617] = 0 0
[11618] = 0 0
[11619] = 0 0
[11620] = 0 0
[11621] = 0 0
[11622] = 0 0
[11623] = 5327 5327
[11624] = 5323 5323
[11625] = 5319 5319
[11626] = 5315 5315
[11627] = 5312 5312
[11628] = 5308 5308
[11629] = 5304 5304
[11630] = 5300 5300
[11631] = 5296 5296
[11632] = 5293 5293
[11633] = 5288 5288
[11634] = 5285 5285
[11635] = 5281 5281
[11636] = 5277 5277
[11637] = 5273 5273
[11638] = 5269 5269
[11639] = 5265 5265
[11640] = 5261 5261
[11641] = 5258 5258
[11642] = 5254 5254
[11643] = 5250 5250
[11644] = 5246 5246
[11645] = 5242 5242
[11646] = 5238 5238
[11647] = 5235 5235
[11648] = 5230 5230
[11649] = 5227 5227
[11650] = 5223 5223
[11651] = 5219 5219
[11652] = 5215 5215
[11653] = 5211 5211
[11654] = 5208 5208
[11655] = 5203 5203
[11656] = 5200 5200
[11657] = 5196 5196
[11658] = 5192 5192
[11659] = 5188 5188
[11660] = 5184 5184
[11661] = 5180 5180
[11662] = 5177 5177
[11663] = 0 0
[11664] = 0 0
[11665] = 0 0
[11666] = 0 0
[11667] = 0 0
[11668] = 0 0
[11669] = 0 0
[11670] = 0 0
[11671] = 0 0
[11672] = 0 0
[11673] = 0 0
[11674] = 0 0
[11675] = 0 0
[11676] = 0 0
[11677] = 0 0
[11678] = 0 0
[11679] = 0 0
[11680] = 0 0
[11681] = 0 0
[11682] = 0 0
[11683] = 0 0
[11684] = 0 0
[11685] = 0 0
[11686] = 0 0
[11687] = 0 0
[11688] = 0 0
[11689] = 0 0
[11690] = 0 0
[11691] = 0 0
[11692] = 0 0
[11693] = 0 0
[11694] = 0 0
[11695] = 0 0
[11696] = 0 0
[11697] = 0 0
[11698] = 0 0
[11699] = 0 0
[11700] = 0 0
[11701] = 0 0
[11702] = 0 0
[11703] = 0 0
[11704] = 5015 5015
[11705] = 5010 5010
[11706] = 5007 5007
[11707] = 5003 5003
[11708] = 4999 4999
[11709] = 4995 4995
[11710] = 4991 4991
[11711] = 4987 4987
[11712] = 4983 4983
[11713] = 4980 4980
[11714] = 4976 4976
[11715] = 4972 4972
[11716] = 4968 4968
[11717] = 4964 4964
[11718] = 4960 4960
[11719] = 4957 4957
[11720] = 4952 4952
[11721] = 4949 4949
[11722] = 4945 4945
[11723] = 4941 4941
[11724] = 4937 4937
[11725] = 4933 4933
[11726] = 4930 4930
[11727] = 4925 4925
[11728] = 4922 4922
[11729] = 4918 4918
[11730] = 4914 4914
[11731] = 4910 4910
[11732] = 4906 4906
[11733] = 4902 4902
[11734] = 4899 4899
[11735] = 4895 4895
[11736] = 4891 4891
[11737] = 4887 4887
[11738] = 4883 4883
[11739] = 4879 4879
[11740] = 4875 4875
[11741] = 4872 4872
[11742] = 4867 4867
[11743] = 4864 4864
[11744] = 4860 4860
[11745] = 0 0
[11746] = 0 0
[11747] = 0 0
[11748] = 0 0
[11749] = 0 0
[11750] = 0 0
[11751] = 0 0
[11752] = 0 0
[11753] = 0 0
[11754] = 0 0
[11755] = 0 0
[11756] = 0 0
[11757] = 0 0
[11758] = 0 0
[11759] = 0 0
[11760] = 0 0
[11761] = 0 0
[11762] = 0 0
[11763] = 0 0
[11764] = 0 0
[11765] = 0 0
[11766] = 0 0
[11767] = 0 0
[11768] = 0 0
[11769] = 0 0
[11770] = 0 0
[11771] = 0 0
[11772] = 0 0
[11773] = 0 0
[11774] = 0 0
[11775] = 0 0
[11776] = 0 0
[11777] = 0 0
[11778] = 0 0
[11779] = 0 0
[11780] = 0 0
[11781] = 0 0
[11782] = 0 0
[11783] = 0 0
[11784] = 0 0
[11785] = 0 0
[11786] = 4698 4698
[11787] = 4694 4694
[11788] = 4690 4690
[11789] = 4686 4686
[11790] = 4682 4682
[11791] = 4679 4679
[11792] = 4675 4675
[11793] = 4671 4671
[11794] = 4667 4667
[11795] = 4663 4663
[11796] = 4659 4659
[11797] = 4655 4655
[11798] = 4652 4652
[11799] = 4647 4647
[11800] = 4644 4644
[11801] = 4640 4640
[11802] = 4636 4636
[11803] = 4632 4632
[11804] = 4628 4628
[11805] = 4624 4624
[11806] = 4621 4621
[11807] = 4617 4617
[11808] = 4613 4613
[11809] = 4609 4609
[11810] = 4605 4605
[11811] = 4601 4601
[11812] = 4597 4597
[11813] = 4594 4594
[11814] = 4590 4590
[11815] = 4586 4586
[11816] = 4582 4582
[11817] = 4578 4578
[11818] = 4574 4574
[11819] = 4570 4570
[11820] = 4567 4567
[11821] = 4563 4563
[11822] = 4559 4559
[11823] = 4555 4555
[11824] = 4551 4551
[11825] = 4547 4547
[11826] = 4544 4544
[11827] = 0 0
[11828] = 0 0
[11829] = 0 0
[11830] = 0 0
[11831] = 0 0
[11832] = 0 0
[11833] = 0 0
[11834] = 0 0
[11835] = 0 0
[11836] = 0 0
[11837] = 0 0
[11838] = 0 0
[11839] = 0 0
[11840] = 0 0
[11841] = 0 0
[11842] = 0 0
[11843] = 0 0
[11844] = 0 0
[11845] = 0 0
[11846] = 0 0
[11847] = 0 0
[11848] = 0 0
[11849] = 0 0
[11850] = 0 0
[11851] = 0 0
[11852] = 0 0
[11853] = 0 0
[11854] = 0 0
[11855] = 0 0
[11856] = 0 0
[11857] = 0 0
[11858] = 0 0
[11859] = 0 0
[11860] = 0 0
[11861] = 0 0
[11862] = 0 0
[11863] = 0 0
[11864] = 0 0
[11865] = 0 0
[11866] = 0 0
[11867] = 0 0
[11868] = 4381 4381
[11869] = 4377 4377
[11870] = 4374 4374
[11871] = 4369 4369
[11872] = 4366 4366
[11873] = 4362 4362
[11874] = 4358 4358
[11875] = 4354 4354
[11876] = 4351 4351
[11877] = 4346 4346
[11878] = 4343 4343
[11879] = 4339 4339
[11880] = 4335 4335
[11881] = 4331 4331
[11882] = 4327 4327
[11883] = 4324 4324
[11884] = 4319 4319
[11885] = 4316 4316
[11886] = 4312 4312
[11887] = 4308 4308
[11888] = 4304 4304
[11889] = 4300 4300
[11890] = 4296 4296
[11891] = 4292 4292
[11892] = 4289 4289
[11893] = 4285 4285
[11894] = 4281 4281
[11895] = 4277 4277
[11896] = 4273 4273
[11897] = 4269 4269
[11898] = 4266 4266
[11899] = 4261 4261
[11900] = 4258 4258
[11901] = 4254 4254
[11902] = 4250 4250
[11903] = 4246 4246
[11904] = 4242 4242
[11905] = 4239 4239
[11906] = 4234 4234
[11907] = 4231 4231
[11908] = 4227 4227
[11909] = 0 0
[11910] = 0 0
[11911] = 0 0
[11912] = 0 0
[11913] = 0 0
[11914] = 0 0
[11915] = 0 0
[11916] = 0 0
[11917] = 0 0
[11918] = 0 0
[11919] = 0 0
[11920] = 0 0
[11921] = 0 0
[11922] = 0 0
[11923] = 0 0
[11924] = 0 0
[11925] = 0 0
[11926] = 0 0
[11927] = 0 0
[11928] = 0 0
[11929] = 0 0
[11930] = 0 0
[11931] = 0 0
[11932] = 0 0
[11933] = 0 0
[11934] = 0 0
[11935] = 0 0
[11936] = 0 0
[11937] = 0 0
[11938] = 0 0
[11939] = 0 0
[11940] = 0 0
[11941] = 0 0
[11942] = 0 0
[11943] = 0 0
[11944] = 0 0
[11945] = 0 0
[11946] = 0 0
[11947] = 0 0
[11948] = 0 0
[11949] = 0 0
[11950] = 4065 4065
[11951] = 4061 4061
[11952] = 4057 4057
[11953] = 4053 4053
[11954] = 4049 4049
[11955] = 4046 4046
[11956] = 4041 4041
[11957] = 4038 4038
[11958] = 4034 4034
[11959] = 4030 4030
[11960] = 4026 4026
[11961] = 4022 4022
[11962] = 4018 4018
[11963] = 4015 4015
[11964] = 4011 4011
[11965] = 4007 4007
[11966] = 4003 4003
[11967] = 3999 3999
[11968] = 3995 3995
[11969] = 3991 3991
[11970] = 3988 3988
[11971] = 3983 3983
[11972] = 3980 3980
[11973] = 3976 3976
[11974] = 3972 3972
[11975] = 3968 3968
[11976] = 3964 3964
[11977] = 3961 3961
[11978] = 3956 3956
[11979] = 3953 3953
[11980] = 3949 3949
[11981] = 3945 3945
[11982] = 3941 3941
[11983] = 3938 3938
[11984] = 3933 3933
[11985] = 3930 3930
[11986] = 3926 3926
[11987] = 3922 3922
[11988] = 3918 3918
[11989] = 3914 3914
[11990] = 0 0
[11991] = 0 0
[11992] = 0 0
[11993] = 0 0
[11994] = 0 0
[11995] = 0 0
[11996] = 0 0
[11997] = 0 0
[11998] = 0 0
[11999] = 0 0
[12000] = 0 0
[12001] = 0 0
[12002] = 0 0
[12003] = 0 0
[12004] = 0 0
[12005] = 0 0
[12006] = 0 0
[12007] = 0 0
[12008] = 0 0
[12009] = 0 0
[12010] = 0 0
[12011] = 0 0
[12012] = 0 0
[12013] = 0 0
[12014] = 0 0
[12015] = 0 0
[12016] = 0 0
[12017] = 0 0
[12018] = 0 0
[12019] = 0 0
[12020] = 0 0
[12021] = 0 0
[12022] = 0 0
[12023] = 0 0
[12024] = 0 0
[12025] = 0 0
[12026] = 0 0
[12027] = 0 0
[12028] = 0 0
[12029] = 0 0
[12030] = 0 0
[12031] = 3752 3752
[12032] = 3748 3748
[12033] = 3744 3744
[12034] = 3740 3740
[12035] = 3737 3737
[12036] = 3733 3733
[12037] = 3729 3729
[12038] = 3725 3725
[12039] = 3721 3721
[12040] = 3717 3717
[12041] = 3713 3713
[12042] = 3710 3710
[12043] = 3706 3706
[12044] = 3702 3702
[12045] = 3698 3698
[12046] = 3694 3694
[12047] = 3690 3690
[12048] = 3686 3686
[12049] = 3683 3683
[12050] = 3679 3679
[12051] = 3675 3675
[12052] = 3671 3671
[12053] = 3667 3667
[12054] = 3663 3663
[12055] = 3660 3660
[12056] = 3655 3655
[12057] = 3652 3652
[12058] = 3648 3648
[12059] = 3644 3644
[12060] = 3640 3640
[12061] = 3636 3636
[12062] = 3632 3632
[12063] = 3628 3628
[12064] = 3625 3625
[12065] = 3621 3621
[12066] = 3617 3617
[12067] = 3613 3613
[12068] = 3609 3609
[12069] = 3605 3605
[12070] = 3602 3602
[12071] = 3598 3598
[12072] = 0 0
[12073] = 0 0
[12074] = 0 0
[12075] = 0 0
[12076] = 0 0
[12077] = 0 0
[12078] = 0 0
[12079] = 0 0
[12080] = 0 0
[12081] = 0 0
[12082] = 0 0
[12083] = 0 0
[12084] = 0 0
[12085] = 0 0
[12086] = 0 0
[12087] = 0 0
[12088] = 0 0
[12089] = 0 0
[12090] = 0 0
[12091] = 0 0
[12092] = 0 0
[12093] = 0 0
[12094] = 0 0
[12095] = 0 0
[12096] = 0 0
[12097] = 0 0
[12098] = 0 0
[12099] = 0 0
[12100] = 0 0
[12101] = 0 0
[12102] = 0 0
[12103] = 0 0
[12104] = 0 0
[12105] = 0 0
[12106] = 0 0
[12107] = 0 0
[12108] = 0 0
[12109] = 0 0
[12110] = 0 0
[12111] = 0 0
[12112] = 0 0
[12113] = 3435 3435
[12114] = 3432 3432
[12115] = 3428 3428
[12116] = 3424 3424
[12117] = 3420 3420
[12118] = 3416 3416
[12119] = 3412 3412
[12120] = 3408 3408
[12121] = 3405 3405
[12122] = 3401 3401
[12123] = 3397 3397
[12124] = 3393 3393
[12125] = 3389 3389
[12126] = 3385 3385
[12127] = 3382 3382
[12128] = 3377 3377
[12129] = 3374 3374
[12130] = 3370 3370
[12131] = 3366 3366
[12132] = 3362 3362
[12133] = 3358 3358
[12134] = 3355 3355
[12135] = 3350 3350
[12136] = 3347 3347
[12137] = 3343 3343
[12138] = 3339 3339
[12139] = 3335 3335
[12140] = 3331 3331
[12141] = 3327 3327
[12142] = 3324 3324
[12143] = 3320 3320
[12144] = 3316 3316
[12145] = 3312 3312
[12146] = 3308 3308
[12147] = 3304 3304
[12148] = 3300 3300
[12149] = 3297 3297
[12150] = 3292 3292
[12151] = 3289 3289
[12152] = 3285 3285
[12153] = 3281 3281
[12154] = 0 0
[12155] = 0 0
[12156] = 0 0
[12157] = 0 0
[12158] = 0 0
[12159] = 0 0
[12160] = 0 0
[12161] = 0 0
[12162] = 0 0
[12163] = 0 0
[12164] = 0 0
[12165] = 0 0
[12166] = 0 0
[12167] = 0 0
[12168] = 0 0
[12169] = 0 0
[12170] = 0 0
[12171] = 0 0
[12172] = 0 0
[12173] = 0 0
[12174] = 0 0
[12175] = 0 0
[12176] = 0 0
[12177] = 0 0
[12178] = 0 0
[12179] = 0 0
[12180] = 0 0
[12181] = 0 0
[12182] = 0 0
[12183] = 0 0
[12184] = 0 0
[12185] = 0 0
[12186] = 0 0
[12187] = 0 0
[12188] = 0 0
[12189] = 0 0
[12190] = 0 0
[12191] = 0 0
[12192] = 0 0
[12193] = 0 0
[12194] = 0 0
[12195] = 3119 3119
[12196] = 3115 3115
[12197] = 3111 3111
[12198] = 3107 3107
[12199] = 3104 3104
[12200] = 3099 3099
[12201] = 3096 3096
[12202] = 3092 3092
[12203] = 3088 3088
[12204] = 3084 3084
[12205] = 3080 3080
[12206] = 3077 3077
[12207] = 3072 3072
[12208] = 3069 3069
[12209] = 3065 3065
[12210] = 3061 3061
[12211] = 3057 3057
[12212] = 3053 3053
[12213] = 3049 3049
[12214] = 3046 3046
[12215] = 3042 3042
[12216] = 3038 3038
[12217] = 3034 3034
[12218] = 3030 3030
[12219] = 3026 3026
[12220] = 3022 3022
[12221] = 3019 3019
[12222] = 3014 3014
[12223] = 3011 3011
[12224] = 3007 3007
[12225] = 3003 3003
[12226] = 2999 2999
[12227] = 2995 2995
[12228] = 2992 2992
[12229] = 2988 2988
[12230] = 2984 2984
[12231] = 2980 2980
[12232] = 2976 2976
[12233] = 2972 2972
[12234] = 2969 2969
[12235] = 2964 2964
[12236] = 0 0
[12237] = 0 0
[12238] = 0 0
[12239] = 0 0
[12240] = 0 0
[12241] = 0 0
[12242] = 0 0
[12243] = 0 0
[12244] = 0 0
[12245] = 0 0
[12246] = 0 0
[12247] = 0 0
[12248] = 0 0
[12249] = 0 0
[12250] = 0 0
[12251] = 0 0
[12252] = 0 0
[12253] = 0 0
[12254] = 0 0
[12255] = 0 0
[12256] = 0 0
[12257] = 0 0
[12258] = 0 0
[12259] = 0 0
[12260] = 0 0
[12261] = 0 0
[12262] = 0 0
[12263] = 0 0
[12264] = 0 0
[12265] = 0 0
[12266] = 0 0
[12267] = 0 0
[12268] = 0 0
[12269] = 0 0
[12270] = 0 0
[12271] = 0 0
[12272] = 0 0
[12273] = 0 0
[12274] = 0 0
[12275] = 0 0
[12276] = 0 0
[12277] = 2802 2802
[12278] = 2799 2799
[12279] = 2795 2795
[12280] = 2791 2791
[12281] = 2787 2787
[12282] = 2783 2783
[12283] = 2779 2779
[12284] = 2776 2776
[12285] = 2771 2771
[12286] = 2768 2768
[12287] = 2764 2764
[12288] = 2760 2760
[12289] = 2756 2756
[12290] = 2752 2752
[12291] = 2748 2748
[12292] = 2744 2744
[12293] = 2741 2741
[12294] = 2737 2737
[12295] = 2733 2733
[12296] = 2729 2729
[12297] = 2725 2725
[12298] = 2721 2721
[12299] = 2717 2717
[12300] = 2714 2714
[12301] = 2710 2710
[12302] = 2706 2706
[12303] = 2702 2702
[12304] = 2698 2698
[12305] = 2694 2694
[12306] = 2691 2691
[12307] = 2686 2686
[12308] = 2683 2683
[12309] = 2679 2679
[12310] = 2675 2675
[12311] = 2671 2671
[12312] = 2667 2667
[12313] = 2663 2663
[12314] = 2659 2659
[12315] = 2656 2656
[12316] = 2652 2652
[12317] = 0 0
[12318] = 0 0
[12319] = 0 0
[12320] = 0 0
[12321] = 0 0
[12322] = 0 0
[12323] = 0 0
[12324] = 0 0
[12325] = 0 0
[12326] = 0 0
[12327] = 0 0
[12328] = 0 0
[12329] = 0 0
[12330] = 0 0
[12331] = 0 0
[12332] = 0 0
[12333] = 0 0
[12334] = 0 0
[12335] = 0 0
[12336] = 0 0
[12337] = 0 0
[12338] = 0 0
[12339] = 0 0
[12340] = 0 0
[12341] = 0 0
[12342] = 0 0
[12343] = 0 0
[12344] = 0 0
[12345] = 0 0
[12346] = 0 0
[12347] = 0 0
[12348] = 0 0
[12349] = 0 0
[12350] = 0 0
[12351] = 0 0
[12352] = 0 0
[12353] = 0 0
[12354] = 0 0
[12355] = 0 0
[12356] = 0 0
[12357] = 0 0
[12358] = 2490 2490
[12359] = 2486 2486
[12360] = 2482 2482
[12361] = 2478 2478
[12362] = 2474 2474
[12363] = 2471 2471
[12364] = 2466 2466
[12365] = 2463 2463
[12366] = 2459 2459
[12367] = 2455 2455
[12368] = 2451 2451
[12369] = 2447 2447
[12370] = 2443 2443
[12371] = 2440 2440
[12372] = 2436 2436
[12373] = 2432 2432
[12374] = 2428 2428
[12375] = 2424 2424
[12376] = 2420 2420
[12377] = 2416 2416
[12378] = 2413 2413
[12379] = 2408 2408
[12380] = 2405 2405
[12381] = 2401 2401
[12382] = 2397 2397
[12383] = 2393 2393
[12384] = 2389 2389
[12385] = 2385 2385
[12386] = 2382 2382
[12387] = 2378 2378
[12388] = 2374 2374
[12389] = 2370 2370
[12390] = 2366 2366
[12391] = 2363 2363
[12392] = 2358 2358
[12393] = 2355 2355
[12394] = 2351 2351
[12395] = 2347 2347
[12396] = 2343 2343
[12397] = 2339 2339
[12398] = 2335 2335
[12399] = 0 0
[12400] = 0 0
[12401] = 0 0
[12402] = 0 0
[12403] = 0 0
[12404] = 0 0
[12405] = 0 0
[12406] = 0 0
[12407] = 0 0
[12408] = 0 0
[12409] = 0 0
[12410] = 0 0
[12411] = 0 0
[12412] = 0 0
[12413] = 0 0
[12414] = 0 0
[12415] = 0 0
[12416] = 0 0
[12417] = 0 0
[12418] = 0 0
[12419] = 0 0
[12420] = 0 0
[12421] = 0 0
[12422] = 0 0
[12423] = 0 0
[12424] = 0 0
[12425] = 0 0
[12426] = 0 0
[12427] = 0 0
[12428] = 0 0
[12429] = 0 0
[12430] = 0 0
[12431] = 0 0
[12432] = 0 0
[12433] = 0 0
[12434] = 0 0
[12435] = 0 0
[12436] = 0 0
[12437] = 0 0
[12438] = 0 0
[12439] = 0 0
[12440] = 2173 2173
[12441] = 2169 2169
[12442] = 2165 2165
[12443] = 2162 2162
[12444] = 2158 2158
[12445] = 2154 2154
[12446] = 2150 2150
[12447] = 2146 2146
[12448] = 2142 2142
[12449] = 2138 2138
[12450] = 2135 2135
[12451] = 2130 2130
[12452] = 2127 2127
[12453] = 2123 2123
[12454] = 2119 2119
[12455] = 2115 2115
[12456] = 2111 2111
[12457] = 2108 2108
[12458] = 2104 2104
[12459] = 2100 2100
[12460] = 2096 2096
[12461] = 2092 2092
[12462] = 2088 2088
[12463] = 2085 2085
[12464] = 2080 2080
[12465] = 2077 2077
[12466] = 2073 2073
[12467] = 2069 2069
[12468] = 2065 2065
[12469] = 2061 2061
[12470] = 2057 2057
[12471] = 2053 2053
[12472] = 2050 2050
[12473] = 2046 2046
[12474] = 2042 2042
[12475] = 2038 2038
[12476] = 2034 2034
[12477] = 2030 2030
[12478] = 2027 2027
[12479] = 2023 2023
[12480] = 2019 2019
[12481] = 0 0
[12482] = 0 0
[12483] = 0 0
[12484] = 0 0
[12485] = 0 0
[12486] = 0 0
[12487] = 0 0
[12488] = 0 0
[12489] = 0 0
[12490] = 0 0
[12491] = 0 0
[12492] = 0 0
[12493] = 0 0
[12494] = 0 0
[12495] = 0 0
[12496] = 0 0
[12497] = 0 0
[12498] = 0 0
[12499] = 0 0
[12500] = 0 0
[12501] = 0 0
[12502] = 0 0
[12503] = 0 0
[12504] = 0 0
[12505] = 0 0
[12506] = 0 0
[12507] = 0 0
[12508] = 0 0
[12509] = 0 0
[12510] = 0 0
[12511] = 0 0
[12512] = 0 0
[12513] = 0 0
[12514] = 0 0
[12515] = 0 0
[12516] = 0 0
[12517] = 0 0
[12518] = 0 0
[12519] = 0 0
[12520] = 0 0
[12521] = 0 0
[12522] = 1857 1857
[12523] = 1853 1853
[12524] = 1849 1849
[12525] = 1845 1845
[12526] = 1841 1841
[12527] = 1837 1837
[12528] = 1833 1833
[12529] = 1830 1830
[12530] = 1826 1826
[12531] = 1822 1822
[12532] = 1818 1818
[12533] = 1814 1814
[12534] = 1810 1810
[12535] = 1807 1807
[12536] = 1802 1802
[12537] = 1799 1799
[12538] = 1795 1795
[12539] = 1791 1791
[12540] = 1787 1787
[12541] = 1783 1783
[12542] = 1779 1779
[12543] = 1775 1775
[12544] = 1772 1772
[12545] = 1768 1768
[12546] = 1764 1764
[12547] = 1760 1760
[12548] = 1756 1756
[12549] = 1752 1752
[12550] = 1749 1749
[12551] = 1745 1745
[12552] = 1741 1741
[12553] = 1737 1737
[12554] = 1733 1733
[12555] = 1729 1729
[12556] = 1725 1725
[12557] = 1722 1722
[12558] = 1717 1717
[12559] = 1714 1714
[12560] = 1710 1710
[12561] = 1706 1706
[12562] = 1702 1702
[12563] = 0 0
[12564] = 0 0
[12565] = 0 0
[12566] = 0 0
[12567] = 0 0
[12568] = 0 0
[12569] = 0 0
[12570] = 0 0
[12571] = 0 0
[12572] = 0 0
[12573] = 0 0
[12574] = 0 0
[12575] = 0 0
[12576] = 0 0
[12577] = 0 0
[12578] = 0 0
[12579] = 0 0
[12580] = 0 0
[12581] = 0 0
[12582] = 0 0
[12583] = 0 0
[12584] = 0 0
[12585] = 0 0
[12586] = 0 0
[12587] = 0 0
[12588] = 0 0
[12589] = 0 0
[12590] = 0 0
[12591] = 0 0
[12592] = 0 0
[12593] = 0 0
[12594] = 0 0
[12595] = 0 0
[12596] = 0 0
[12597] = 0 0
[12598] = 0 0
[12599] = 0 0
[12600] = 0 0
[12601] = 0 0
[12602] = 0 0
[12603] = 0 0
[12604] = 1540 1540
[12605] = 1536 1536
[12606] = 1532 1532
[12607] = 1529 1529
[12608] = 1524 1524
[12609] = 1521 1521
[12610] = 1517 1517
[12611] = 1513 1513
[12612] = 1509 1509
[12613] = 1505 1505
[12614] = 1502 1502
[12615] = 1497 1497
[12616] = 1494 1494
[12617] = 1490 1490
[12618] = 1486 1486
[12619] = 1482 1482
[12620] = 1478 1478
[12621] = 1474 1474
[12622] = 1471 1471
[12623] = 1467 1467
[12624] = 1463 1463
[12625] = 1459 1459
[12626] = 1455 1455
[12627] = 1451 1451
[12628] = 1447 1447
[12629] = 1444 1444
[12630] = 1439 1439
[12631] = 1436 1436
[12632] = 1432 1432
[12633] = 1428 1428
[12634] = 1424 1424
[12635] = 1420 1420
[12636] = 1416 1416
[12637] = 1413 1413
[12638] = 1409 1409
[12639] = 1405 1405
[12640] = 1401 1401
[12641] = 1397 1397
[12642] = 1394 1394
[12643] = 1389 1389
[12644] = 0 0
[12645] = 0 0
[12646] = 0 0
[12647] = 0 0
[12648] = 0 0
[12649] = 0 0
[12650] = 0 0
[12651] = 0 0
[12652] = 0 0
[12653] = 0 0
[12654] = 0 0
[12655] = 0 0
[12656] = 0 0
[12657] = 0 0
[12658] = 0 0
[12659] = 0 0
[12660] = 0 0
[12661] = 0 0
[12662] = 0 0
[12663] = 0 0
[12664] = 0 0
[12665] = 0 0
[12666] = 0 0
[12667] = 0 0
[12668] = 0 0
[12669] = 0 0
[12670] = 0 0
[12671] = 0 0
[12672] = 0 0
[12673] = 0 0
[12674] = 0 0
[12675] = 0 0
[12676] = 0 0
[12677] = 0 0
[12678] = 0 0
[12679] = 0 0
[12680] = 0 0
[12681] = 0 0
[12682] = 0 0
[12683] = 0 0
[12684] = 0 0
[12685] = 1227 1227
[12686] = 1224 1224
[12687] = 1220 1220
[12688] = 1216 1216
[12689] = 1212 1212
[12690] = 1208 1208
[12691] = 1204 1204
[12692] = 1201 1201
[12693] = 1196 1196
[12694] = 1193 1193
[12695] = 1189 1189
[12696] = 1185 1185
[12697] = 1181 1181
[12698] = 1177 1177
[12699] = 1173 1173
[12700] = 1169 1169
[12701] = 1166 1166
[12702] = 1161 1161
[12703] = 1158 1158
[12704] = 1154 1154
[12705] = 1150 1150
[12706] = 1146 1146
[12707] = 1143 1143
[12708] = 1139 1139
[12709] = 1135 1135
[12710] = 1131 1131
[12711] = 1127 1127
[12712] = 1123 1123
[12713] = 1119 1119
[12714] = 1116 1116
[12715] = 1111 1111
[12716] = 1108 1108
[12717] = 1104 1104
[12718] = 1100 1100
[12719] = 1096 1096
[12720] = 1092 1092
[12721] = 1088 1088
[12722] = 1084 1084
[12723] = 1081 1081
[12724] = 1077 1077
[12725] = 1073 1073
[12726] = 0 0
[12727] = 0 0
[12728] = 0 0
[12729] = 0 0
[12730] = 0 0
[12731] = 0 0
[12732] = 0 0
[12733] = 0 0
[12734] = 0 0
[12735] = 0 0
[12736] = 0 0
[12737] = 0 0
[12738] = 0 0
[12739] = 0 0
[12740] = 0 0
[12741] = 0 0
[12742] = 0 0
[12743] = 0 0
[12744] = 0 0
[12745] = 0 0
[12746] = 0 0
[12747] = 0 0
[12748] = 0 0
[12749] = 0 0
[12750] = 0 0
[12751] = 0 0
[12752] = 0 0
[12753] = 0 0
[12754] = 0 0
[12755] = 0 0
[12756] = 0 0
[12757] = 0 0
[12758] = 0 0
[12759] = 0 0
[12760] = 0 0
[12761] = 0 0
[12762] = 0 0
[12763] = 0 0
[12764] = 0 0
[12765] = 0 0
[12766] = 0 0
[12767] = 911 911
[12768] = 907 907
[12769] = 903 903
[12770] = 899 899
[12771] = 895 895
[12772] = 891 891
[12773] = 888 888
[12774] = 884 884
[12775] = 880 880
[12776] = 876 876
[12777] = 872 872
[12778] = 868 868
[12779] = 865 865
[12780] = 861 861
[12781] = 857 857
[12782] = 853 853
[12783] = 849 849
[12784] = 845 845
[12785] = 841 841
[12786] = 838 838
[12787] = 833 833
[12788] = 830 830
[12789] = 826 826
[12790] = 822 822
[12791] = 818 818
[12792] = 814 814
[12793] = 810 810
[12794] = 807 807
[12795] = 803 803
[12796] = 799 799
[12797] = 795 795
[12798] = 791 791
[12799] = 788 788
[12800] = 783 783
[12801] = 780 780
[12802] = 776 776
[12803] = 772 772
[12804] = 768 768
[12805] = 764 764
[12806] = 760 760
[12807] = 756 756
[12808] = 0 0
[12809] = 0 0
[12810] = 0 0
[12811] = 0 0
[12812] = 0 0
[12813] = 0 0
[12814] = 0 0
[12815] = 0 0
[12816] = 0 0
[12817] = 0 0
[12818] = 0 0
[12819] = 0 0
[12820] = 0 0
[12821] = 0 0
[12822] = 0 0
[12823] = 0 0
[12824] = 0 0
[12825] = 0 0
[12826] = 0 0
[12827] = 0 0
[12828] = 0 0
[12829] = 0 0
[12830] = 0 0
[12831] = 0 0
[12832] = 0 0
[12833] = 0 0
[12834] = 0 0
[12835] = 0 0
[12836] = 0 0
[12837] = 0 0
[12838] = 0 0
[12839] = 0 0
[12840] = 0 0
[12841] = 0 0
[12842] = 0 0
[12843] = 0 0
[12844] = 0 0
[12845] = 0 0
[12846] = 0 0
[12847] = 0 0
[12848] = 0 0
[12849] = 594 594
[12850] = 590 590
[12851] = 587 587
[12852] = 583 583
[12853] = 579 579
[12854] = 575 575
[12855] = 571 571
[12856] = 567 567
[12857] = 563 563
[12858] = 560 560
[12859] = 555 555
[12860] = 552 552
[12861] = 548 548
[12862] = 544 544
[12863] = 540 540
[12864] = 536 536
[12865] = 532 532
[12866] = 529 529
[12867] = 525 525
[12868] = 521 521
[12869] = 517 517
[12870] = 513 513
[12871] = 510 510
[12872] = 505 505
[12873] = 502 502
[12874] = 498 498
[12875] = 494 494
[12876] = 490 490
[12877] = 486 486
[12878] = 482 482
[12879] = 478 478
[12880] = 475 475
[12881] = 471 471
[12882] = 467 467
[12883] = 463 463
[12884] = 459 459
[12885] = 455 455
[12886] = 452 452
[12887] = 447 447
[12888] = 444 444
[12889] = 440 440
[12890] = 0 0
[12891] = 0 0
[12892] = 0 0
[12893] = 0 0
[12894] = 0 0
[12895] = 0 0
[12896] = 0 0
[12897] = 0 0
[12898] = 0 0
[12899] = 0 0
[12900] = 0 0
[12901] = 0 0
[12902] = 0 0
[12903] = 0 0
[12904] = 0 0
[12905] = 0 0
[12906] = 0 0
[12907] = 0 0
[12908] = 0 0
[12909] = 0 0
[12910] = 0 0
[12911] = 0 0
[12912] = 0 0
[12913] = 0 0
[12914] = 0 0
[12915] = 0 0
[12916] = 0 0
[12917] = 0 0
[12918] = 0 0
[12919] = 0 0
[12920] = 0 0
[12921] = 0 0
[12922] = 0 0
[12923] = 0 0
[12924] = 0 0
[12925] = 0 0
[12926] = 0 0
[12927] = 0 0
[12928] = 0 0
[12929] = 0 0
[12930] = 0 0
[12931] = 277 277
[12932] = 274 274
[12933] = 270 270
[12934] = 266 266
[12935] = 262 262
[12936] = 258 258
[12937] = 255 255
[12938] = 251 251
[12939] = 247 247
[12940] = 243 243
[12941] = 239 239
[12942] = 235 235
[12943] = 232 232
[12944] = 227 227
[12945] = 224 224
[12946] = 220 220
[12947] = 216 216
[12948] = 212 212
[12949] = 208 208
[12950] = 204 204
[12951] = 200 200
[12952] = 197 197
[12953] = 193 193
[12954] = 189 189
[12955] = 185 185
[12956] = 181 181
[12957] = 177 177
[12958] = 174 174
[12959] = 170 170
[12960] = 166 166
[12961] = 162 162
[12962] = 158 158
[12963] = 154 154
[12964] = 150 150
[12965] = 147 147
[12966] = 142 142
[12967] = 139 139
[12968] = 135 135
[12969] = 131 131
[12970] = 127 127
[12971] = 0 0
[12972] = 0 0
[12973] = 0 0
[12974] = 0 0
[12975] = 0 0
[12976] = 0 0
[12977] = 0 0
[12978] = 0 0
[12979] = 0 0
[12980] = 0 0
[12981] = 0 0
[12982] = 0 0
[12983] = 0 0
[12984] = 0 0
[12985] = 0 0
[12986] = 0 0
[12987] = 0 0
[12988] = 0 0
[12989] = 0 0
[12990] = 0 0
[12991] = 0 0
[12992] = 0 0
[12993] = 0 0
[12994] = 0 0
[12995] = 0 0
[12996] = 0 0
[12997] = 0 0
[12998] = 0 0
[12999] = 0 0
[13000] = 0 0
[13001] = 0 0
[13002] = 0 0
[13003] = 0 0
[13004] = 0 0
[13005] = 0 0
[13006] = 0 0
[13007] = 0 0
[13008] = 0 0
[13009] = 0 0
[13010] = 0 0
[13011] = 0 0
[13012] = 0 0
[13013] = 0 0
[13014] = 0 0
[13015] = 0 0
[13016] = 0 0
[13017] = 0 0
[13018] = 0 0
[13019] = 0 0
[13020] = 0 0
[13021] = 0 0
[13022] = 0 0
[13023] = 0 0
[13024] = 0 0
[13025] = 0 0
[13026] = 0 0
[13027] = 0 0
[13028] = 0 0
[13029] = 0 0
[13030] = 0 0
[13031] = 0 0
[13032] = 0 0
[13033] = 0 0
[13034] = 0 0
[13035] = 0 0
[13036] = 0 0
[13037] = 0 0
[13038] = 0 0
[13039] = 0 0
[13040] = 0 0
[13041] = 0 0
[13042] = 0 0
[13043] = 0 0
[13044] = 0 0
[13045] = 0 0
[13046] = 0 0
[13047] = 0 0
[13048] = 0 0
[13049] = 0 0
[13050] = 0 0
[13051] = 0 0
[13052] = 0 0
[13053] = 0 0
[13054] = 0 0
[13055] = 0 0
[13056] = 0 0
[13057] = 0 0
[13058] = 0 0
[13059] = 0 0
[13060] = 0 0
[13061] = 0 0
[13062] = 0 0
[13063] = 0 0
[13064] = 0 0
[13065] = 0 0
[13066] = 0 0
[13067] = 0 0
[13068] = 0 0
[13069] = 0 0
[13070] = 0 0
[13071] = 0 0
[13072] = 0 0
[13073] = 0 0
[13074] = 0 0
[13075] = 0 0
[13076] = 0 0
[13077] = 0 0
[13078] = 0 0
[13079] = 0 0
[13080] = 0 0
[13081] = 0 0
[13082] = 0 0
[13083] = 0 0
[13084] = 0 0
[13085] = 0 0
[13086] = 0 0
[13087] = 0 0
[13088] = 0 0
[13089] = 0 0
[13090] = 0 0
[13091] = 0 0
[13092] = 0 0
[13093] = 0 0
[13094] = 0 0
[13095] = 0 0
[13096] = 0 0
[13097] = 0 0
[13098] = 0 0
[13099] = 0 0
[13100] = 0 0
[13101] = 0 0
[13102] = 0 0
[13103] = 0 0
[13104] = 0 0
[13105] = 0 0
[13106] = 0 0
[13107] = 0 0
[13108] = 0 0
[13109] = 0 0
[13110] = 0 0
[13111] = 0 0
[13112] = 0 0
[13113] = 0 0
[13114] = 0 0
[13115] = 0 0
[13116] = 0 0
[13117] = 0 0
[13118] = 0 0
[13119] = 0 0
[13120] = 0 0
[13121] = 0 0
[13122] = 0 0
[13123] = 0 0
[13124] = 0 0
[13125] = 0 0
[13126] = 0 0
[13127] = 0 0
[13128] = 0 0
[13129] = 0 0
[13130] = 0 0
[13131] = 0 0
[13132] = 0 0
[13133] = 0 0
[13134] = 0 0
[13135] = 0 0
[13136] = 0 0
[13137] = 0 0
[13138] = 0 0
[13139] = 0 0
[13140] = 0 0
[13141] = 0 0
[13142] = 0 0
[13143] = 0 0
[13144] = 0 0
[13145] = 0 0
[13146] = 0 0
[13147] = 0 0
[13148] = 0 0
[13149] = 0 0
[13150] = 0 0
[13151] = 0 0
[13152] = 0 0
[13153] = 0 0
[13154] = 0 0
[13155] = 0 0
[13156] = 0 0
[13157] = 0 0
[13158] = 0 0
[13159] = 0 0
[13160] = 0 0
[13161] = 0 0
[13162] = 0 0
[13163] = 0 0
[13164] = 0 0
[13165] = 0 0
[13166] = 0 0
[13167] = 0 0
[13168] = 0 0
[13169] = 0 0
[13170] = 0 0
[13171] = 0 0
[13172] = 0 0
[13173] = 0 0
[13174] = 0 0
[13175] = 0 0
[13176] = 0 0
[13177] = 0 0
[13178] = 0 0
[13179] = 0 0
[13180] = 0 0
[13181] = 0 0
[13182] = 0 0
[13183] = 0 0
[13184] = 0 0
[13185] = 0 0
[13186] = 0 0
[13187] = 0 0
[13188] = 0 0
[13189] = 0 0
[13190] = 0 0
[13191] = 0 0
[13192] = 0 0
[13193] = 0 0
[13194] = 0 0
[13195] = 0 0
[13196] = 0 0
[13197] = 0 0
[13198] = 0 0
[13199] = 0 0
[13200] = 0 0
[13201] = 0 0
[13202] = 0 0
[13203] = 0 0
[13204] = 0 0
[13205] = 0 0
[13206] = 0 0
[13207] = 0 0
[13208] = 0 0
[13209] = 0 0
[13210] = 0 0
[13211] = 0 0
[13212] = 0 0
[13213] = 0 0
[13214] = 0 0
[13215] = 0 0
[13216] = 0 0
[13217] = 0 0
[13218] = 0 0
[13219] = 0 0
[13220] = 0 0
[13221] = 0 0
[13222] = 0 0
[13223] = 0 0
[13224] = 0 0
[13225] = 0 0
[13226] = 0 0
[13227] = 0 0
[13228] = 0 0
[13229] = 0 0
[13230] = 0 0
[13231] = 0 0
[13232] = 0 0
[13233] = 0 0
[13234] = 0 0
[13235] = 0 0
[13236] = 0 0
[13237] = 0 0
[13238] = 0 0
[13239] = 0 0
[13240] = 0 0
[13241] = 0 0
[13242] = 0 0
[13243] = 0 0
[13244] = 0 0
[13245] = 0 0
[13246] = 0 0
[13247] = 0 0
[13248] = 0 0
[13249] = 0 0
[13250] = 0 0
[13251] = 0 0
[13252] = 0 0
[13253] = 0 0
[13254] = 0 0
[13255] = 0 0
[13256] = 0 0
[13257] = 0 0
[13258] = 0 0
[13259] = 0 0
[13260] = 0 0
[13261] = 0 0
[13262] = 0 0
[13263] = 0 0
[13264] = 0 0
[13265] = 0 0
[13266] = 0 0
[13267] = 0 0
[13268] = 0 0
[13269] = 0 0
[13270] = 0 0
[13271] = 0 0
[13272] = 0 0
[13273] = 0 0
[13274] = 0 0
[13275] = 0 0
[13276] = 0 0
[13277] = 0 0
[13278] = 0 0
[13279] = 0 0
[13280] = 0 0
[13281] = 0 0
[13282] = 0 0
[13283] = 0 0
[13284] = 0 0
[13285] = 0 0
[13286] = 0 0
[13287] = 0 0
[13288] = 0 0
[13289] = 0 0
[13290] = 0 0
[13291] = 0 0
[13292] = 0 0
[13293] = 0 0
[13294] = 0 0
[13295] = 0 0
[13296] = 0 0
[13297] = 0 0
[13298] = 0 0
[13299] = 0 0
[13300] = 0 0
[13301] = 0 0
[13302] = 0 0
[13303] = 0 0
[13304] = 0 0
[13305] = 0 0
[13306] = 0 0
[13307] = 0 0
[13308] = 0 0
[13309] = 0 0
[13310] = 0 0
[13311] = 0 0
[13312] = 0 0
[13313] = 0 0
[13314] = 0 0
[13315] = 0 0
[13316] = 0 0
[13317] = 0 0
[13318] = 0 0
[13319] = 0 0
[13320] = 0 0
[13321] = 0 0
[13322] = 0 0
[13323] = 0 0
[13324] = 0 0
[13325] = 0 0
[13326] = 0 0
[13327] = 0 0
[13328] = 0 0
[13329] = 0 0
[13330] = 0 0
[13331] = 0 0
[13332] = 0 0
[13333] = 0 0
[13334] = 0 0
[13335] = 0 0
[13336] = 0 0
[13337] = 0 0
[13338] = 0 0
[13339] = 0 0
[13340] = 0 0
[13341] = 0 0
[13342] = 0 0
[13343] = 0 0
[13344] = 0 0
[13345] = 0 0
[13346] = 0 0
[13347] = 0 0
[13348] = 0 0
[13349] = 0 0
[13350] = 0 0
[13351] = 0 0
[13352] = 0 0
[13353] = 0 0
[13354] = 0 0
[13355] = 0 0
[13356] = 0 0
[13357] = 0 0
[13358] = 0 0
[13359] = 0 0
[13360] = 0 0
[13361] = 0 0
[13362] = 0 0
[13363] = 0 0
[13364] = 0 0
[13365] = 0 0
[13366] = 0 0
[13367] = 0 0
[13368] = 0 0
[13369] = 0 0
[13370] = 0 0
[13371] = 0 0
[13372] = 0 0
[13373] = 0 0
[13374] = 0 0
[13375] = 0 0
[13376] = 0 0
[13377] = 0 0
[13378] = 0 0
[13379] = 0 0
[13380] = 0 0
[13381] = 0 0
[13382] = 0 0
[13383] = 0 0
[13384] = 0 0
[13385] = 0 0
[13386] = 0 0
[13387] = 0 0
[13388] = 0 0
[13389] = 0 0
[13390] = 0 0
[13391] = 0 0
[13392] = 0 0
[13393] = 0 0
[13394] = 0 0
[13395] = 0 0
[13396] = 0 0
[13397] = 0 0
[13398] = 0 0
[13399] = 0 0
[13400] = 0 0
[13401] = 0 0
[13402] = 0 0
[13403] = 0 0
[13404] = 0 0
[13405] = 0 0
[13406] = 0 0
[13407] = 0 0
[13408] = 0 0
[13409] = 0 0
[13410] = 0 0
[13411] = 0 0
[13412] = 0 0
[13413] = 0 0
[13414] = 0 0
[13415] = 0 0
[13416] = 0 0
[13417] = 0 0
[13418] = 0 0
[13419] = 0 0
[13420] = 0 0
[13421] = 0 0
[13422] = 0 0
[13423] = 0 0
[13424] = 0 0
[13425] = 0 0
[13426] = 0 0
[13427] = 0 0
[13428] = 0 0
[13429] = 0 0
[13430] = 0 0
[13431] = 0 0
[13432] = 0 0
[13433] = 0 0
[13434] = 0 0
[13435] = 0 0
[13436] = 0 0
[13437] = 0 0
[13438] = 0 0
[13439] = 0 0
[13440] = 0 0
[13441] = 0 0
[13442] = 0 0
[13443] = 0 0
[13444] = 0 0
[13445] = 0 0
[13446] = 0 0
[13447] = 0 0
[13448] = 0 0
[13449] = 0 0
[13450] = 0 0
[13451] = 0 0
[13452] = 0 0
[13453] = 0 0
[13454] = 0 0
[13455] = 0 0
[13456] = 0 0
[13457] = 0 0
[13458] = 0 0
[13459] = 0 0
[13460] = 0 0
[13461] = 0 0
[13462] = 0 0
[13463] = 0 0
[13464] = 0 0
[13465] = 0 0
[13466] = 0 0
[13467] = 0 0
[13468] = 0 0
[13469] = 0 0
[13470] = 0 0
[13471] = 0 0
[13472] = 0 0
[13473] = 0 0
[13474] = 0 0
[13475] = 0 0
[13476] = 0 0
[13477] = 0 0
[13478] = 0 0
[13479] = 0 0
[13480] = 0 0
[13481] = 0 0
[13482] = 0 0
[13483] = 0 0
[13484] = 0 0
[13485] = 0 0
[13486] = 0 0
[13487] = 0 0
[13488] = 0 0
[13489] = 0 0
[13490] = 0 0
[13491] = 0 0
[13492] = 0 0
[13493] = 0 0
[13494] = 0 0
[13495] = 0 0
[13496] = 0 0
[13497] = 0 0
[13498] = 0 0
[13499] = 0 0
[13500] = 0 0
[13501] = 0 0
[13502] = 0 0
[13503] = 0 0
[13504] = 0 0
[13505] = 0 0
[13506] = 0 0
[13507] = 0 0
[13508] = 0 0
[13509] = 0 0
[13510] = 0 0
[13511] = 0 0
[13512] = 0 0
[13513] = 0 0
[13514] = 0 0
[13515] = 0 0
[13516] = 0 0
[13517] = 0 0
[13518] = 0 0
[13519] = 0 0
[13520] = 0 0
[13521] = 0 0
[13522] = 0 0
[13523] = 0 0
[13524] = 0 0
[13525] = 0 0
[13526] = 0 0
[13527] = 0 0
[13528] = 0 0
[13529] = 0 0
[13530] = 0 0
[13531] = 0 0
[13532] = 0 0
[13533] = 0 0
[13534] = 0 0
[13535] = 0 0
[13536] = 0 0
[13537] = 0 0
[13538] = 0 0
[13539] = 0 0
[13540] = 0 0
[13541] = 0 0
[13542] = 0 0
[13543] = 0 0
[13544] = 0 0
[13545] = 0 0
[13546] = 0 0
[13547] = 0 0
[13548] = 0 0
[13549] = 0 0
[13550] = 0 0
[13551] = 0 0
[13552] = 0 0
[13553] = 0 0
[13554] = 0 0
[13555] = 0 0
[13556] = 0 0
[13557] = 0 0
[13558] = 0 0
[13559] = 0 0
[13560] = 0 0
[13561] = 0 0
[13562] = 0 0
[13563] = 0 0
[13564] = 0 0
[13565] = 0 0
[13566] = 0 0
[13567] = 0 0
[13568] = 0 0
[13569] = 0 0
[13570] = 0 0
[13571] = 0 0
[13572] = 0 0
[13573] = 0 0
[13574] = 0 0
[13575] = 0 0
[13576] = 0 0
[13577] = 0 0
[13578] = 0 0
[13579] = 0 0
[13580] = 0 0
[13581] = 0 0
[13582] = 0 0
[13583] = 0 0
[13584] = 0 0
[13585] = 0 0
[13586] = 0 0
[13587] = 0 0
[13588] = 0 0
[13589] = 0 0
[13590] = 0 0
[13591] = 0 0
[13592] = 0 0
[13593] = 0 0
[13594] = 0 0
[13595] = 0 0
[13596] = 0 0
[13597] = 0 0
[13598] = 0 0
[13599] = 0 0
[13600] = 0 0
[13601] = 0 0
[13602] = 0 0
[13603] = 0 0
[13604] = 0 0
[13605] = 0 0
[13606] = 0 0
[13607] = 0 0
[13608] = 0 0
[13609] = 0 0
[13610] = 0 0
[13611] = 0 0
[13612] = 0 0
[13613] = 0 0
[13614] = 0 0
[13615] = 0 0
[13616] = 0 0
[13617] = 0 0
[13618] = 0 0
[13619] = 0 0
[13620] = 0 0
[13621] = 0 0
[13622] = 0 0
[13623] = 0 0
[13624] = 0 0
[13625] = 0 0
[13626] = 0 0
[13627] = 0 0
[13628] = 0 0
[13629] = 0 0
[13630] = 0 0
[13631] = 0 0
[13632] = 0 0
[13633] = 0 0
[13634] = 0 0
[13635] = 0 0
[13636] = 0 0
[13637] = 0 0
[13638] = 0 0
[13639] = 0 0
[13640] = 0 0
[13641] = 0 0
[13642] = 0 0
[13643] = 0 0
[13644] = 0 0
[13645] = 0 0
[13646] = 0 0
[13647] = 0 0
[13648] = 0 0
[13649] = 0 0
[13650] = 0 0
[13651] = 0 0
[13652] = 0 0
[13653] = 0 0
[13654] = 0 0
[13655] = 0 0
[13656] = 0 0
[13657] = 0 0
[13658] = 0 0
[13659] = 0 0
[13660] = 0 0
[13661] = 0 0
[13662] = 0 0
[13663] = 0 0
[13664] = 0 0
[13665] = 0 0
[13666] = 0 0
[13667] = 0 0
[13668] = 0 0
[13669] = 0 0
[13670] = 0 0
[13671] = 0 0
[13672] = 0 0
[13673] = 0 0
[13674] = 0 0
[13675] = 0 0
[13676] = 0 0
[13677] = 0 0
[13678] = 0 0
[13679] = 0 0
[13680] = 0 0
[13681] = 0 0
[13682] = 0 0
[13683] = 0 0
[13684] = 0 0
[13685] = 0 0
[13686] = 0 0
[13687] = 0 0
[13688] = 0 0
[13689] = 0 0
[13690] = 0 0
[13691] = 0 0
[13692] = 0 0
[13693] = 0 0
[13694] = 0 0
[13695] = 0 0
[13696] = 0 0
[13697] = 0 0
[13698] = 0 0
[13699] = 0 0
[13700] = 0 0
[13701] = 0 0
[13702] = 0 0
[13703] = 0 0
[13704] = 0 0
[13705] = 0 0
[13706] = 0 0
[13707] = 0 0
[13708] = 0 0
[13709] = 0 0
[13710] = 0 0
[13711] = 0 0
[13712] = 0 0
[13713] = 0 0
[13714] = 0 0
[13715] = 0 0
[13716] = 0 0
[13717] = 0 0
[13718] = 0 0
[13719] = 0 0
[13720] = 0 0
[13721] = 0 0
[13722] = 0 0
[13723] = 0 0
[13724] = 0 0
[13725] = 0 0
[13726] = 0 0
[13727] = 0 0
[13728] = 0 0
[13729] = 0 0
[13730] = 0 0
[13731] = 0 0
[13732] = 0 0
[13733] = 0 0
[13734] = 0 0
[13735] = 0 0
[13736] = 0 0
[13737] = 0 0
[13738] = 0 0
[13739] = 0 0
[13740] = 0 0
[13741] = 0 0
[13742] = 0 0
[13743] = 0 0
[13744] = 0 0
[13745] = 0 0
[13746] = 0 0
[13747] = 0 0
[13748] = 0 0
[13749] = 0 0
[13750] = 0 0
[13751] = 0 0
[13752] = 0 0
[13753] = 0 0
[13754] = 0 0
[13755] = 0 0
[13756] = 0 0
[13757] = 0 0
[13758] = 0 0
[13759] = 0 0
[13760] = 0 0
[13761] = 0 0
[13762] = 0 0
[13763] = 0 0
[13764] = 0 0
[13765] = 0 0
[13766] = 0 0
[13767] = 0 0
[13768] = 0 0
[13769] = 0 0
[13770] = 0 0
[13771] = 0 0
[13772] = 0 0
[13773] = 0 0
[13774] = 0 0
[13775] = 0 0
[13776] = 0 0
[13777] = 0 0
[13778] = 0 0
[13779] = 0 0
[13780] = 0 0
[13781] = 0 0
[13782] = 0 0
[13783] = 0 0
[13784] = 0 0
[13785] = 0 0
[13786] = 0 0
[13787] = 0 0
[13788] = 0 0
[13789] = 0 0
[13790] = 0 0
[13791] = 0 0
[13792] = 0 0
[13793] = 0 0
[13794] = 0 0
[13795] = 0 0
[13796] = 0 0
[13797] = 0 0
[13798] = 0 0
[13799] = 0 0
[13800] = 0 0
[13801] = 0 0
[13802] = 0 0
[13803] = 0 0
[13804] = 0 0
[13805] = 0 0
[13806] = 0 0
[13807] = 0 0
[13808] = 0 0
[13809] = 0 0
[13810] = 0 0
[13811] = 0 0
[13812] = 0 0
[13813] = 0 0
[13814] = 0 0
[13815] = 0 0
[13816] = 0 0
[13817] = 0 0
[13818] = 0 0
[13819] = 0 0
[13820] = 0 0
[13821] = 0 0
[13822] = 0 0
[13823] = 0 0
[13824] = 0 0
[13825] = 0 0
[13826] = 0 0
[13827] = 0 0
[13828] = 0 0
[13829] = 0 0
[13830] = 0 0
[13831] = 0 0
[13832] = 0 0
[13833] = 0 0
[13834] = 0 0
[13835] = 0 0
[13836] = 0 0
[13837] = 0 0
[13838] = 0 0
[13839] = 0 0
[13840] = 0 0
[13841] = 0 0
[13842] = 0 0
[13843] = 0 0
[13844] = 0 0
[13845] = 0 0
[13846] = 0 0
[13847] = 0 0
[13848] = 0 0
[13849] = 0 0
[13850] = 0 0
[13851] = 0 0
[13852] = 0 0
[13853] = 0 0
[13854] = 0 0
[13855] = 0 0
[13856] = 0 0
[13857] = 0 0
[13858] = 0 0
[13859] = 0 0
[13860] = 0 0
[13861] = 0 0
[13862] = 0 0
[13863] = 0 0
[13864] = 0 0
[13865] = 0 0
[13866] = 0 0
[13867] = 0 0
[13868] = 0 0
[13869] = 0 0
[13870] = 0 0
[13871] = 0 0
[13872] = 0 0
[13873] = 0 0
[13874] = 0 0
[13875] = 0 0
[13876] = 0 0
[13877] = 0 0
[13878] = 0 0
[13879] = 0 0
[13880] = 0 0
[13881] = 0 0
[13882] = 0 0
[13883] = 0 0
[13884] = 0 0
[13885] = 0 0
[13886] = 0 0
[13887] = 0 0
[13888] = 0 0
[13889] = 0 0
[13890] = 0 0
[13891] = 0 0
[13892] = 0 0
[13893] = 0 0
[13894] = 0 0
[13895] = 0 0
[13896] = 0 0
[13897] = 0 0
[13898] = 0 0
[13899] = 0 0
[13900] = 0 0
[13901] = 0 0
[13902] = 0 0
[13903] = 0 0
[13904] = 0 0
[13905] = 0 0
[13906] = 0 0
[13907] = 0 0
[13908] = 0 0
[13909] = 0 0
[13910] = 0 0
[13911] = 0 0
[13912] = 0 0
[13913] = 0 0
[13914] = 0 0
[13915] = 0 0
[13916] = 0 0
[13917] = 0 0
[13918] = 0 0
[13919] = 0 0
[13920] = 0 0
[13921] = 0 0
[13922] = 0 0
[13923] = 0 0
[13924] = 0 0
[13925] = 0 0
[13926] = 0 0
[13927] = 0 0
[13928] = 0 0
[13929] = 0 0
[13930] = 0 0
[13931] = 0 0
[13932] = 0 0
[13933] = 0 0
[13934] = 0 0
[13935] = 0 0
[13936] = 0 0
[13937] = 0 0
[13938] = 0 0
[13939] = 0 0
[13940] = 0 0
[13941] = 0 0
[13942] = 0 0
[13943] = 0 0
[13944] = 0 0
[13945] = 0 0
[13946] = 0 0
[13947] = 0 0
[13948] = 0 0
[13949] = 0 0
[13950] = 0 0
[13951] = 0 0
[13952] = 0 0
[13953] = 0 0
[13954] = 0 0
[13955] = 0 0
[13956] = 0 0
[13957] = 0 0
[13958] = 0 0
[13959] = 0 0
[13960] = 0 0
[13961] = 0 0
[13962] = 0 0
[13963] = 0 0
[13964] = 0 0
[13965] = 0 0
[13966] = 0 0
[13967] = 0 0
[13968] = 0 0
[13969] = 0 0
[13970] = 0 0
[13971] = 0 0
[13972] = 0 0
[13973] = 0 0
[13974] = 0 0
[13975] = 0 0
[13976] = 0 0
[13977] = 0 0
[13978] = 0 0
[13979] = 0 0
[13980] = 0 0
[13981] = 0 0
[13982] = 0 0
[13983] = 0 0
[13984] = 0 0
[13985] = 0 0
[13986] = 0 0
[13987] = 0 0
[13988] = 0 0
[13989] = 0 0
[13990] = 0 0
[13991] = 0 0
[13992] = 0 0
[13993] = 0 0
[13994] = 0 0
[13995] = 0 0
[13996] = 0 0
[13997] = 0 0
[13998] = 0 0
[13999] = 0 0
[14000] = 0 0
[14001] = 0 0
[14002] = 0 0
[14003] = 0 0
[14004] = 0 0
[14005] = 0 0
[14006] = 0 0
[14007] = 0 0
[14008] = 0 0
[14009] = 0 0
[14010] = 0 0
[14011] = 0 0
[14012] = 0 0
[14013] = 0 0
[14014] = 0 0
[14015] = 0 0
[14016] = 0 0
[14017] = 0 0
[14018] = 0 0
[14019] = 0 0
[14020] = 0 0
[14021] = 0 0
[14022] = 0 0
[14023] = 0 0
[14024] = 0 0
[14025] = 0 0
[14026] = 0 0
[14027] = 0 0
[14028] = 0 0
[14029] = 0 0
[14030] = 0 0
[14031] = 0 0
[14032] = 0 0
[14033] = 0 0
[14034] = 0 0
[14035] = 0 0
[14036] = 0 0
[14037] = 0 0
[14038] = 0 0
[14039] = 0 0
[14040] = 0 0
[14041] = 0 0
[14042] = 0 0
[14043] = 0 0
[14044] = 0 0
[14045] = 0 0
[14046] = 0 0
[14047] = 0 0
[14048] = 0 0
[14049] = 0 0
[14050] = 0 0
[14051] = 0 0
[14052] = 0 0
[14053] = 0 0
[14054] = 0 0
[14055] = 0 0
[14056] = 0 0
[14057] = 0 0
[14058] = 0 0
[14059] = 0 0
[14060] = 0 0
[14061] = 0 0
[14062] = 0 0
[14063] = 0 0
[14064] = 0 0
[14065] = 0 0
[14066] = 0 0
[14067] = 0 0
[14068] = 0 0
[14069] = 0 0
[14070] = 0 0
[14071] = 0 0
[14072] = 0 0
[14073] = 0 0
[14074] = 0 0
[14075] = 0 0
[14076] = 0 0
[14077] = 0 0
[14078] = 0 0
[14079] = 0 0
[14080] = 0 0
[14081] = 0 0
[14082] = 0 0
[14083] = 0 0
[14084] = 0 0
[14085] = 0 0
[14086] = 0 0
[14087] = 0 0
[14088] = 0 0
[14089] = 0 0
[14090] = 0 0
[14091] = 0 0
[14092] = 0 0
[14093] = 0 0
[14094] = 0 0
[14095] = 0 0
[14096] = 0 0
[14097] = 0 0
[14098] = 0 0
[14099] = 0 0
[14100] = 0 0
[14101] = 0 0
[14102] = 0 0
[14103] = 0 0
[14104] = 0 0
[14105] = 0 0
[14106] = 0 0
[14107] = 0 0
[14108] = 0 0
[14109] = 0 0
[14110] = 0 0
[14111] = 0 0
[14112] = 0 0
[14113] = 0 0
[14114] = 0 0
[14115] = 0 0
[14116] = 0 0
[14117] = 0 0
[14118] = 0 0
[14119] = 0 0
[14120] = 0 0
[14121] = 0 0
[14122] = 0 0
[14123] = 0 0
[14124] = 0 0
[14125] = 0 0
[14126] = 0 0
[14127] = 0 0
[14128] = 0 0
[14129] = 0 0
[14130] = 0 0
[14131] = 0 0
[14132] = 0 0
[14133] = 0 0
[14134] = 0 0
[14135] = 0 0
[14136] = 0 0
[14137] = 0 0
[14138] = 0 0
[14139] = 0 0
[14140] = 0 0
[14141] = 0 0
[14142] = 0 0
[14143] = 0 0
[14144] = 0 0
[14145] = 0 0
[14146] = 0 0
[14147] = 0 0
[14148] = 0 0
[14149] = 0 0
[14150] = 0 0
[14151] = 0 0
[14152] = 0 0
[14153] = 0 0
[14154] = 0 0
[14155] = 0 0
[14156] = 0 0
[14157] = 0 0
[14158] = 0 0
[14159] = 0 0
[14160] = 0 0
[14161] = 0 0
[14162] = 0 0
[14163] = 0 0
[14164] = 0 0
[14165] = 0 0
[14166] = 0 0
[14167] = 0 0
[14168] = 0 0
[14169] = 0 0
[14170] = 0 0
[14171] = 0 0
[14172] = 0 0
[14173] = 0 0
[14174] = 0 0
[14175] = 0 0
[14176] = 0 0
[14177] = 0 0
[14178] = 0 0
[14179] = 0 0
[14180] = 0 0
[14181] = 0 0
[14182] = 0 0
[14183] = 0 0
[14184] = 0 0
[14185] = 0 0
[14186] = 0 0
[14187] = 0 0
[14188] = 0 0
[14189] = 0 0
[14190] = 0 0
[14191] = 0 0
[14192] = 0 0
[14193] = 0 0
[14194] = 0 0
[14195] = 0 0
[14196] = 0 0
[14197] = 0 0
[14198] = 0 0
[14199] = 0 0
[14200] = 0 0
[14201] = 0 0
[14202] = 0 0
[14203] = 0 0
[14204] = 0 0
[14205] = 0 0
[14206] = 0 0
[14207] = 0 0
[14208] = 0 0
[14209] = 0 0
[14210] = 0 0
[14211] = 0 0
[14212] = 0 0
[14213] = 0 0
[14214] = 0 0
[14215] = 0 0
[14216] = 0 0
[14217] = 0 0
[14218] = 0 0
[14219] = 0 0
[14220] = 0 0
[14221] = 0 0
[14222] = 0 0
[14223] = 0 0
[14224] = 0 0
[14225] = 0 0
[14226] = 0 0
[14227] = 0 0
[14228] = 0 0
[14229] = 0 0
[14230] = 0 0
[14231] = 0 0
[14232] = 0 0
[14233] = 0 0
[14234] = 0 0
[14235] = 0 0
[14236] = 0 0
[14237] = 0 0
[14238] = 0 0
[14239] = 0 0
[14240] = 0 0
[14241] = 0 0
[14242] = 0 0
[14243] = 0 0
[14244] = 0 0
[14245] = 0 0
[14246] = 0 0
[14247] = 0 0
[14248] = 0 0
[14249] = 0 0
[14250] = 0 0
[14251] = 0 0
[14252] = 0 0
[14253] = 0 0
[14254] = 0 0
[14255] = 0 0
[14256] = 0 0
[14257] = 0 0
[14258] = 0 0
[14259] = 0 0
[14260] = 0 0
[14261] = 0 0
[14262] = 0 0
[14263] = 0 0
[14264] = 0 0
[14265] = 0 0
[14266] = 0 0
[14267] = 0 0
[14268] = 0 0
[14269] = 0 0
[14270] = 0 0
[14271] = 0 0
[14272] = 0 0
[14273] = 0 0
[14274] = 0 0
[14275] = 0 0
[14276] = 0 0
[14277] = 0 0
[14278] = 0 0
[14279] = 0 0
[14280] = 0 0
[14281] = 0 0
[14282] = 0 0
[14283] = 0 0
[14284] = 0 0
[14285] = 0 0
[14286] = 0 0
[14287] = 0 0
[14288] = 0 0
[14289] = 0 0
[14290] = 0 0
[14291] = 0 0
[14292] = 0 0
[14293] = 0 0
[14294] = 0 0
[14295] = 0 0
[14296] = 0 0
[14297] = 0 0
[14298] = 0 0
[14299] = 0 0
[14300] = 0 0
[14301] = 0 0
[14302] = 0 0
[14303] = 0 0
[14304] = 0 0
[14305] = 0 0
[14306] = 0 0
[14307] = 0 0
[14308] = 0 0
[14309] = 0 0
[14310] = 0 0
[14311] = 0 0
[14312] = 0 0
[14313] = 0 0
[14314] = 0 0
[14315] = 0 0
[14316] = 0 0
[14317] = 0 0
[14318] = 0 0
[14319] = 0 0
[14320] = 0 0
[14321] = 0 0
[14322] = 0 0
[14323] = 0 0
[14324] = 0 0
[14325] = 0 0
[14326] = 0 0
[14327] = 0 0
[14328] = 0 0
[14329] = 0 0
[14330] = 0 0
[14331] = 0 0
[14332] = 0 0
[14333] = 0 0
[14334] = 0 0
[14335] = 0 0
[14336] = 0 0
[14337] = 0 0
[14338] = 0 0
[14339] = 0 0
[14340] = 0 0
[14341] = 0 0
[14342] = 0 0
[14343] = 0 0
[14344] = 0 0
[14345] = 0 0
[14346] = 0 0
[14347] = 0 0
[14348] = 0 0
[14349] = 0 0
[14350] = 0 0
[14351] = 0 0
[14352] = 0 0
[14353] = 0 0
[14354] = 0 0
[14355] = 0 0
[14356] = 0 0
[14357] = 0 0
[14358] = 0 0
[14359] = 0 0
[14360] = 0 0
[14361] = 0 0
[14362] = 0 0
[14363] = 0 0
[14364] = 0 0
[14365] = 0 0
[14366] = 0 0
[14367] = 0 0
[14368] = 0 0
[14369] = 0 0
[14370] = 0 0
[14371] = 0 0
[14372] = 0 0
[14373] = 0 0
[14374] = 0 0
[14375] = 0 0
[14376] = 0 0
[14377] = 0 0
[14378] = 0 0
[14379] = 0 0
[14380] = 0 0
[14381] = 0 0
[14382] = 0 0
[14383] = 0 0
[14384] = 0 0
[14385] = 0 0
[14386] = 0 0
[14387] = 0 0
[14388] = 0 0
[14389] = 0 0
[14390] = 0 0
[14391] = 0 0
[14392] = 0 0
[14393] = 0 0
[14394] = 0 0
[14395] = 0 0
[14396] = 0 0
[14397] = 0 0
[14398] = 0 0
[14399] = 0 0
[14400] = 0 0
[14401] = 0 0
[14402] = 0 0
[14403] = 0 0
[14404] = 0 0
[14405] = 0 0
[14406] = 0 0
[14407] = 0 0
[14408] = 0 0
[14409] = 0 0
[14410] = 0 0
[14411] = 0 0
[14412] = 0 0
[14413] = 0 0
[14414] = 0 0
[14415] = 0 0
[14416] = 0 0
[14417] = 0 0
[14418] = 0 0
[14419] = 0 0
[14420] = 0 0
[14421] = 0 0
[14422] = 0 0
[14423] = 0 0
[14424] = 0 0
[14425] = 0 0
[14426] = 0 0
[14427] = 0 0
[14428] = 0 0
[14429] = 0 0
[14430] = 0 0
[14431] = 0 0
[14432] = 0 0
[14433] = 0 0
[14434] = 0 0
[14435] = 0 0
[14436] = 0 0
[14437] = 0 0
[14438] = 0 0
[14439] = 0 0
[14440] = 0 0
[14441] = 0 0
[14442] = 0 0
[14443] = 0 0
[14444] = 0 0
[14445] = 0 0
[14446] = 0 0
[14447] = 0 0
[14448] = 0 0
[14449] = 0 0
[14450] = 0 0
[14451] = 0 0
[14452] = 0 0
[14453] = 0 0
[14454] = 0 0
[14455] = 0 0
[14456] = 0 0
[14457] = 0 0
[14458] = 0 0
[14459] = 0 0
[14460] = 0 0
[14461] = 0 0
[14462] = 0 0
[14463] = 0 0
[14464] = 0 0
[14465] = 0 0
[14466] = 0 0
[14467] = 0 0
[14468] = 0 0
[14469] = 0 0
[14470] = 0 0
[14471] = 0 0
[14472] = 0 0
[14473] = 0 0
[14474] = 0 0
[14475] = 0 0
[14476] = 0 0
[14477] = 0 0
[14478] = 0 0
[14479] = 0 0
[14480] = 0 0
[14481] = 0 0
[14482] = 0 0
[14483] = 0 0
[14484] = 0 0
[14485] = 0 0
[14486] = 0 0
[14487] = 0 0
[14488] = 0 0
[14489] = 0 0
[14490] = 0 0
[14491] = 0 0
[14492] = 0 0
[14493] = 0 0
[14494] = 0 0
[14495] = 0 0
[14496] = 0 0
[14497] = 0 0
[14498] = 0 0
[14499] = 0 0
[14500] = 0 0
[14501] = 0 0
[14502] = 0 0
[14503] = 0 0
[14504] = 0 0
[14505] = 0 0
[14506] = 0 0
[14507] = 0 0
[14508] = 0 0
[14509] = 0 0
[14510] = 0 0
[14511] = 0 0
[14512] = 0 0
[14513] = 0 0
[14514] = 0 0
[14515] = 0 0
[14516] = 0 0
[14517] = 0 0
[14518] = 0 0
[14519] = 0 0
[14520] = 0 0
[14521] = 0 0
[14522] = 0 0
[14523] = 0 0
[14524] = 0 0
[14525] = 0 0
[14526] = 0 0
[14527] = 0 0
[14528] = 0 0
[14529] = 0 0
[14530] = 0 0
[14531] = 0 0
[14532] = 0 0
[14533] = 0 0
[14534] = 0 0
[14535] = 0 0
[14536] = 0 0
[14537] = 0 0
[14538] = 0 0
[14539] = 0 0
[14540] = 0 0
[14541] = 0 0
[14542] = 0 0
[14543] = 0 0
[14544] = 0 0
[14545] = 0 0
[14546] = 0 0
[14547] = 0 0
[14548] = 0 0
[14549] = 0 0
[14550] = 0 0
[14551] = 0 0
[14552] = 0 0
[14553] = 0 0
[14554] = 0 0
[14555] = 0 0
[14556] = 0 0
[14557] = 0 0
[14558] = 0 0
[14559] = 0 0
[14560] = 0 0
[14561] = 0 0
[14562] = 0 0
[14563] = 0 0
[14564] = 0 0
[14565] = 0 0
[14566] = 0 0
[14567] = 0 0
[14568] = 0 0
[14569] = 0 0
[14570] = 0 0
[14571] = 0 0
[14572] = 0 0
[14573] = 0 0
[14574] = 0 0
[14575] = 0 0
[14576] = 0 0
[14577] = 0 0
[14578] = 0 0
[14579] = 0 0
[14580] = 0 0
[14581] = 0 0
[14582] = 0 0
[14583] = 0 0
[14584] = 0 0
[14585] = 0 0
[14586] = 0 0
[14587] = 0 0
[14588] = 0 0
[14589] = 0 0
[14590] = 0 0
[14591] = 0 0
[14592] = 0 0
[14593] = 0 0
[14594] = 0 0
[14595] = 0 0
[14596] = 0 0
[14597] = 0 0
[14598] = 0 0
[14599] = 0 0
[14600] = 0 0
[14601] = 0 0
[14602] = 0 0
[14603] = 0 0
[14604] = 0 0
[14605] = 0 0
[14606] = 0 0
[14607] = 0 0
[14608] = 0 0
[14609] = 0 0
[14610] = 0 0
[14611] = 0 0
[14612] = 0 0
[14613] = 0 0
[14614] = 0 0
[14615] = 0 0
[14616] = 0 0
[14617] = 0 0
[14618] = 0 0
[14619] = 0 0
[14620] = 0 0
[14621] = 0 0
[14622] = 0 0
[14623] = 0 0
[14624] = 0 0
[14625] = 0 0
[14626] = 0 0
[14627] = 0 0
[14628] = 0 0
[14629] = 0 0
[14630] = 0 0
[14631] = 0 0
[14632] = 0 0
[14633] = 0 0
[14634] = 0 0
[14635] = 0 0
[14636] = 0 0
[14637] = 0 0
[14638] = 0 0
[14639] = 0 0
[14640] = 0 0
[14641] = 0 0
[14642] = 0 0
[14643] = 0 0
[14644] = 0 0
[14645] = 0 0
[14646] = 0 0
[14647] = 0 0
[14648] = 0 0
[14649] = 0 0
[14650] = 0 0
[14651] = 0 0
[14652] = 0 0
[14653] = 0 0
[14654] = 0 0
[14655] = 0 0
[14656] = 0 0
[14657] = 0 0
[14658] = 0 0
[14659] = 0 0
[14660] = 0 0
[14661] = 0 0
[14662] = 0 0
[14663] = 0 0
[14664] = 0 0
[14665] = 0 0
[14666] = 0 0
[14667] = 0 0
[14668] = 0 0
[14669] = 0 0
[14670] = 0 0
[14671] = 0 0
[14672] = 0 0
[14673] = 0 0
[14674] = 0 0
[14675] = 0 0
[14676] = 0 0
[14677] = 0 0
[14678] = 0 0
[14679] = 0 0
[14680] = 0 0
[14681] = 0 0
[14682] = 0 0
[14683] = 0 0
[14684] = 0 0
[14685] = 0 0
[14686] = 0 0
[14687] = 0 0
[14688] = 0 0
[14689] = 0 0
[14690] = 0 0
[14691] = 0 0
[14692] = 0 0
[14693] = 0 0
[14694] = 0 0
[14695] = 0 0
[14696] = 0 0
[14697] = 0 0
[14698] = 0 0
[14699] = 0 0
[14700] = 0 0
[14701] = 0 0
[14702] = 0 0
[14703] = 0 0
[14704] = 0 0
[14705] = 0 0
[14706] = 0 0
[14707] = 0 0
[14708] = 0 0
[14709] = 0 0
[14710] = 0 0
[14711] = 0 0
[14712] = 0 0
[14713] = 0 0
[14714] = 0 0
[14715] = 0 0
[14716] = 0 0
[14717] = 0 0
[14718] = 0 0
[14719] = 0 0
[14720] = 0 0
[14721] = 0 0
[14722] = 0 0
[14723] = 0 0
[14724] = 0 0
[14725] = 0 0
[14726] = 0 0
[14727] = 0 0
[14728] = 0 0
[14729] = 0 0
[14730] = 0 0
[14731] = 0 0
[14732] = 0 0
[14733] = 0 0
[14734] = 0 0
[14735] = 0 0
[14736] = 0 0
[14737] = 0 0
[14738] = 0 0
[14739] = 0 0
[14740] = 0 0
[14741] = 0 0
[14742] = 0 0
[14743] = 0 0
[14744] = 0 0
[14745] = 0 0
[14746] = 0 0
[14747] = 0 0
[14748] = 0 0
[14749] = 0 0
[14750] = 0 0
[14751] = 0 0
[14752] = 0 0
[14753] = 0 0
[14754] = 0 0
[14755] = 0 0
[14756] = 0 0
[14757] = 0 0
[14758] = 0 0
[14759] = 0 0
[14760] = 0 0
[14761] = 0 0
[14762] = 0 0
[14763] = 0 0
[14764] = 0 0
[14765] = 0 0
[14766] = 0 0
[14767] = 0 0
[14768] = 0 0
[14769] = 0 0
[14770] = 0 0
[14771] = 0 0
[14772] = 0 0
[14773] = 0 0
[14774] = 0 0
[14775] = 0 0
[14776] = 0 0
[14777] = 0 0
[14778] = 0 0
[14779] = 0 0
[14780] = 0 0
[14781] = 0 0
[14782] = 0 0
[14783] = 0 0
[14784] = 0 0
[14785] = 0 0
[14786] = 0 0
[14787] = 0 0
[14788] = 0 0
[14789] = 0 0
[14790] = 0 0
[14791] = 0 0
[14792] = 0 0
[14793] = 0 0
[14794] = 0 0
[14795] = 0 0
[14796] = 0 0
[14797] = 0 0
[14798] = 0 0
[14799] = 0 0
[14800] = 0 0
[14801] = 0 0
[14802] = 0 0
[14803] = 0 0
[14804] = 0 0
[14805] = 0 0
[14806] = 0 0
[14807] = 0 0
[14808] = 0 0
[14809] = 0 0
[14810] = 0 0
[14811] = 0 0
[14812] = 0 0
[14813] = 0 0
[14814] = 0 0
[14815] = 0 0
[14816] = 0 0
[14817] = 0 0
[14818] = 0 0
[14819] = 0 0
[14820] = 0 0
[14821] = 0 0
[14822] = 0 0
[14823] = 0 0
[14824] = 0 0
[14825] = 0 0
[14826] = 0 0
[14827] = 0 0
[14828] = 0 0
[14829] = 0 0
[14830] = 0 0
[14831] = 0 0
[14832] = 0 0
[14833] = 0 0
[14834] = 0 0
[14835] = 0 0
[14836] = 0 0
[14837] = 0 0
[14838] = 0 0
[14839] = 0 0
[14840] = 0 0
[14841] = 0 0
[14842] = 0 0
[14843] = 0 0
[14844] = 0 0
[14845] = 0 0
[14846] = 0 0
[14847] = 0 0
[14848] = 0 0
[14849] = 0 0
[14850] = 0 0
[14851] = 0 0
[14852] = 0 0
[14853] = 0 0
[14854] = 0 0
[14855] = 0 0
[14856] = 0 0
[14857] = 0 0
[14858] = 0 0
[14859] = 0 0
[14860] = 0 0
[14861] = 0 0
[14862] = 0 0
[14863] = 0 0
[14864] = 0 0
[14865] = 0 0
[14866] = 0 0
[14867] = 0 0
[14868] = 0 0
[14869] = 0 0
[14870] = 0 0
[14871] = 0 0
[14872] = 0 0
[14873] = 0 0
[14874] = 0 0
[14875] = 0 0
[14876] = 0 0
[14877] = 0 0
[14878] = 0 0
[14879] = 0 0
[14880] = 0 0
[14881] = 0 0
[14882] = 0 0
[14883] = 0 0
[14884] = 0 0
[14885] = 0 0
[14886] = 0 0
[14887] = 0 0
[14888] = 0 0
[14889] = 0 0
[14890] = 0 0
[14891] = 0 0
[14892] = 0 0
[14893] = 0 0
[14894] = 0 0
[14895] = 0 0
[14896] = 0 0
[14897] = 0 0
[14898] = 0 0
[14899] = 0 0
[14900] = 0 0
[14901] = 0 0
[14902] = 0 0
[14903] = 0 0
[14904] = 0 0
[14905] = 0 0
[14906] = 0 0
[14907] = 0 0
[14908] = 0 0
[14909] = 0 0
[14910] = 0 0
[14911] = 0 0
[14912] = 0 0
[14913] = 0 0
[14914] = 0 0
[14915] = 0 0
[14916] = 0 0
[14917] = 0 0
[14918] = 0 0
[14919] = 0 0
[14920] = 0 0
[14921] = 0 0
[14922] = 0 0
[14923] = 0 0
[14924] = 0 0
[14925] = 0 0
[14926] = 0 0
[14927] = 0 0
[14928] = 0 0
[14929] = 0 0
[14930] = 0 0
[14931] = 0 0
[14932] = 0 0
[14933] = 0 0
[14934] = 0 0
[14935] = 0 0
[14936] = 0 0
[14937] = 0 0
[14938] = 0 0
[14939] = 0 0
[14940] = 0 0
[14941] = 0 0
[14942] = 0 0
[14943] = 0 0
[14944] = 0 0
[14945] = 0 0
[14946] = 0 0
[14947] = 0 0
[14948] = 0 0
[14949] = 0 0
[14950] = 0 0
[14951] = 0 0
[14952] = 0 0
[14953] = 0 0
[14954] = 0 0
[14955] = 0 0
[14956] = 0 0
[14957] = 0 0
[14958] = 0 0
[14959] = 0 0
[14960] = 0 0
[14961] = 0 0
[14962] = 0 0
[14963] = 0 0
[14964] = 0 0
[14965] = 0 0
[14966] = 0 0
[14967] = 0 0
[14968] = 0 0
[14969] = 0 0
[14970] = 0 0
[14971] = 0 0
[14972] = 0 0
[14973] = 0 0
[14974] = 0 0
[14975] = 0 0
[14976] = 0 0
[14977] = 0 0
[14978] = 0 0
[14979] = 0 0
[14980] = 0 0
[14981] = 0 0
[14982] = 0 0
[14983] = 0 0
[14984] = 0 0
[14985] = 0 0
[14986] = 0 0
[14987] = 0 0
[14988] = 0 0
[14989] = 0 0
[14990] = 0 0
[14991] = 0 0
[14992] = 0 0
[14993] = 0 0
[14994] = 0 0
[14995] = 0 0
[14996] = 0 0
[14997] = 0 0
[14998] = 0 0
[14999] = 0 0

