[0] = 0 0
[1] = 0 0
[2] = 0 0
[3] = 0 0
[4] = 0 0
[5] = 0 0
[6] = 0 0
[7] = 0 0
[8] = 0 0
[9] = 0 0
[10] = 43 43
[11] = 87 87
[12] = 130 130
[13] = 174 174
[14] = 218 218
[15] = 262 262
[16] = 305 305
[17] = 349 349
[18] = 393 393
[19] = 437 437
[20] = 480 480
[21] = 524 524
[22] = 568 568
[23] = 0 0
[24] = 0 0
[25] = 0 0
[26] = 0 0
[27] = 0 0
[28] = 0 0
[29] = 0 0
[30] = 0 0
[31] = 0 0
[32] = 0 0
[33] = 0 0
[34] = 0 0
[35] = 0 0
[36] = 0 0
[37] = 1224 1224
[38] = 1268 1268
[39] = 1311 1311
[40] = 1356 1356
[41] = 1399 1399
[42] = 1443 1443
[43] = 1487 1487
[44] = 1531 1531
[45] = 1574 1574
[46] = 1618 1618
[47] = 1662 1662
[48] = 1706 1706
[49] = 1749 1749
[50] = 1793 1793
[51] = 0 0
[52] = 0 0
[53] = 0 0
[54] = 0 0
[55] = 0 0
[56] = 0 0
[57] = 0 0
[58] = 0 0
[59] = 0 0
[60] = 0 0
[61] = 0 0
[62] = 0 0
[63] = 0 0
[64] = 0 0
[65] = 2449 2449
[66] = 2493 2493
[67] = 2537 2537
[68] = 2580 2580
[69] = 2624 2624
[70] = 2668 2668
[71] = 2712 2712
[72] = 2755 2755
[73] = 2800 2800
[74] = 2843 2843
[75] = 2887 2887
[76] = 2930 2930
[77] = 2974 2974
[78] = 3018 3018
[79] = 0 0
[80] = 0 0
[81] = 0 0
[82] = 0 0
[83] = 0 0
[84] = 0 0
[85] = 0 0
[86] = 0 0
[87] = 0 0
[88] = 0 0
[89] = 0 0
[90] = 0 0
[91] = 0 0
[92] = 0 0
[93] = 0 0
[94] = 3718 3718
[95] = 3761 3761
[96] = 3806 3806
[97] = 3849 3849
[98] = 3893 3893
[99] = 3936 3936
[100] = 3981 3981
[101] = 4024 4024
[102] = 4068 4068
[103] = 4111 4111
[104] = 4156 4156
[105] = 4199 4199
[106] = 4243 4243
[107] = 4287 4287
[108] = 0 0
[109] = 0 0
[110] = 0 0
[111] = 0 0
[112] = 0 0
[113] = 0 0
[114] = 0 0
[115] = 0 0
[116] = 0 0
[117] = 0 0
[118] = 0 0
[119] = 0 0
[120] = 0 0
[121] = 0 0
[122] = 0 0
[123] = 4987 4987
[124] = 5030 5030
[125] = 5074 5074
[126] = 5118 5118
[127] = 5162 5162
[128] = 5205 5205
[129] = 5249 5249
[130] = 5293 5293
[131] = 5337 5337
[132] = 5380 5380
[133] = 5424 5424
[134] = 5468 5468
[135] = 5512 5512
[136] = 5555 5555
[137] = 0 0
[138] = 0 0
[139] = 0 0
[140] = 0 0
[141] = 0 0
[142] = 0 0
[143] = 0 0
[144] = 0 0
[145] = 0 0
[146] = 0 0
[147] = 0 0
[148] = 0 0
[149] = 0 0
[150] = 0 0
[151] = 0 0
[152] = 6255 6255
[153] = 6299 6299
[154] = 6343 6343
[155] = 6386 6386
[156] = 6431 6431
[157] = 6474 6474
[158] = 6518 6518
[159] = 6561 6561
[160] = 6606 6606
[161] = 6649 6649
[162] = 6693 6693
[163] = 6736 6736
[164] = 6781 6781
[165] = 6824 6824
[166] = 0 0
[167] = 0 0
[168] = 0 0
[169] = 0 0
[170] = 0 0
[171] = 0 0
[172] = 0 0
[173] = 0 0
[174] = 0 0
[175] = 0 0
[176] = 0 0
[177] = 0 0
[178] = 0 0
[179] = 0 0
[180] = 0 0
[181] = 7524 7524
[182] = 7568 7568
[183] = 7612 7612
[184] = 7655 7655
[185] = 7699 7699
[186] = 7743 7743
[187] = 7787 7787
[188] = 7830 7830
[189] = 7874 7874
[190] = 7918 7918
[191] = 7962 7962
[192] = 8005 8005
[193] = 8049 8049
[194] = 8093 8093
[195] = 0 0
[196] = 0 0
[197] = 0 0
[198] = 0 0
[199] = 0 0
[200] = 0 0
[201] = 0 0
[202] = 0 0
[203] = 0 0
[204] = 0 0
[205] = 0 0
[206] = 0 0
[207] = 0 0
[208] = 0 0
[209] = 0 0
[210] = 8793 8793
[211] = 8837 8837
[212] = 8880 8880
[213] = 8924 8924
[214] = 8968 8968
[215] = 9012 9012
[216] = 9055 9055
[217] = 9099 9099
[218] = 9143 9143
[219] = 9186 9186
[220] = 9231 9231
[221] = 9274 9274
[222] = 9318 9318
[223] = 9361 9361
[224] = 0 0
[225] = 0 0
[226] = 0 0
[227] = 0 0
[228] = 0 0
[229] = 0 0
[230] = 0 0
[231] = 0 0
[232] = 0 0
[233] = 0 0
[234] = 0 0
[235] = 0 0
[236] = 0 0
[237] = 0 0
[238] = 0 0
[239] = 10062 10062
[240] = 10106 10106
[241] = 10149 10149
[242] = 10193 10193
[243] = 10237 10237
[244] = 10280 10280
[245] = 10324 10324
[246] = 10368 10368
[247] = 10412 10412
[248] = 10455 10455
[249] = 10499 10499
[250] = 10543 10543
[251] = 10587 10587
[252] = 10630 10630
[253] = 0 0
[254] = 0 0
[255] = 0 0
[256] = 0 0
[257] = 0 0
[258] = 0 0
[259] = 0 0
[260] = 0 0
[261] = 0 0
[262] = 0 0
[263] = 0 0
[264] = 0 0
[265] = 0 0
[266] = 0 0
[267] = 0 0
[268] = 11330 11330
[269] = 11374 11374
[270] = 11418 11418
[271] = 11462 11462
[272] = 11505 11505
[273] = 11549 11549
[274] = 11593 11593
[275] = 11637 11637
[276] = 11680 11680
[277] = 11724 11724
[278] = 11768 11768
[279] = 11812 11812
[280] = 11855 11855
[281] = 11899 11899
[282] = 0 0
[283] = 0 0
[284] = 0 0
[285] = 0 0
[286] = 0 0
[287] = 0 0
[288] = 0 0
[289] = 0 0
[290] = 0 0
[291] = 0 0
[292] = 0 0
[293] = 0 0
[294] = 0 0
[295] = 0 0
[296] = 0 0
[297] = 12599 12599
[298] = 12643 12643
[299] = 12687 12687
[300] = 12731 12731
[301] = 12774 12774
[302] = 12818 12818
[303] = 12862 12862
[304] = 12906 12906
[305] = 12949 12949
[306] = 12993 12993
[307] = 13037 13037
[308] = 13080 13080
[309] = 13124 13124
[310] = 13168 13168
[311] = 0 0
[312] = 0 0
[313] = 0 0
[314] = 0 0
[315] = 0 0
[316] = 0 0
[317] = 0 0
[318] = 0 0
[319] = 0 0
[320] = 0 0
[321] = 0 0
[322] = 0 0
[323] = 0 0
[324] = 0 0
[325] = 13824 13824
[326] = 13868 13868
[327] = 13912 13912
[328] = 13955 13955
[329] = 14000 14000
[330] = 14043 14043
[331] = 14087 14087
[332] = 14130 14130
[333] = 14174 14174
[334] = 14218 14218
[335] = 14262 14262
[336] = 14305 14305
[337] = 14349 14349
[338] = 14393 14393
[339] = 0 0
[340] = 0 0
[341] = 0 0
[342] = 0 0
[343] = 0 0
[344] = 0 0
[345] = 0 0
[346] = 0 0
[347] = 0 0
[348] = 0 0
[349] = 0 0
[350] = 0 0
[351] = 0 0
[352] = 0 0
[353] = 0 0
[354] = 15093 15093
[355] = 15136 15136
[356] = 15181 15181
[357] = 15224 15224
[358] = 15268 15268
[359] = 15311 15311
[360] = 15356 15356
[361] = 15399 15399
[362] = 15443 15443
[363] = 15487 15487
[364] = 15531 15531
[365] = 15574 15574
[366] = 15618 15618
[367] = 15662 15662
[368] = 0 0
[369] = 0 0
[370] = 0 0
[371] = 0 0
[372] = 0 0
[373] = 0 0
[374] = 0 0
[375] = 0 0
[376] = 0 0
[377] = 0 0
[378] = 0 0
[379] = 0 0
[380] = 0 0
[381] = 0 0
[382] = 0 0
[383] = 16362 16362
[384] = 16405 16405
[385] = 16449 16449
[386] = 16493 16493
[387] = 16537 16537
[388] = 16580 16580
[389] = 16624 16624
[390] = 16668 16668
[391] = 16712 16712
[392] = 16755 16755
[393] = 16800 16800
[394] = 16843 16843
[395] = 16887 16887
[396] = 16930 16930
[397] = 0 0
[398] = 0 0
[399] = 0 0
[400] = 0 0
[401] = 0 0
[402] = 0 0
[403] = 0 0
[404] = 0 0
[405] = 0 0
[406] = 0 0
[407] = 0 0
[408] = 0 0
[409] = 0 0
[410] = 0 0
[411] = 0 0
[412] = 17631 17631
[413] = 17674 17674
[414] = 17718 17718
[415] = 17761 17761
[416] = 17806 17806
[417] = 17849 17849
[418] = 17893 17893
[419] = 17936 17936
[420] = 17981 17981
[421] = 18024 18024
[422] = 18068 18068
[423] = 18111 18111
[424] = 18156 18156
[425] = 18199 18199
[426] = 0 0
[427] = 0 0
[428] = 0 0
[429] = 0 0
[430] = 0 0
[431] = 0 0
[432] = 0 0
[433] = 0 0
[434] = 0 0
[435] = 0 0
[436] = 0 0
[437] = 0 0
[438] = 0 0
[439] = 0 0
[440] = 0 0
[441] = 18899 18899
[442] = 18943 18943
[443] = 18987 18987
[444] = 19030 19030
[445] = 19074 19074
[446] = 19118 19118
[447] = 19162 19162
[448] = 19205 19205
[449] = 19249 19249
[450] = 19293 19293
[451] = 19337 19337
[452] = 19380 19380
[453] = 19424 19424
[454] = 19468 19468
[455] = 0 0
[456] = 0 0
[457] = 0 0
[458] = 0 0
[459] = 0 0
[460] = 0 0
[461] = 0 0
[462] = 0 0
[463] = 0 0
[464] = 0 0
[465] = 0 0
[466] = 0 0
[467] = 0 0
[468] = 0 0
[469] = 0 0
[470] = 20168 20168
[471] = 20212 20212
[472] = 20255 20255
[473] = 20299 20299
[474] = 20343 20343
[475] = 20386 20386
[476] = 20431 20431
[477] = 20474 20474
[478] = 20518 20518
[479] = 20561 20561
[480] = 20606 20606
[481] = 20649 20649
[482] = 20693 20693
[483] = 20736 20736
[484] = 0 0
[485] = 0 0
[486] = 0 0
[487] = 0 0
[488] = 0 0
[489] = 0 0
[490] = 0 0
[491] = 0 0
[492] = 0 0
[493] = 0 0
[494] = 0 0
[495] = 0 0
[496] = 0 0
[497] = 0 0
[498] = 0 0
[499] = 21437 21437
[500] = 21480 21480
[501] = 21524 21524
[502] = 21568 21568
[503] = 21612 21612
[504] = 21655 21655
[505] = 21699 21699
[506] = 21743 21743
[507] = 21787 21787
[508] = 21830 21830
[509] = 21874 21874
[510] = 21918 21918
[511] = 21962 21962
[512] = 22005 22005
[513] = 0 0
[514] = 0 0
[515] = 0 0
[516] = 0 0
[517] = 0 0
[518] = 0 0
[519] = 0 0
[520] = 0 0
[521] = 0 0
[522] = 0 0
[523] = 0 0
[524] = 0 0
[525] = 0 0
[526] = 0 0
[527] = 0 0
[528] = 22705 22705
[529] = 22749 22749
[530] = 22793 22793
[531] = 22837 22837
[532] = 22880 22880
[533] = 22924 22924
[534] = 22968 22968
[535] = 23012 23012
[536] = 23055 23055
[537] = 23099 23099
[538] = 23143 23143
[539] = 23186 23186
[540] = 23231 23231
[541] = 23274 23274
[542] = 0 0
[543] = 0 0
[544] = 0 0
[545] = 0 0
[546] = 0 0
[547] = 0 0
[548] = 0 0
[549] = 0 0
[550] = 0 0
[551] = 0 0
[552] = 0 0
[553] = 0 0
[554] = 0 0
[555] = 0 0
[556] = 0 0
[557] = 23974 23974
[558] = 24018 24018
[559] = 24062 24062
[560] = 24106 24106
[561] = 24149 24149
[562] = 24193 24193
[563] = 24237 24237
[564] = 24280 24280
[565] = 24324 24324
[566] = 24368 24368
[567] = 24412 24412
[568] = 24455 24455
[569] = 24499 24499
[570] = 24543 24543
[571] = 0 0
[572] = 0 0
[573] = 0 0
[574] = 0 0
[575] = 0 0
[576] = 0 0
[577] = 0 0
[578] = 0 0
[579] = 0 0
[580] = 0 0
[581] = 0 0
[582] = 0 0
[583] = 0 0
[584] = 0 0
[585] = 0 0
[586] = 25243 25243
[587] = 25287 25287
[588] = 25330 25330
[589] = 25374 25374
[590] = 25418 25418
[591] = 25462 25462
[592] = 25505 25505
[593] = 25549 25549
[594] = 25593 25593
[595] = 25637 25637
[596] = 25680 25680
[597] = 25724 25724
[598] = 25768 25768
[599] = 25812 25812
[600] = 0 0
[601] = 0 0
[602] = 0 0
[603] = 0 0
[604] = 0 0
[605] = 0 0
[606] = 0 0
[607] = 0 0
[608] = 0 0
[609] = 0 0
[610] = 0 0
[611] = 0 0
[612] = 0 0
[613] = 0 0
[614] = 26468 26468
[615] = 26511 26511
[616] = 26556 26556
[617] = 26599 26599
[618] = 26643 26643
[619] = 26687 26687
[620] = 26731 26731
[621] = 26774 26774
[622] = 26818 26818
[623] = 26862 26862
[624] = 26906 26906
[625] = 26949 26949
[626] = 26993 26993
[627] = 27037 27037
[628] = 0 0
[629] = 0 0
[630] = 0 0
[631] = 0 0
[632] = 0 0
[633] = 0 0
[634] = 0 0
[635] = 0 0
[636] = 0 0
[637] = 0 0
[638] = 0 0
[639] = 0 0
[640] = 0 0
[641] = 0 0
[642] = 0 0
[643] = 27737 27737
[644] = 27780 27780
[645] = 27824 27824
[646] = 27868 27868
[647] = 27912 27912
[648] = 27955 27955
[649] = 28000 28000
[650] = 28043 28043
[651] = 28087 28087
[652] = 28130 28130
[653] = 28174 28174
[654] = 28218 28218
[655] = 28262 28262
[656] = 28305 28305
[657] = 0 0
[658] = 0 0
[659] = 0 0
[660] = 0 0
[661] = 0 0
[662] = 0 0
[663] = 0 0
[664] = 0 0
[665] = 0 0
[666] = 0 0
[667] = 0 0
[668] = 0 0
[669] = 0 0
[670] = 0 0
[671] = 0 0
[672] = 29006 29006
[673] = 29049 29049
[674] = 29093 29093
[675] = 29136 29136
[676] = 29181 29181
[677] = 29224 29224
[678] = 29268 29268
[679] = 29311 29311
[680] = 29356 29356
[681] = 29399 29399
[682] = 29443 29443
[683] = 29487 29487
[684] = 29531 29531
[685] = 29574 29574
[686] = 0 0
[687] = 0 0
[688] = 0 0
[689] = 0 0
[690] = 0 0
[691] = 0 0
[692] = 0 0
[693] = 0 0
[694] = 0 0
[695] = 0 0
[696] = 0 0
[697] = 0 0
[698] = 0 0
[699] = 0 0
[700] = 0 0
[701] = 30274 30274
[702] = 30318 30318
[703] = 30362 30362
[704] = 30405 30405
[705] = 30449 30449
[706] = 30493 30493
[707] = 30537 30537
[708] = 30580 30580
[709] = 30624 30624
[710] = 30668 30668
[711] = 30712 30712
[712] = 30755 30755
[713] = 30800 30800
[714] = 30843 30843
[715] = 0 0
[716] = 0 0
[717] = 0 0
[718] = 0 0
[719] = 0 0
[720] = 0 0
[721] = 0 0
[722] = 0 0
[723] = 0 0
[724] = 0 0
[725] = 0 0
[726] = 0 0
[727] = 0 0
[728] = 0 0
[729] = 0 0
[730] = 31543 31543
[731] = 31586 31586
[732] = 31631 31631
[733] = 31674 31674
[734] = 31718 31718
[735] = 31761 31761
[736] = 31806 31806
[737] = 31849 31849
[738] = 31893 31893
[739] = 31936 31936
[740] = 31981 31981
[741] = 32024 32024
[742] = 32068 32068
[743] = 32111 32111
[744] = 0 0
[745] = 0 0
[746] = 0 0
[747] = 0 0
[748] = 0 0
[749] = 0 0
[750] = 0 0
[751] = 0 0
[752] = 0 0
[753] = 0 0
[754] = 0 0
[755] = 0 0
[756] = 0 0
[757] = 0 0
[758] = 0 0
[759] = 32812 32812
[760] = 32855 32855
[761] = 32899 32899
[762] = 32943 32943
[763] = 32987 32987
[764] = 33030 33030
[765] = 33074 33074
[766] = 33118 33118
[767] = 33162 33162
[768] = 33205 33205
[769] = 33249 33249
[770] = 33293 33293
[771] = 33337 33337
[772] = 33380 33380
[773] = 0 0
[774] = 0 0
[775] = 0 0
[776] = 0 0
[777] = 0 0
[778] = 0 0
[779] = 0 0
[780] = 0 0
[781] = 0 0
[782] = 0 0
[783] = 0 0
[784] = 0 0
[785] = 0 0
[786] = 0 0
[787] = 0 0
[788] = 34080 34080
[789] = 34124 34124
[790] = 34168 34168
[791] = 34212 34212
[792] = 34255 34255
[793] = 34299 34299
[794] = 34343 34343
[795] = 34386 34386
[796] = 34431 34431
[797] = 34474 34474
[798] = 34518 34518
[799] = 34561 34561
[800] = 34606 34606
[801] = 34649 34649
[802] = 0 0
[803] = 0 0
[804] = 0 0
[805] = 0 0
[806] = 0 0
[807] = 0 0
[808] = 0 0
[809] = 0 0
[810] = 0 0
[811] = 0 0
[812] = 0 0
[813] = 0 0
[814] = 0 0
[815] = 0 0
[816] = 0 0
[817] = 35349 35349
[818] = 35393 35393
[819] = 35437 35437
[820] = 35480 35480
[821] = 35524 35524
[822] = 35568 35568
[823] = 35612 35612
[824] = 35655 35655
[825] = 35699 35699
[826] = 35743 35743
[827] = 35787 35787
[828] = 35830 35830
[829] = 35874 35874
[830] = 35918 35918
[831] = 0 0
[832] = 0 0
[833] = 0 0
[834] = 0 0
[835] = 0 0
[836] = 0 0
[837] = 0 0
[838] = 0 0
[839] = 0 0
[840] = 0 0
[841] = 0 0
[842] = 0 0
[843] = 0 0
[844] = 0 0
[845] = 0 0
[846] = 36618 36618
[847] = 36662 36662
[848] = 36705 36705
[849] = 36749 36749
[850] = 36793 36793
[851] = 36837 36837
[852] = 36880 36880
[853] = 36924 36924
[854] = 36968 36968
[855] = 37012 37012
[856] = 37055 37055
[857] = 37099 37099
[858] = 37143 37143
[859] = 37186 37186
[860] = 0 0
[861] = 0 0
[862] = 0 0
[863] = 0 0
[864] = 0 0
[865] = 0 0
[866] = 0 0
[867] = 0 0
[868] = 0 0
[869] = 0 0
[870] = 0 0
[871] = 0 0
[872] = 0 0
[873] = 0 0
[874] = 37843 37843
[875] = 37887 37887
[876] = 37931 37931
[877] = 37974 37974
[878] = 38018 38018
[879] = 38062 38062
[880] = 38106 38106
[881] = 38149 38149
[882] = 38193 38193
[883] = 38237 38237
[884] = 38280 38280
[885] = 38324 38324
[886] = 38368 38368
[887] = 38412 38412
[888] = 0 0
[889] = 0 0
[890] = 0 0
[891] = 0 0
[892] = 0 0
[893] = 0 0
[894] = 0 0
[895] = 0 0
[896] = 0 0
[897] = 0 0
[898] = 0 0
[899] = 0 0
[900] = 0 0
[901] = 0 0
[902] = 0 0
[903] = 39112 39112
[904] = 39155 39155
[905] = 39200 39200
[906] = 39243 39243
[907] = 39287 39287
[908] = 39330 39330
[909] = 39374 39374
[910] = 39418 39418
[911] = 39462 39462
[912] = 39505 39505
[913] = 39549 39549
[914] = 39593 39593
[915] = 39637 39637
[916] = 39680 39680
[917] = 0 0
[918] = 0 0
[919] = 0 0
[920] = 0 0
[921] = 0 0
[922] = 0 0
[923] = 0 0
[924] = 0 0
[925] = 0 0
[926] = 0 0
[927] = 0 0
[928] = 0 0
[929] = 0 0
[930] = 0 0
[931] = 0 0
[932] = 40381 40381
[933] = 40424 40424
[934] = 40468 40468
[935] = 40511 40511
[936] = 40556 40556
[937] = 40599 40599
[938] = 40643 40643
[939] = 40687 40687
[940] = 40731 40731
[941] = 40774 40774
[942] = 40818 40818
[943] = 40862 40862
[944] = 40906 40906
[945] = 40949 40949
[946] = 0 0
[947] = 0 0
[948] = 0 0
[949] = 0 0
[950] = 0 0
[951] = 0 0
[952] = 0 0
[953] = 0 0
[954] = 0 0
[955] = 0 0
[956] = 0 0
[957] = 0 0
[958] = 0 0
[959] = 0 0
[960] = 0 0
[961] = 41649 41649
[962] = 41693 41693
[963] = 41737 41737
[964] = 41780 41780
[965] = 41824 41824
[966] = 41868 41868
[967] = 41912 41912
[968] = 41955 41955
[969] = 42000 42000
[970] = 41991 41991
[971] = 41982 41982
[972] = 41973 41973
[973] = 41964 41964
[974] = 41955 41955
[975] = 0 0
[976] = 0 0
[977] = 0 0
[978] = 0 0
[979] = 0 0
[980] = 0 0
[981] = 0 0
[982] = 0 0
[983] = 0 0
[984] = 0 0
[985] = 0 0
[986] = 0 0
[987] = 0 0
[988] = 0 0
[989] = 0 0
[990] = 41813 41813
[991] = 41805 41805
[992] = 41796 41796
[993] = 41787 41787
[994] = 41778 41778
[995] = 41769 41769
[996] = 41760 41760
[997] = 41751 41751
[998] = 41743 41743
[999] = 41734 41734
[1000] = 41725 41725
[1001] = 41716 41716
[1002] = 41707 41707
[1003] = 41698 41698
[1004] = 0 0
[1005] = 0 0
[1006] = 0 0
[1007] = 0 0
[1008] = 0 0
[1009] = 0 0
[1010] = 0 0
[1011] = 0 0
[1012] = 0 0
[1013] = 0 0
[1014] = 0 0
[1015] = 0 0
[1016] = 0 0
[1017] = 0 0
[1018] = 0 0
[1019] = 41555 41555
[1020] = 41547 41547
[1021] = 41538 41538
[1022] = 41529 41529
[1023] = 41520 41520
[1024] = 41511 41511
[1025] = 41502 41502
[1026] = 41493 41493
[1027] = 41485 41485
[1028] = 41476 41476
[1029] = 41467 41467
[1030] = 41458 41458
[1031] = 41449 41449
[1032] = 41440 41440
[1033] = 0 0
[1034] = 0 0
[1035] = 0 0
[1036] = 0 0
[1037] = 0 0
[1038] = 0 0
[1039] = 0 0
[1040] = 0 0
[1041] = 0 0
[1042] = 0 0
[1043] = 0 0
[1044] = 0 0
[1045] = 0 0
[1046] = 0 0
[1047] = 0 0
[1048] = 41298 41298
[1049] = 41289 41289
[1050] = 41280 41280
[1051] = 41271 41271
[1052] = 41262 41262
[1053] = 41254 41254
[1054] = 41245 41245
[1055] = 41236 41236
[1056] = 41227 41227
[1057] = 41218 41218
[1058] = 41209 41209
[1059] = 41200 41200
[1060] = 41191 41191
[1061] = 41182 41182
[1062] = 0 0
[1063] = 0 0
[1064] = 0 0
[1065] = 0 0
[1066] = 0 0
[1067] = 0 0
[1068] = 0 0
[1069] = 0 0
[1070] = 0 0
[1071] = 0 0
[1072] = 0 0
[1073] = 0 0
[1074] = 0 0
[1075] = 0 0
[1076] = 0 0
[1077] = 41040 41040
[1078] = 41032 41032
[1079] = 41023 41023
[1080] = 41014 41014
[1081] = 41005 41005
[1082] = 40996 40996
[1083] = 40987 40987
[1084] = 40978 40978
[1085] = 40970 40970
[1086] = 40961 40961
[1087] = 40952 40952
[1088] = 40943 40943
[1089] = 40934 40934
[1090] = 40925 40925
[1091] = 0 0
[1092] = 0 0
[1093] = 0 0
[1094] = 0 0
[1095] = 0 0
[1096] = 0 0
[1097] = 0 0
[1098] = 0 0
[1099] = 0 0
[1100] = 0 0
[1101] = 0 0
[1102] = 0 0
[1103] = 0 0
[1104] = 0 0
[1105] = 0 0
[1106] = 40783 40783
[1107] = 40774 40774
[1108] = 40765 40765
[1109] = 40756 40756
[1110] = 40747 40747
[1111] = 40738 40738
[1112] = 40729 40729
[1113] = 40720 40720
[1114] = 40712 40712
[1115] = 40703 40703
[1116] = 40694 40694
[1117] = 40685 40685
[1118] = 40676 40676
[1119] = 40667 40667
[1120] = 0 0
[1121] = 0 0
[1122] = 0 0
[1123] = 0 0
[1124] = 0 0
[1125] = 0 0
[1126] = 0 0
[1127] = 0 0
[1128] = 0 0
[1129] = 0 0
[1130] = 0 0
[1131] = 0 0
[1132] = 0 0
[1133] = 0 0
[1134] = 0 0
[1135] = 40525 40525
[1136] = 40517 40517
[1137] = 40508 40508
[1138] = 40499 40499
[1139] = 40490 40490
[1140] = 40481 40481
[1141] = 40472 40472
[1142] = 40463 40463
[1143] = 40454 40454
[1144] = 40445 40445
[1145] = 40436 40436
[1146] = 40427 40427
[1147] = 40418 40418
[1148] = 40409 40409
[1149] = 0 0
[1150] = 0 0
[1151] = 0 0
[1152] = 0 0
[1153] = 0 0
[1154] = 0 0
[1155] = 0 0
[1156] = 0 0
[1157] = 0 0
[1158] = 0 0
[1159] = 0 0
[1160] = 0 0
[1161] = 0 0
[1162] = 0 0
[1163] = 40276 40276
[1164] = 40268 40268
[1165] = 40259 40259
[1166] = 40250 40250
[1167] = 40241 40241
[1168] = 40232 40232
[1169] = 40223 40223
[1170] = 40214 40214
[1171] = 40206 40206
[1172] = 40197 40197
[1173] = 40188 40188
[1174] = 40179 40179
[1175] = 40170 40170
[1176] = 40161 40161
[1177] = 0 0
[1178] = 0 0
[1179] = 0 0
[1180] = 0 0
[1181] = 0 0
[1182] = 0 0
[1183] = 0 0
[1184] = 0 0
[1185] = 0 0
[1186] = 0 0
[1187] = 0 0
[1188] = 0 0
[1189] = 0 0
[1190] = 0 0
[1191] = 0 0
[1192] = 40019 40019
[1193] = 40010 40010
[1194] = 40001 40001
[1195] = 39992 39992
[1196] = 39983 39983
[1197] = 39974 39974
[1198] = 39965 39965
[1199] = 39956 39956
[1200] = 39948 39948
[1201] = 39939 39939
[1202] = 39930 39930
[1203] = 39921 39921
[1204] = 39912 39912
[1205] = 39903 39903
[1206] = 0 0
[1207] = 0 0
[1208] = 0 0
[1209] = 0 0
[1210] = 0 0
[1211] = 0 0
[1212] = 0 0
[1213] = 0 0
[1214] = 0 0
[1215] = 0 0
[1216] = 0 0
[1217] = 0 0
[1218] = 0 0
[1219] = 0 0
[1220] = 0 0
[1221] = 39761 39761
[1222] = 39753 39753
[1223] = 39744 39744
[1224] = 39735 39735
[1225] = 39726 39726
[1226] = 39717 39717
[1227] = 39708 39708
[1228] = 39699 39699
[1229] = 39690 39690
[1230] = 39681 39681
[1231] = 39672 39672
[1232] = 39663 39663
[1233] = 39655 39655
[1234] = 39646 39646
[1235] = 0 0
[1236] = 0 0
[1237] = 0 0
[1238] = 0 0
[1239] = 0 0
[1240] = 0 0
[1241] = 0 0
[1242] = 0 0
[1243] = 0 0
[1244] = 0 0
[1245] = 0 0
[1246] = 0 0
[1247] = 0 0
[1248] = 0 0
[1249] = 0 0
[1250] = 39504 39504
[1251] = 39495 39495
[1252] = 39486 39486
[1253] = 39477 39477
[1254] = 39468 39468
[1255] = 39459 39459
[1256] = 39450 39450
[1257] = 39441 39441
[1258] = 39433 39433
[1259] = 39424 39424
[1260] = 39415 39415
[1261] = 39406 39406
[1262] = 39397 39397
[1263] = 39388 39388
[1264] = 0 0
[1265] = 0 0
[1266] = 0 0
[1267] = 0 0
[1268] = 0 0
[1269] = 0 0
[1270] = 0 0
[1271] = 0 0
[1272] = 0 0
[1273] = 0 0
[1274] = 0 0
[1275] = 0 0
[1276] = 0 0
[1277] = 0 0
[1278] = 0 0
[1279] = 39246 39246
[1280] = 39237 39237
[1281] = 39228 39228
[1282] = 39219 39219
[1283] = 39210 39210
[1284] = 39201 39201
[1285] = 39192 39192
[1286] = 39184 39184
[1287] = 39175 39175
[1288] = 39166 39166
[1289] = 39157 39157
[1290] = 39148 39148
[1291] = 39139 39139
[1292] = 39130 39130
[1293] = 0 0
[1294] = 0 0
[1295] = 0 0
[1296] = 0 0
[1297] = 0 0
[1298] = 0 0
[1299] = 0 0
[1300] = 0 0
[1301] = 0 0
[1302] = 0 0
[1303] = 0 0
[1304] = 0 0
[1305] = 0 0
[1306] = 0 0
[1307] = 0 0
[1308] = 38989 38989
[1309] = 38980 38980
[1310] = 38971 38971
[1311] = 38962 38962
[1312] = 38953 38953
[1313] = 38944 38944
[1314] = 38935 38935
[1315] = 38926 38926
[1316] = 38918 38918
[1317] = 38909 38909
[1318] = 38900 38900
[1319] = 38891 38891
[1320] = 38882 38882
[1321] = 38873 38873
[1322] = 0 0
[1323] = 0 0
[1324] = 0 0
[1325] = 0 0
[1326] = 0 0
[1327] = 0 0
[1328] = 0 0
[1329] = 0 0
[1330] = 0 0
[1331] = 0 0
[1332] = 0 0
[1333] = 0 0
[1334] = 0 0
[1335] = 0 0
[1336] = 0 0
[1337] = 38731 38731
[1338] = 38722 38722
[1339] = 38713 38713
[1340] = 38704 38704
[1341] = 38695 38695
[1342] = 38686 38686
[1343] = 38677 38677
[1344] = 38669 38669
[1345] = 38660 38660
[1346] = 38651 38651
[1347] = 38642 38642
[1348] = 38633 38633
[1349] = 38624 38624
[1350] = 38615 38615
[1351] = 0 0
[1352] = 0 0
[1353] = 0 0
[1354] = 0 0
[1355] = 0 0
[1356] = 0 0
[1357] = 0 0
[1358] = 0 0
[1359] = 0 0
[1360] = 0 0
[1361] = 0 0
[1362] = 0 0
[1363] = 0 0
[1364] = 0 0
[1365] = 0 0
[1366] = 38473 38473
[1367] = 38464 38464
[1368] = 38455 38455
[1369] = 38446 38446
[1370] = 38437 38437
[1371] = 38429 38429
[1372] = 38420 38420
[1373] = 38411 38411
[1374] = 38402 38402
[1375] = 38393 38393
[1376] = 38384 38384
[1377] = 38375 38375
[1378] = 38366 38366
[1379] = 38357 38357
[1380] = 0 0
[1381] = 0 0
[1382] = 0 0
[1383] = 0 0
[1384] = 0 0
[1385] = 0 0
[1386] = 0 0
[1387] = 0 0
[1388] = 0 0
[1389] = 0 0
[1390] = 0 0
[1391] = 0 0
[1392] = 0 0
[1393] = 0 0
[1394] = 0 0
[1395] = 38216 38216
[1396] = 38207 38207
[1397] = 38198 38198
[1398] = 38189 38189
[1399] = 38180 38180
[1400] = 38171 38171
[1401] = 38162 38162
[1402] = 38154 38154
[1403] = 38145 38145
[1404] = 38136 38136
[1405] = 38127 38127
[1406] = 38118 38118
[1407] = 38109 38109
[1408] = 38100 38100
[1409] = 0 0
[1410] = 0 0
[1411] = 0 0
[1412] = 0 0
[1413] = 0 0
[1414] = 0 0
[1415] = 0 0
[1416] = 0 0
[1417] = 0 0
[1418] = 0 0
[1419] = 0 0
[1420] = 0 0
[1421] = 0 0
[1422] = 0 0
[1423] = 0 0
[1424] = 37958 37958
[1425] = 37949 37949
[1426] = 37940 37940
[1427] = 37931 37931
[1428] = 37922 37922
[1429] = 37913 37913
[1430] = 37905 37905
[1431] = 37896 37896
[1432] = 37887 37887
[1433] = 37878 37878
[1434] = 37869 37869
[1435] = 37860 37860
[1436] = 37851 37851
[1437] = 37842 37842
[1438] = 0 0
[1439] = 0 0
[1440] = 0 0
[1441] = 0 0
[1442] = 0 0
[1443] = 0 0
[1444] = 0 0
[1445] = 0 0
[1446] = 0 0
[1447] = 0 0
[1448] = 0 0
[1449] = 0 0
[1450] = 0 0
[1451] = 0 0
[1452] = 37709 37709
[1453] = 37700 37700
[1454] = 37692 37692
[1455] = 37683 37683
[1456] = 37674 37674
[1457] = 37665 37665
[1458] = 37656 37656
[1459] = 37647 37647
[1460] = 37638 37638
[1461] = 37629 37629
[1462] = 37620 37620
[1463] = 37611 37611
[1464] = 37602 37602
[1465] = 37593 37593
[1466] = 0 0
[1467] = 0 0
[1468] = 0 0
[1469] = 0 0
[1470] = 0 0
[1471] = 0 0
[1472] = 0 0
[1473] = 0 0
[1474] = 0 0
[1475] = 0 0
[1476] = 0 0
[1477] = 0 0
[1478] = 0 0
[1479] = 0 0
[1480] = 0 0
[1481] = 37452 37452
[1482] = 37443 37443
[1483] = 37434 37434
[1484] = 37425 37425
[1485] = 37416 37416
[1486] = 37407 37407
[1487] = 37398 37398
[1488] = 37390 37390
[1489] = 37381 37381
[1490] = 37372 37372
[1491] = 37363 37363
[1492] = 37354 37354
[1493] = 37345 37345
[1494] = 37336 37336
[1495] = 0 0
[1496] = 0 0
[1497] = 0 0
[1498] = 0 0
[1499] = 0 0
[1500] = 0 0
[1501] = 0 0
[1502] = 0 0
[1503] = 0 0
[1504] = 0 0
[1505] = 0 0
[1506] = 0 0
[1507] = 0 0
[1508] = 0 0
[1509] = 0 0
[1510] = 37194 37194
[1511] = 37185 37185
[1512] = 37176 37176
[1513] = 37167 37167
[1514] = 37158 37158
[1515] = 37149 37149
[1516] = 37140 37140
[1517] = 37132 37132
[1518] = 37123 37123
[1519] = 37114 37114
[1520] = 37105 37105
[1521] = 37096 37096
[1522] = 37087 37087
[1523] = 37078 37078
[1524] = 0 0
[1525] = 0 0
[1526] = 0 0
[1527] = 0 0
[1528] = 0 0
[1529] = 0 0
[1530] = 0 0
[1531] = 0 0
[1532] = 0 0
[1533] = 0 0
[1534] = 0 0
[1535] = 0 0
[1536] = 0 0
[1537] = 0 0
[1538] = 0 0
[1539] = 36937 36937
[1540] = 36928 36928
[1541] = 36919 36919
[1542] = 36910 36910
[1543] = 36901 36901
[1544] = 36892 36892
[1545] = 36883 36883
[1546] = 36874 36874
[1547] = 36865 36865
[1548] = 36856 36856
[1549] = 36847 36847
[1550] = 36839 36839
[1551] = 36830 36830
[1552] = 36821 36821
[1553] = 0 0
[1554] = 0 0
[1555] = 0 0
[1556] = 0 0
[1557] = 0 0
[1558] = 0 0
[1559] = 0 0
[1560] = 0 0
[1561] = 0 0
[1562] = 0 0
[1563] = 0 0
[1564] = 0 0
[1565] = 0 0
[1566] = 0 0
[1567] = 0 0
[1568] = 36679 36679
[1569] = 36670 36670
[1570] = 36661 36661
[1571] = 36652 36652
[1572] = 36643 36643
[1573] = 36634 36634
[1574] = 36626 36626
[1575] = 36617 36617
[1576] = 36608 36608
[1577] = 36599 36599
[1578] = 36590 36590
[1579] = 36581 36581
[1580] = 36572 36572
[1581] = 36563 36563
[1582] = 0 0
[1583] = 0 0
[1584] = 0 0
[1585] = 0 0
[1586] = 0 0
[1587] = 0 0
[1588] = 0 0
[1589] = 0 0
[1590] = 0 0
[1591] = 0 0
[1592] = 0 0
[1593] = 0 0
[1594] = 0 0
[1595] = 0 0
[1596] = 0 0
[1597] = 36421 36421
[1598] = 36412 36412
[1599] = 36403 36403
[1600] = 36394 36394
[1601] = 36385 36385
[1602] = 36376 36376
[1603] = 36368 36368
[1604] = 36359 36359
[1605] = 36350 36350
[1606] = 36341 36341
[1607] = 36332 36332
[1608] = 36323 36323
[1609] = 36314 36314
[1610] = 36306 36306
[1611] = 0 0
[1612] = 0 0
[1613] = 0 0
[1614] = 0 0
[1615] = 0 0
[1616] = 0 0
[1617] = 0 0
[1618] = 0 0
[1619] = 0 0
[1620] = 0 0
[1621] = 0 0
[1622] = 0 0
[1623] = 0 0
[1624] = 0 0
[1625] = 0 0
[1626] = 36164 36164
[1627] = 36155 36155
[1628] = 36146 36146
[1629] = 36137 36137
[1630] = 36128 36128
[1631] = 36119 36119
[1632] = 36110 36110
[1633] = 36101 36101
[1634] = 36093 36093
[1635] = 36084 36084
[1636] = 36075 36075
[1637] = 36066 36066
[1638] = 36057 36057
[1639] = 36048 36048
[1640] = 0 0
[1641] = 0 0
[1642] = 0 0
[1643] = 0 0
[1644] = 0 0
[1645] = 0 0
[1646] = 0 0
[1647] = 0 0
[1648] = 0 0
[1649] = 0 0
[1650] = 0 0
[1651] = 0 0
[1652] = 0 0
[1653] = 0 0
[1654] = 0 0
[1655] = 35906 35906
[1656] = 35897 35897
[1657] = 35888 35888
[1658] = 35879 35879
[1659] = 35870 35870
[1660] = 35861 35861
[1661] = 35853 35853
[1662] = 35844 35844
[1663] = 35835 35835
[1664] = 35826 35826
[1665] = 35817 35817
[1666] = 35808 35808
[1667] = 35799 35799
[1668] = 35791 35791
[1669] = 0 0
[1670] = 0 0
[1671] = 0 0
[1672] = 0 0
[1673] = 0 0
[1674] = 0 0
[1675] = 0 0
[1676] = 0 0
[1677] = 0 0
[1678] = 0 0
[1679] = 0 0
[1680] = 0 0
[1681] = 0 0
[1682] = 0 0
[1683] = 0 0
[1684] = 35648 35648
[1685] = 35639 35639
[1686] = 35630 35630
[1687] = 35621 35621
[1688] = 35613 35613
[1689] = 35604 35604
[1690] = 35604 35604
[1691] = 35604 35604
[1692] = 35604 35604
[1693] = 35604 35604
[1694] = 35604 35604
[1695] = 35604 35604
[1696] = 35604 35604
[1697] = 35604 35604
[1698] = 0 0
[1699] = 0 0
[1700] = 0 0
[1701] = 0 0
[1702] = 0 0
[1703] = 0 0
[1704] = 0 0
[1705] = 0 0
[1706] = 0 0
[1707] = 0 0
[1708] = 0 0
[1709] = 0 0
[1710] = 0 0
[1711] = 0 0
[1712] = 0 0
[1713] = 35604 35604
[1714] = 35604 35604
[1715] = 35604 35604
[1716] = 35604 35604
[1717] = 35604 35604
[1718] = 35604 35604
[1719] = 35604 35604
[1720] = 35604 35604
[1721] = 35604 35604
[1722] = 35604 35604
[1723] = 35604 35604
[1724] = 35604 35604
[1725] = 35604 35604
[1726] = 35604 35604
[1727] = 0 0
[1728] = 0 0
[1729] = 0 0
[1730] = 0 0
[1731] = 0 0
[1732] = 0 0
[1733] = 0 0
[1734] = 0 0
[1735] = 0 0
[1736] = 0 0
[1737] = 0 0
[1738] = 0 0
[1739] = 0 0
[1740] = 0 0
[1741] = 35604 35604
[1742] = 35604 35604
[1743] = 35604 35604
[1744] = 35604 35604
[1745] = 35604 35604
[1746] = 35604 35604
[1747] = 35604 35604
[1748] = 35604 35604
[1749] = 35604 35604
[1750] = 35604 35604
[1751] = 35604 35604
[1752] = 35604 35604
[1753] = 35604 35604
[1754] = 35604 35604
[1755] = 0 0
[1756] = 0 0
[1757] = 0 0
[1758] = 0 0
[1759] = 0 0
[1760] = 0 0
[1761] = 0 0
[1762] = 0 0
[1763] = 0 0
[1764] = 0 0
[1765] = 0 0
[1766] = 0 0
[1767] = 0 0
[1768] = 0 0
[1769] = 0 0
[1770] = 35604 35604
[1771] = 35604 35604
[1772] = 35604 35604
[1773] = 35604 35604
[1774] = 35604 35604
[1775] = 35604 35604
[1776] = 35604 35604
[1777] = 35604 35604
[1778] = 35604 35604
[1779] = 35604 35604
[1780] = 35604 35604
[1781] = 35604 35604
[1782] = 35604 35604
[1783] = 35604 35604
[1784] = 0 0
[1785] = 0 0
[1786] = 0 0
[1787] = 0 0
[1788] = 0 0
[1789] = 0 0
[1790] = 0 0
[1791] = 0 0
[1792] = 0 0
[1793] = 0 0
[1794] = 0 0
[1795] = 0 0
[1796] = 0 0
[1797] = 0 0
[1798] = 0 0
[1799] = 35604 35604
[1800] = 35604 35604
[1801] = 35604 35604
[1802] = 35604 35604
[1803] = 35604 35604
[1804] = 35604 35604
[1805] = 35604 35604
[1806] = 35604 35604
[1807] = 35604 35604
[1808] = 35604 35604
[1809] = 35604 35604
[1810] = 35604 35604
[1811] = 35604 35604
[1812] = 35604 35604
[1813] = 0 0
[1814] = 0 0
[1815] = 0 0
[1816] = 0 0
[1817] = 0 0
[1818] = 0 0
[1819] = 0 0
[1820] = 0 0
[1821] = 0 0
[1822] = 0 0
[1823] = 0 0
[1824] = 0 0
[1825] = 0 0
[1826] = 0 0
[1827] = 0 0
[1828] = 35604 35604
[1829] = 35604 35604
[1830] = 35604 35604
[1831] = 35604 35604
[1832] = 35604 35604
[1833] = 35604 35604
[1834] = 35604 35604
[1835] = 35604 35604
[1836] = 35604 35604
[1837] = 35604 35604
[1838] = 35604 35604
[1839] = 35604 35604
[1840] = 35604 35604
[1841] = 35604 35604
[1842] = 0 0
[1843] = 0 0
[1844] = 0 0
[1845] = 0 0
[1846] = 0 0
[1847] = 0 0
[1848] = 0 0
[1849] = 0 0
[1850] = 0 0
[1851] = 0 0
[1852] = 0 0
[1853] = 0 0
[1854] = 0 0
[1855] = 0 0
[1856] = 0 0
[1857] = 35604 35604
[1858] = 35604 35604
[1859] = 35604 35604
[1860] = 35604 35604
[1861] = 35604 35604
[1862] = 35604 35604
[1863] = 35604 35604
[1864] = 35604 35604
[1865] = 35604 35604
[1866] = 35604 35604
[1867] = 35604 35604
[1868] = 35604 35604
[1869] = 35604 35604
[1870] = 35604 35604
[1871] = 0 0
[1872] = 0 0
[1873] = 0 0
[1874] = 0 0
[1875] = 0 0
[1876] = 0 0
[1877] = 0 0
[1878] = 0 0
[1879] = 0 0
[1880] = 0 0
[1881] = 0 0
[1882] = 0 0
[1883] = 0 0
[1884] = 0 0
[1885] = 0 0
[1886] = 35604 35604
[1887] = 35604 35604
[1888] = 35604 35604
[1889] = 35604 35604
[1890] = 35604 35604
[1891] = 35604 35604
[1892] = 35604 35604
[1893] = 35604 35604
[1894] = 35604 35604
[1895] = 35604 35604
[1896] = 35604 35604
[1897] = 35604 35604
[1898] = 35604 35604
[1899] = 35604 35604
[1900] = 0 0
[1901] = 0 0
[1902] = 0 0
[1903] = 0 0
[1904] = 0 0
[1905] = 0 0
[1906] = 0 0
[1907] = 0 0
[1908] = 0 0
[1909] = 0 0
[1910] = 0 0
[1911] = 0 0
[1912] = 0 0
[1913] = 0 0
[1914] = 0 0
[1915] = 35604 35604
[1916] = 35604 35604
[1917] = 35604 35604
[1918] = 35604 35604
[1919] = 35604 35604
[1920] = 35604 35604
[1921] = 35604 35604
[1922] = 35604 35604
[1923] = 35604 35604
[1924] = 35604 35604
[1925] = 35604 35604
[1926] = 35604 35604
[1927] = 35604 35604
[1928] = 35604 35604
[1929] = 0 0
[1930] = 0 0
[1931] = 0 0
[1932] = 0 0
[1933] = 0 0
[1934] = 0 0
[1935] = 0 0
[1936] = 0 0
[1937] = 0 0
[1938] = 0 0
[1939] = 0 0
[1940] = 0 0
[1941] = 0 0
[1942] = 0 0
[1943] = 0 0
[1944] = 35604 35604
[1945] = 35604 35604
[1946] = 35604 35604
[1947] = 35604 35604
[1948] = 35604 35604
[1949] = 35604 35604
[1950] = 35604 35604
[1951] = 35604 35604
[1952] = 35604 35604
[1953] = 35604 35604
[1954] = 35604 35604
[1955] = 35604 35604
[1956] = 35604 35604
[1957] = 35604 35604
[1958] = 0 0
[1959] = 0 0
[1960] = 0 0
[1961] = 0 0
[1962] = 0 0
[1963] = 0 0
[1964] = 0 0
[1965] = 0 0
[1966] = 0 0
[1967] = 0 0
[1968] = 0 0
[1969] = 0 0
[1970] = 0 0
[1971] = 0 0
[1972] = 0 0
[1973] = 35604 35604
[1974] = 35604 35604
[1975] = 35604 35604
[1976] = 35604 35604
[1977] = 35604 35604
[1978] = 35604 35604
[1979] = 35604 35604
[1980] = 35604 35604
[1981] = 35604 35604
[1982] = 35604 35604
[1983] = 35604 35604
[1984] = 35604 35604
[1985] = 35604 35604
[1986] = 35604 35604
[1987] = 0 0
[1988] = 0 0
[1989] = 0 0
[1990] = 0 0
[1991] = 0 0
[1992] = 0 0
[1993] = 0 0
[1994] = 0 0
[1995] = 0 0
[1996] = 0 0
[1997] = 0 0
[1998] = 0 0
[1999] = 0 0
[2000] = 0 0
[2001] = 0 0
[2002] = 35604 35604
[2003] = 35604 35604
[2004] = 35604 35604
[2005] = 35604 35604
[2006] = 35604 35604
[2007] = 35604 35604
[2008] = 35604 35604
[2009] = 35604 35604
[2010] = 35604 35604
[2011] = 35604 35604
[2012] = 35604 35604
[2013] = 35604 35604
[2014] = 35604 35604
[2015] = 35604 35604
[2016] = 0 0
[2017] = 0 0
[2018] = 0 0
[2019] = 0 0
[2020] = 0 0
[2021] = 0 0
[2022] = 0 0
[2023] = 0 0
[2024] = 0 0
[2025] = 0 0
[2026] = 0 0
[2027] = 0 0
[2028] = 0 0
[2029] = 0 0
[2030] = 35604 35604
[2031] = 35604 35604
[2032] = 35604 35604
[2033] = 35604 35604
[2034] = 35604 35604
[2035] = 35604 35604
[2036] = 35604 35604
[2037] = 35604 35604
[2038] = 35604 35604
[2039] = 35604 35604
[2040] = 35604 35604
[2041] = 35604 35604
[2042] = 35604 35604
[2043] = 35604 35604
[2044] = 0 0
[2045] = 0 0
[2046] = 0 0
[2047] = 0 0
[2048] = 0 0
[2049] = 0 0
[2050] = 0 0
[2051] = 0 0
[2052] = 0 0
[2053] = 0 0
[2054] = 0 0
[2055] = 0 0
[2056] = 0 0
[2057] = 0 0
[2058] = 0 0
[2059] = 35604 35604
[2060] = 35604 35604
[2061] = 35604 35604
[2062] = 35604 35604
[2063] = 35604 35604
[2064] = 35604 35604
[2065] = 35604 35604
[2066] = 35604 35604
[2067] = 35604 35604
[2068] = 35604 35604
[2069] = 35604 35604
[2070] = 35604 35604
[2071] = 35604 35604
[2072] = 35604 35604
[2073] = 0 0
[2074] = 0 0
[2075] = 0 0
[2076] = 0 0
[2077] = 0 0
[2078] = 0 0
[2079] = 0 0
[2080] = 0 0
[2081] = 0 0
[2082] = 0 0
[2083] = 0 0
[2084] = 0 0
[2085] = 0 0
[2086] = 0 0
[2087] = 0 0
[2088] = 35604 35604
[2089] = 35604 35604
[2090] = 35604 35604
[2091] = 35604 35604
[2092] = 35604 35604
[2093] = 35604 35604
[2094] = 35604 35604
[2095] = 35604 35604
[2096] = 35604 35604
[2097] = 35604 35604
[2098] = 35604 35604
[2099] = 35604 35604
[2100] = 35604 35604
[2101] = 35604 35604
[2102] = 0 0
[2103] = 0 0
[2104] = 0 0
[2105] = 0 0
[2106] = 0 0
[2107] = 0 0
[2108] = 0 0
[2109] = 0 0
[2110] = 0 0
[2111] = 0 0
[2112] = 0 0
[2113] = 0 0
[2114] = 0 0
[2115] = 0 0
[2116] = 0 0
[2117] = 35604 35604
[2118] = 35604 35604
[2119] = 35604 35604
[2120] = 35604 35604
[2121] = 35604 35604
[2122] = 35604 35604
[2123] = 35604 35604
[2124] = 35604 35604
[2125] = 35604 35604
[2126] = 35604 35604
[2127] = 35604 35604
[2128] = 35604 35604
[2129] = 35604 35604
[2130] = 35604 35604
[2131] = 0 0
[2132] = 0 0
[2133] = 0 0
[2134] = 0 0
[2135] = 0 0
[2136] = 0 0
[2137] = 0 0
[2138] = 0 0
[2139] = 0 0
[2140] = 0 0
[2141] = 0 0
[2142] = 0 0
[2143] = 0 0
[2144] = 0 0
[2145] = 0 0
[2146] = 35604 35604
[2147] = 35604 35604
[2148] = 35604 35604
[2149] = 35604 35604
[2150] = 35604 35604
[2151] = 35604 35604
[2152] = 35604 35604
[2153] = 35604 35604
[2154] = 35604 35604
[2155] = 35604 35604
[2156] = 35604 35604
[2157] = 35604 35604
[2158] = 35604 35604
[2159] = 35604 35604
[2160] = 0 0
[2161] = 0 0
[2162] = 0 0
[2163] = 0 0
[2164] = 0 0
[2165] = 0 0
[2166] = 0 0
[2167] = 0 0
[2168] = 0 0
[2169] = 0 0
[2170] = 0 0
[2171] = 0 0
[2172] = 0 0
[2173] = 0 0
[2174] = 0 0
[2175] = 35604 35604
[2176] = 35604 35604
[2177] = 35604 35604
[2178] = 35604 35604
[2179] = 35604 35604
[2180] = 35604 35604
[2181] = 35604 35604
[2182] = 35604 35604
[2183] = 35604 35604
[2184] = 35604 35604
[2185] = 35604 35604
[2186] = 35604 35604
[2187] = 35604 35604
[2188] = 35604 35604
[2189] = 0 0
[2190] = 0 0
[2191] = 0 0
[2192] = 0 0
[2193] = 0 0
[2194] = 0 0
[2195] = 0 0
[2196] = 0 0
[2197] = 0 0
[2198] = 0 0
[2199] = 0 0
[2200] = 0 0
[2201] = 0 0
[2202] = 0 0
[2203] = 0 0
[2204] = 35604 35604
[2205] = 35604 35604
[2206] = 35604 35604
[2207] = 35604 35604
[2208] = 35604 35604
[2209] = 35604 35604
[2210] = 35604 35604
[2211] = 35604 35604
[2212] = 35604 35604
[2213] = 35604 35604
[2214] = 35604 35604
[2215] = 35604 35604
[2216] = 35604 35604
[2217] = 35604 35604
[2218] = 0 0
[2219] = 0 0
[2220] = 0 0
[2221] = 0 0
[2222] = 0 0
[2223] = 0 0
[2224] = 0 0
[2225] = 0 0
[2226] = 0 0
[2227] = 0 0
[2228] = 0 0
[2229] = 0 0
[2230] = 0 0
[2231] = 0 0
[2232] = 0 0
[2233] = 35604 35604
[2234] = 35604 35604
[2235] = 35604 35604
[2236] = 35604 35604
[2237] = 35604 35604
[2238] = 35604 35604
[2239] = 35604 35604
[2240] = 35604 35604
[2241] = 35604 35604
[2242] = 35604 35604
[2243] = 35604 35604
[2244] = 35604 35604
[2245] = 35604 35604
[2246] = 35604 35604
[2247] = 0 0
[2248] = 0 0
[2249] = 0 0
[2250] = 0 0
[2251] = 0 0
[2252] = 0 0
[2253] = 0 0
[2254] = 0 0
[2255] = 0 0
[2256] = 0 0
[2257] = 0 0
[2258] = 0 0
[2259] = 0 0
[2260] = 0 0
[2261] = 0 0
[2262] = 35604 35604
[2263] = 35604 35604
[2264] = 35604 35604
[2265] = 35604 35604
[2266] = 35604 35604
[2267] = 35604 35604
[2268] = 35604 35604
[2269] = 35604 35604
[2270] = 35604 35604
[2271] = 35604 35604
[2272] = 35604 35604
[2273] = 35604 35604
[2274] = 35604 35604
[2275] = 35604 35604
[2276] = 0 0
[2277] = 0 0
[2278] = 0 0
[2279] = 0 0
[2280] = 0 0
[2281] = 0 0
[2282] = 0 0
[2283] = 0 0
[2284] = 0 0
[2285] = 0 0
[2286] = 0 0
[2287] = 0 0
[2288] = 0 0
[2289] = 0 0
[2290] = 35604 35604
[2291] = 35604 35604
[2292] = 35604 35604
[2293] = 35604 35604
[2294] = 35604 35604
[2295] = 35604 35604
[2296] = 35604 35604
[2297] = 35604 35604
[2298] = 35604 35604
[2299] = 35604 35604
[2300] = 35604 35604
[2301] = 35604 35604
[2302] = 35604 35604
[2303] = 35604 35604
[2304] = 0 0
[2305] = 0 0
[2306] = 0 0
[2307] = 0 0
[2308] = 0 0
[2309] = 0 0
[2310] = 0 0
[2311] = 0 0
[2312] = 0 0
[2313] = 0 0
[2314] = 0 0
[2315] = 0 0
[2316] = 0 0
[2317] = 0 0
[2318] = 0 0
[2319] = 35604 35604
[2320] = 35604 35604
[2321] = 35604 35604
[2322] = 35604 35604
[2323] = 35604 35604
[2324] = 35604 35604
[2325] = 35604 35604
[2326] = 35604 35604
[2327] = 35604 35604
[2328] = 35604 35604
[2329] = 35604 35604
[2330] = 35604 35604
[2331] = 35604 35604
[2332] = 35604 35604
[2333] = 0 0
[2334] = 0 0
[2335] = 0 0
[2336] = 0 0
[2337] = 0 0
[2338] = 0 0
[2339] = 0 0
[2340] = 0 0
[2341] = 0 0
[2342] = 0 0
[2343] = 0 0
[2344] = 0 0
[2345] = 0 0
[2346] = 0 0
[2347] = 0 0
[2348] = 35604 35604
[2349] = 35604 35604
[2350] = 35604 35604
[2351] = 35604 35604
[2352] = 35604 35604
[2353] = 35604 35604
[2354] = 35604 35604
[2355] = 35604 35604
[2356] = 35604 35604
[2357] = 35604 35604
[2358] = 35604 35604
[2359] = 35604 35604
[2360] = 35604 35604
[2361] = 35604 35604
[2362] = 0 0
[2363] = 0 0
[2364] = 0 0
[2365] = 0 0
[2366] = 0 0
[2367] = 0 0
[2368] = 0 0
[2369] = 0 0
[2370] = 0 0
[2371] = 0 0
[2372] = 0 0
[2373] = 0 0
[2374] = 0 0
[2375] = 0 0
[2376] = 0 0
[2377] = 35604 35604
[2378] = 35604 35604
[2379] = 35604 35604
[2380] = 35604 35604
[2381] = 35604 35604
[2382] = 35604 35604
[2383] = 35604 35604
[2384] = 35604 35604
[2385] = 35604 35604
[2386] = 35604 35604
[2387] = 35604 35604
[2388] = 35604 35604
[2389] = 35604 35604
[2390] = 35604 35604
[2391] = 0 0
[2392] = 0 0
[2393] = 0 0
[2394] = 0 0
[2395] = 0 0
[2396] = 0 0
[2397] = 0 0
[2398] = 0 0
[2399] = 0 0
[2400] = 0 0
[2401] = 0 0
[2402] = 0 0
[2403] = 0 0
[2404] = 0 0
[2405] = 0 0
[2406] = 35604 35604
[2407] = 35604 35604
[2408] = 35604 35604
[2409] = 35604 35604
[2410] = 35604 35604
[2411] = 35604 35604
[2412] = 35604 35604
[2413] = 35604 35604
[2414] = 35604 35604
[2415] = 35604 35604
[2416] = 35604 35604
[2417] = 35604 35604
[2418] = 35604 35604
[2419] = 35604 35604
[2420] = 0 0
[2421] = 0 0
[2422] = 0 0
[2423] = 0 0
[2424] = 0 0
[2425] = 0 0
[2426] = 0 0
[2427] = 0 0
[2428] = 0 0
[2429] = 0 0
[2430] = 0 0
[2431] = 0 0
[2432] = 0 0
[2433] = 0 0
[2434] = 0 0
[2435] = 35604 35604
[2436] = 35604 35604
[2437] = 35604 35604
[2438] = 35604 35604
[2439] = 35604 35604
[2440] = 35604 35604
[2441] = 35604 35604
[2442] = 35604 35604
[2443] = 35604 35604
[2444] = 35604 35604
[2445] = 35604 35604
[2446] = 35604 35604
[2447] = 35604 35604
[2448] = 35604 35604
[2449] = 0 0
[2450] = 0 0
[2451] = 0 0
[2452] = 0 0
[2453] = 0 0
[2454] = 0 0
[2455] = 0 0
[2456] = 0 0
[2457] = 0 0
[2458] = 0 0
[2459] = 0 0
[2460] = 0 0
[2461] = 0 0
[2462] = 0 0
[2463] = 0 0
[2464] = 35604 35604
[2465] = 35604 35604
[2466] = 35604 35604
[2467] = 35604 35604
[2468] = 35604 35604
[2469] = 35604 35604
[2470] = 35604 35604
[2471] = 35604 35604
[2472] = 35604 35604
[2473] = 35604 35604
[2474] = 35604 35604
[2475] = 35604 35604
[2476] = 35604 35604
[2477] = 35604 35604
[2478] = 0 0
[2479] = 0 0
[2480] = 0 0
[2481] = 0 0
[2482] = 0 0
[2483] = 0 0
[2484] = 0 0
[2485] = 0 0
[2486] = 0 0
[2487] = 0 0
[2488] = 0 0
[2489] = 0 0
[2490] = 0 0
[2491] = 0 0
[2492] = 0 0
[2493] = 35604 35604
[2494] = 35604 35604
[2495] = 35604 35604
[2496] = 35604 35604
[2497] = 35604 35604
[2498] = 35604 35604
[2499] = 35604 35604
[2500] = 35604 35604
[2501] = 35604 35604
[2502] = 35604 35604
[2503] = 35604 35604
[2504] = 35604 35604
[2505] = 35604 35604
[2506] = 35604 35604
[2507] = 0 0
[2508] = 0 0
[2509] = 0 0
[2510] = 0 0
[2511] = 0 0
[2512] = 0 0
[2513] = 0 0
[2514] = 0 0
[2515] = 0 0
[2516] = 0 0
[2517] = 0 0
[2518] = 0 0
[2519] = 0 0
[2520] = 0 0
[2521] = 0 0
[2522] = 35604 35604
[2523] = 35604 35604
[2524] = 35604 35604
[2525] = 35604 35604
[2526] = 35604 35604
[2527] = 35604 35604
[2528] = 35604 35604
[2529] = 35604 35604
[2530] = 35604 35604
[2531] = 35604 35604
[2532] = 35604 35604
[2533] = 35604 35604
[2534] = 35604 35604
[2535] = 35604 35604
[2536] = 0 0
[2537] = 0 0
[2538] = 0 0
[2539] = 0 0
[2540] = 0 0
[2541] = 0 0
[2542] = 0 0
[2543] = 0 0
[2544] = 0 0
[2545] = 0 0
[2546] = 0 0
[2547] = 0 0
[2548] = 0 0
[2549] = 0 0
[2550] = 0 0
[2551] = 35604 35604
[2552] = 35604 35604
[2553] = 35604 35604
[2554] = 35604 35604
[2555] = 35604 35604
[2556] = 35604 35604
[2557] = 35604 35604
[2558] = 35604 35604
[2559] = 35604 35604
[2560] = 35604 35604
[2561] = 35604 35604
[2562] = 35604 35604
[2563] = 35604 35604
[2564] = 35604 35604
[2565] = 0 0
[2566] = 0 0
[2567] = 0 0
[2568] = 0 0
[2569] = 0 0
[2570] = 0 0
[2571] = 0 0
[2572] = 0 0
[2573] = 0 0
[2574] = 0 0
[2575] = 0 0
[2576] = 0 0
[2577] = 0 0
[2578] = 0 0
[2579] = 35604 35604
[2580] = 35604 35604
[2581] = 35604 35604
[2582] = 35604 35604
[2583] = 35604 35604
[2584] = 35604 35604
[2585] = 35604 35604
[2586] = 35604 35604
[2587] = 35604 35604
[2588] = 35604 35604
[2589] = 35604 35604
[2590] = 35604 35604
[2591] = 35604 35604
[2592] = 35604 35604
[2593] = 0 0
[2594] = 0 0
[2595] = 0 0
[2596] = 0 0
[2597] = 0 0
[2598] = 0 0
[2599] = 0 0
[2600] = 0 0
[2601] = 0 0
[2602] = 0 0
[2603] = 0 0
[2604] = 0 0
[2605] = 0 0
[2606] = 0 0
[2607] = 0 0
[2608] = 35604 35604
[2609] = 35604 35604
[2610] = 35604 35604
[2611] = 35604 35604
[2612] = 35604 35604
[2613] = 35604 35604
[2614] = 35604 35604
[2615] = 35604 35604
[2616] = 35604 35604
[2617] = 35604 35604
[2618] = 35604 35604
[2619] = 35604 35604
[2620] = 35604 35604
[2621] = 35604 35604
[2622] = 0 0
[2623] = 0 0
[2624] = 0 0
[2625] = 0 0
[2626] = 0 0
[2627] = 0 0
[2628] = 0 0
[2629] = 0 0
[2630] = 0 0
[2631] = 0 0
[2632] = 0 0
[2633] = 0 0
[2634] = 0 0
[2635] = 0 0
[2636] = 0 0
[2637] = 35604 35604
[2638] = 35604 35604
[2639] = 35604 35604
[2640] = 35604 35604
[2641] = 35604 35604
[2642] = 35604 35604
[2643] = 35604 35604
[2644] = 35604 35604
[2645] = 35604 35604
[2646] = 35604 35604
[2647] = 35604 35604
[2648] = 35604 35604
[2649] = 35604 35604
[2650] = 35604 35604
[2651] = 0 0
[2652] = 0 0
[2653] = 0 0
[2654] = 0 0
[2655] = 0 0
[2656] = 0 0
[2657] = 0 0
[2658] = 0 0
[2659] = 0 0
[2660] = 0 0
[2661] = 0 0
[2662] = 0 0
[2663] = 0 0
[2664] = 0 0
[2665] = 0 0
[2666] = 35604 35604
[2667] = 35604 35604
[2668] = 35604 35604
[2669] = 35604 35604
[2670] = 35604 35604
[2671] = 35604 35604
[2672] = 35604 35604
[2673] = 35604 35604
[2674] = 35604 35604
[2675] = 35604 35604
[2676] = 35604 35604
[2677] = 35604 35604
[2678] = 35604 35604
[2679] = 35604 35604
[2680] = 0 0
[2681] = 0 0
[2682] = 0 0
[2683] = 0 0
[2684] = 0 0
[2685] = 0 0
[2686] = 0 0
[2687] = 0 0
[2688] = 0 0
[2689] = 0 0
[2690] = 0 0
[2691] = 0 0
[2692] = 0 0
[2693] = 0 0
[2694] = 0 0
[2695] = 35604 35604
[2696] = 35604 35604
[2697] = 35604 35604
[2698] = 35604 35604
[2699] = 35604 35604
[2700] = 35604 35604
[2701] = 35604 35604
[2702] = 35604 35604
[2703] = 35604 35604
[2704] = 35604 35604
[2705] = 35604 35604
[2706] = 35604 35604
[2707] = 35604 35604
[2708] = 35604 35604
[2709] = 0 0
[2710] = 0 0
[2711] = 0 0
[2712] = 0 0
[2713] = 0 0
[2714] = 0 0
[2715] = 0 0
[2716] = 0 0
[2717] = 0 0
[2718] = 0 0
[2719] = 0 0
[2720] = 0 0
[2721] = 0 0
[2722] = 0 0
[2723] = 0 0
[2724] = 35604 35604
[2725] = 35604 35604
[2726] = 35604 35604
[2727] = 35604 35604
[2728] = 35604 35604
[2729] = 35604 35604
[2730] = 35604 35604
[2731] = 35604 35604
[2732] = 35604 35604
[2733] = 35604 35604
[2734] = 35604 35604
[2735] = 35604 35604
[2736] = 35604 35604
[2737] = 35604 35604
[2738] = 0 0
[2739] = 0 0
[2740] = 0 0
[2741] = 0 0
[2742] = 0 0
[2743] = 0 0
[2744] = 0 0
[2745] = 0 0
[2746] = 0 0
[2747] = 0 0
[2748] = 0 0
[2749] = 0 0
[2750] = 0 0
[2751] = 0 0
[2752] = 0 0
[2753] = 35604 35604
[2754] = 35604 35604
[2755] = 35604 35604
[2756] = 35604 35604
[2757] = 35604 35604
[2758] = 35604 35604
[2759] = 35604 35604
[2760] = 35604 35604
[2761] = 35604 35604
[2762] = 35604 35604
[2763] = 35604 35604
[2764] = 35604 35604
[2765] = 35604 35604
[2766] = 35604 35604
[2767] = 0 0
[2768] = 0 0
[2769] = 0 0
[2770] = 0 0
[2771] = 0 0
[2772] = 0 0
[2773] = 0 0
[2774] = 0 0
[2775] = 0 0
[2776] = 0 0
[2777] = 0 0
[2778] = 0 0
[2779] = 0 0
[2780] = 0 0
[2781] = 0 0
[2782] = 35604 35604
[2783] = 35604 35604
[2784] = 35604 35604
[2785] = 35604 35604
[2786] = 35604 35604
[2787] = 35604 35604
[2788] = 35604 35604
[2789] = 35604 35604
[2790] = 35604 35604
[2791] = 35604 35604
[2792] = 35604 35604
[2793] = 35604 35604
[2794] = 35604 35604
[2795] = 35604 35604
[2796] = 0 0
[2797] = 0 0
[2798] = 0 0
[2799] = 0 0
[2800] = 0 0
[2801] = 0 0
[2802] = 0 0
[2803] = 0 0
[2804] = 0 0
[2805] = 0 0
[2806] = 0 0
[2807] = 0 0
[2808] = 0 0
[2809] = 0 0
[2810] = 0 0
[2811] = 35604 35604
[2812] = 35604 35604
[2813] = 35604 35604
[2814] = 35604 35604
[2815] = 35604 35604
[2816] = 35604 35604
[2817] = 35604 35604
[2818] = 35604 35604
[2819] = 35604 35604
[2820] = 35604 35604
[2821] = 35604 35604
[2822] = 35604 35604
[2823] = 35604 35604
[2824] = 35604 35604
[2825] = 0 0
[2826] = 0 0
[2827] = 0 0
[2828] = 0 0
[2829] = 0 0
[2830] = 0 0
[2831] = 0 0
[2832] = 0 0
[2833] = 0 0
[2834] = 0 0
[2835] = 0 0
[2836] = 0 0
[2837] = 0 0
[2838] = 0 0
[2839] = 0 0
[2840] = 35604 35604
[2841] = 35604 35604
[2842] = 35604 35604
[2843] = 35604 35604
[2844] = 35604 35604
[2845] = 35604 35604
[2846] = 35604 35604
[2847] = 35604 35604
[2848] = 35604 35604
[2849] = 35604 35604
[2850] = 35604 35604
[2851] = 35604 35604
[2852] = 35604 35604
[2853] = 35604 35604
[2854] = 0 0
[2855] = 0 0
[2856] = 0 0
[2857] = 0 0
[2858] = 0 0
[2859] = 0 0
[2860] = 0 0
[2861] = 0 0
[2862] = 0 0
[2863] = 0 0
[2864] = 0 0
[2865] = 0 0
[2866] = 0 0
[2867] = 0 0
[2868] = 35604 35604
[2869] = 35604 35604
[2870] = 35604 35604
[2871] = 35604 35604
[2872] = 35604 35604
[2873] = 35604 35604
[2874] = 35604 35604
[2875] = 35604 35604
[2876] = 35604 35604
[2877] = 35604 35604
[2878] = 35604 35604
[2879] = 35604 35604
[2880] = 35604 35604
[2881] = 35604 35604
[2882] = 0 0
[2883] = 0 0
[2884] = 0 0
[2885] = 0 0
[2886] = 0 0
[2887] = 0 0
[2888] = 0 0
[2889] = 0 0
[2890] = 0 0
[2891] = 0 0
[2892] = 0 0
[2893] = 0 0
[2894] = 0 0
[2895] = 0 0
[2896] = 0 0
[2897] = 35604 35604
[2898] = 35604 35604
[2899] = 35604 35604
[2900] = 35604 35604
[2901] = 35604 35604
[2902] = 35604 35604
[2903] = 35604 35604
[2904] = 35604 35604
[2905] = 35604 35604
[2906] = 35604 35604
[2907] = 35604 35604
[2908] = 35604 35604
[2909] = 35604 35604
[2910] = 35604 35604
[2911] = 0 0
[2912] = 0 0
[2913] = 0 0
[2914] = 0 0
[2915] = 0 0
[2916] = 0 0
[2917] = 0 0
[2918] = 0 0
[2919] = 0 0
[2920] = 0 0
[2921] = 0 0
[2922] = 0 0
[2923] = 0 0
[2924] = 0 0
[2925] = 0 0
[2926] = 35604 35604
[2927] = 35604 35604
[2928] = 35604 35604
[2929] = 35604 35604
[2930] = 35604 35604
[2931] = 35604 35604
[2932] = 35604 35604
[2933] = 35604 35604
[2934] = 35604 35604
[2935] = 35604 35604
[2936] = 35604 35604
[2937] = 35604 35604
[2938] = 35604 35604
[2939] = 35604 35604
[2940] = 0 0
[2941] = 0 0
[2942] = 0 0
[2943] = 0 0
[2944] = 0 0
[2945] = 0 0
[2946] = 0 0
[2947] = 0 0
[2948] = 0 0
[2949] = 0 0
[2950] = 0 0
[2951] = 0 0
[2952] = 0 0
[2953] = 0 0
[2954] = 0 0
[2955] = 35604 35604
[2956] = 35604 35604
[2957] = 35604 35604
[2958] = 35604 35604
[2959] = 35604 35604
[2960] = 35604 35604
[2961] = 35604 35604
[2962] = 35604 35604
[2963] = 35604 35604
[2964] = 35604 35604
[2965] = 35604 35604
[2966] = 35604 35604
[2967] = 35604 35604
[2968] = 35604 35604
[2969] = 0 0
[2970] = 0 0
[2971] = 0 0
[2972] = 0 0
[2973] = 0 0
[2974] = 0 0
[2975] = 0 0
[2976] = 0 0
[2977] = 0 0
[2978] = 0 0
[2979] = 0 0
[2980] = 0 0
[2981] = 0 0
[2982] = 0 0
[2983] = 0 0
[2984] = 35604 35604
[2985] = 35604 35604
[2986] = 35604 35604
[2987] = 35604 35604
[2988] = 35604 35604
[2989] = 35604 35604
[2990] = 35604 35604
[2991] = 35604 35604
[2992] = 35604 35604
[2993] = 35604 35604
[2994] = 35604 35604
[2995] = 35604 35604
[2996] = 35604 35604
[2997] = 35604 35604
[2998] = 0 0
[2999] = 0 0
[3000] = 0 0
[3001] = 0 0
[3002] = 0 0
[3003] = 0 0
[3004] = 0 0
[3005] = 0 0
[3006] = 0 0
[3007] = 0 0
[3008] = 0 0
[3009] = 0 0
[3010] = 0 0
[3011] = 0 0
[3012] = 0 0
[3013] = 35604 35604
[3014] = 35604 35604
[3015] = 35604 35604
[3016] = 35604 35604
[3017] = 35604 35604
[3018] = 35604 35604
[3019] = 35604 35604
[3020] = 35604 35604
[3021] = 35604 35604
[3022] = 35604 35604
[3023] = 35604 35604
[3024] = 35604 35604
[3025] = 35604 35604
[3026] = 35604 35604
[3027] = 0 0
[3028] = 0 0
[3029] = 0 0
[3030] = 0 0
[3031] = 0 0
[3032] = 0 0
[3033] = 0 0
[3034] = 0 0
[3035] = 0 0
[3036] = 0 0
[3037] = 0 0
[3038] = 0 0
[3039] = 0 0
[3040] = 0 0
[3041] = 0 0
[3042] = 35604 35604
[3043] = 35604 35604
[3044] = 35604 35604
[3045] = 35604 35604
[3046] = 35604 35604
[3047] = 35604 35604
[3048] = 35604 35604
[3049] = 35604 35604
[3050] = 35604 35604
[3051] = 35604 35604
[3052] = 35604 35604
[3053] = 35604 35604
[3054] = 35604 35604
[3055] = 35604 35604
[3056] = 0 0
[3057] = 0 0
[3058] = 0 0
[3059] = 0 0
[3060] = 0 0
[3061] = 0 0
[3062] = 0 0
[3063] = 0 0
[3064] = 0 0
[3065] = 0 0
[3066] = 0 0
[3067] = 0 0
[3068] = 0 0
[3069] = 0 0
[3070] = 0 0
[3071] = 35604 35604
[3072] = 35604 35604
[3073] = 35604 35604
[3074] = 35604 35604
[3075] = 35604 35604
[3076] = 35604 35604
[3077] = 35604 35604
[3078] = 35604 35604
[3079] = 35604 35604
[3080] = 35604 35604
[3081] = 35604 35604
[3082] = 35604 35604
[3083] = 35604 35604
[3084] = 35604 35604
[3085] = 0 0
[3086] = 0 0
[3087] = 0 0
[3088] = 0 0
[3089] = 0 0
[3090] = 0 0
[3091] = 0 0
[3092] = 0 0
[3093] = 0 0
[3094] = 0 0
[3095] = 0 0
[3096] = 0 0
[3097] = 0 0
[3098] = 0 0
[3099] = 0 0
[3100] = 35604 35604
[3101] = 35604 35604
[3102] = 35604 35604
[3103] = 35604 35604
[3104] = 35604 35604
[3105] = 35604 35604
[3106] = 35604 35604
[3107] = 35604 35604
[3108] = 35604 35604
[3109] = 35604 35604
[3110] = 35604 35604
[3111] = 35604 35604
[3112] = 35604 35604
[3113] = 35604 35604
[3114] = 0 0
[3115] = 0 0
[3116] = 0 0
[3117] = 0 0
[3118] = 0 0
[3119] = 0 0
[3120] = 0 0
[3121] = 0 0
[3122] = 0 0
[3123] = 0 0
[3124] = 0 0
[3125] = 0 0
[3126] = 0 0
[3127] = 0 0
[3128] = 0 0
[3129] = 35604 35604
[3130] = 35604 35604
[3131] = 35604 35604
[3132] = 35604 35604
[3133] = 35604 35604
[3134] = 35604 35604
[3135] = 35604 35604
[3136] = 35604 35604
[3137] = 35604 35604
[3138] = 35604 35604
[3139] = 35604 35604
[3140] = 35604 35604
[3141] = 35604 35604
[3142] = 35604 35604
[3143] = 0 0
[3144] = 0 0
[3145] = 0 0
[3146] = 0 0
[3147] = 0 0
[3148] = 0 0
[3149] = 0 0
[3150] = 0 0
[3151] = 0 0
[3152] = 0 0
[3153] = 0 0
[3154] = 0 0
[3155] = 0 0
[3156] = 0 0
[3157] = 35604 35604
[3158] = 35604 35604
[3159] = 35604 35604
[3160] = 35604 35604
[3161] = 35604 35604
[3162] = 35604 35604
[3163] = 35604 35604
[3164] = 35604 35604
[3165] = 35604 35604
[3166] = 35604 35604
[3167] = 35604 35604
[3168] = 35604 35604
[3169] = 35604 35604
[3170] = 35604 35604
[3171] = 0 0
[3172] = 0 0
[3173] = 0 0
[3174] = 0 0
[3175] = 0 0
[3176] = 0 0
[3177] = 0 0
[3178] = 0 0
[3179] = 0 0
[3180] = 0 0
[3181] = 0 0
[3182] = 0 0
[3183] = 0 0
[3184] = 0 0
[3185] = 0 0
[3186] = 35604 35604
[3187] = 35604 35604
[3188] = 35604 35604
[3189] = 35604 35604
[3190] = 35604 35604
[3191] = 35604 35604
[3192] = 35604 35604
[3193] = 35604 35604
[3194] = 35604 35604
[3195] = 35604 35604
[3196] = 35604 35604
[3197] = 35604 35604
[3198] = 35604 35604
[3199] = 35604 35604
[3200] = 0 0
[3201] = 0 0
[3202] = 0 0
[3203] = 0 0
[3204] = 0 0
[3205] = 0 0
[3206] = 0 0
[3207] = 0 0
[3208] = 0 0
[3209] = 0 0
[3210] = 0 0
[3211] = 0 0
[3212] = 0 0
[3213] = 0 0
[3214] = 0 0
[3215] = 35604 35604
[3216] = 35604 35604
[3217] = 35604 35604
[3218] = 35604 35604
[3219] = 35604 35604
[3220] = 35604 35604
[3221] = 35604 35604
[3222] = 35604 35604
[3223] = 35604 35604
[3224] = 35604 35604
[3225] = 35604 35604
[3226] = 35604 35604
[3227] = 35604 35604
[3228] = 35604 35604
[3229] = 0 0
[3230] = 0 0
[3231] = 0 0
[3232] = 0 0
[3233] = 0 0
[3234] = 0 0
[3235] = 0 0
[3236] = 0 0
[3237] = 0 0
[3238] = 0 0
[3239] = 0 0
[3240] = 0 0
[3241] = 0 0
[3242] = 0 0
[3243] = 0 0
[3244] = 35604 35604
[3245] = 35604 35604
[3246] = 35604 35604
[3247] = 35604 35604
[3248] = 35604 35604
[3249] = 35604 35604
[3250] = 35604 35604
[3251] = 35604 35604
[3252] = 35604 35604
[3253] = 35604 35604
[3254] = 35604 35604
[3255] = 35604 35604
[3256] = 35604 35604
[3257] = 35604 35604
[3258] = 0 0
[3259] = 0 0
[3260] = 0 0
[3261] = 0 0
[3262] = 0 0
[3263] = 0 0
[3264] = 0 0
[3265] = 0 0
[3266] = 0 0
[3267] = 0 0
[3268] = 0 0
[3269] = 0 0
[3270] = 0 0
[3271] = 0 0
[3272] = 0 0
[3273] = 35604 35604
[3274] = 35604 35604
[3275] = 35604 35604
[3276] = 35604 35604
[3277] = 35604 35604
[3278] = 35604 35604
[3279] = 35604 35604
[3280] = 35604 35604
[3281] = 35604 35604
[3282] = 35604 35604
[3283] = 35604 35604
[3284] = 35604 35604
[3285] = 35604 35604
[3286] = 35604 35604
[3287] = 0 0
[3288] = 0 0
[3289] = 0 0
[3290] = 0 0
[3291] = 0 0
[3292] = 0 0
[3293] = 0 0
[3294] = 0 0
[3295] = 0 0
[3296] = 0 0
[3297] = 0 0
[3298] = 0 0
[3299] = 0 0
[3300] = 0 0
[3301] = 0 0
[3302] = 35604 35604
[3303] = 35604 35604
[3304] = 35604 35604
[3305] = 35604 35604
[3306] = 35604 35604
[3307] = 35604 35604
[3308] = 35604 35604
[3309] = 35604 35604
[3310] = 35604 35604
[3311] = 35604 35604
[3312] = 35604 35604
[3313] = 35604 35604
[3314] = 35604 35604
[3315] = 35604 35604
[3316] = 0 0
[3317] = 0 0
[3318] = 0 0
[3319] = 0 0
[3320] = 0 0
[3321] = 0 0
[3322] = 0 0
[3323] = 0 0
[3324] = 0 0
[3325] = 0 0
[3326] = 0 0
[3327] = 0 0
[3328] = 0 0
[3329] = 0 0
[3330] = 0 0
[3331] = 35604 35604
[3332] = 35604 35604
[3333] = 35604 35604
[3334] = 35604 35604
[3335] = 35604 35604
[3336] = 35604 35604
[3337] = 35604 35604
[3338] = 35604 35604
[3339] = 35604 35604
[3340] = 35604 35604
[3341] = 35604 35604
[3342] = 35604 35604
[3343] = 35604 35604
[3344] = 35604 35604
[3345] = 0 0
[3346] = 0 0
[3347] = 0 0
[3348] = 0 0
[3349] = 0 0
[3350] = 0 0
[3351] = 0 0
[3352] = 0 0
[3353] = 0 0
[3354] = 0 0
[3355] = 0 0
[3356] = 0 0
[3357] = 0 0
[3358] = 0 0
[3359] = 0 0
[3360] = 35604 35604
[3361] = 35604 35604
[3362] = 35604 35604
[3363] = 35604 35604
[3364] = 35604 35604
[3365] = 35604 35604
[3366] = 35604 35604
[3367] = 35604 35604
[3368] = 35604 35604
[3369] = 35604 35604
[3370] = 35604 35604
[3371] = 35604 35604
[3372] = 35604 35604
[3373] = 35604 35604
[3374] = 0 0
[3375] = 0 0
[3376] = 0 0
[3377] = 0 0
[3378] = 0 0
[3379] = 0 0
[3380] = 0 0
[3381] = 0 0
[3382] = 0 0
[3383] = 0 0
[3384] = 0 0
[3385] = 0 0
[3386] = 0 0
[3387] = 0 0
[3388] = 0 0
[3389] = 35604 35604
[3390] = 35604 35604
[3391] = 35604 35604
[3392] = 35604 35604
[3393] = 35604 35604
[3394] = 35604 35604
[3395] = 35604 35604
[3396] = 35604 35604
[3397] = 35604 35604
[3398] = 35604 35604
[3399] = 35604 35604
[3400] = 35604 35604
[3401] = 35604 35604
[3402] = 35604 35604
[3403] = 0 0
[3404] = 0 0
[3405] = 0 0
[3406] = 0 0
[3407] = 0 0
[3408] = 0 0
[3409] = 0 0
[3410] = 0 0
[3411] = 0 0
[3412] = 0 0
[3413] = 0 0
[3414] = 0 0
[3415] = 0 0
[3416] = 0 0
[3417] = 0 0
[3418] = 35604 35604
[3419] = 35604 35604
[3420] = 35604 35604
[3421] = 35604 35604
[3422] = 35604 35604
[3423] = 35604 35604
[3424] = 35604 35604
[3425] = 35604 35604
[3426] = 35604 35604
[3427] = 35604 35604
[3428] = 35604 35604
[3429] = 35604 35604
[3430] = 35604 35604
[3431] = 35604 35604
[3432] = 0 0
[3433] = 0 0
[3434] = 0 0
[3435] = 0 0
[3436] = 0 0
[3437] = 0 0
[3438] = 0 0
[3439] = 0 0
[3440] = 0 0
[3441] = 0 0
[3442] = 0 0
[3443] = 0 0
[3444] = 0 0
[3445] = 0 0
[3446] = 35604 35604
[3447] = 35604 35604
[3448] = 35604 35604
[3449] = 35604 35604
[3450] = 35604 35604
[3451] = 35604 35604
[3452] = 35604 35604
[3453] = 35604 35604
[3454] = 35604 35604
[3455] = 35604 35604
[3456] = 35604 35604
[3457] = 35604 35604
[3458] = 35604 35604
[3459] = 35604 35604
[3460] = 0 0
[3461] = 0 0
[3462] = 0 0
[3463] = 0 0
[3464] = 0 0
[3465] = 0 0
[3466] = 0 0
[3467] = 0 0
[3468] = 0 0
[3469] = 0 0
[3470] = 0 0
[3471] = 0 0
[3472] = 0 0
[3473] = 0 0
[3474] = 0 0
[3475] = 35604 35604
[3476] = 35604 35604
[3477] = 35604 35604
[3478] = 35604 35604
[3479] = 35604 35604
[3480] = 35604 35604
[3481] = 35604 35604
[3482] = 35604 35604
[3483] = 35604 35604
[3484] = 35604 35604
[3485] = 35604 35604
[3486] = 35604 35604
[3487] = 35604 35604
[3488] = 35604 35604
[3489] = 0 0
[3490] = 0 0
[3491] = 0 0
[3492] = 0 0
[3493] = 0 0
[3494] = 0 0
[3495] = 0 0
[3496] = 0 0
[3497] = 0 0
[3498] = 0 0
[3499] = 0 0
[3500] = 0 0
[3501] = 0 0
[3502] = 0 0
[3503] = 0 0
[3504] = 35604 35604
[3505] = 35604 35604
[3506] = 35604 35604
[3507] = 35604 35604
[3508] = 35604 35604
[3509] = 35604 35604
[3510] = 35604 35604
[3511] = 35604 35604
[3512] = 35604 35604
[3513] = 35604 35604
[3514] = 35604 35604
[3515] = 35604 35604
[3516] = 35604 35604
[3517] = 35604 35604
[3518] = 0 0
[3519] = 0 0
[3520] = 0 0
[3521] = 0 0
[3522] = 0 0
[3523] = 0 0
[3524] = 0 0
[3525] = 0 0
[3526] = 0 0
[3527] = 0 0
[3528] = 0 0
[3529] = 0 0
[3530] = 0 0
[3531] = 0 0
[3532] = 0 0
[3533] = 35604 35604
[3534] = 35604 35604
[3535] = 35604 35604
[3536] = 35604 35604
[3537] = 35604 35604
[3538] = 35604 35604
[3539] = 35604 35604
[3540] = 35604 35604
[3541] = 35604 35604
[3542] = 35604 35604
[3543] = 35604 35604
[3544] = 35604 35604
[3545] = 35604 35604
[3546] = 35604 35604
[3547] = 0 0
[3548] = 0 0
[3549] = 0 0
[3550] = 0 0
[3551] = 0 0
[3552] = 0 0
[3553] = 0 0
[3554] = 0 0
[3555] = 0 0
[3556] = 0 0
[3557] = 0 0
[3558] = 0 0
[3559] = 0 0
[3560] = 0 0
[3561] = 0 0
[3562] = 35604 35604
[3563] = 35604 35604
[3564] = 35604 35604
[3565] = 35604 35604
[3566] = 35604 35604
[3567] = 35604 35604
[3568] = 35604 35604
[3569] = 35604 35604
[3570] = 35604 35604
[3571] = 35604 35604
[3572] = 35604 35604
[3573] = 35604 35604
[3574] = 35604 35604
[3575] = 35604 35604
[3576] = 0 0
[3577] = 0 0
[3578] = 0 0
[3579] = 0 0
[3580] = 0 0
[3581] = 0 0
[3582] = 0 0
[3583] = 0 0
[3584] = 0 0
[3585] = 0 0
[3586] = 0 0
[3587] = 0 0
[3588] = 0 0
[3589] = 0 0
[3590] = 0 0
[3591] = 35604 35604
[3592] = 35604 35604
[3593] = 35604 35604
[3594] = 35604 35604
[3595] = 35604 35604
[3596] = 35604 35604
[3597] = 35604 35604
[3598] = 35604 35604
[3599] = 35604 35604
[3600] = 35604 35604
[3601] = 35604 35604
[3602] = 35604 35604
[3603] = 35604 35604
[3604] = 35604 35604
[3605] = 0 0
[3606] = 0 0
[3607] = 0 0
[3608] = 0 0
[3609] = 0 0
[3610] = 0 0
[3611] = 0 0
[3612] = 0 0
[3613] = 0 0
[3614] = 0 0
[3615] = 0 0
[3616] = 0 0
[3617] = 0 0
[3618] = 0 0
[3619] = 0 0
[3620] = 35604 35604
[3621] = 35604 35604
[3622] = 35604 35604
[3623] = 35604 35604
[3624] = 35604 35604
[3625] = 35604 35604
[3626] = 35604 35604
[3627] = 35604 35604
[3628] = 35604 35604
[3629] = 35604 35604
[3630] = 35604 35604
[3631] = 35604 35604
[3632] = 35604 35604
[3633] = 35604 35604
[3634] = 0 0
[3635] = 0 0
[3636] = 0 0
[3637] = 0 0
[3638] = 0 0
[3639] = 0 0
[3640] = 0 0
[3641] = 0 0
[3642] = 0 0
[3643] = 0 0
[3644] = 0 0
[3645] = 0 0
[3646] = 0 0
[3647] = 0 0
[3648] = 0 0
[3649] = 35604 35604
[3650] = 35604 35604
[3651] = 35604 35604
[3652] = 35604 35604
[3653] = 35604 35604
[3654] = 35604 35604
[3655] = 35604 35604
[3656] = 35604 35604
[3657] = 35604 35604
[3658] = 35604 35604
[3659] = 35604 35604
[3660] = 35604 35604
[3661] = 35604 35604
[3662] = 35604 35604
[3663] = 0 0
[3664] = 0 0
[3665] = 0 0
[3666] = 0 0
[3667] = 0 0
[3668] = 0 0
[3669] = 0 0
[3670] = 0 0
[3671] = 0 0
[3672] = 0 0
[3673] = 0 0
[3674] = 0 0
[3675] = 0 0
[3676] = 0 0
[3677] = 0 0
[3678] = 35604 35604
[3679] = 35604 35604
[3680] = 35604 35604
[3681] = 35604 35604
[3682] = 35604 35604
[3683] = 35604 35604
[3684] = 35604 35604
[3685] = 35604 35604
[3686] = 35604 35604
[3687] = 35604 35604
[3688] = 35604 35604
[3689] = 35604 35604
[3690] = 35604 35604
[3691] = 35604 35604
[3692] = 0 0
[3693] = 0 0
[3694] = 0 0
[3695] = 0 0
[3696] = 0 0
[3697] = 0 0
[3698] = 0 0
[3699] = 0 0
[3700] = 0 0
[3701] = 0 0
[3702] = 0 0
[3703] = 0 0
[3704] = 0 0
[3705] = 0 0
[3706] = 0 0
[3707] = 35604 35604
[3708] = 35604 35604
[3709] = 35604 35604
[3710] = 35604 35604
[3711] = 35604 35604
[3712] = 35604 35604
[3713] = 35604 35604
[3714] = 35604 35604
[3715] = 35604 35604
[3716] = 35604 35604
[3717] = 35604 35604
[3718] = 35604 35604
[3719] = 35604 35604
[3720] = 35604 35604
[3721] = 0 0
[3722] = 0 0
[3723] = 0 0
[3724] = 0 0
[3725] = 0 0
[3726] = 0 0
[3727] = 0 0
[3728] = 0 0
[3729] = 0 0
[3730] = 0 0
[3731] = 0 0
[3732] = 0 0
[3733] = 0 0
[3734] = 0 0
[3735] = 35604 35604
[3736] = 35604 35604
[3737] = 35604 35604
[3738] = 35604 35604
[3739] = 35604 35604
[3740] = 35604 35604
[3741] = 35604 35604
[3742] = 35604 35604
[3743] = 35604 35604
[3744] = 35604 35604
[3745] = 35604 35604
[3746] = 35604 35604
[3747] = 35604 35604
[3748] = 35604 35604
[3749] = 0 0
[3750] = 0 0
[3751] = 0 0
[3752] = 0 0
[3753] = 0 0
[3754] = 0 0
[3755] = 0 0
[3756] = 0 0
[3757] = 0 0
[3758] = 0 0
[3759] = 0 0
[3760] = 0 0
[3761] = 0 0
[3762] = 0 0
[3763] = 0 0
[3764] = 35604 35604
[3765] = 35604 35604
[3766] = 35604 35604
[3767] = 35604 35604
[3768] = 35604 35604
[3769] = 35604 35604
[3770] = 35604 35604
[3771] = 35604 35604
[3772] = 35604 35604
[3773] = 35604 35604
[3774] = 35604 35604
[3775] = 35604 35604
[3776] = 35604 35604
[3777] = 35604 35604
[3778] = 0 0
[3779] = 0 0
[3780] = 0 0
[3781] = 0 0
[3782] = 0 0
[3783] = 0 0
[3784] = 0 0
[3785] = 0 0
[3786] = 0 0
[3787] = 0 0
[3788] = 0 0
[3789] = 0 0
[3790] = 0 0
[3791] = 0 0
[3792] = 0 0
[3793] = 35604 35604
[3794] = 35604 35604
[3795] = 35604 35604
[3796] = 35604 35604
[3797] = 35604 35604
[3798] = 35604 35604
[3799] = 35604 35604
[3800] = 35604 35604
[3801] = 35604 35604
[3802] = 35604 35604
[3803] = 35604 35604
[3804] = 35604 35604
[3805] = 35604 35604
[3806] = 35604 35604
[3807] = 0 0
[3808] = 0 0
[3809] = 0 0
[3810] = 0 0
[3811] = 0 0
[3812] = 0 0
[3813] = 0 0
[3814] = 0 0
[3815] = 0 0
[3816] = 0 0
[3817] = 0 0
[3818] = 0 0
[3819] = 0 0
[3820] = 0 0
[3821] = 0 0
[3822] = 35604 35604
[3823] = 35604 35604
[3824] = 35604 35604
[3825] = 35604 35604
[3826] = 35604 35604
[3827] = 35604 35604
[3828] = 35604 35604
[3829] = 35604 35604
[3830] = 35604 35604
[3831] = 35604 35604
[3832] = 35604 35604
[3833] = 35604 35604
[3834] = 35604 35604
[3835] = 35604 35604
[3836] = 0 0
[3837] = 0 0
[3838] = 0 0
[3839] = 0 0
[3840] = 0 0
[3841] = 0 0
[3842] = 0 0
[3843] = 0 0
[3844] = 0 0
[3845] = 0 0
[3846] = 0 0
[3847] = 0 0
[3848] = 0 0
[3849] = 0 0
[3850] = 0 0
[3851] = 35604 35604
[3852] = 35604 35604
[3853] = 35604 35604
[3854] = 35604 35604
[3855] = 35604 35604
[3856] = 35604 35604
[3857] = 35604 35604
[3858] = 35604 35604
[3859] = 35604 35604
[3860] = 35604 35604
[3861] = 35604 35604
[3862] = 35604 35604
[3863] = 35604 35604
[3864] = 35604 35604
[3865] = 0 0
[3866] = 0 0
[3867] = 0 0
[3868] = 0 0
[3869] = 0 0
[3870] = 0 0
[3871] = 0 0
[3872] = 0 0
[3873] = 0 0
[3874] = 0 0
[3875] = 0 0
[3876] = 0 0
[3877] = 0 0
[3878] = 0 0
[3879] = 0 0
[3880] = 35604 35604
[3881] = 35604 35604
[3882] = 35604 35604
[3883] = 35604 35604
[3884] = 35604 35604
[3885] = 35604 35604
[3886] = 35604 35604
[3887] = 35604 35604
[3888] = 35604 35604
[3889] = 35604 35604
[3890] = 35604 35604
[3891] = 35604 35604
[3892] = 35604 35604
[3893] = 35604 35604
[3894] = 0 0
[3895] = 0 0
[3896] = 0 0
[3897] = 0 0
[3898] = 0 0
[3899] = 0 0
[3900] = 0 0
[3901] = 0 0
[3902] = 0 0
[3903] = 0 0
[3904] = 0 0
[3905] = 0 0
[3906] = 0 0
[3907] = 0 0
[3908] = 0 0
[3909] = 35604 35604
[3910] = 35604 35604
[3911] = 35604 35604
[3912] = 35604 35604
[3913] = 35604 35604
[3914] = 35604 35604
[3915] = 35604 35604
[3916] = 35604 35604
[3917] = 35604 35604
[3918] = 35604 35604
[3919] = 35604 35604
[3920] = 35604 35604
[3921] = 35604 35604
[3922] = 35604 35604
[3923] = 0 0
[3924] = 0 0
[3925] = 0 0
[3926] = 0 0
[3927] = 0 0
[3928] = 0 0
[3929] = 0 0
[3930] = 0 0
[3931] = 0 0
[3932] = 0 0
[3933] = 0 0
[3934] = 0 0
[3935] = 0 0
[3936] = 0 0
[3937] = 0 0
[3938] = 35604 35604
[3939] = 35604 35604
[3940] = 35604 35604
[3941] = 35604 35604
[3942] = 35604 35604
[3943] = 35604 35604
[3944] = 35604 35604
[3945] = 35604 35604
[3946] = 35604 35604
[3947] = 35604 35604
[3948] = 35604 35604
[3949] = 35604 35604
[3950] = 35604 35604
[3951] = 35604 35604
[3952] = 0 0
[3953] = 0 0
[3954] = 0 0
[3955] = 0 0
[3956] = 0 0
[3957] = 0 0
[3958] = 0 0
[3959] = 0 0
[3960] = 0 0
[3961] = 0 0
[3962] = 0 0
[3963] = 0 0
[3964] = 0 0
[3965] = 0 0
[3966] = 0 0
[3967] = 35604 35604
[3968] = 35604 35604
[3969] = 35604 35604
[3970] = 35604 35604
[3971] = 35604 35604
[3972] = 35604 35604
[3973] = 35604 35604
[3974] = 35604 35604
[3975] = 35604 35604
[3976] = 35604 35604
[3977] = 35604 35604
[3978] = 35604 35604
[3979] = 35604 35604
[3980] = 35604 35604
[3981] = 0 0
[3982] = 0 0
[3983] = 0 0
[3984] = 0 0
[3985] = 0 0
[3986] = 0 0
[3987] = 0 0
[3988] = 0 0
[3989] = 0 0
[3990] = 0 0
[3991] = 0 0
[3992] = 0 0
[3993] = 0 0
[3994] = 0 0
[3995] = 35604 35604
[3996] = 35604 35604
[3997] = 35604 35604
[3998] = 35604 35604
[3999] = 35604 35604
[4000] = 35604 35604
[4001] = 35604 35604
[4002] = 35604 35604
[4003] = 35604 35604
[4004] = 35604 35604
[4005] = 35604 35604
[4006] = 35604 35604
[4007] = 35604 35604
[4008] = 35604 35604
[4009] = 0 0
[4010] = 0 0
[4011] = 0 0
[4012] = 0 0
[4013] = 0 0
[4014] = 0 0
[4015] = 0 0
[4016] = 0 0
[4017] = 0 0
[4018] = 0 0
[4019] = 0 0
[4020] = 0 0
[4021] = 0 0
[4022] = 0 0
[4023] = 0 0
[4024] = 35604 35604
[4025] = 35604 35604
[4026] = 35604 35604
[4027] = 35604 35604
[4028] = 35604 35604
[4029] = 35604 35604
[4030] = 35604 35604
[4031] = 35604 35604
[4032] = 35604 35604
[4033] = 35604 35604
[4034] = 35604 35604
[4035] = 35604 35604
[4036] = 35604 35604
[4037] = 35604 35604
[4038] = 0 0
[4039] = 0 0
[4040] = 0 0
[4041] = 0 0
[4042] = 0 0
[4043] = 0 0
[4044] = 0 0
[4045] = 0 0
[4046] = 0 0
[4047] = 0 0
[4048] = 0 0
[4049] = 0 0
[4050] = 0 0
[4051] = 0 0
[4052] = 0 0
[4053] = 35604 35604
[4054] = 35604 35604
[4055] = 35604 35604
[4056] = 35604 35604
[4057] = 35604 35604
[4058] = 35604 35604
[4059] = 35604 35604
[4060] = 35604 35604
[4061] = 35604 35604
[4062] = 35604 35604
[4063] = 35604 35604
[4064] = 35604 35604
[4065] = 35604 35604
[4066] = 35604 35604
[4067] = 0 0
[4068] = 0 0
[4069] = 0 0
[4070] = 0 0
[4071] = 0 0
[4072] = 0 0
[4073] = 0 0
[4074] = 0 0
[4075] = 0 0
[4076] = 0 0
[4077] = 0 0
[4078] = 0 0
[4079] = 0 0
[4080] = 0 0
[4081] = 0 0
[4082] = 35604 35604
[4083] = 35604 35604
[4084] = 35604 35604
[4085] = 35604 35604
[4086] = 35604 35604
[4087] = 35604 35604
[4088] = 35604 35604
[4089] = 35604 35604
[4090] = 35604 35604
[4091] = 35604 35604
[4092] = 35604 35604
[4093] = 35604 35604
[4094] = 35604 35604
[4095] = 35604 35604
[4096] = 0 0
[4097] = 0 0
[4098] = 0 0
[4099] = 0 0
[4100] = 0 0
[4101] = 0 0
[4102] = 0 0
[4103] = 0 0
[4104] = 0 0
[4105] = 0 0
[4106] = 0 0
[4107] = 0 0
[4108] = 0 0
[4109] = 0 0
[4110] = 0 0
[4111] = 35604 35604
[4112] = 35604 35604
[4113] = 35604 35604
[4114] = 35604 35604
[4115] = 35604 35604
[4116] = 35604 35604
[4117] = 35604 35604
[4118] = 35604 35604
[4119] = 35604 35604
[4120] = 35604 35604
[4121] = 35604 35604
[4122] = 35604 35604
[4123] = 35604 35604
[4124] = 35604 35604
[4125] = 0 0
[4126] = 0 0
[4127] = 0 0
[4128] = 0 0
[4129] = 0 0
[4130] = 0 0
[4131] = 0 0
[4132] = 0 0
[4133] = 0 0
[4134] = 0 0
[4135] = 0 0
[4136] = 0 0
[4137] = 0 0
[4138] = 0 0
[4139] = 0 0
[4140] = 35604 35604
[4141] = 35604 35604
[4142] = 35604 35604
[4143] = 35604 35604
[4144] = 35604 35604
[4145] = 35604 35604
[4146] = 35604 35604
[4147] = 35604 35604
[4148] = 35604 35604
[4149] = 35604 35604
[4150] = 35604 35604
[4151] = 35604 35604
[4152] = 35604 35604
[4153] = 35604 35604
[4154] = 0 0
[4155] = 0 0
[4156] = 0 0
[4157] = 0 0
[4158] = 0 0
[4159] = 0 0
[4160] = 0 0
[4161] = 0 0
[4162] = 0 0
[4163] = 0 0
[4164] = 0 0
[4165] = 0 0
[4166] = 0 0
[4167] = 0 0
[4168] = 0 0
[4169] = 35604 35604
[4170] = 35604 35604
[4171] = 35604 35604
[4172] = 35604 35604
[4173] = 35604 35604
[4174] = 35604 35604
[4175] = 35604 35604
[4176] = 35604 35604
[4177] = 35604 35604
[4178] = 35604 35604
[4179] = 35604 35604
[4180] = 35604 35604
[4181] = 35604 35604
[4182] = 35604 35604
[4183] = 0 0
[4184] = 0 0
[4185] = 0 0
[4186] = 0 0
[4187] = 0 0
[4188] = 0 0
[4189] = 0 0
[4190] = 0 0
[4191] = 0 0
[4192] = 0 0
[4193] = 0 0
[4194] = 0 0
[4195] = 0 0
[4196] = 0 0
[4197] = 0 0
[4198] = 35604 35604
[4199] = 35604 35604
[4200] = 35604 35604
[4201] = 35604 35604
[4202] = 35604 35604
[4203] = 35604 35604
[4204] = 35604 35604
[4205] = 35604 35604
[4206] = 35604 35604
[4207] = 35604 35604
[4208] = 35604 35604
[4209] = 35604 35604
[4210] = 35604 35604
[4211] = 35604 35604
[4212] = 0 0
[4213] = 0 0
[4214] = 0 0
[4215] = 0 0
[4216] = 0 0
[4217] = 0 0
[4218] = 0 0
[4219] = 0 0
[4220] = 0 0
[4221] = 0 0
[4222] = 0 0
[4223] = 0 0
[4224] = 0 0
[4225] = 0 0
[4226] = 0 0
[4227] = 35604 35604
[4228] = 35604 35604
[4229] = 35604 35604
[4230] = 35604 35604
[4231] = 35604 35604
[4232] = 35604 35604
[4233] = 35604 35604
[4234] = 35604 35604
[4235] = 35604 35604
[4236] = 35604 35604
[4237] = 35604 35604
[4238] = 35604 35604
[4239] = 35604 35604
[4240] = 35604 35604
[4241] = 0 0
[4242] = 0 0
[4243] = 0 0
[4244] = 0 0
[4245] = 0 0
[4246] = 0 0
[4247] = 0 0
[4248] = 0 0
[4249] = 0 0
[4250] = 0 0
[4251] = 0 0
[4252] = 0 0
[4253] = 0 0
[4254] = 0 0
[4255] = 0 0
[4256] = 35604 35604
[4257] = 35604 35604
[4258] = 35604 35604
[4259] = 35604 35604
[4260] = 35604 35604
[4261] = 35604 35604
[4262] = 35604 35604
[4263] = 35604 35604
[4264] = 35604 35604
[4265] = 35604 35604
[4266] = 35604 35604
[4267] = 35604 35604
[4268] = 35604 35604
[4269] = 35604 35604
[4270] = 0 0
[4271] = 0 0
[4272] = 0 0
[4273] = 0 0
[4274] = 0 0
[4275] = 0 0
[4276] = 0 0
[4277] = 0 0
[4278] = 0 0
[4279] = 0 0
[4280] = 0 0
[4281] = 0 0
[4282] = 0 0
[4283] = 0 0
[4284] = 35604 35604
[4285] = 35604 35604
[4286] = 35604 35604
[4287] = 35604 35604
[4288] = 35604 35604
[4289] = 35604 35604
[4290] = 35604 35604
[4291] = 35604 35604
[4292] = 35604 35604
[4293] = 35604 35604
[4294] = 35604 35604
[4295] = 35604 35604
[4296] = 35604 35604
[4297] = 35604 35604
[4298] = 0 0
[4299] = 0 0
[4300] = 0 0
[4301] = 0 0
[4302] = 0 0
[4303] = 0 0
[4304] = 0 0
[4305] = 0 0
[4306] = 0 0
[4307] = 0 0
[4308] = 0 0
[4309] = 0 0
[4310] = 0 0
[4311] = 0 0
[4312] = 0 0
[4313] = 35604 35604
[4314] = 35604 35604
[4315] = 35604 35604
[4316] = 35604 35604
[4317] = 35604 35604
[4318] = 35604 35604
[4319] = 35604 35604
[4320] = 35604 35604
[4321] = 35604 35604
[4322] = 35604 35604
[4323] = 35604 35604
[4324] = 35604 35604
[4325] = 35604 35604
[4326] = 35604 35604
[4327] = 0 0
[4328] = 0 0
[4329] = 0 0
[4330] = 0 0
[4331] = 0 0
[4332] = 0 0
[4333] = 0 0
[4334] = 0 0
[4335] = 0 0
[4336] = 0 0
[4337] = 0 0
[4338] = 0 0
[4339] = 0 0
[4340] = 0 0
[4341] = 0 0
[4342] = 35604 35604
[4343] = 35604 35604
[4344] = 35604 35604
[4345] = 35604 35604
[4346] = 35604 35604
[4347] = 35604 35604
[4348] = 35604 35604
[4349] = 35604 35604
[4350] = 35604 35604
[4351] = 35604 35604
[4352] = 35604 35604
[4353] = 35604 35604
[4354] = 35604 35604
[4355] = 35604 35604
[4356] = 0 0
[4357] = 0 0
[4358] = 0 0
[4359] = 0 0
[4360] = 0 0
[4361] = 0 0
[4362] = 0 0
[4363] = 0 0
[4364] = 0 0
[4365] = 0 0
[4366] = 0 0
[4367] = 0 0
[4368] = 0 0
[4369] = 0 0
[4370] = 0 0
[4371] = 35604 35604
[4372] = 35604 35604
[4373] = 35604 35604
[4374] = 35604 35604
[4375] = 35604 35604
[4376] = 35604 35604
[4377] = 35604 35604
[4378] = 35604 35604
[4379] = 35604 35604
[4380] = 35604 35604
[4381] = 35604 35604
[4382] = 35604 35604
[4383] = 35604 35604
[4384] = 35604 35604
[4385] = 0 0
[4386] = 0 0
[4387] = 0 0
[4388] = 0 0
[4389] = 0 0
[4390] = 0 0
[4391] = 0 0
[4392] = 0 0
[4393] = 0 0
[4394] = 0 0
[4395] = 0 0
[4396] = 0 0
[4397] = 0 0
[4398] = 0 0
[4399] = 0 0
[4400] = 35604 35604
[4401] = 35604 35604
[4402] = 35604 35604
[4403] = 35604 35604
[4404] = 35604 35604
[4405] = 35604 35604
[4406] = 35604 35604
[4407] = 35604 35604
[4408] = 35604 35604
[4409] = 35604 35604
[4410] = 35604 35604
[4411] = 35604 35604
[4412] = 35604 35604
[4413] = 35604 35604
[4414] = 0 0
[4415] = 0 0
[4416] = 0 0
[4417] = 0 0
[4418] = 0 0
[4419] = 0 0
[4420] = 0 0
[4421] = 0 0
[4422] = 0 0
[4423] = 0 0
[4424] = 0 0
[4425] = 0 0
[4426] = 0 0
[4427] = 0 0
[4428] = 0 0
[4429] = 35604 35604
[4430] = 35604 35604
[4431] = 35604 35604
[4432] = 35604 35604
[4433] = 35604 35604
[4434] = 35604 35604
[4435] = 35604 35604
[4436] = 35604 35604
[4437] = 35604 35604
[4438] = 35604 35604
[4439] = 35604 35604
[4440] = 35604 35604
[4441] = 35604 35604
[4442] = 35604 35604
[4443] = 0 0
[4444] = 0 0
[4445] = 0 0
[4446] = 0 0
[4447] = 0 0
[4448] = 0 0
[4449] = 0 0
[4450] = 0 0
[4451] = 0 0
[4452] = 0 0
[4453] = 0 0
[4454] = 0 0
[4455] = 0 0
[4456] = 0 0
[4457] = 0 0
[4458] = 35604 35604
[4459] = 35604 35604
[4460] = 35604 35604
[4461] = 35604 35604
[4462] = 35604 35604
[4463] = 35604 35604
[4464] = 35604 35604
[4465] = 35604 35604
[4466] = 35604 35604
[4467] = 35604 35604
[4468] = 35604 35604
[4469] = 35604 35604
[4470] = 35604 35604
[4471] = 35604 35604
[4472] = 0 0
[4473] = 0 0
[4474] = 0 0
[4475] = 0 0
[4476] = 0 0
[4477] = 0 0
[4478] = 0 0
[4479] = 0 0
[4480] = 0 0
[4481] = 0 0
[4482] = 0 0
[4483] = 0 0
[4484] = 0 0
[4485] = 0 0
[4486] = 0 0
[4487] = 35604 35604
[4488] = 35604 35604
[4489] = 35604 35604
[4490] = 35604 35604
[4491] = 35604 35604
[4492] = 35604 35604
[4493] = 35604 35604
[4494] = 35604 35604
[4495] = 35604 35604
[4496] = 35604 35604
[4497] = 35604 35604
[4498] = 35604 35604
[4499] = 35604 35604
[4500] = 35604 35604
[4501] = 0 0
[4502] = 0 0
[4503] = 0 0
[4504] = 0 0
[4505] = 0 0
[4506] = 0 0
[4507] = 0 0
[4508] = 0 0
[4509] = 0 0
[4510] = 0 0
[4511] = 0 0
[4512] = 0 0
[4513] = 0 0
[4514] = 0 0
[4515] = 0 0
[4516] = 35604 35604
[4517] = 35604 35604
[4518] = 35604 35604
[4519] = 35604 35604
[4520] = 35604 35604
[4521] = 35604 35604
[4522] = 35604 35604
[4523] = 35604 35604
[4524] = 35604 35604
[4525] = 35604 35604
[4526] = 35604 35604
[4527] = 35604 35604
[4528] = 35604 35604
[4529] = 35604 35604
[4530] = 0 0
[4531] = 0 0
[4532] = 0 0
[4533] = 0 0
[4534] = 0 0
[4535] = 0 0
[4536] = 0 0
[4537] = 0 0
[4538] = 0 0
[4539] = 0 0
[4540] = 0 0
[4541] = 0 0
[4542] = 0 0
[4543] = 0 0
[4544] = 0 0
[4545] = 35604 35604
[4546] = 35604 35604
[4547] = 35604 35604
[4548] = 35604 35604
[4549] = 35604 35604
[4550] = 35604 35604
[4551] = 35604 35604
[4552] = 35604 35604
[4553] = 35604 35604
[4554] = 35604 35604
[4555] = 35604 35604
[4556] = 35604 35604
[4557] = 35604 35604
[4558] = 35604 35604
[4559] = 0 0
[4560] = 0 0
[4561] = 0 0
[4562] = 0 0
[4563] = 0 0
[4564] = 0 0
[4565] = 0 0
[4566] = 0 0
[4567] = 0 0
[4568] = 0 0
[4569] = 0 0
[4570] = 0 0
[4571] = 0 0
[4572] = 0 0
[4573] = 35604 35604
[4574] = 35604 35604
[4575] = 35604 35604
[4576] = 35604 35604
[4577] = 35604 35604
[4578] = 35604 35604
[4579] = 35604 35604
[4580] = 35604 35604
[4581] = 35604 35604
[4582] = 35604 35604
[4583] = 35604 35604
[4584] = 35604 35604
[4585] = 35604 35604
[4586] = 35604 35604
[4587] = 0 0
[4588] = 0 0
[4589] = 0 0
[4590] = 0 0
[4591] = 0 0
[4592] = 0 0
[4593] = 0 0
[4594] = 0 0
[4595] = 0 0
[4596] = 0 0
[4597] = 0 0
[4598] = 0 0
[4599] = 0 0
[4600] = 0 0
[4601] = 0 0
[4602] = 35604 35604
[4603] = 35604 35604
[4604] = 35604 35604
[4605] = 35604 35604
[4606] = 35604 35604
[4607] = 35604 35604
[4608] = 35604 35604
[4609] = 35604 35604
[4610] = 35604 35604
[4611] = 35604 35604
[4612] = 35604 35604
[4613] = 35604 35604
[4614] = 35604 35604
[4615] = 35604 35604
[4616] = 0 0
[4617] = 0 0
[4618] = 0 0
[4619] = 0 0
[4620] = 0 0
[4621] = 0 0
[4622] = 0 0
[4623] = 0 0
[4624] = 0 0
[4625] = 0 0
[4626] = 0 0
[4627] = 0 0
[4628] = 0 0
[4629] = 0 0
[4630] = 0 0
[4631] = 35604 35604
[4632] = 35604 35604
[4633] = 35604 35604
[4634] = 35604 35604
[4635] = 35604 35604
[4636] = 35604 35604
[4637] = 35604 35604
[4638] = 35604 35604
[4639] = 35604 35604
[4640] = 35604 35604
[4641] = 35604 35604
[4642] = 35604 35604
[4643] = 35604 35604
[4644] = 35604 35604
[4645] = 0 0
[4646] = 0 0
[4647] = 0 0
[4648] = 0 0
[4649] = 0 0
[4650] = 0 0
[4651] = 0 0
[4652] = 0 0
[4653] = 0 0
[4654] = 0 0
[4655] = 0 0
[4656] = 0 0
[4657] = 0 0
[4658] = 0 0
[4659] = 0 0
[4660] = 35604 35604
[4661] = 35604 35604
[4662] = 35604 35604
[4663] = 35604 35604
[4664] = 35604 35604
[4665] = 35604 35604
[4666] = 35604 35604
[4667] = 35604 35604
[4668] = 35604 35604
[4669] = 35604 35604
[4670] = 35604 35604
[4671] = 35604 35604
[4672] = 35604 35604
[4673] = 35604 35604
[4674] = 0 0
[4675] = 0 0
[4676] = 0 0
[4677] = 0 0
[4678] = 0 0
[4679] = 0 0
[4680] = 0 0
[4681] = 0 0
[4682] = 0 0
[4683] = 0 0
[4684] = 0 0
[4685] = 0 0
[4686] = 0 0
[4687] = 0 0
[4688] = 0 0
[4689] = 35604 35604
[4690] = 35604 35604
[4691] = 35604 35604
[4692] = 35604 35604
[4693] = 35604 35604
[4694] = 35604 35604
[4695] = 35604 35604
[4696] = 35604 35604
[4697] = 35604 35604
[4698] = 35604 35604
[4699] = 35604 35604
[4700] = 35604 35604
[4701] = 35604 35604
[4702] = 35604 35604
[4703] = 0 0
[4704] = 0 0
[4705] = 0 0
[4706] = 0 0
[4707] = 0 0
[4708] = 0 0
[4709] = 0 0
[4710] = 0 0
[4711] = 0 0
[4712] = 0 0
[4713] = 0 0
[4714] = 0 0
[4715] = 0 0
[4716] = 0 0
[4717] = 0 0
[4718] = 35604 35604
[4719] = 35604 35604
[4720] = 35604 35604
[4721] = 35604 35604
[4722] = 35604 35604
[4723] = 35604 35604
[4724] = 35604 35604
[4725] = 35604 35604
[4726] = 35604 35604
[4727] = 35604 35604
[4728] = 35604 35604
[4729] = 35604 35604
[4730] = 35604 35604
[4731] = 35604 35604
[4732] = 0 0
[4733] = 0 0
[4734] = 0 0
[4735] = 0 0
[4736] = 0 0
[4737] = 0 0
[4738] = 0 0
[4739] = 0 0
[4740] = 0 0
[4741] = 0 0
[4742] = 0 0
[4743] = 0 0
[4744] = 0 0
[4745] = 0 0
[4746] = 0 0
[4747] = 35604 35604
[4748] = 35604 35604
[4749] = 35604 35604
[4750] = 35604 35604
[4751] = 35604 35604
[4752] = 35604 35604
[4753] = 35604 35604
[4754] = 35604 35604
[4755] = 35604 35604
[4756] = 35604 35604
[4757] = 35604 35604
[4758] = 35604 35604
[4759] = 35604 35604
[4760] = 35604 35604
[4761] = 0 0
[4762] = 0 0
[4763] = 0 0
[4764] = 0 0
[4765] = 0 0
[4766] = 0 0
[4767] = 0 0
[4768] = 0 0
[4769] = 0 0
[4770] = 0 0
[4771] = 0 0
[4772] = 0 0
[4773] = 0 0
[4774] = 0 0
[4775] = 0 0
[4776] = 35604 35604
[4777] = 35604 35604
[4778] = 35604 35604
[4779] = 35604 35604
[4780] = 35604 35604
[4781] = 35604 35604
[4782] = 35604 35604
[4783] = 35604 35604
[4784] = 35604 35604
[4785] = 35604 35604
[4786] = 35604 35604
[4787] = 35604 35604
[4788] = 35604 35604
[4789] = 35604 35604
[4790] = 0 0
[4791] = 0 0
[4792] = 0 0
[4793] = 0 0
[4794] = 0 0
[4795] = 0 0
[4796] = 0 0
[4797] = 0 0
[4798] = 0 0
[4799] = 0 0
[4800] = 0 0
[4801] = 0 0
[4802] = 0 0
[4803] = 0 0
[4804] = 0 0
[4805] = 35604 35604
[4806] = 35604 35604
[4807] = 35604 35604
[4808] = 35604 35604
[4809] = 35604 35604
[4810] = 35604 35604
[4811] = 35604 35604
[4812] = 35604 35604
[4813] = 35604 35604
[4814] = 35604 35604
[4815] = 35604 35604
[4816] = 35604 35604
[4817] = 35604 35604
[4818] = 35604 35604
[4819] = 0 0
[4820] = 0 0
[4821] = 0 0
[4822] = 0 0
[4823] = 0 0
[4824] = 0 0
[4825] = 0 0
[4826] = 0 0
[4827] = 0 0
[4828] = 0 0
[4829] = 0 0
[4830] = 0 0
[4831] = 0 0
[4832] = 0 0
[4833] = 0 0
[4834] = 35604 35604
[4835] = 35604 35604
[4836] = 35604 35604
[4837] = 35604 35604
[4838] = 35604 35604
[4839] = 35604 35604
[4840] = 35604 35604
[4841] = 35604 35604
[4842] = 35604 35604
[4843] = 35604 35604
[4844] = 35604 35604
[4845] = 35604 35604
[4846] = 35604 35604
[4847] = 35604 35604
[4848] = 0 0
[4849] = 0 0
[4850] = 0 0
[4851] = 0 0
[4852] = 0 0
[4853] = 0 0
[4854] = 0 0
[4855] = 0 0
[4856] = 0 0
[4857] = 0 0
[4858] = 0 0
[4859] = 0 0
[4860] = 0 0
[4861] = 0 0
[4862] = 35604 35604
[4863] = 35604 35604
[4864] = 35604 35604
[4865] = 35604 35604
[4866] = 35604 35604
[4867] = 35604 35604
[4868] = 35604 35604
[4869] = 35604 35604
[4870] = 35604 35604
[4871] = 35604 35604
[4872] = 35604 35604
[4873] = 35604 35604
[4874] = 35604 35604
[4875] = 35604 35604
[4876] = 0 0
[4877] = 0 0
[4878] = 0 0
[4879] = 0 0
[4880] = 0 0
[4881] = 0 0
[4882] = 0 0
[4883] = 0 0
[4884] = 0 0
[4885] = 0 0
[4886] = 0 0
[4887] = 0 0
[4888] = 0 0
[4889] = 0 0
[4890] = 0 0
[4891] = 35604 35604
[4892] = 35604 35604
[4893] = 35604 35604
[4894] = 35604 35604
[4895] = 35604 35604
[4896] = 35604 35604
[4897] = 35604 35604
[4898] = 35604 35604
[4899] = 35604 35604
[4900] = 35604 35604
[4901] = 35604 35604
[4902] = 35604 35604
[4903] = 35604 35604
[4904] = 35604 35604
[4905] = 0 0
[4906] = 0 0
[4907] = 0 0
[4908] = 0 0
[4909] = 0 0
[4910] = 0 0
[4911] = 0 0
[4912] = 0 0
[4913] = 0 0
[4914] = 0 0
[4915] = 0 0
[4916] = 0 0
[4917] = 0 0
[4918] = 0 0
[4919] = 0 0
[4920] = 35604 35604
[4921] = 35604 35604
[4922] = 35604 35604
[4923] = 35604 35604
[4924] = 35604 35604
[4925] = 35604 35604
[4926] = 35604 35604
[4927] = 35604 35604
[4928] = 35604 35604
[4929] = 35604 35604
[4930] = 35604 35604
[4931] = 35604 35604
[4932] = 35604 35604
[4933] = 35604 35604
[4934] = 0 0
[4935] = 0 0
[4936] = 0 0
[4937] = 0 0
[4938] = 0 0
[4939] = 0 0
[4940] = 0 0
[4941] = 0 0
[4942] = 0 0
[4943] = 0 0
[4944] = 0 0
[4945] = 0 0
[4946] = 0 0
[4947] = 0 0
[4948] = 0 0
[4949] = 35604 35604
[4950] = 35604 35604
[4951] = 35604 35604
[4952] = 35604 35604
[4953] = 35604 35604
[4954] = 35604 35604
[4955] = 35604 35604
[4956] = 35604 35604
[4957] = 35604 35604
[4958] = 35604 35604
[4959] = 35604 35604
[4960] = 35604 35604
[4961] = 35604 35604
[4962] = 35604 35604
[4963] = 0 0
[4964] = 0 0
[4965] = 0 0
[4966] = 0 0
[4967] = 0 0
[4968] = 0 0
[4969] = 0 0
[4970] = 0 0
[4971] = 0 0
[4972] = 0 0
[4973] = 0 0
[4974] = 0 0
[4975] = 0 0
[4976] = 0 0
[4977] = 0 0
[4978] = 35604 35604
[4979] = 35604 35604
[4980] = 35604 35604
[4981] = 35604 35604
[4982] = 35604 35604
[4983] = 35604 35604
[4984] = 35604 35604
[4985] = 35604 35604
[4986] = 35604 35604
[4987] = 35604 35604
[4988] = 35604 35604
[4989] = 35604 35604
[4990] = 35604 35604
[4991] = 35604 35604
[4992] = 0 0
[4993] = 0 0
[4994] = 0 0
[4995] = 0 0
[4996] = 0 0
[4997] = 0 0
[4998] = 0 0
[4999] = 0 0
[5000] = 0 0
[5001] = 0 0
[5002] = 0 0
[5003] = 0 0
[5004] = 0 0
[5005] = 0 0
[5006] = 0 0
[5007] = 35604 35604
[5008] = 35604 35604
[5009] = 35604 35604
[5010] = 35604 35604
[5011] = 35604 35604
[5012] = 35604 35604
[5013] = 35604 35604
[5014] = 35604 35604
[5015] = 35604 35604
[5016] = 35604 35604
[5017] = 35604 35604
[5018] = 35604 35604
[5019] = 35604 35604
[5020] = 35604 35604
[5021] = 0 0
[5022] = 0 0
[5023] = 0 0
[5024] = 0 0
[5025] = 0 0
[5026] = 0 0
[5027] = 0 0
[5028] = 0 0
[5029] = 0 0
[5030] = 0 0
[5031] = 0 0
[5032] = 0 0
[5033] = 0 0
[5034] = 0 0
[5035] = 0 0
[5036] = 35604 35604
[5037] = 35604 35604
[5038] = 35604 35604
[5039] = 35604 35604
[5040] = 35604 35604
[5041] = 35604 35604
[5042] = 35604 35604
[5043] = 35604 35604
[5044] = 35604 35604
[5045] = 35604 35604
[5046] = 35604 35604
[5047] = 35604 35604
[5048] = 35604 35604
[5049] = 35604 35604
[5050] = 0 0
[5051] = 0 0
[5052] = 0 0
[5053] = 0 0
[5054] = 0 0
[5055] = 0 0
[5056] = 0 0
[5057] = 0 0
[5058] = 0 0
[5059] = 0 0
[5060] = 0 0
[5061] = 0 0
[5062] = 0 0
[5063] = 0 0
[5064] = 0 0
[5065] = 35604 35604
[5066] = 35604 35604
[5067] = 35604 35604
[5068] = 35604 35604
[5069] = 35604 35604
[5070] = 35604 35604
[5071] = 35604 35604
[5072] = 35604 35604
[5073] = 35604 35604
[5074] = 35604 35604
[5075] = 35604 35604
[5076] = 35604 35604
[5077] = 35604 35604
[5078] = 35604 35604
[5079] = 0 0
[5080] = 0 0
[5081] = 0 0
[5082] = 0 0
[5083] = 0 0
[5084] = 0 0
[5085] = 0 0
[5086] = 0 0
[5087] = 0 0
[5088] = 0 0
[5089] = 0 0
[5090] = 0 0
[5091] = 0 0
[5092] = 0 0
[5093] = 0 0
[5094] = 35604 35604
[5095] = 35604 35604
[5096] = 35604 35604
[5097] = 35604 35604
[5098] = 35604 35604
[5099] = 35604 35604
[5100] = 35604 35604
[5101] = 35604 35604
[5102] = 35604 35604
[5103] = 35604 35604
[5104] = 35604 35604
[5105] = 35604 35604
[5106] = 35604 35604
[5107] = 35604 35604
[5108] = 0 0
[5109] = 0 0
[5110] = 0 0
[5111] = 0 0
[5112] = 0 0
[5113] = 0 0
[5114] = 0 0
[5115] = 0 0
[5116] = 0 0
[5117] = 0 0
[5118] = 0 0
[5119] = 0 0
[5120] = 0 0
[5121] = 0 0
[5122] = 0 0
[5123] = 35604 35604
[5124] = 35604 35604
[5125] = 35604 35604
[5126] = 35604 35604
[5127] = 35604 35604
[5128] = 35604 35604
[5129] = 35604 35604
[5130] = 35604 35604
[5131] = 35604 35604
[5132] = 35604 35604
[5133] = 35604 35604
[5134] = 35604 35604
[5135] = 35604 35604
[5136] = 35604 35604
[5137] = 0 0
[5138] = 0 0
[5139] = 0 0
[5140] = 0 0
[5141] = 0 0
[5142] = 0 0
[5143] = 0 0
[5144] = 0 0
[5145] = 0 0
[5146] = 0 0
[5147] = 0 0
[5148] = 0 0
[5149] = 0 0
[5150] = 0 0
[5151] = 35604 35604
[5152] = 35604 35604
[5153] = 35604 35604
[5154] = 35604 35604
[5155] = 35604 35604
[5156] = 35604 35604
[5157] = 35604 35604
[5158] = 35604 35604
[5159] = 35604 35604
[5160] = 35604 35604
[5161] = 35604 35604
[5162] = 35604 35604
[5163] = 35604 35604
[5164] = 35604 35604
[5165] = 0 0
[5166] = 0 0
[5167] = 0 0
[5168] = 0 0
[5169] = 0 0
[5170] = 0 0
[5171] = 0 0
[5172] = 0 0
[5173] = 0 0
[5174] = 0 0
[5175] = 0 0
[5176] = 0 0
[5177] = 0 0
[5178] = 0 0
[5179] = 0 0
[5180] = 35604 35604
[5181] = 35604 35604
[5182] = 35604 35604
[5183] = 35604 35604
[5184] = 35604 35604
[5185] = 35604 35604
[5186] = 35604 35604
[5187] = 35604 35604
[5188] = 35604 35604
[5189] = 35604 35604
[5190] = 35604 35604
[5191] = 35604 35604
[5192] = 35604 35604
[5193] = 35604 35604
[5194] = 0 0
[5195] = 0 0
[5196] = 0 0
[5197] = 0 0
[5198] = 0 0
[5199] = 0 0
[5200] = 0 0
[5201] = 0 0
[5202] = 0 0
[5203] = 0 0
[5204] = 0 0
[5205] = 0 0
[5206] = 0 0
[5207] = 0 0
[5208] = 0 0
[5209] = 35604 35604
[5210] = 35604 35604
[5211] = 35604 35604
[5212] = 35604 35604
[5213] = 35604 35604
[5214] = 35604 35604
[5215] = 35604 35604
[5216] = 35604 35604
[5217] = 35604 35604
[5218] = 35604 35604
[5219] = 35604 35604
[5220] = 35604 35604
[5221] = 35604 35604
[5222] = 35604 35604
[5223] = 0 0
[5224] = 0 0
[5225] = 0 0
[5226] = 0 0
[5227] = 0 0
[5228] = 0 0
[5229] = 0 0
[5230] = 0 0
[5231] = 0 0
[5232] = 0 0
[5233] = 0 0
[5234] = 0 0
[5235] = 0 0
[5236] = 0 0
[5237] = 0 0
[5238] = 35604 35604
[5239] = 35604 35604
[5240] = 35604 35604
[5241] = 35604 35604
[5242] = 35604 35604
[5243] = 35604 35604
[5244] = 35604 35604
[5245] = 35604 35604
[5246] = 35604 35604
[5247] = 35604 35604
[5248] = 35604 35604
[5249] = 35604 35604
[5250] = 35604 35604
[5251] = 35604 35604
[5252] = 0 0
[5253] = 0 0
[5254] = 0 0
[5255] = 0 0
[5256] = 0 0
[5257] = 0 0
[5258] = 0 0
[5259] = 0 0
[5260] = 0 0
[5261] = 0 0
[5262] = 0 0
[5263] = 0 0
[5264] = 0 0
[5265] = 0 0
[5266] = 0 0
[5267] = 35604 35604
[5268] = 35604 35604
[5269] = 35604 35604
[5270] = 35604 35604
[5271] = 35604 35604
[5272] = 35604 35604
[5273] = 35604 35604
[5274] = 35604 35604
[5275] = 35604 35604
[5276] = 35604 35604
[5277] = 35604 35604
[5278] = 35604 35604
[5279] = 35604 35604
[5280] = 35604 35604
[5281] = 0 0
[5282] = 0 0
[5283] = 0 0
[5284] = 0 0
[5285] = 0 0
[5286] = 0 0
[5287] = 0 0
[5288] = 0 0
[5289] = 0 0
[5290] = 0 0
[5291] = 0 0
[5292] = 0 0
[5293] = 0 0
[5294] = 0 0
[5295] = 0 0
[5296] = 35604 35604
[5297] = 35604 35604
[5298] = 35604 35604
[5299] = 35604 35604
[5300] = 35604 35604
[5301] = 35604 35604
[5302] = 35604 35604
[5303] = 35604 35604
[5304] = 35604 35604
[5305] = 35604 35604
[5306] = 35604 35604
[5307] = 35604 35604
[5308] = 35604 35604
[5309] = 35604 35604
[5310] = 0 0
[5311] = 0 0
[5312] = 0 0
[5313] = 0 0
[5314] = 0 0
[5315] = 0 0
[5316] = 0 0
[5317] = 0 0
[5318] = 0 0
[5319] = 0 0
[5320] = 0 0
[5321] = 0 0
[5322] = 0 0
[5323] = 0 0
[5324] = 0 0
[5325] = 35604 35604
[5326] = 35604 35604
[5327] = 35604 35604
[5328] = 35604 35604
[5329] = 35604 35604
[5330] = 35604 35604
[5331] = 35604 35604
[5332] = 35604 35604
[5333] = 35604 35604
[5334] = 35604 35604
[5335] = 35604 35604
[5336] = 35604 35604
[5337] = 35604 35604
[5338] = 35604 35604
[5339] = 0 0
[5340] = 0 0
[5341] = 0 0
[5342] = 0 0
[5343] = 0 0
[5344] = 0 0
[5345] = 0 0
[5346] = 0 0
[5347] = 0 0
[5348] = 0 0
[5349] = 0 0
[5350] = 0 0
[5351] = 0 0
[5352] = 0 0
[5353] = 0 0
[5354] = 35604 35604
[5355] = 35604 35604
[5356] = 35604 35604
[5357] = 35604 35604
[5358] = 35604 35604
[5359] = 35604 35604
[5360] = 35604 35604
[5361] = 35604 35604
[5362] = 35604 35604
[5363] = 35604 35604
[5364] = 35604 35604
[5365] = 35604 35604
[5366] = 35604 35604
[5367] = 35604 35604
[5368] = 0 0
[5369] = 0 0
[5370] = 0 0
[5371] = 0 0
[5372] = 0 0
[5373] = 0 0
[5374] = 0 0
[5375] = 0 0
[5376] = 0 0
[5377] = 0 0
[5378] = 0 0
[5379] = 0 0
[5380] = 0 0
[5381] = 0 0
[5382] = 0 0
[5383] = 35604 35604
[5384] = 35604 35604
[5385] = 35604 35604
[5386] = 35604 35604
[5387] = 35604 35604
[5388] = 35604 35604
[5389] = 35604 35604
[5390] = 35604 35604
[5391] = 35604 35604
[5392] = 35604 35604
[5393] = 35604 35604
[5394] = 35604 35604
[5395] = 35604 35604
[5396] = 35604 35604
[5397] = 0 0
[5398] = 0 0
[5399] = 0 0
[5400] = 0 0
[5401] = 0 0
[5402] = 0 0
[5403] = 0 0
[5404] = 0 0
[5405] = 0 0
[5406] = 0 0
[5407] = 0 0
[5408] = 0 0
[5409] = 0 0
[5410] = 0 0
[5411] = 0 0
[5412] = 35604 35604
[5413] = 35604 35604
[5414] = 35604 35604
[5415] = 35604 35604
[5416] = 35604 35604
[5417] = 35604 35604
[5418] = 35604 35604
[5419] = 35604 35604
[5420] = 35604 35604
[5421] = 35604 35604
[5422] = 35604 35604
[5423] = 35604 35604
[5424] = 35604 35604
[5425] = 35604 35604
[5426] = 0 0
[5427] = 0 0
[5428] = 0 0
[5429] = 0 0
[5430] = 0 0
[5431] = 0 0
[5432] = 0 0
[5433] = 0 0
[5434] = 0 0
[5435] = 0 0
[5436] = 0 0
[5437] = 0 0
[5438] = 0 0
[5439] = 0 0
[5440] = 35604 35604
[5441] = 35604 35604
[5442] = 35604 35604
[5443] = 35604 35604
[5444] = 35604 35604
[5445] = 35604 35604
[5446] = 35604 35604
[5447] = 35604 35604
[5448] = 35604 35604
[5449] = 35604 35604
[5450] = 35604 35604
[5451] = 35604 35604
[5452] = 35604 35604
[5453] = 35604 35604
[5454] = 0 0
[5455] = 0 0
[5456] = 0 0
[5457] = 0 0
[5458] = 0 0
[5459] = 0 0
[5460] = 0 0
[5461] = 0 0
[5462] = 0 0
[5463] = 0 0
[5464] = 0 0
[5465] = 0 0
[5466] = 0 0
[5467] = 0 0
[5468] = 0 0
[5469] = 35604 35604
[5470] = 35604 35604
[5471] = 35604 35604
[5472] = 35604 35604
[5473] = 35604 35604
[5474] = 35604 35604
[5475] = 35604 35604
[5476] = 35604 35604
[5477] = 35604 35604
[5478] = 35604 35604
[5479] = 35604 35604
[5480] = 35604 35604
[5481] = 35604 35604
[5482] = 35604 35604
[5483] = 0 0
[5484] = 0 0
[5485] = 0 0
[5486] = 0 0
[5487] = 0 0
[5488] = 0 0
[5489] = 0 0
[5490] = 0 0
[5491] = 0 0
[5492] = 0 0
[5493] = 0 0
[5494] = 0 0
[5495] = 0 0
[5496] = 0 0
[5497] = 0 0
[5498] = 35604 35604
[5499] = 35604 35604
[5500] = 35604 35604
[5501] = 35604 35604
[5502] = 35604 35604
[5503] = 35604 35604
[5504] = 35604 35604
[5505] = 35604 35604
[5506] = 35604 35604
[5507] = 35604 35604
[5508] = 35604 35604
[5509] = 35604 35604
[5510] = 35604 35604
[5511] = 35604 35604
[5512] = 0 0
[5513] = 0 0
[5514] = 0 0
[5515] = 0 0
[5516] = 0 0
[5517] = 0 0
[5518] = 0 0
[5519] = 0 0
[5520] = 0 0
[5521] = 0 0
[5522] = 0 0
[5523] = 0 0
[5524] = 0 0
[5525] = 0 0
[5526] = 0 0
[5527] = 35604 35604
[5528] = 35604 35604
[5529] = 35604 35604
[5530] = 35604 35604
[5531] = 35604 35604
[5532] = 35604 35604
[5533] = 35604 35604
[5534] = 35604 35604
[5535] = 35604 35604
[5536] = 35604 35604
[5537] = 35604 35604
[5538] = 35604 35604
[5539] = 35604 35604
[5540] = 35604 35604
[5541] = 0 0
[5542] = 0 0
[5543] = 0 0
[5544] = 0 0
[5545] = 0 0
[5546] = 0 0
[5547] = 0 0
[5548] = 0 0
[5549] = 0 0
[5550] = 0 0
[5551] = 0 0
[5552] = 0 0
[5553] = 0 0
[5554] = 0 0
[5555] = 0 0
[5556] = 35604 35604
[5557] = 35604 35604
[5558] = 35604 35604
[5559] = 35604 35604
[5560] = 35604 35604
[5561] = 35604 35604
[5562] = 35604 35604
[5563] = 35604 35604
[5564] = 35604 35604
[5565] = 35604 35604
[5566] = 35604 35604
[5567] = 35604 35604
[5568] = 35604 35604
[5569] = 35604 35604
[5570] = 0 0
[5571] = 0 0
[5572] = 0 0
[5573] = 0 0
[5574] = 0 0
[5575] = 0 0
[5576] = 0 0
[5577] = 0 0
[5578] = 0 0
[5579] = 0 0
[5580] = 0 0
[5581] = 0 0
[5582] = 0 0
[5583] = 0 0
[5584] = 0 0
[5585] = 35604 35604
[5586] = 35604 35604
[5587] = 35604 35604
[5588] = 35604 35604
[5589] = 35604 35604
[5590] = 35604 35604
[5591] = 35604 35604
[5592] = 35604 35604
[5593] = 35604 35604
[5594] = 35604 35604
[5595] = 35604 35604
[5596] = 35604 35604
[5597] = 35604 35604
[5598] = 35604 35604
[5599] = 0 0
[5600] = 0 0
[5601] = 0 0
[5602] = 0 0
[5603] = 0 0
[5604] = 0 0
[5605] = 0 0
[5606] = 0 0
[5607] = 0 0
[5608] = 0 0
[5609] = 0 0
[5610] = 0 0
[5611] = 0 0
[5612] = 0 0
[5613] = 0 0
[5614] = 35604 35604
[5615] = 35604 35604
[5616] = 35604 35604
[5617] = 35604 35604
[5618] = 35604 35604
[5619] = 35604 35604
[5620] = 35604 35604
[5621] = 35604 35604
[5622] = 35604 35604
[5623] = 35604 35604
[5624] = 35604 35604
[5625] = 35604 35604
[5626] = 35604 35604
[5627] = 35604 35604
[5628] = 0 0
[5629] = 0 0
[5630] = 0 0
[5631] = 0 0
[5632] = 0 0
[5633] = 0 0
[5634] = 0 0
[5635] = 0 0
[5636] = 0 0
[5637] = 0 0
[5638] = 0 0
[5639] = 0 0
[5640] = 0 0
[5641] = 0 0
[5642] = 0 0
[5643] = 35604 35604
[5644] = 35604 35604
[5645] = 35604 35604
[5646] = 35604 35604
[5647] = 35604 35604
[5648] = 35604 35604
[5649] = 35604 35604
[5650] = 35604 35604
[5651] = 35604 35604
[5652] = 35604 35604
[5653] = 35604 35604
[5654] = 35604 35604
[5655] = 35604 35604
[5656] = 35604 35604
[5657] = 0 0
[5658] = 0 0
[5659] = 0 0
[5660] = 0 0
[5661] = 0 0
[5662] = 0 0
[5663] = 0 0
[5664] = 0 0
[5665] = 0 0
[5666] = 0 0
[5667] = 0 0
[5668] = 0 0
[5669] = 0 0
[5670] = 0 0
[5671] = 0 0
[5672] = 35604 35604
[5673] = 35604 35604
[5674] = 35604 35604
[5675] = 35604 35604
[5676] = 35604 35604
[5677] = 35604 35604
[5678] = 35604 35604
[5679] = 35604 35604
[5680] = 35604 35604
[5681] = 35604 35604
[5682] = 35604 35604
[5683] = 35604 35604
[5684] = 35604 35604
[5685] = 35604 35604
[5686] = 0 0
[5687] = 0 0
[5688] = 0 0
[5689] = 0 0
[5690] = 0 0
[5691] = 0 0
[5692] = 0 0
[5693] = 0 0
[5694] = 0 0
[5695] = 0 0
[5696] = 0 0
[5697] = 0 0
[5698] = 0 0
[5699] = 0 0
[5700] = 35604 35604
[5701] = 35604 35604
[5702] = 35604 35604
[5703] = 35604 35604
[5704] = 35604 35604
[5705] = 35604 35604
[5706] = 35604 35604
[5707] = 35604 35604
[5708] = 35604 35604
[5709] = 35604 35604
[5710] = 35604 35604
[5711] = 35604 35604
[5712] = 35604 35604
[5713] = 35604 35604
[5714] = 0 0
[5715] = 0 0
[5716] = 0 0
[5717] = 0 0
[5718] = 0 0
[5719] = 0 0
[5720] = 0 0
[5721] = 0 0
[5722] = 0 0
[5723] = 0 0
[5724] = 0 0
[5725] = 0 0
[5726] = 0 0
[5727] = 0 0
[5728] = 0 0
[5729] = 35604 35604
[5730] = 35604 35604
[5731] = 35604 35604
[5732] = 35604 35604
[5733] = 35604 35604
[5734] = 35604 35604
[5735] = 35604 35604
[5736] = 35604 35604
[5737] = 35604 35604
[5738] = 35604 35604
[5739] = 35604 35604
[5740] = 35604 35604
[5741] = 35604 35604
[5742] = 35604 35604
[5743] = 0 0
[5744] = 0 0
[5745] = 0 0
[5746] = 0 0
[5747] = 0 0
[5748] = 0 0
[5749] = 0 0
[5750] = 0 0
[5751] = 0 0
[5752] = 0 0
[5753] = 0 0
[5754] = 0 0
[5755] = 0 0
[5756] = 0 0
[5757] = 0 0
[5758] = 35604 35604
[5759] = 35604 35604
[5760] = 35604 35604
[5761] = 35604 35604
[5762] = 35604 35604
[5763] = 35604 35604
[5764] = 35604 35604
[5765] = 35604 35604
[5766] = 35604 35604
[5767] = 35604 35604
[5768] = 35604 35604
[5769] = 35604 35604
[5770] = 35604 35604
[5771] = 35604 35604
[5772] = 0 0
[5773] = 0 0
[5774] = 0 0
[5775] = 0 0
[5776] = 0 0
[5777] = 0 0
[5778] = 0 0
[5779] = 0 0
[5780] = 0 0
[5781] = 0 0
[5782] = 0 0
[5783] = 0 0
[5784] = 0 0
[5785] = 0 0
[5786] = 0 0
[5787] = 35604 35604
[5788] = 35604 35604
[5789] = 35604 35604
[5790] = 35604 35604
[5791] = 35604 35604
[5792] = 35604 35604
[5793] = 35604 35604
[5794] = 35604 35604
[5795] = 35604 35604
[5796] = 35604 35604
[5797] = 35604 35604
[5798] = 35604 35604
[5799] = 35604 35604
[5800] = 35604 35604
[5801] = 0 0
[5802] = 0 0
[5803] = 0 0
[5804] = 0 0
[5805] = 0 0
[5806] = 0 0
[5807] = 0 0
[5808] = 0 0
[5809] = 0 0
[5810] = 0 0
[5811] = 0 0
[5812] = 0 0
[5813] = 0 0
[5814] = 0 0
[5815] = 0 0
[5816] = 35604 35604
[5817] = 35604 35604
[5818] = 35604 35604
[5819] = 35604 35604
[5820] = 35604 35604
[5821] = 35604 35604
[5822] = 35604 35604
[5823] = 35604 35604
[5824] = 35604 35604
[5825] = 35604 35604
[5826] = 35604 35604
[5827] = 35604 35604
[5828] = 35604 35604
[5829] = 35604 35604
[5830] = 0 0
[5831] = 0 0
[5832] = 0 0
[5833] = 0 0
[5834] = 0 0
[5835] = 0 0
[5836] = 0 0
[5837] = 0 0
[5838] = 0 0
[5839] = 0 0
[5840] = 0 0
[5841] = 0 0
[5842] = 0 0
[5843] = 0 0
[5844] = 0 0
[5845] = 35604 35604
[5846] = 35604 35604
[5847] = 35604 35604
[5848] = 35604 35604
[5849] = 35604 35604
[5850] = 35604 35604
[5851] = 35604 35604
[5852] = 35604 35604
[5853] = 35604 35604
[5854] = 35604 35604
[5855] = 35604 35604
[5856] = 35604 35604
[5857] = 35604 35604
[5858] = 35604 35604
[5859] = 0 0
[5860] = 0 0
[5861] = 0 0
[5862] = 0 0
[5863] = 0 0
[5864] = 0 0
[5865] = 0 0
[5866] = 0 0
[5867] = 0 0
[5868] = 0 0
[5869] = 0 0
[5870] = 0 0
[5871] = 0 0
[5872] = 0 0
[5873] = 0 0
[5874] = 35604 35604
[5875] = 35604 35604
[5876] = 35604 35604
[5877] = 35604 35604
[5878] = 35604 35604
[5879] = 35604 35604
[5880] = 35604 35604
[5881] = 35604 35604
[5882] = 35604 35604
[5883] = 35604 35604
[5884] = 35604 35604
[5885] = 35604 35604
[5886] = 35604 35604
[5887] = 35604 35604
[5888] = 0 0
[5889] = 0 0
[5890] = 0 0
[5891] = 0 0
[5892] = 0 0
[5893] = 0 0
[5894] = 0 0
[5895] = 0 0
[5896] = 0 0
[5897] = 0 0
[5898] = 0 0
[5899] = 0 0
[5900] = 0 0
[5901] = 0 0
[5902] = 0 0
[5903] = 35604 35604
[5904] = 35604 35604
[5905] = 35604 35604
[5906] = 35604 35604
[5907] = 35604 35604
[5908] = 35604 35604
[5909] = 35604 35604
[5910] = 35604 35604
[5911] = 35604 35604
[5912] = 35604 35604
[5913] = 35604 35604
[5914] = 35604 35604
[5915] = 35604 35604
[5916] = 35604 35604
[5917] = 0 0
[5918] = 0 0
[5919] = 0 0
[5920] = 0 0
[5921] = 0 0
[5922] = 0 0
[5923] = 0 0
[5924] = 0 0
[5925] = 0 0
[5926] = 0 0
[5927] = 0 0
[5928] = 0 0
[5929] = 0 0
[5930] = 0 0
[5931] = 0 0
[5932] = 35604 35604
[5933] = 35604 35604
[5934] = 35604 35604
[5935] = 35604 35604
[5936] = 35604 35604
[5937] = 35604 35604
[5938] = 35604 35604
[5939] = 35604 35604
[5940] = 35604 35604
[5941] = 35604 35604
[5942] = 35604 35604
[5943] = 35604 35604
[5944] = 35604 35604
[5945] = 35604 35604
[5946] = 0 0
[5947] = 0 0
[5948] = 0 0
[5949] = 0 0
[5950] = 0 0
[5951] = 0 0
[5952] = 0 0
[5953] = 0 0
[5954] = 0 0
[5955] = 0 0
[5956] = 0 0
[5957] = 0 0
[5958] = 0 0
[5959] = 0 0
[5960] = 0 0
[5961] = 35604 35604
[5962] = 35604 35604
[5963] = 35604 35604
[5964] = 35604 35604
[5965] = 35604 35604
[5966] = 35604 35604
[5967] = 35604 35604
[5968] = 35604 35604
[5969] = 35604 35604
[5970] = 35604 35604
[5971] = 35604 35604
[5972] = 35604 35604
[5973] = 35604 35604
[5974] = 35604 35604
[5975] = 0 0
[5976] = 0 0
[5977] = 0 0
[5978] = 0 0
[5979] = 0 0
[5980] = 0 0
[5981] = 0 0
[5982] = 0 0
[5983] = 0 0
[5984] = 0 0
[5985] = 0 0
[5986] = 0 0
[5987] = 0 0
[5988] = 0 0
[5989] = 35604 35604
[5990] = 35604 35604
[5991] = 35604 35604
[5992] = 35604 35604
[5993] = 35604 35604
[5994] = 35604 35604
[5995] = 35604 35604
[5996] = 35604 35604
[5997] = 35604 35604
[5998] = 35604 35604
[5999] = 35604 35604
[6000] = 35604 35604
[6001] = 35604 35604
[6002] = 35604 35604
[6003] = 0 0
[6004] = 0 0
[6005] = 0 0
[6006] = 0 0
[6007] = 0 0
[6008] = 0 0
[6009] = 0 0
[6010] = 0 0
[6011] = 0 0
[6012] = 0 0
[6013] = 0 0
[6014] = 0 0
[6015] = 0 0
[6016] = 0 0
[6017] = 0 0
[6018] = 35604 35604
[6019] = 35604 35604
[6020] = 35604 35604
[6021] = 35604 35604
[6022] = 35604 35604
[6023] = 35604 35604
[6024] = 35604 35604
[6025] = 35604 35604
[6026] = 35604 35604
[6027] = 35604 35604
[6028] = 35604 35604
[6029] = 35604 35604
[6030] = 35604 35604
[6031] = 35604 35604
[6032] = 0 0
[6033] = 0 0
[6034] = 0 0
[6035] = 0 0
[6036] = 0 0
[6037] = 0 0
[6038] = 0 0
[6039] = 0 0
[6040] = 0 0
[6041] = 0 0
[6042] = 0 0
[6043] = 0 0
[6044] = 0 0
[6045] = 0 0
[6046] = 0 0
[6047] = 35604 35604
[6048] = 35604 35604
[6049] = 35604 35604
[6050] = 35604 35604
[6051] = 35604 35604
[6052] = 35604 35604
[6053] = 35604 35604
[6054] = 35604 35604
[6055] = 35604 35604
[6056] = 35604 35604
[6057] = 35604 35604
[6058] = 35604 35604
[6059] = 35604 35604
[6060] = 35604 35604
[6061] = 0 0
[6062] = 0 0
[6063] = 0 0
[6064] = 0 0
[6065] = 0 0
[6066] = 0 0
[6067] = 0 0
[6068] = 0 0
[6069] = 0 0
[6070] = 0 0
[6071] = 0 0
[6072] = 0 0
[6073] = 0 0
[6074] = 0 0
[6075] = 0 0
[6076] = 35604 35604
[6077] = 35604 35604
[6078] = 35604 35604
[6079] = 35604 35604
[6080] = 35604 35604
[6081] = 35604 35604
[6082] = 35604 35604
[6083] = 35604 35604
[6084] = 35604 35604
[6085] = 35604 35604
[6086] = 35604 35604
[6087] = 35604 35604
[6088] = 35604 35604
[6089] = 35604 35604
[6090] = 0 0
[6091] = 0 0
[6092] = 0 0
[6093] = 0 0
[6094] = 0 0
[6095] = 0 0
[6096] = 0 0
[6097] = 0 0
[6098] = 0 0
[6099] = 0 0
[6100] = 0 0
[6101] = 0 0
[6102] = 0 0
[6103] = 0 0
[6104] = 0 0
[6105] = 35604 35604
[6106] = 35604 35604
[6107] = 35604 35604
[6108] = 35604 35604
[6109] = 35604 35604
[6110] = 35604 35604
[6111] = 35604 35604
[6112] = 35604 35604
[6113] = 35604 35604
[6114] = 35604 35604
[6115] = 35604 35604
[6116] = 35604 35604
[6117] = 35604 35604
[6118] = 35604 35604
[6119] = 0 0
[6120] = 0 0
[6121] = 0 0
[6122] = 0 0
[6123] = 0 0
[6124] = 0 0
[6125] = 0 0
[6126] = 0 0
[6127] = 0 0
[6128] = 0 0
[6129] = 0 0
[6130] = 0 0
[6131] = 0 0
[6132] = 0 0
[6133] = 0 0
[6134] = 35604 35604
[6135] = 35604 35604
[6136] = 35604 35604
[6137] = 35604 35604
[6138] = 35604 35604
[6139] = 35604 35604
[6140] = 35604 35604
[6141] = 35604 35604
[6142] = 35604 35604
[6143] = 35604 35604
[6144] = 35604 35604
[6145] = 35604 35604
[6146] = 35604 35604
[6147] = 35604 35604
[6148] = 0 0
[6149] = 0 0
[6150] = 0 0
[6151] = 0 0
[6152] = 0 0
[6153] = 0 0
[6154] = 0 0
[6155] = 0 0
[6156] = 0 0
[6157] = 0 0
[6158] = 0 0
[6159] = 0 0
[6160] = 0 0
[6161] = 0 0
[6162] = 0 0
[6163] = 35604 35604
[6164] = 35604 35604
[6165] = 35604 35604
[6166] = 35604 35604
[6167] = 35604 35604
[6168] = 35604 35604
[6169] = 35604 35604
[6170] = 35604 35604
[6171] = 35604 35604
[6172] = 35604 35604
[6173] = 35604 35604
[6174] = 35604 35604
[6175] = 35604 35604
[6176] = 35604 35604
[6177] = 0 0
[6178] = 0 0
[6179] = 0 0
[6180] = 0 0
[6181] = 0 0
[6182] = 0 0
[6183] = 0 0
[6184] = 0 0
[6185] = 0 0
[6186] = 0 0
[6187] = 0 0
[6188] = 0 0
[6189] = 0 0
[6190] = 0 0
[6191] = 0 0
[6192] = 35604 35604
[6193] = 35604 35604
[6194] = 35604 35604
[6195] = 35604 35604
[6196] = 35604 35604
[6197] = 35604 35604
[6198] = 35604 35604
[6199] = 35604 35604
[6200] = 35604 35604
[6201] = 35604 35604
[6202] = 35604 35604
[6203] = 35604 35604
[6204] = 35604 35604
[6205] = 35604 35604
[6206] = 0 0
[6207] = 0 0
[6208] = 0 0
[6209] = 0 0
[6210] = 0 0
[6211] = 0 0
[6212] = 0 0
[6213] = 0 0
[6214] = 0 0
[6215] = 0 0
[6216] = 0 0
[6217] = 0 0
[6218] = 0 0
[6219] = 0 0
[6220] = 0 0
[6221] = 35604 35604
[6222] = 35604 35604
[6223] = 35604 35604
[6224] = 35604 35604
[6225] = 35604 35604
[6226] = 35604 35604
[6227] = 35604 35604
[6228] = 35604 35604
[6229] = 35604 35604
[6230] = 35604 35604
[6231] = 35604 35604
[6232] = 35604 35604
[6233] = 35604 35604
[6234] = 35604 35604
[6235] = 0 0
[6236] = 0 0
[6237] = 0 0
[6238] = 0 0
[6239] = 0 0
[6240] = 0 0
[6241] = 0 0
[6242] = 0 0
[6243] = 0 0
[6244] = 0 0
[6245] = 0 0
[6246] = 0 0
[6247] = 0 0
[6248] = 0 0
[6249] = 0 0
[6250] = 35604 35604
[6251] = 35604 35604
[6252] = 35604 35604
[6253] = 35604 35604
[6254] = 35604 35604
[6255] = 35604 35604
[6256] = 35604 35604
[6257] = 35604 35604
[6258] = 35604 35604
[6259] = 35604 35604
[6260] = 35604 35604
[6261] = 35604 35604
[6262] = 35604 35604
[6263] = 35604 35604
[6264] = 0 0
[6265] = 0 0
[6266] = 0 0
[6267] = 0 0
[6268] = 0 0
[6269] = 0 0
[6270] = 0 0
[6271] = 0 0
[6272] = 0 0
[6273] = 0 0
[6274] = 0 0
[6275] = 0 0
[6276] = 0 0
[6277] = 0 0
[6278] = 35604 35604
[6279] = 35604 35604
[6280] = 35604 35604
[6281] = 35604 35604
[6282] = 35604 35604
[6283] = 35604 35604
[6284] = 35604 35604
[6285] = 35604 35604
[6286] = 35604 35604
[6287] = 35604 35604
[6288] = 35604 35604
[6289] = 35604 35604
[6290] = 35604 35604
[6291] = 35604 35604
[6292] = 0 0
[6293] = 0 0
[6294] = 0 0
[6295] = 0 0
[6296] = 0 0
[6297] = 0 0
[6298] = 0 0
[6299] = 0 0
[6300] = 0 0
[6301] = 0 0
[6302] = 0 0
[6303] = 0 0
[6304] = 0 0
[6305] = 0 0
[6306] = 0 0
[6307] = 35604 35604
[6308] = 35604 35604
[6309] = 35604 35604
[6310] = 35604 35604
[6311] = 35604 35604
[6312] = 35604 35604
[6313] = 35604 35604
[6314] = 35604 35604
[6315] = 35604 35604
[6316] = 35604 35604
[6317] = 35604 35604
[6318] = 35604 35604
[6319] = 35604 35604
[6320] = 35604 35604
[6321] = 0 0
[6322] = 0 0
[6323] = 0 0
[6324] = 0 0
[6325] = 0 0
[6326] = 0 0
[6327] = 0 0
[6328] = 0 0
[6329] = 0 0
[6330] = 0 0
[6331] = 0 0
[6332] = 0 0
[6333] = 0 0
[6334] = 0 0
[6335] = 0 0
[6336] = 35604 35604
[6337] = 35604 35604
[6338] = 35604 35604
[6339] = 35604 35604
[6340] = 35604 35604
[6341] = 35604 35604
[6342] = 35604 35604
[6343] = 35604 35604
[6344] = 35604 35604
[6345] = 35604 35604
[6346] = 35604 35604
[6347] = 35604 35604
[6348] = 35604 35604
[6349] = 35604 35604
[6350] = 0 0
[6351] = 0 0
[6352] = 0 0
[6353] = 0 0
[6354] = 0 0
[6355] = 0 0
[6356] = 0 0
[6357] = 0 0
[6358] = 0 0
[6359] = 0 0
[6360] = 0 0
[6361] = 0 0
[6362] = 0 0
[6363] = 0 0
[6364] = 0 0
[6365] = 35604 35604
[6366] = 35604 35604
[6367] = 35604 35604
[6368] = 35604 35604
[6369] = 35604 35604
[6370] = 35604 35604
[6371] = 35604 35604
[6372] = 35604 35604
[6373] = 35604 35604
[6374] = 35604 35604
[6375] = 35604 35604
[6376] = 35604 35604
[6377] = 35604 35604
[6378] = 35604 35604
[6379] = 0 0
[6380] = 0 0
[6381] = 0 0
[6382] = 0 0
[6383] = 0 0
[6384] = 0 0
[6385] = 0 0
[6386] = 0 0
[6387] = 0 0
[6388] = 0 0
[6389] = 0 0
[6390] = 0 0
[6391] = 0 0
[6392] = 0 0
[6393] = 0 0
[6394] = 35604 35604
[6395] = 35604 35604
[6396] = 35604 35604
[6397] = 35604 35604
[6398] = 35604 35604
[6399] = 35604 35604
[6400] = 35604 35604
[6401] = 35604 35604
[6402] = 35604 35604
[6403] = 35604 35604
[6404] = 35604 35604
[6405] = 35604 35604
[6406] = 35604 35604
[6407] = 35604 35604
[6408] = 0 0
[6409] = 0 0
[6410] = 0 0
[6411] = 0 0
[6412] = 0 0
[6413] = 0 0
[6414] = 0 0
[6415] = 0 0
[6416] = 0 0
[6417] = 0 0
[6418] = 0 0
[6419] = 0 0
[6420] = 0 0
[6421] = 0 0
[6422] = 0 0
[6423] = 35604 35604
[6424] = 35604 35604
[6425] = 35604 35604
[6426] = 35604 35604
[6427] = 35604 35604
[6428] = 35604 35604
[6429] = 35604 35604
[6430] = 35604 35604
[6431] = 35604 35604
[6432] = 35604 35604
[6433] = 35604 35604
[6434] = 35604 35604
[6435] = 35604 35604
[6436] = 35604 35604
[6437] = 0 0
[6438] = 0 0
[6439] = 0 0
[6440] = 0 0
[6441] = 0 0
[6442] = 0 0
[6443] = 0 0
[6444] = 0 0
[6445] = 0 0
[6446] = 0 0
[6447] = 0 0
[6448] = 0 0
[6449] = 0 0
[6450] = 0 0
[6451] = 0 0
[6452] = 35604 35604
[6453] = 35604 35604
[6454] = 35604 35604
[6455] = 35604 35604
[6456] = 35604 35604
[6457] = 35604 35604
[6458] = 35604 35604
[6459] = 35604 35604
[6460] = 35604 35604
[6461] = 35604 35604
[6462] = 35604 35604
[6463] = 35604 35604
[6464] = 35604 35604
[6465] = 35604 35604
[6466] = 0 0
[6467] = 0 0
[6468] = 0 0
[6469] = 0 0
[6470] = 0 0
[6471] = 0 0
[6472] = 0 0
[6473] = 0 0
[6474] = 0 0
[6475] = 0 0
[6476] = 0 0
[6477] = 0 0
[6478] = 0 0
[6479] = 0 0
[6480] = 0 0
[6481] = 35604 35604
[6482] = 35604 35604
[6483] = 35604 35604
[6484] = 35604 35604
[6485] = 35604 35604
[6486] = 35604 35604
[6487] = 35604 35604
[6488] = 35604 35604
[6489] = 35604 35604
[6490] = 35574 35574
[6491] = 35545 35545
[6492] = 35515 35515
[6493] = 35485 35485
[6494] = 35455 35455
[6495] = 0 0
[6496] = 0 0
[6497] = 0 0
[6498] = 0 0
[6499] = 0 0
[6500] = 0 0
[6501] = 0 0
[6502] = 0 0
[6503] = 0 0
[6504] = 0 0
[6505] = 0 0
[6506] = 0 0
[6507] = 0 0
[6508] = 0 0
[6509] = 0 0
[6510] = 34981 34981
[6511] = 34951 34951
[6512] = 34922 34922
[6513] = 34892 34892
[6514] = 34862 34862
[6515] = 34833 34833
[6516] = 34803 34803
[6517] = 34773 34773
[6518] = 34743 34743
[6519] = 34714 34714
[6520] = 34684 34684
[6521] = 34654 34654
[6522] = 34625 34625
[6523] = 34595 34595
[6524] = 0 0
[6525] = 0 0
[6526] = 0 0
[6527] = 0 0
[6528] = 0 0
[6529] = 0 0
[6530] = 0 0
[6531] = 0 0
[6532] = 0 0
[6533] = 0 0
[6534] = 0 0
[6535] = 0 0
[6536] = 0 0
[6537] = 0 0
[6538] = 0 0
[6539] = 34121 34121
[6540] = 34090 34090
[6541] = 34061 34061
[6542] = 34031 34031
[6543] = 34002 34002
[6544] = 33972 33972
[6545] = 33942 33942
[6546] = 33913 33913
[6547] = 33883 33883
[6548] = 33853 33853
[6549] = 33824 33824
[6550] = 33794 33794
[6551] = 33764 33764
[6552] = 33735 33735
[6553] = 0 0
[6554] = 0 0
[6555] = 0 0
[6556] = 0 0
[6557] = 0 0
[6558] = 0 0
[6559] = 0 0
[6560] = 0 0
[6561] = 0 0
[6562] = 0 0
[6563] = 0 0
[6564] = 0 0
[6565] = 0 0
[6566] = 0 0
[6567] = 33289 33289
[6568] = 33260 33260
[6569] = 33230 33230
[6570] = 33201 33201
[6571] = 33171 33171
[6572] = 33141 33141
[6573] = 33112 33112
[6574] = 33082 33082
[6575] = 33052 33052
[6576] = 33023 33023
[6577] = 32993 32993
[6578] = 32963 32963
[6579] = 32934 32934
[6580] = 32904 32904
[6581] = 0 0
[6582] = 0 0
[6583] = 0 0
[6584] = 0 0
[6585] = 0 0
[6586] = 0 0
[6587] = 0 0
[6588] = 0 0
[6589] = 0 0
[6590] = 0 0
[6591] = 0 0
[6592] = 0 0
[6593] = 0 0
[6594] = 0 0
[6595] = 0 0
[6596] = 32429 32429
[6597] = 32400 32400
[6598] = 32370 32370
[6599] = 32340 32340
[6600] = 32311 32311
[6601] = 32281 32281
[6602] = 32251 32251
[6603] = 32222 32222
[6604] = 32191 32191
[6605] = 32162 32162
[6606] = 32133 32133
[6607] = 32103 32103
[6608] = 32073 32073
[6609] = 32043 32043
[6610] = 0 0
[6611] = 0 0
[6612] = 0 0
[6613] = 0 0
[6614] = 0 0
[6615] = 0 0
[6616] = 0 0
[6617] = 0 0
[6618] = 0 0
[6619] = 0 0
[6620] = 0 0
[6621] = 0 0
[6622] = 0 0
[6623] = 0 0
[6624] = 0 0
[6625] = 31569 31569
[6626] = 31539 31539
[6627] = 31510 31510
[6628] = 31479 31479
[6629] = 31450 31450
[6630] = 31421 31421
[6631] = 31390 31390
[6632] = 31361 31361
[6633] = 31331 31331
[6634] = 31302 31302
[6635] = 31272 31272
[6636] = 31242 31242
[6637] = 31213 31213
[6638] = 31183 31183
[6639] = 0 0
[6640] = 0 0
[6641] = 0 0
[6642] = 0 0
[6643] = 0 0
[6644] = 0 0
[6645] = 0 0
[6646] = 0 0
[6647] = 0 0
[6648] = 0 0
[6649] = 0 0
[6650] = 0 0
[6651] = 0 0
[6652] = 0 0
[6653] = 0 0
[6654] = 30708 30708
[6655] = 30678 30678
[6656] = 30649 30649
[6657] = 30619 30619
[6658] = 30590 30590
[6659] = 30560 30560
[6660] = 30530 30530
[6661] = 30501 30501
[6662] = 30471 30471
[6663] = 30441 30441
[6664] = 30412 30412
[6665] = 30382 30382
[6666] = 30352 30352
[6667] = 30323 30323
[6668] = 0 0
[6669] = 0 0
[6670] = 0 0
[6671] = 0 0
[6672] = 0 0
[6673] = 0 0
[6674] = 0 0
[6675] = 0 0
[6676] = 0 0
[6677] = 0 0
[6678] = 0 0
[6679] = 0 0
[6680] = 0 0
[6681] = 0 0
[6682] = 0 0
[6683] = 29848 29848
[6684] = 29818 29818
[6685] = 29789 29789
[6686] = 29759 29759
[6687] = 29729 29729
[6688] = 29700 29700
[6689] = 29670 29670
[6690] = 29640 29640
[6691] = 29611 29611
[6692] = 29581 29581
[6693] = 29551 29551
[6694] = 29522 29522
[6695] = 29492 29492
[6696] = 29462 29462
[6697] = 0 0
[6698] = 0 0
[6699] = 0 0
[6700] = 0 0
[6701] = 0 0
[6702] = 0 0
[6703] = 0 0
[6704] = 0 0
[6705] = 0 0
[6706] = 0 0
[6707] = 0 0
[6708] = 0 0
[6709] = 0 0
[6710] = 0 0
[6711] = 0 0
[6712] = 28988 28988
[6713] = 28958 28958
[6714] = 28928 28928
[6715] = 28899 28899
[6716] = 28869 28869
[6717] = 28839 28839
[6718] = 28810 28810
[6719] = 28779 28779
[6720] = 28750 28750
[6721] = 28720 28720
[6722] = 28691 28691
[6723] = 28661 28661
[6724] = 28631 28631
[6725] = 28602 28602
[6726] = 0 0
[6727] = 0 0
[6728] = 0 0
[6729] = 0 0
[6730] = 0 0
[6731] = 0 0
[6732] = 0 0
[6733] = 0 0
[6734] = 0 0
[6735] = 0 0
[6736] = 0 0
[6737] = 0 0
[6738] = 0 0
[6739] = 0 0
[6740] = 0 0
[6741] = 28127 28127
[6742] = 28098 28098
[6743] = 28067 28067
[6744] = 28038 28038
[6745] = 28008 28008
[6746] = 27978 27978
[6747] = 27949 27949
[6748] = 27919 27919
[6749] = 27890 27890
[6750] = 27860 27860
[6751] = 27830 27830
[6752] = 27801 27801
[6753] = 27771 27771
[6754] = 27741 27741
[6755] = 0 0
[6756] = 0 0
[6757] = 0 0
[6758] = 0 0
[6759] = 0 0
[6760] = 0 0
[6761] = 0 0
[6762] = 0 0
[6763] = 0 0
[6764] = 0 0
[6765] = 0 0
[6766] = 0 0
[6767] = 0 0
[6768] = 0 0
[6769] = 0 0
[6770] = 27266 27266
[6771] = 27237 27237
[6772] = 27207 27207
[6773] = 27177 27177
[6774] = 27148 27148
[6775] = 27118 27118
[6776] = 27089 27089
[6777] = 27059 27059
[6778] = 27029 27029
[6779] = 27000 27000
[6780] = 26970 26970
[6781] = 26940 26940
[6782] = 26911 26911
[6783] = 26881 26881
[6784] = 0 0
[6785] = 0 0
[6786] = 0 0
[6787] = 0 0
[6788] = 0 0
[6789] = 0 0
[6790] = 0 0
[6791] = 0 0
[6792] = 0 0
[6793] = 0 0
[6794] = 0 0
[6795] = 0 0
[6796] = 0 0
[6797] = 0 0
[6798] = 0 0
[6799] = 26406 26406
[6800] = 26376 26376
[6801] = 26347 26347
[6802] = 26317 26317
[6803] = 26288 26288
[6804] = 26258 26258
[6805] = 26228 26228
[6806] = 26199 26199
[6807] = 26169 26169
[6808] = 26139 26139
[6809] = 26110 26110
[6810] = 26080 26080
[6811] = 26050 26050
[6812] = 26020 26020
[6813] = 0 0
[6814] = 0 0
[6815] = 0 0
[6816] = 0 0
[6817] = 0 0
[6818] = 0 0
[6819] = 0 0
[6820] = 0 0
[6821] = 0 0
[6822] = 0 0
[6823] = 0 0
[6824] = 0 0
[6825] = 0 0
[6826] = 0 0
[6827] = 0 0
[6828] = 25546 25546
[6829] = 25516 25516
[6830] = 25487 25487
[6831] = 25456 25456
[6832] = 25427 25427
[6833] = 25398 25398
[6834] = 25367 25367
[6835] = 25338 25338
[6836] = 25308 25308
[6837] = 25279 25279
[6838] = 25249 25249
[6839] = 25219 25219
[6840] = 25190 25190
[6841] = 25160 25160
[6842] = 0 0
[6843] = 0 0
[6844] = 0 0
[6845] = 0 0
[6846] = 0 0
[6847] = 0 0
[6848] = 0 0
[6849] = 0 0
[6850] = 0 0
[6851] = 0 0
[6852] = 0 0
[6853] = 0 0
[6854] = 0 0
[6855] = 0 0
[6856] = 24715 24715
[6857] = 24686 24686
[6858] = 24655 24655
[6859] = 24626 24626
[6860] = 24596 24596
[6861] = 24566 24566
[6862] = 24537 24537
[6863] = 24507 24507
[6864] = 24478 24478
[6865] = 24448 24448
[6866] = 24418 24418
[6867] = 24389 24389
[6868] = 24359 24359
[6869] = 24329 24329
[6870] = 0 0
[6871] = 0 0
[6872] = 0 0
[6873] = 0 0
[6874] = 0 0
[6875] = 0 0
[6876] = 0 0
[6877] = 0 0
[6878] = 0 0
[6879] = 0 0
[6880] = 0 0
[6881] = 0 0
[6882] = 0 0
[6883] = 0 0
[6884] = 0 0
[6885] = 23854 23854
[6886] = 23825 23825
[6887] = 23795 23795
[6888] = 23765 23765
[6889] = 23736 23736
[6890] = 23706 23706
[6891] = 23677 23677
[6892] = 23647 23647
[6893] = 23617 23617
[6894] = 23588 23588
[6895] = 23558 23558
[6896] = 23528 23528
[6897] = 23499 23499
[6898] = 23469 23469
[6899] = 0 0
[6900] = 0 0
[6901] = 0 0
[6902] = 0 0
[6903] = 0 0
[6904] = 0 0
[6905] = 0 0
[6906] = 0 0
[6907] = 0 0
[6908] = 0 0
[6909] = 0 0
[6910] = 0 0
[6911] = 0 0
[6912] = 0 0
[6913] = 0 0
[6914] = 22994 22994
[6915] = 22964 22964
[6916] = 22935 22935
[6917] = 22905 22905
[6918] = 22876 22876
[6919] = 22846 22846
[6920] = 22816 22816
[6921] = 22787 22787
[6922] = 22756 22756
[6923] = 22727 22727
[6924] = 22698 22698
[6925] = 22668 22668
[6926] = 22638 22638
[6927] = 22608 22608
[6928] = 0 0
[6929] = 0 0
[6930] = 0 0
[6931] = 0 0
[6932] = 0 0
[6933] = 0 0
[6934] = 0 0
[6935] = 0 0
[6936] = 0 0
[6937] = 0 0
[6938] = 0 0
[6939] = 0 0
[6940] = 0 0
[6941] = 0 0
[6942] = 0 0
[6943] = 22134 22134
[6944] = 22104 22104
[6945] = 22075 22075
[6946] = 22044 22044
[6947] = 22015 22015
[6948] = 21985 21985
[6949] = 21955 21955
[6950] = 21926 21926
[6951] = 21896 21896
[6952] = 21867 21867
[6953] = 21837 21837
[6954] = 21807 21807
[6955] = 21778 21778
[6956] = 21748 21748
[6957] = 0 0
[6958] = 0 0
[6959] = 0 0
[6960] = 0 0
[6961] = 0 0
[6962] = 0 0
[6963] = 0 0
[6964] = 0 0
[6965] = 0 0
[6966] = 0 0
[6967] = 0 0
[6968] = 0 0
[6969] = 0 0
[6970] = 0 0
[6971] = 0 0
[6972] = 21273 21273
[6973] = 21243 21243
[6974] = 21214 21214
[6975] = 21184 21184
[6976] = 21154 21154
[6977] = 21125 21125
[6978] = 21095 21095
[6979] = 21066 21066
[6980] = 21036 21036
[6981] = 21006 21006
[6982] = 20977 20977
[6983] = 20947 20947
[6984] = 20917 20917
[6985] = 20888 20888
[6986] = 0 0
[6987] = 0 0
[6988] = 0 0
[6989] = 0 0
[6990] = 0 0
[6991] = 0 0
[6992] = 0 0
[6993] = 0 0
[6994] = 0 0
[6995] = 0 0
[6996] = 0 0
[6997] = 0 0
[6998] = 0 0
[6999] = 0 0
[7000] = 0 0
[7001] = 20413 20413
[7002] = 20383 20383
[7003] = 20353 20353
[7004] = 20324 20324
[7005] = 20294 20294
[7006] = 20265 20265
[7007] = 20235 20235
[7008] = 20205 20205
[7009] = 20176 20176
[7010] = 20146 20146
[7011] = 20116 20116
[7012] = 20087 20087
[7013] = 20056 20056
[7014] = 20027 20027
[7015] = 0 0
[7016] = 0 0
[7017] = 0 0
[7018] = 0 0
[7019] = 0 0
[7020] = 0 0
[7021] = 0 0
[7022] = 0 0
[7023] = 0 0
[7024] = 0 0
[7025] = 0 0
[7026] = 0 0
[7027] = 0 0
[7028] = 0 0
[7029] = 0 0
[7030] = 19552 19552
[7031] = 19523 19523
[7032] = 19493 19493
[7033] = 19464 19464
[7034] = 19434 19434
[7035] = 19404 19404
[7036] = 19375 19375
[7037] = 19344 19344
[7038] = 19315 19315
[7039] = 19285 19285
[7040] = 19255 19255
[7041] = 19226 19226
[7042] = 19196 19196
[7043] = 19167 19167
[7044] = 0 0
[7045] = 0 0
[7046] = 0 0
[7047] = 0 0
[7048] = 0 0
[7049] = 0 0
[7050] = 0 0
[7051] = 0 0
[7052] = 0 0
[7053] = 0 0
[7054] = 0 0
[7055] = 0 0
[7056] = 0 0
[7057] = 0 0
[7058] = 0 0
[7059] = 18692 18692
[7060] = 18663 18663
[7061] = 18632 18632
[7062] = 18603 18603
[7063] = 18573 18573
[7064] = 18543 18543
[7065] = 18514 18514
[7066] = 18484 18484
[7067] = 18455 18455
[7068] = 18425 18425
[7069] = 18395 18395
[7070] = 18366 18366
[7071] = 18336 18336
[7072] = 18306 18306
[7073] = 0 0
[7074] = 0 0
[7075] = 0 0
[7076] = 0 0
[7077] = 0 0
[7078] = 0 0
[7079] = 0 0
[7080] = 0 0
[7081] = 0 0
[7082] = 0 0
[7083] = 0 0
[7084] = 0 0
[7085] = 0 0
[7086] = 0 0
[7087] = 0 0
[7088] = 17831 17831
[7089] = 17802 17802
[7090] = 17772 17772
[7091] = 17742 17742
[7092] = 17713 17713
[7093] = 17683 17683
[7094] = 17654 17654
[7095] = 17624 17624
[7096] = 17594 17594
[7097] = 17565 17565
[7098] = 17535 17535
[7099] = 17505 17505
[7100] = 17476 17476
[7101] = 17446 17446
[7102] = 0 0
[7103] = 0 0
[7104] = 0 0
[7105] = 0 0
[7106] = 0 0
[7107] = 0 0
[7108] = 0 0
[7109] = 0 0
[7110] = 0 0
[7111] = 0 0
[7112] = 0 0
[7113] = 0 0
[7114] = 0 0
[7115] = 0 0
[7116] = 0 0
[7117] = 16971 16971
[7118] = 16941 16941
[7119] = 16912 16912
[7120] = 16882 16882
[7121] = 16853 16853
[7122] = 16823 16823
[7123] = 16793 16793
[7124] = 16764 16764
[7125] = 16733 16733
[7126] = 16704 16704
[7127] = 16675 16675
[7128] = 16644 16644
[7129] = 16615 16615
[7130] = 16585 16585
[7131] = 0 0
[7132] = 0 0
[7133] = 0 0
[7134] = 0 0
[7135] = 0 0
[7136] = 0 0
[7137] = 0 0
[7138] = 0 0
[7139] = 0 0
[7140] = 0 0
[7141] = 0 0
[7142] = 0 0
[7143] = 0 0
[7144] = 0 0
[7145] = 16140 16140
[7146] = 16111 16111
[7147] = 16081 16081
[7148] = 16052 16052
[7149] = 16021 16021
[7150] = 15992 15992
[7151] = 15963 15963
[7152] = 15932 15932
[7153] = 15903 15903
[7154] = 15873 15873
[7155] = 15843 15843
[7156] = 15814 15814
[7157] = 15784 15784
[7158] = 15755 15755
[7159] = 0 0
[7160] = 0 0
[7161] = 0 0
[7162] = 0 0
[7163] = 0 0
[7164] = 0 0
[7165] = 0 0
[7166] = 0 0
[7167] = 0 0
[7168] = 0 0
[7169] = 0 0
[7170] = 0 0
[7171] = 0 0
[7172] = 0 0
[7173] = 0 0
[7174] = 15280 15280
[7175] = 15250 15250
[7176] = 15220 15220
[7177] = 15191 15191
[7178] = 15161 15161
[7179] = 15131 15131
[7180] = 15102 15102
[7181] = 15072 15072
[7182] = 15042 15042
[7183] = 15013 15013
[7184] = 14983 14983
[7185] = 14954 14954
[7186] = 14924 14924
[7187] = 14894 14894
[7188] = 0 0
[7189] = 0 0
[7190] = 0 0
[7191] = 0 0
[7192] = 0 0
[7193] = 0 0
[7194] = 0 0
[7195] = 0 0
[7196] = 0 0
[7197] = 0 0
[7198] = 0 0
[7199] = 0 0
[7200] = 0 0
[7201] = 0 0
[7202] = 0 0
[7203] = 14419 14419
[7204] = 14390 14390
[7205] = 14360 14360
[7206] = 14330 14330
[7207] = 14301 14301
[7208] = 14271 14271
[7209] = 14241 14241
[7210] = 14212 14212
[7211] = 14182 14182
[7212] = 14153 14153
[7213] = 14123 14123
[7214] = 14093 14093
[7215] = 14064 14064
[7216] = 14033 14033
[7217] = 0 0
[7218] = 0 0
[7219] = 0 0
[7220] = 0 0
[7221] = 0 0
[7222] = 0 0
[7223] = 0 0
[7224] = 0 0
[7225] = 0 0
[7226] = 0 0
[7227] = 0 0
[7228] = 0 0
[7229] = 0 0
[7230] = 0 0
[7231] = 0 0
[7232] = 13559 13559
[7233] = 13529 13529
[7234] = 13500 13500
[7235] = 13470 13470
[7236] = 13441 13441
[7237] = 13411 13411
[7238] = 13381 13381
[7239] = 13352 13352
[7240] = 13321 13321
[7241] = 13292 13292
[7242] = 13262 13262
[7243] = 13232 13232
[7244] = 13203 13203
[7245] = 13173 13173
[7246] = 0 0
[7247] = 0 0
[7248] = 0 0
[7249] = 0 0
[7250] = 0 0
[7251] = 0 0
[7252] = 0 0
[7253] = 0 0
[7254] = 0 0
[7255] = 0 0
[7256] = 0 0
[7257] = 0 0
[7258] = 0 0
[7259] = 0 0
[7260] = 0 0
[7261] = 12699 12699
[7262] = 12669 12669
[7263] = 12640 12640
[7264] = 12609 12609
[7265] = 12580 12580
[7266] = 12550 12550
[7267] = 12520 12520
[7268] = 12491 12491
[7269] = 12461 12461
[7270] = 12431 12431
[7271] = 12402 12402
[7272] = 12372 12372
[7273] = 12343 12343
[7274] = 12313 12313
[7275] = 0 0
[7276] = 0 0
[7277] = 0 0
[7278] = 0 0
[7279] = 0 0
[7280] = 0 0
[7281] = 0 0
[7282] = 0 0
[7283] = 0 0
[7284] = 0 0
[7285] = 0 0
[7286] = 0 0
[7287] = 0 0
[7288] = 0 0
[7289] = 0 0
[7290] = 11838 11838
[7291] = 11808 11808
[7292] = 11779 11779
[7293] = 11749 11749
[7294] = 11719 11719
[7295] = 11690 11690
[7296] = 11660 11660
[7297] = 11630 11630
[7298] = 11601 11601
[7299] = 11571 11571
[7300] = 11542 11542
[7301] = 11512 11512
[7302] = 11482 11482
[7303] = 11453 11453
[7304] = 0 0
[7305] = 0 0
[7306] = 0 0
[7307] = 0 0
[7308] = 0 0
[7309] = 0 0
[7310] = 0 0
[7311] = 0 0
[7312] = 0 0
[7313] = 0 0
[7314] = 0 0
[7315] = 0 0
[7316] = 0 0
[7317] = 0 0
[7318] = 0 0
[7319] = 10978 10978
[7320] = 10948 10948
[7321] = 10918 10918
[7322] = 10889 10889
[7323] = 10859 10859
[7324] = 10829 10829
[7325] = 10800 10800
[7326] = 10770 10770
[7327] = 10741 10741
[7328] = 10711 10711
[7329] = 10681 10681
[7330] = 10652 10652
[7331] = 10621 10621
[7332] = 10592 10592
[7333] = 0 0
[7334] = 0 0
[7335] = 0 0
[7336] = 0 0
[7337] = 0 0
[7338] = 0 0
[7339] = 0 0
[7340] = 0 0
[7341] = 0 0
[7342] = 0 0
[7343] = 0 0
[7344] = 0 0
[7345] = 0 0
[7346] = 0 0
[7347] = 0 0
[7348] = 10117 10117
[7349] = 10088 10088
[7350] = 10058 10058
[7351] = 10028 10028
[7352] = 9998 9998
[7353] = 9969 9969
[7354] = 9940 9940
[7355] = 9909 9909
[7356] = 9880 9880
[7357] = 9850 9850
[7358] = 9820 9820
[7359] = 9791 9791
[7360] = 9761 9761
[7361] = 9732 9732
[7362] = 0 0
[7363] = 0 0
[7364] = 0 0
[7365] = 0 0
[7366] = 0 0
[7367] = 0 0
[7368] = 0 0
[7369] = 0 0
[7370] = 0 0
[7371] = 0 0
[7372] = 0 0
[7373] = 0 0
[7374] = 0 0
[7375] = 0 0
[7376] = 0 0
[7377] = 9257 9257
[7378] = 9228 9228
[7379] = 9197 9197
[7380] = 9168 9168
[7381] = 9138 9138
[7382] = 9108 9108
[7383] = 9079 9079
[7384] = 9049 9049
[7385] = 9019 9019
[7386] = 8990 8990
[7387] = 8960 8960
[7388] = 8931 8931
[7389] = 8901 8901
[7390] = 8871 8871
[7391] = 0 0
[7392] = 0 0
[7393] = 0 0
[7394] = 0 0
[7395] = 0 0
[7396] = 0 0
[7397] = 0 0
[7398] = 0 0
[7399] = 0 0
[7400] = 0 0
[7401] = 0 0
[7402] = 0 0
[7403] = 0 0
[7404] = 0 0
[7405] = 8426 8426
[7406] = 8396 8396
[7407] = 8367 8367
[7408] = 8337 8337
[7409] = 8307 8307
[7410] = 8278 8278
[7411] = 8248 8248
[7412] = 8218 8218
[7413] = 8189 8189
[7414] = 8159 8159
[7415] = 8130 8130
[7416] = 8100 8100
[7417] = 8070 8070
[7418] = 8041 8041
[7419] = 0 0
[7420] = 0 0
[7421] = 0 0
[7422] = 0 0
[7423] = 0 0
[7424] = 0 0
[7425] = 0 0
[7426] = 0 0
[7427] = 0 0
[7428] = 0 0
[7429] = 0 0
[7430] = 0 0
[7431] = 0 0
[7432] = 0 0
[7433] = 0 0
[7434] = 7566 7566
[7435] = 7536 7536
[7436] = 7506 7506
[7437] = 7477 7477
[7438] = 7447 7447
[7439] = 7417 7417
[7440] = 7388 7388
[7441] = 7358 7358
[7442] = 7329 7329
[7443] = 7298 7298
[7444] = 7269 7269
[7445] = 7240 7240
[7446] = 7209 7209
[7447] = 7180 7180
[7448] = 0 0
[7449] = 0 0
[7450] = 0 0
[7451] = 0 0
[7452] = 0 0
[7453] = 0 0
[7454] = 0 0
[7455] = 0 0
[7456] = 0 0
[7457] = 0 0
[7458] = 0 0
[7459] = 0 0
[7460] = 0 0
[7461] = 0 0
[7462] = 0 0
[7463] = 6705 6705
[7464] = 6676 6676
[7465] = 6646 6646
[7466] = 6616 6616
[7467] = 6586 6586
[7468] = 6557 6557
[7469] = 6527 6527
[7470] = 6497 6497
[7471] = 6468 6468
[7472] = 6438 6438
[7473] = 6408 6408
[7474] = 6379 6379
[7475] = 6349 6349
[7476] = 6320 6320
[7477] = 0 0
[7478] = 0 0
[7479] = 0 0
[7480] = 0 0
[7481] = 0 0
[7482] = 0 0
[7483] = 0 0
[7484] = 0 0
[7485] = 0 0
[7486] = 0 0
[7487] = 0 0
[7488] = 0 0
[7489] = 0 0
[7490] = 0 0
[7491] = 0 0
[7492] = 5845 5845
[7493] = 5815 5815
[7494] = 5785 5785
[7495] = 5756 5756
[7496] = 5726 5726
[7497] = 5696 5696
[7498] = 5667 5667
[7499] = 5637 5637
[7500] = 5607 5607
[7501] = 5578 5578
[7502] = 5548 5548
[7503] = 5519 5519
[7504] = 5489 5489
[7505] = 5459 5459
[7506] = 0 0
[7507] = 0 0
[7508] = 0 0
[7509] = 0 0
[7510] = 0 0
[7511] = 0 0
[7512] = 0 0
[7513] = 0 0
[7514] = 0 0
[7515] = 0 0
[7516] = 0 0
[7517] = 0 0
[7518] = 0 0
[7519] = 0 0
[7520] = 0 0
[7521] = 4984 4984
[7522] = 4955 4955
[7523] = 4925 4925
[7524] = 4895 4895
[7525] = 4866 4866
[7526] = 4836 4836
[7527] = 4806 4806
[7528] = 4777 4777
[7529] = 4747 4747
[7530] = 4718 4718
[7531] = 4688 4688
[7532] = 4658 4658
[7533] = 4629 4629
[7534] = 4598 4598
[7535] = 0 0
[7536] = 0 0
[7537] = 0 0
[7538] = 0 0
[7539] = 0 0
[7540] = 0 0
[7541] = 0 0
[7542] = 0 0
[7543] = 0 0
[7544] = 0 0
[7545] = 0 0
[7546] = 0 0
[7547] = 0 0
[7548] = 0 0
[7549] = 0 0
[7550] = 4124 4124
[7551] = 4094 4094
[7552] = 4065 4065
[7553] = 4035 4035
[7554] = 4005 4005
[7555] = 3976 3976
[7556] = 3946 3946
[7557] = 3917 3917
[7558] = 3886 3886
[7559] = 3857 3857
[7560] = 3827 3827
[7561] = 3797 3797
[7562] = 3768 3768
[7563] = 3738 3738
[7564] = 0 0
[7565] = 0 0
[7566] = 0 0
[7567] = 0 0
[7568] = 0 0
[7569] = 0 0
[7570] = 0 0
[7571] = 0 0
[7572] = 0 0
[7573] = 0 0
[7574] = 0 0
[7575] = 0 0
[7576] = 0 0
[7577] = 0 0
[7578] = 0 0
[7579] = 3263 3263
[7580] = 3234 3234
[7581] = 3204 3204
[7582] = 3174 3174
[7583] = 3145 3145
[7584] = 3115 3115
[7585] = 3085 3085
[7586] = 3056 3056
[7587] = 3026 3026
[7588] = 2996 2996
[7589] = 2967 2967
[7590] = 2937 2937
[7591] = 2907 2907
[7592] = 2878 2878
[7593] = 0 0
[7594] = 0 0
[7595] = 0 0
[7596] = 0 0
[7597] = 0 0
[7598] = 0 0
[7599] = 0 0
[7600] = 0 0
[7601] = 0 0
[7602] = 0 0
[7603] = 0 0
[7604] = 0 0
[7605] = 0 0
[7606] = 0 0
[7607] = 0 0
[7608] = 2403 2403
[7609] = 2373 2373
[7610] = 2344 2344
[7611] = 2314 2314
[7612] = 2284 2284
[7613] = 2255 2255
[7614] = 2225 2225
[7615] = 2195 2195
[7616] = 2166 2166
[7617] = 2136 2136
[7618] = 2107 2107
[7619] = 2077 2077
[7620] = 2047 2047
[7621] = 2018 2018
[7622] = 0 0
[7623] = 0 0
[7624] = 0 0
[7625] = 0 0
[7626] = 0 0
[7627] = 0 0
[7628] = 0 0
[7629] = 0 0
[7630] = 0 0
[7631] = 0 0
[7632] = 0 0
[7633] = 0 0
[7634] = 0 0
[7635] = 0 0
[7636] = 0 0
[7637] = 1543 1543
[7638] = 1513 1513
[7639] = 1483 1483
[7640] = 1454 1454
[7641] = 1424 1424
[7642] = 1394 1394
[7643] = 1365 1365
[7644] = 1335 1335
[7645] = 1306 1306
[7646] = 1275 1275
[7647] = 1246 1246
[7648] = 1217 1217
[7649] = 1186 1186
[7650] = 1157 1157
[7651] = 0 0
[7652] = 0 0
[7653] = 0 0
[7654] = 0 0
[7655] = 0 0
[7656] = 0 0
[7657] = 0 0
[7658] = 0 0
[7659] = 0 0
[7660] = 0 0
[7661] = 0 0
[7662] = 0 0
[7663] = 0 0
[7664] = 0 0
[7665] = 0 0
[7666] = 682 682
[7667] = 653 653
[7668] = 623 623
[7669] = 593 593
[7670] = 563 563
[7671] = 534 534
[7672] = 505 505
[7673] = 474 474
[7674] = 445 445
[7675] = 415 415
[7676] = 385 385
[7677] = 356 356
[7678] = 326 326
[7679] = 296 296
[7680] = 0 0
[7681] = 0 0
[7682] = 0 0
[7683] = 0 0
[7684] = 0 0
[7685] = 0 0
[7686] = 0 0
[7687] = 0 0
[7688] = 0 0
[7689] = 0 0
[7690] = 0 0
[7691] = 0 0
[7692] = 0 0
[7693] = 0 0
[7694] = 0 0
[7695] = 0 0
[7696] = 0 0
[7697] = 0 0
[7698] = 0 0
[7699] = 0 0

