[0] = 0 0
[1] = 0 0
[2] = 0 0
[3] = 0 0
[4] = 0 0
[5] = 0 0
[6] = 0 0
[7] = 0 0
[8] = 0 0
[9] = 0 0
[10] = 0 0
[11] = 0 0
[12] = 0 0
[13] = 0 0
[14] = 0 0
[15] = 0 0
[16] = 0 0
[17] = 0 0
[18] = 0 0
[19] = 0 0
[20] = 0 0
[21] = 0 0
[22] = 0 0
[23] = 0 0
[24] = 0 0
[25] = 0 0
[26] = 0 0
[27] = 0 0
[28] = 0 0
[29] = 0 0
[30] = 0 0
[31] = 0 0
[32] = 0 0
[33] = 0 0
[34] = 0 0
[35] = 0 0
[36] = 0 0
[37] = 0 0
[38] = 0 0
[39] = 0 0
[40] = 0 0
[41] = 0 0
[42] = 0 0
[43] = 0 0
[44] = 0 0
[45] = 0 0
[46] = 0 0
[47] = 0 0
[48] = 0 0
[49] = 0 0
[50] = 0 0
[51] = 0 0
[52] = 0 0
[53] = 0 0
[54] = 0 0
[55] = 0 0
[56] = 0 0
[57] = 0 0
[58] = 0 0
[59] = 0 0
[60] = 0 0
[61] = 0 0
[62] = 0 0
[63] = 0 0
[64] = 0 0
[65] = 0 0
[66] = 0 0
[67] = 0 0
[68] = 0 0
[69] = 0 0
[70] = 0 0
[71] = 0 0
[72] = 0 0
[73] = 0 0
[74] = 0 0
[75] = 0 0
[76] = 0 0
[77] = 0 0
[78] = 0 0
[79] = 0 0
[80] = 0 0
[81] = 0 0
[82] = 0 0
[83] = 0 0
[84] = 0 0
[85] = 0 0
[86] = 0 0
[87] = 0 0
[88] = 0 0
[89] = 0 0
[90] = 0 0
[91] = 0 0
[92] = 0 0
[93] = 0 0
[94] = 0 0
[95] = 0 0
[96] = 0 0
[97] = 0 0
[98] = 0 0
[99] = 0 0
[100] = 16 16
[101] = 34 34
[102] = 51 51
[103] = 68 68
[104] = 85 85
[105] = 102 102
[106] = 119 119
[107] = 137 137
[108] = 154 154
[109] = 171 171
[110] = 188 188
[111] = 205 205
[112] = 222 222
[113] = 239 239
[114] = 256 256
[115] = 274 274
[116] = 291 291
[117] = 308 308
[118] = 325 325
[119] = 342 342
[120] = 359 359
[121] = 377 377
[122] = 394 394
[123] = 411 411
[124] = 428 428
[125] = 445 445
[126] = 462 462
[127] = 479 479
[128] = 496 496
[129] = 514 514
[130] = 531 531
[131] = 548 548
[132] = 565 565
[133] = 582 582
[134] = 599 599
[135] = 617 617
[136] = 634 634
[137] = 651 651
[138] = 668 668
[139] = 0 0
[140] = 0 0
[141] = 0 0
[142] = 0 0
[143] = 0 0
[144] = 0 0
[145] = 0 0
[146] = 0 0
[147] = 0 0
[148] = 0 0
[149] = 0 0
[150] = 0 0
[151] = 0 0
[152] = 0 0
[153] = 0 0
[154] = 0 0
[155] = 0 0
[156] = 0 0
[157] = 0 0
[158] = 0 0
[159] = 0 0
[160] = 0 0
[161] = 0 0
[162] = 0 0
[163] = 0 0
[164] = 0 0
[165] = 0 0
[166] = 0 0
[167] = 0 0
[168] = 0 0
[169] = 0 0
[170] = 0 0
[171] = 0 0
[172] = 0 0
[173] = 0 0
[174] = 0 0
[175] = 0 0
[176] = 0 0
[177] = 0 0
[178] = 0 0
[179] = 0 0
[180] = 1388 1388
[181] = 1405 1405
[182] = 1423 1423
[183] = 1439 1439
[184] = 1457 1457
[185] = 1474 1474
[186] = 1491 1491
[187] = 1508 1508
[188] = 1525 1525
[189] = 1542 1542
[190] = 1560 1560
[191] = 1577 1577
[192] = 1594 1594
[193] = 1611 1611
[194] = 1628 1628
[195] = 1645 1645
[196] = 1663 1663
[197] = 1679 1679
[198] = 1697 1697
[199] = 1714 1714
[200] = 1731 1731
[201] = 1748 1748
[202] = 1765 1765
[203] = 1782 1782
[204] = 1800 1800
[205] = 1817 1817
[206] = 1834 1834
[207] = 1851 1851
[208] = 1868 1868
[209] = 1885 1885
[210] = 1903 1903
[211] = 1919 1919
[212] = 1937 1937
[213] = 1954 1954
[214] = 1971 1971
[215] = 1988 1988
[216] = 2005 2005
[217] = 2022 2022
[218] = 2040 2040
[219] = 2057 2057
[220] = 0 0
[221] = 0 0
[222] = 0 0
[223] = 0 0
[224] = 0 0
[225] = 0 0
[226] = 0 0
[227] = 0 0
[228] = 0 0
[229] = 0 0
[230] = 0 0
[231] = 0 0
[232] = 0 0
[233] = 0 0
[234] = 0 0
[235] = 0 0
[236] = 0 0
[237] = 0 0
[238] = 0 0
[239] = 0 0
[240] = 0 0
[241] = 0 0
[242] = 0 0
[243] = 0 0
[244] = 0 0
[245] = 0 0
[246] = 0 0
[247] = 0 0
[248] = 0 0
[249] = 0 0
[250] = 0 0
[251] = 0 0
[252] = 0 0
[253] = 0 0
[254] = 0 0
[255] = 0 0
[256] = 0 0
[257] = 0 0
[258] = 0 0
[259] = 0 0
[260] = 0 0
[261] = 2777 2777
[262] = 2794 2794
[263] = 2811 2811
[264] = 2828 2828
[265] = 2846 2846
[266] = 2863 2863
[267] = 2880 2880
[268] = 2897 2897
[269] = 2914 2914
[270] = 2931 2931
[271] = 2949 2949
[272] = 2965 2965
[273] = 2983 2983
[274] = 3000 3000
[275] = 3017 3017
[276] = 3034 3034
[277] = 3051 3051
[278] = 3068 3068
[279] = 3086 3086
[280] = 3103 3103
[281] = 3120 3120
[282] = 3137 3137
[283] = 3154 3154
[284] = 3171 3171
[285] = 3189 3189
[286] = 3205 3205
[287] = 3223 3223
[288] = 3240 3240
[289] = 3257 3257
[290] = 3274 3274
[291] = 3291 3291
[292] = 3308 3308
[293] = 3326 3326
[294] = 3343 3343
[295] = 3360 3360
[296] = 3377 3377
[297] = 3394 3394
[298] = 3411 3411
[299] = 3429 3429
[300] = 3445 3445
[301] = 3463 3463
[302] = 0 0
[303] = 0 0
[304] = 0 0
[305] = 0 0
[306] = 0 0
[307] = 0 0
[308] = 0 0
[309] = 0 0
[310] = 0 0
[311] = 0 0
[312] = 0 0
[313] = 0 0
[314] = 0 0
[315] = 0 0
[316] = 0 0
[317] = 0 0
[318] = 0 0
[319] = 0 0
[320] = 0 0
[321] = 0 0
[322] = 0 0
[323] = 0 0
[324] = 0 0
[325] = 0 0
[326] = 0 0
[327] = 0 0
[328] = 0 0
[329] = 0 0
[330] = 0 0
[331] = 0 0
[332] = 0 0
[333] = 0 0
[334] = 0 0
[335] = 0 0
[336] = 0 0
[337] = 0 0
[338] = 0 0
[339] = 0 0
[340] = 0 0
[341] = 0 0
[342] = 0 0
[343] = 4183 4183
[344] = 4200 4200
[345] = 4217 4217
[346] = 4234 4234
[347] = 4251 4251
[348] = 4269 4269
[349] = 4286 4286
[350] = 4303 4303
[351] = 4320 4320
[352] = 4337 4337
[353] = 4354 4354
[354] = 4372 4372
[355] = 4388 4388
[356] = 4406 4406
[357] = 4423 4423
[358] = 4440 4440
[359] = 4457 4457
[360] = 4474 4474
[361] = 4491 4491
[362] = 4509 4509
[363] = 4526 4526
[364] = 4543 4543
[365] = 4560 4560
[366] = 4577 4577
[367] = 4594 4594
[368] = 4612 4612
[369] = 4629 4629
[370] = 4646 4646
[371] = 4663 4663
[372] = 4680 4680
[373] = 4698 4698
[374] = 4714 4714
[375] = 4732 4732
[376] = 4749 4749
[377] = 4766 4766
[378] = 4783 4783
[379] = 4800 4800
[380] = 4817 4817
[381] = 4835 4835
[382] = 4852 4852
[383] = 4869 4869
[384] = 0 0
[385] = 0 0
[386] = 0 0
[387] = 0 0
[388] = 0 0
[389] = 0 0
[390] = 0 0
[391] = 0 0
[392] = 0 0
[393] = 0 0
[394] = 0 0
[395] = 0 0
[396] = 0 0
[397] = 0 0
[398] = 0 0
[399] = 0 0
[400] = 0 0
[401] = 0 0
[402] = 0 0
[403] = 0 0
[404] = 0 0
[405] = 0 0
[406] = 0 0
[407] = 0 0
[408] = 0 0
[409] = 0 0
[410] = 0 0
[411] = 0 0
[412] = 0 0
[413] = 0 0
[414] = 0 0
[415] = 0 0
[416] = 0 0
[417] = 0 0
[418] = 0 0
[419] = 0 0
[420] = 0 0
[421] = 0 0
[422] = 0 0
[423] = 0 0
[424] = 0 0
[425] = 5589 5589
[426] = 5606 5606
[427] = 5623 5623
[428] = 5640 5640
[429] = 5658 5658
[430] = 5674 5674
[431] = 5692 5692
[432] = 5709 5709
[433] = 5726 5726
[434] = 5743 5743
[435] = 5760 5760
[436] = 5778 5778
[437] = 5795 5795
[438] = 5812 5812
[439] = 5829 5829
[440] = 5846 5846
[441] = 5863 5863
[442] = 5881 5881
[443] = 5898 5898
[444] = 5915 5915
[445] = 5932 5932
[446] = 5949 5949
[447] = 5966 5966
[448] = 5984 5984
[449] = 6000 6000
[450] = 6018 6018
[451] = 6035 6035
[452] = 6052 6052
[453] = 6069 6069
[454] = 6086 6086
[455] = 6103 6103
[456] = 6121 6121
[457] = 6138 6138
[458] = 6155 6155
[459] = 6172 6172
[460] = 6189 6189
[461] = 6206 6206
[462] = 6224 6224
[463] = 6240 6240
[464] = 6258 6258
[465] = 0 0
[466] = 0 0
[467] = 0 0
[468] = 0 0
[469] = 0 0
[470] = 0 0
[471] = 0 0
[472] = 0 0
[473] = 0 0
[474] = 0 0
[475] = 0 0
[476] = 0 0
[477] = 0 0
[478] = 0 0
[479] = 0 0
[480] = 0 0
[481] = 0 0
[482] = 0 0
[483] = 0 0
[484] = 0 0
[485] = 0 0
[486] = 0 0
[487] = 0 0
[488] = 0 0
[489] = 0 0
[490] = 0 0
[491] = 0 0
[492] = 0 0
[493] = 0 0
[494] = 0 0
[495] = 0 0
[496] = 0 0
[497] = 0 0
[498] = 0 0
[499] = 0 0
[500] = 0 0
[501] = 0 0
[502] = 0 0
[503] = 0 0
[504] = 0 0
[505] = 0 0
[506] = 6978 6978
[507] = 6995 6995
[508] = 7012 7012
[509] = 7029 7029
[510] = 7046 7046
[511] = 7064 7064
[512] = 7081 7081
[513] = 7098 7098
[514] = 7115 7115
[515] = 7132 7132
[516] = 7149 7149
[517] = 7167 7167
[518] = 7183 7183
[519] = 7201 7201
[520] = 7218 7218
[521] = 7235 7235
[522] = 7252 7252
[523] = 7269 7269
[524] = 7286 7286
[525] = 7304 7304
[526] = 7321 7321
[527] = 7338 7338
[528] = 7355 7355
[529] = 7372 7372
[530] = 7389 7389
[531] = 7407 7407
[532] = 7423 7423
[533] = 7441 7441
[534] = 7458 7458
[535] = 7475 7475
[536] = 7492 7492
[537] = 7509 7509
[538] = 7526 7526
[539] = 7544 7544
[540] = 7561 7561
[541] = 7578 7578
[542] = 7595 7595
[543] = 7612 7612
[544] = 7629 7629
[545] = 7647 7647
[546] = 7663 7663
[547] = 0 0
[548] = 0 0
[549] = 0 0
[550] = 0 0
[551] = 0 0
[552] = 0 0
[553] = 0 0
[554] = 0 0
[555] = 0 0
[556] = 0 0
[557] = 0 0
[558] = 0 0
[559] = 0 0
[560] = 0 0
[561] = 0 0
[562] = 0 0
[563] = 0 0
[564] = 0 0
[565] = 0 0
[566] = 0 0
[567] = 0 0
[568] = 0 0
[569] = 0 0
[570] = 0 0
[571] = 0 0
[572] = 0 0
[573] = 0 0
[574] = 0 0
[575] = 0 0
[576] = 0 0
[577] = 0 0
[578] = 0 0
[579] = 0 0
[580] = 0 0
[581] = 0 0
[582] = 0 0
[583] = 0 0
[584] = 0 0
[585] = 0 0
[586] = 0 0
[587] = 0 0
[588] = 8384 8384
[589] = 8401 8401
[590] = 8418 8418
[591] = 8435 8435
[592] = 8453 8453
[593] = 8469 8469
[594] = 8487 8487
[595] = 8504 8504
[596] = 8521 8521
[597] = 8538 8538
[598] = 8555 8555
[599] = 8572 8572
[600] = 8590 8590
[601] = 8607 8607
[602] = 8624 8624
[603] = 8641 8641
[604] = 8658 8658
[605] = 8675 8675
[606] = 8693 8693
[607] = 8709 8709
[608] = 8727 8727
[609] = 8744 8744
[610] = 8761 8761
[611] = 8778 8778
[612] = 8795 8795
[613] = 8812 8812
[614] = 8830 8830
[615] = 8847 8847
[616] = 8864 8864
[617] = 8881 8881
[618] = 8898 8898
[619] = 8915 8915
[620] = 8933 8933
[621] = 8949 8949
[622] = 8967 8967
[623] = 8984 8984
[624] = 9001 9001
[625] = 9018 9018
[626] = 9035 9035
[627] = 9052 9052
[628] = 9070 9070
[629] = 0 0
[630] = 0 0
[631] = 0 0
[632] = 0 0
[633] = 0 0
[634] = 0 0
[635] = 0 0
[636] = 0 0
[637] = 0 0
[638] = 0 0
[639] = 0 0
[640] = 0 0
[641] = 0 0
[642] = 0 0
[643] = 0 0
[644] = 0 0
[645] = 0 0
[646] = 0 0
[647] = 0 0
[648] = 0 0
[649] = 0 0
[650] = 0 0
[651] = 0 0
[652] = 0 0
[653] = 0 0
[654] = 0 0
[655] = 0 0
[656] = 0 0
[657] = 0 0
[658] = 0 0
[659] = 0 0
[660] = 0 0
[661] = 0 0
[662] = 0 0
[663] = 0 0
[664] = 0 0
[665] = 0 0
[666] = 0 0
[667] = 0 0
[668] = 0 0
[669] = 0 0
[670] = 9790 9790
[671] = 9807 9807
[672] = 9824 9824
[673] = 9841 9841
[674] = 9858 9858
[675] = 9876 9876
[676] = 9893 9893
[677] = 9910 9910
[678] = 9927 9927
[679] = 9944 9944
[680] = 9961 9961
[681] = 9978 9978
[682] = 9995 9995
[683] = 10013 10013
[684] = 10030 10030
[685] = 10047 10047
[686] = 10064 10064
[687] = 10081 10081
[688] = 10098 10098
[689] = 10116 10116
[690] = 10133 10133
[691] = 10150 10150
[692] = 10167 10167
[693] = 10184 10184
[694] = 10201 10201
[695] = 10218 10218
[696] = 10235 10235
[697] = 10253 10253
[698] = 10270 10270
[699] = 10287 10287
[700] = 10304 10304
[701] = 10321 10321
[702] = 10338 10338
[703] = 10356 10356
[704] = 10373 10373
[705] = 10390 10390
[706] = 10407 10407
[707] = 10424 10424
[708] = 10442 10442
[709] = 10458 10458
[710] = 10476 10476
[711] = 0 0
[712] = 0 0
[713] = 0 0
[714] = 0 0
[715] = 0 0
[716] = 0 0
[717] = 0 0
[718] = 0 0
[719] = 0 0
[720] = 0 0
[721] = 0 0
[722] = 0 0
[723] = 0 0
[724] = 0 0
[725] = 0 0
[726] = 0 0
[727] = 0 0
[728] = 0 0
[729] = 0 0
[730] = 0 0
[731] = 0 0
[732] = 0 0
[733] = 0 0
[734] = 0 0
[735] = 0 0
[736] = 0 0
[737] = 0 0
[738] = 0 0
[739] = 0 0
[740] = 0 0
[741] = 0 0
[742] = 0 0
[743] = 0 0
[744] = 0 0
[745] = 0 0
[746] = 0 0
[747] = 0 0
[748] = 0 0
[749] = 0 0
[750] = 0 0
[751] = 0 0
[752] = 11196 11196
[753] = 11213 11213
[754] = 11230 11230
[755] = 11247 11247
[756] = 11264 11264
[757] = 11281 11281
[758] = 11299 11299
[759] = 11316 11316
[760] = 11333 11333
[761] = 11350 11350
[762] = 11367 11367
[763] = 11384 11384
[764] = 11402 11402
[765] = 11418 11418
[766] = 11436 11436
[767] = 11453 11453
[768] = 11470 11470
[769] = 11487 11487
[770] = 11504 11504
[771] = 11522 11522
[772] = 11539 11539
[773] = 11556 11556
[774] = 11573 11573
[775] = 11590 11590
[776] = 11607 11607
[777] = 11625 11625
[778] = 11642 11642
[779] = 11659 11659
[780] = 11676 11676
[781] = 11693 11693
[782] = 11710 11710
[783] = 11728 11728
[784] = 11744 11744
[785] = 11762 11762
[786] = 11779 11779
[787] = 11796 11796
[788] = 11813 11813
[789] = 11830 11830
[790] = 11847 11847
[791] = 11865 11865
[792] = 0 0
[793] = 0 0
[794] = 0 0
[795] = 0 0
[796] = 0 0
[797] = 0 0
[798] = 0 0
[799] = 0 0
[800] = 0 0
[801] = 0 0
[802] = 0 0
[803] = 0 0
[804] = 0 0
[805] = 0 0
[806] = 0 0
[807] = 0 0
[808] = 0 0
[809] = 0 0
[810] = 0 0
[811] = 0 0
[812] = 0 0
[813] = 0 0
[814] = 0 0
[815] = 0 0
[816] = 0 0
[817] = 0 0
[818] = 0 0
[819] = 0 0
[820] = 0 0
[821] = 0 0
[822] = 0 0
[823] = 0 0
[824] = 0 0
[825] = 0 0
[826] = 0 0
[827] = 0 0
[828] = 0 0
[829] = 0 0
[830] = 0 0
[831] = 0 0
[832] = 0 0
[833] = 12585 12585
[834] = 12602 12602
[835] = 12619 12619
[836] = 12636 12636
[837] = 12653 12653
[838] = 12670 12670
[839] = 12688 12688
[840] = 12705 12705
[841] = 12722 12722
[842] = 12739 12739
[843] = 12756 12756
[844] = 12773 12773
[845] = 12790 12790
[846] = 12808 12808
[847] = 12825 12825
[848] = 12842 12842
[849] = 12859 12859
[850] = 12876 12876
[851] = 12893 12893
[852] = 12911 12911
[853] = 12928 12928
[854] = 12945 12945
[855] = 12962 12962
[856] = 12979 12979
[857] = 12996 12996
[858] = 13013 13013
[859] = 13030 13030
[860] = 13048 13048
[861] = 13065 13065
[862] = 13082 13082
[863] = 13099 13099
[864] = 13116 13116
[865] = 13133 13133
[866] = 13151 13151
[867] = 13168 13168
[868] = 13185 13185
[869] = 13202 13202
[870] = 13219 13219
[871] = 13236 13236
[872] = 13253 13253
[873] = 13270 13270
[874] = 0 0
[875] = 0 0
[876] = 0 0
[877] = 0 0
[878] = 0 0
[879] = 0 0
[880] = 0 0
[881] = 0 0
[882] = 0 0
[883] = 0 0
[884] = 0 0
[885] = 0 0
[886] = 0 0
[887] = 0 0
[888] = 0 0
[889] = 0 0
[890] = 0 0
[891] = 0 0
[892] = 0 0
[893] = 0 0
[894] = 0 0
[895] = 0 0
[896] = 0 0
[897] = 0 0
[898] = 0 0
[899] = 0 0
[900] = 0 0
[901] = 0 0
[902] = 0 0
[903] = 0 0
[904] = 0 0
[905] = 0 0
[906] = 0 0
[907] = 0 0
[908] = 0 0
[909] = 0 0
[910] = 0 0
[911] = 0 0
[912] = 0 0
[913] = 0 0
[914] = 0 0
[915] = 13991 13991
[916] = 14008 14008
[917] = 14025 14025
[918] = 14042 14042
[919] = 14059 14059
[920] = 14076 14076
[921] = 14094 14094
[922] = 14111 14111
[923] = 14128 14128
[924] = 14145 14145
[925] = 14162 14162
[926] = 14179 14179
[927] = 14197 14197
[928] = 14213 14213
[929] = 14231 14231
[930] = 14248 14248
[931] = 14265 14265
[932] = 14282 14282
[933] = 14299 14299
[934] = 14316 14316
[935] = 14334 14334
[936] = 14351 14351
[937] = 14368 14368
[938] = 14385 14385
[939] = 14402 14402
[940] = 14419 14419
[941] = 14437 14437
[942] = 14453 14453
[943] = 14471 14471
[944] = 14488 14488
[945] = 14505 14505
[946] = 14522 14522
[947] = 14539 14539
[948] = 14556 14556
[949] = 14574 14574
[950] = 14591 14591
[951] = 14608 14608
[952] = 14625 14625
[953] = 14642 14642
[954] = 14659 14659
[955] = 14677 14677
[956] = 0 0
[957] = 0 0
[958] = 0 0
[959] = 0 0
[960] = 0 0
[961] = 0 0
[962] = 0 0
[963] = 0 0
[964] = 0 0
[965] = 0 0
[966] = 0 0
[967] = 0 0
[968] = 0 0
[969] = 0 0
[970] = 0 0
[971] = 0 0
[972] = 0 0
[973] = 0 0
[974] = 0 0
[975] = 0 0
[976] = 0 0
[977] = 0 0
[978] = 0 0
[979] = 0 0
[980] = 0 0
[981] = 0 0
[982] = 0 0
[983] = 0 0
[984] = 0 0
[985] = 0 0
[986] = 0 0
[987] = 0 0
[988] = 0 0
[989] = 0 0
[990] = 0 0
[991] = 0 0
[992] = 0 0
[993] = 0 0
[994] = 0 0
[995] = 0 0
[996] = 0 0
[997] = 15397 15397
[998] = 15414 15414
[999] = 15431 15431
[1000] = 15448 15448
[1001] = 15465 15465
[1002] = 15483 15483
[1003] = 15499 15499
[1004] = 15517 15517
[1005] = 15534 15534
[1006] = 15551 15551
[1007] = 15568 15568
[1008] = 15585 15585
[1009] = 15602 15602
[1010] = 15620 15620
[1011] = 15637 15637
[1012] = 15654 15654
[1013] = 15671 15671
[1014] = 15688 15688
[1015] = 15705 15705
[1016] = 15723 15723
[1017] = 15739 15739
[1018] = 15757 15757
[1019] = 15774 15774
[1020] = 15791 15791
[1021] = 15808 15808
[1022] = 15825 15825
[1023] = 15842 15842
[1024] = 15860 15860
[1025] = 15877 15877
[1026] = 15894 15894
[1027] = 15911 15911
[1028] = 15928 15928
[1029] = 15945 15945
[1030] = 15963 15963
[1031] = 15979 15979
[1032] = 15997 15997
[1033] = 16014 16014
[1034] = 16031 16031
[1035] = 16048 16048
[1036] = 16065 16065
[1037] = 16082 16082
[1038] = 0 0
[1039] = 0 0
[1040] = 0 0
[1041] = 0 0
[1042] = 0 0
[1043] = 0 0
[1044] = 0 0
[1045] = 0 0
[1046] = 0 0
[1047] = 0 0
[1048] = 0 0
[1049] = 0 0
[1050] = 0 0
[1051] = 0 0
[1052] = 0 0
[1053] = 0 0
[1054] = 0 0
[1055] = 0 0
[1056] = 0 0
[1057] = 0 0
[1058] = 0 0
[1059] = 0 0
[1060] = 0 0
[1061] = 0 0
[1062] = 0 0
[1063] = 0 0
[1064] = 0 0
[1065] = 0 0
[1066] = 0 0
[1067] = 0 0
[1068] = 0 0
[1069] = 0 0
[1070] = 0 0
[1071] = 0 0
[1072] = 0 0
[1073] = 0 0
[1074] = 0 0
[1075] = 0 0
[1076] = 0 0
[1077] = 0 0
[1078] = 0 0
[1079] = 16803 16803
[1080] = 16820 16820
[1081] = 16837 16837
[1082] = 16854 16854
[1083] = 16871 16871
[1084] = 16888 16888
[1085] = 16906 16906
[1086] = 16922 16922
[1087] = 16940 16940
[1088] = 16957 16957
[1089] = 16974 16974
[1090] = 16991 16991
[1091] = 17008 17008
[1092] = 17025 17025
[1093] = 17043 17043
[1094] = 17060 17060
[1095] = 17077 17077
[1096] = 17094 17094
[1097] = 17111 17111
[1098] = 17128 17128
[1099] = 17146 17146
[1100] = 17162 17162
[1101] = 17180 17180
[1102] = 17197 17197
[1103] = 17214 17214
[1104] = 17231 17231
[1105] = 17248 17248
[1106] = 17265 17265
[1107] = 17283 17283
[1108] = 17300 17300
[1109] = 17317 17317
[1110] = 17334 17334
[1111] = 17351 17351
[1112] = 17369 17369
[1113] = 17386 17386
[1114] = 17403 17403
[1115] = 17420 17420
[1116] = 17437 17437
[1117] = 17454 17454
[1118] = 17472 17472
[1119] = 0 0
[1120] = 0 0
[1121] = 0 0
[1122] = 0 0
[1123] = 0 0
[1124] = 0 0
[1125] = 0 0
[1126] = 0 0
[1127] = 0 0
[1128] = 0 0
[1129] = 0 0
[1130] = 0 0
[1131] = 0 0
[1132] = 0 0
[1133] = 0 0
[1134] = 0 0
[1135] = 0 0
[1136] = 0 0
[1137] = 0 0
[1138] = 0 0
[1139] = 0 0
[1140] = 0 0
[1141] = 0 0
[1142] = 0 0
[1143] = 0 0
[1144] = 0 0
[1145] = 0 0
[1146] = 0 0
[1147] = 0 0
[1148] = 0 0
[1149] = 0 0
[1150] = 0 0
[1151] = 0 0
[1152] = 0 0
[1153] = 0 0
[1154] = 0 0
[1155] = 0 0
[1156] = 0 0
[1157] = 0 0
[1158] = 0 0
[1159] = 0 0
[1160] = 18192 18192
[1161] = 18208 18208
[1162] = 18226 18226
[1163] = 18243 18243
[1164] = 18260 18260
[1165] = 18277 18277
[1166] = 18294 18294
[1167] = 18311 18311
[1168] = 18329 18329
[1169] = 18346 18346
[1170] = 18363 18363
[1171] = 18380 18380
[1172] = 18397 18397
[1173] = 18414 18414
[1174] = 18432 18432
[1175] = 18449 18449
[1176] = 18466 18466
[1177] = 18483 18483
[1178] = 18500 18500
[1179] = 18518 18518
[1180] = 18534 18534
[1181] = 18552 18552
[1182] = 18569 18569
[1183] = 18586 18586
[1184] = 18603 18603
[1185] = 18620 18620
[1186] = 18637 18637
[1187] = 18655 18655
[1188] = 18672 18672
[1189] = 18689 18689
[1190] = 18706 18706
[1191] = 18723 18723
[1192] = 18740 18740
[1193] = 18758 18758
[1194] = 18774 18774
[1195] = 18792 18792
[1196] = 18809 18809
[1197] = 18826 18826
[1198] = 18843 18843
[1199] = 18860 18860
[1200] = 18877 18877
[1201] = 0 0
[1202] = 0 0
[1203] = 0 0
[1204] = 0 0
[1205] = 0 0
[1206] = 0 0
[1207] = 0 0
[1208] = 0 0
[1209] = 0 0
[1210] = 0 0
[1211] = 0 0
[1212] = 0 0
[1213] = 0 0
[1214] = 0 0
[1215] = 0 0
[1216] = 0 0
[1217] = 0 0
[1218] = 0 0
[1219] = 0 0
[1220] = 0 0
[1221] = 0 0
[1222] = 0 0
[1223] = 0 0
[1224] = 0 0
[1225] = 0 0
[1226] = 0 0
[1227] = 0 0
[1228] = 0 0
[1229] = 0 0
[1230] = 0 0
[1231] = 0 0
[1232] = 0 0
[1233] = 0 0
[1234] = 0 0
[1235] = 0 0
[1236] = 0 0
[1237] = 0 0
[1238] = 0 0
[1239] = 0 0
[1240] = 0 0
[1241] = 0 0
[1242] = 19598 19598
[1243] = 19615 19615
[1244] = 19632 19632
[1245] = 19649 19649
[1246] = 19666 19666
[1247] = 19683 19683
[1248] = 19701 19701
[1249] = 19717 19717
[1250] = 19735 19735
[1251] = 19752 19752
[1252] = 19769 19769
[1253] = 19786 19786
[1254] = 19803 19803
[1255] = 19820 19820
[1256] = 19838 19838
[1257] = 19855 19855
[1258] = 19872 19872
[1259] = 19889 19889
[1260] = 19906 19906
[1261] = 19923 19923
[1262] = 19941 19941
[1263] = 19957 19957
[1264] = 19975 19975
[1265] = 19992 19992
[1266] = 20009 20009
[1267] = 20026 20026
[1268] = 20043 20043
[1269] = 20060 20060
[1270] = 20078 20078
[1271] = 20095 20095
[1272] = 20112 20112
[1273] = 20129 20129
[1274] = 20146 20146
[1275] = 20163 20163
[1276] = 20181 20181
[1277] = 20197 20197
[1278] = 20215 20215
[1279] = 20232 20232
[1280] = 20249 20249
[1281] = 20266 20266
[1282] = 20283 20283
[1283] = 0 0
[1284] = 0 0
[1285] = 0 0
[1286] = 0 0
[1287] = 0 0
[1288] = 0 0
[1289] = 0 0
[1290] = 0 0
[1291] = 0 0
[1292] = 0 0
[1293] = 0 0
[1294] = 0 0
[1295] = 0 0
[1296] = 0 0
[1297] = 0 0
[1298] = 0 0
[1299] = 0 0
[1300] = 0 0
[1301] = 0 0
[1302] = 0 0
[1303] = 0 0
[1304] = 0 0
[1305] = 0 0
[1306] = 0 0
[1307] = 0 0
[1308] = 0 0
[1309] = 0 0
[1310] = 0 0
[1311] = 0 0
[1312] = 0 0
[1313] = 0 0
[1314] = 0 0
[1315] = 0 0
[1316] = 0 0
[1317] = 0 0
[1318] = 0 0
[1319] = 0 0
[1320] = 0 0
[1321] = 0 0
[1322] = 0 0
[1323] = 0 0
[1324] = 21003 21003
[1325] = 21021 21021
[1326] = 21038 21038
[1327] = 21055 21055
[1328] = 21072 21072
[1329] = 21089 21089
[1330] = 21106 21106
[1331] = 21124 21124
[1332] = 21141 21141
[1333] = 21158 21158
[1334] = 21175 21175
[1335] = 21192 21192
[1336] = 21209 21209
[1337] = 21227 21227
[1338] = 21243 21243
[1339] = 21261 21261
[1340] = 21278 21278
[1341] = 21295 21295
[1342] = 21312 21312
[1343] = 21329 21329
[1344] = 21346 21346
[1345] = 21364 21364
[1346] = 21381 21381
[1347] = 21398 21398
[1348] = 21415 21415
[1349] = 21432 21432
[1350] = 21449 21449
[1351] = 21467 21467
[1352] = 21483 21483
[1353] = 21501 21501
[1354] = 21518 21518
[1355] = 21535 21535
[1356] = 21552 21552
[1357] = 21569 21569
[1358] = 21586 21586
[1359] = 21604 21604
[1360] = 21621 21621
[1361] = 21638 21638
[1362] = 21655 21655
[1363] = 21672 21672
[1364] = 21689 21689
[1365] = 0 0
[1366] = 0 0
[1367] = 0 0
[1368] = 0 0
[1369] = 0 0
[1370] = 0 0
[1371] = 0 0
[1372] = 0 0
[1373] = 0 0
[1374] = 0 0
[1375] = 0 0
[1376] = 0 0
[1377] = 0 0
[1378] = 0 0
[1379] = 0 0
[1380] = 0 0
[1381] = 0 0
[1382] = 0 0
[1383] = 0 0
[1384] = 0 0
[1385] = 0 0
[1386] = 0 0
[1387] = 0 0
[1388] = 0 0
[1389] = 0 0
[1390] = 0 0
[1391] = 0 0
[1392] = 0 0
[1393] = 0 0
[1394] = 0 0
[1395] = 0 0
[1396] = 0 0
[1397] = 0 0
[1398] = 0 0
[1399] = 0 0
[1400] = 0 0
[1401] = 0 0
[1402] = 0 0
[1403] = 0 0
[1404] = 0 0
[1405] = 0 0
[1406] = 22410 22410
[1407] = 22427 22427
[1408] = 22444 22444
[1409] = 22461 22461
[1410] = 22478 22478
[1411] = 22495 22495
[1412] = 22512 22512
[1413] = 22529 22529
[1414] = 22547 22547
[1415] = 22564 22564
[1416] = 22581 22581
[1417] = 22598 22598
[1418] = 22615 22615
[1419] = 22632 22632
[1420] = 22650 22650
[1421] = 22667 22667
[1422] = 22684 22684
[1423] = 22701 22701
[1424] = 22718 22718
[1425] = 22735 22735
[1426] = 22752 22752
[1427] = 22769 22769
[1428] = 22787 22787
[1429] = 22804 22804
[1430] = 22821 22821
[1431] = 22838 22838
[1432] = 22855 22855
[1433] = 22872 22872
[1434] = 22890 22890
[1435] = 22906 22906
[1436] = 22924 22924
[1437] = 22941 22941
[1438] = 22958 22958
[1439] = 22975 22975
[1440] = 22992 22992
[1441] = 23009 23009
[1442] = 23027 23027
[1443] = 23044 23044
[1444] = 23061 23061
[1445] = 23078 23078
[1446] = 0 0
[1447] = 0 0
[1448] = 0 0
[1449] = 0 0
[1450] = 0 0
[1451] = 0 0
[1452] = 0 0
[1453] = 0 0
[1454] = 0 0
[1455] = 0 0
[1456] = 0 0
[1457] = 0 0
[1458] = 0 0
[1459] = 0 0
[1460] = 0 0
[1461] = 0 0
[1462] = 0 0
[1463] = 0 0
[1464] = 0 0
[1465] = 0 0
[1466] = 0 0
[1467] = 0 0
[1468] = 0 0
[1469] = 0 0
[1470] = 0 0
[1471] = 0 0
[1472] = 0 0
[1473] = 0 0
[1474] = 0 0
[1475] = 0 0
[1476] = 0 0
[1477] = 0 0
[1478] = 0 0
[1479] = 0 0
[1480] = 0 0
[1481] = 0 0
[1482] = 0 0
[1483] = 0 0
[1484] = 0 0
[1485] = 0 0
[1486] = 0 0
[1487] = 23798 23798
[1488] = 23815 23815
[1489] = 23833 23833
[1490] = 23850 23850
[1491] = 23867 23867
[1492] = 23884 23884
[1493] = 23901 23901
[1494] = 23918 23918
[1495] = 23936 23936
[1496] = 23952 23952
[1497] = 23970 23970
[1498] = 23987 23987
[1499] = 24004 24004
[1500] = 24021 24021
[1501] = 24038 24038
[1502] = 24055 24055
[1503] = 24073 24073
[1504] = 24090 24090
[1505] = 24107 24107
[1506] = 24124 24124
[1507] = 24141 24141
[1508] = 24158 24158
[1509] = 24176 24176
[1510] = 24192 24192
[1511] = 24210 24210
[1512] = 24227 24227
[1513] = 24244 24244
[1514] = 24262 24262
[1515] = 24278 24278
[1516] = 24296 24296
[1517] = 24313 24313
[1518] = 24330 24330
[1519] = 24347 24347
[1520] = 24364 24364
[1521] = 24381 24381
[1522] = 24399 24399
[1523] = 24416 24416
[1524] = 24433 24433
[1525] = 24450 24450
[1526] = 24467 24467
[1527] = 24484 24484
[1528] = 0 0
[1529] = 0 0
[1530] = 0 0
[1531] = 0 0
[1532] = 0 0
[1533] = 0 0
[1534] = 0 0
[1535] = 0 0
[1536] = 0 0
[1537] = 0 0
[1538] = 0 0
[1539] = 0 0
[1540] = 0 0
[1541] = 0 0
[1542] = 0 0
[1543] = 0 0
[1544] = 0 0
[1545] = 0 0
[1546] = 0 0
[1547] = 0 0
[1548] = 0 0
[1549] = 0 0
[1550] = 0 0
[1551] = 0 0
[1552] = 0 0
[1553] = 0 0
[1554] = 0 0
[1555] = 0 0
[1556] = 0 0
[1557] = 0 0
[1558] = 0 0
[1559] = 0 0
[1560] = 0 0
[1561] = 0 0
[1562] = 0 0
[1563] = 0 0
[1564] = 0 0
[1565] = 0 0
[1566] = 0 0
[1567] = 0 0
[1568] = 0 0
[1569] = 25204 25204
[1570] = 25222 25222
[1571] = 25238 25238
[1572] = 25256 25256
[1573] = 25273 25273
[1574] = 25290 25290
[1575] = 25307 25307
[1576] = 25324 25324
[1577] = 25341 25341
[1578] = 25359 25359
[1579] = 25376 25376
[1580] = 25393 25393
[1581] = 25410 25410
[1582] = 25427 25427
[1583] = 25445 25445
[1584] = 25462 25462
[1585] = 25479 25479
[1586] = 25496 25496
[1587] = 25513 25513
[1588] = 25530 25530
[1589] = 25547 25547
[1590] = 25564 25564
[1591] = 25582 25582
[1592] = 25599 25599
[1593] = 25616 25616
[1594] = 25633 25633
[1595] = 25650 25650
[1596] = 25667 25667
[1597] = 25685 25685
[1598] = 25702 25702
[1599] = 25719 25719
[1600] = 25736 25736
[1601] = 25753 25753
[1602] = 25770 25770
[1603] = 25787 25787
[1604] = 25804 25804
[1605] = 25822 25822
[1606] = 25839 25839
[1607] = 25856 25856
[1608] = 25873 25873
[1609] = 25890 25890
[1610] = 0 0
[1611] = 0 0
[1612] = 0 0
[1613] = 0 0
[1614] = 0 0
[1615] = 0 0
[1616] = 0 0
[1617] = 0 0
[1618] = 0 0
[1619] = 0 0
[1620] = 0 0
[1621] = 0 0
[1622] = 0 0
[1623] = 0 0
[1624] = 0 0
[1625] = 0 0
[1626] = 0 0
[1627] = 0 0
[1628] = 0 0
[1629] = 0 0
[1630] = 0 0
[1631] = 0 0
[1632] = 0 0
[1633] = 0 0
[1634] = 0 0
[1635] = 0 0
[1636] = 0 0
[1637] = 0 0
[1638] = 0 0
[1639] = 0 0
[1640] = 0 0
[1641] = 0 0
[1642] = 0 0
[1643] = 0 0
[1644] = 0 0
[1645] = 0 0
[1646] = 0 0
[1647] = 0 0
[1648] = 0 0
[1649] = 0 0
[1650] = 0 0
[1651] = 26610 26610
[1652] = 26628 26628
[1653] = 26645 26645
[1654] = 26662 26662
[1655] = 26679 26679
[1656] = 26696 26696
[1657] = 26713 26713
[1658] = 26731 26731
[1659] = 26747 26747
[1660] = 26765 26765
[1661] = 26782 26782
[1662] = 26799 26799
[1663] = 26816 26816
[1664] = 26833 26833
[1665] = 26850 26850
[1666] = 26868 26868
[1667] = 26885 26885
[1668] = 26902 26902
[1669] = 26919 26919
[1670] = 26936 26936
[1671] = 26953 26953
[1672] = 26971 26971
[1673] = 26987 26987
[1674] = 27005 27005
[1675] = 27022 27022
[1676] = 27039 27039
[1677] = 27056 27056
[1678] = 27073 27073
[1679] = 27090 27090
[1680] = 27108 27108
[1681] = 27125 27125
[1682] = 27142 27142
[1683] = 27159 27159
[1684] = 27176 27176
[1685] = 27193 27193
[1686] = 27211 27211
[1687] = 27227 27227
[1688] = 27245 27245
[1689] = 27262 27262
[1690] = 27279 27279
[1691] = 0 0
[1692] = 0 0
[1693] = 0 0
[1694] = 0 0
[1695] = 0 0
[1696] = 0 0
[1697] = 0 0
[1698] = 0 0
[1699] = 0 0
[1700] = 0 0
[1701] = 0 0
[1702] = 0 0
[1703] = 0 0
[1704] = 0 0
[1705] = 0 0
[1706] = 0 0
[1707] = 0 0
[1708] = 0 0
[1709] = 0 0
[1710] = 0 0
[1711] = 0 0
[1712] = 0 0
[1713] = 0 0
[1714] = 0 0
[1715] = 0 0
[1716] = 0 0
[1717] = 0 0
[1718] = 0 0
[1719] = 0 0
[1720] = 0 0
[1721] = 0 0
[1722] = 0 0
[1723] = 0 0
[1724] = 0 0
[1725] = 0 0
[1726] = 0 0
[1727] = 0 0
[1728] = 0 0
[1729] = 0 0
[1730] = 0 0
[1731] = 0 0
[1732] = 27999 27999
[1733] = 28017 28017
[1734] = 28033 28033
[1735] = 28051 28051
[1736] = 28068 28068
[1737] = 28085 28085
[1738] = 28102 28102
[1739] = 28119 28119
[1740] = 28136 28136
[1741] = 28154 28154
[1742] = 28171 28171
[1743] = 28188 28188
[1744] = 28205 28205
[1745] = 28222 28222
[1746] = 28239 28239
[1747] = 28257 28257
[1748] = 28273 28273
[1749] = 28291 28291
[1750] = 28308 28308
[1751] = 28325 28325
[1752] = 28342 28342
[1753] = 28359 28359
[1754] = 28376 28376
[1755] = 28394 28394
[1756] = 28411 28411
[1757] = 28428 28428
[1758] = 28445 28445
[1759] = 28462 28462
[1760] = 28479 28479
[1761] = 28497 28497
[1762] = 28513 28513
[1763] = 28531 28531
[1764] = 28548 28548
[1765] = 28565 28565
[1766] = 28582 28582
[1767] = 28599 28599
[1768] = 28616 28616
[1769] = 28634 28634
[1770] = 28651 28651
[1771] = 28668 28668
[1772] = 28685 28685
[1773] = 0 0
[1774] = 0 0
[1775] = 0 0
[1776] = 0 0
[1777] = 0 0
[1778] = 0 0
[1779] = 0 0
[1780] = 0 0
[1781] = 0 0
[1782] = 0 0
[1783] = 0 0
[1784] = 0 0
[1785] = 0 0
[1786] = 0 0
[1787] = 0 0
[1788] = 0 0
[1789] = 0 0
[1790] = 0 0
[1791] = 0 0
[1792] = 0 0
[1793] = 0 0
[1794] = 0 0
[1795] = 0 0
[1796] = 0 0
[1797] = 0 0
[1798] = 0 0
[1799] = 0 0
[1800] = 0 0
[1801] = 0 0
[1802] = 0 0
[1803] = 0 0
[1804] = 0 0
[1805] = 0 0
[1806] = 0 0
[1807] = 0 0
[1808] = 0 0
[1809] = 0 0
[1810] = 0 0
[1811] = 0 0
[1812] = 0 0
[1813] = 0 0
[1814] = 29405 29405
[1815] = 29422 29422
[1816] = 29440 29440
[1817] = 29456 29456
[1818] = 29474 29474
[1819] = 29491 29491
[1820] = 29508 29508
[1821] = 29525 29525
[1822] = 29542 29542
[1823] = 29559 29559
[1824] = 29577 29577
[1825] = 29594 29594
[1826] = 29611 29611
[1827] = 29628 29628
[1828] = 29645 29645
[1829] = 29662 29662
[1830] = 29680 29680
[1831] = 29696 29696
[1832] = 29714 29714
[1833] = 29731 29731
[1834] = 29748 29748
[1835] = 29765 29765
[1836] = 29782 29782
[1837] = 29799 29799
[1838] = 29817 29817
[1839] = 29834 29834
[1840] = 29851 29851
[1841] = 29868 29868
[1842] = 29885 29885
[1843] = 29902 29902
[1844] = 29920 29920
[1845] = 29936 29936
[1846] = 29954 29954
[1847] = 29971 29971
[1848] = 29988 29988
[1849] = 30006 30006
[1850] = 30022 30022
[1851] = 30040 30040
[1852] = 30057 30057
[1853] = 30074 30074
[1854] = 30091 30091
[1855] = 0 0
[1856] = 0 0
[1857] = 0 0
[1858] = 0 0
[1859] = 0 0
[1860] = 0 0
[1861] = 0 0
[1862] = 0 0
[1863] = 0 0
[1864] = 0 0
[1865] = 0 0
[1866] = 0 0
[1867] = 0 0
[1868] = 0 0
[1869] = 0 0
[1870] = 0 0
[1871] = 0 0
[1872] = 0 0
[1873] = 0 0
[1874] = 0 0
[1875] = 0 0
[1876] = 0 0
[1877] = 0 0
[1878] = 0 0
[1879] = 0 0
[1880] = 0 0
[1881] = 0 0
[1882] = 0 0
[1883] = 0 0
[1884] = 0 0
[1885] = 0 0
[1886] = 0 0
[1887] = 0 0
[1888] = 0 0
[1889] = 0 0
[1890] = 0 0
[1891] = 0 0
[1892] = 0 0
[1893] = 0 0
[1894] = 0 0
[1895] = 0 0
[1896] = 30811 30811
[1897] = 30828 30828
[1898] = 30845 30845
[1899] = 30863 30863
[1900] = 30880 30880
[1901] = 30897 30897
[1902] = 30914 30914
[1903] = 30931 30931
[1904] = 30948 30948
[1905] = 30966 30966
[1906] = 30982 30982
[1907] = 31000 31000
[1908] = 31017 31017
[1909] = 31034 31034
[1910] = 31051 31051
[1911] = 31068 31068
[1912] = 31085 31085
[1913] = 31103 31103
[1914] = 31120 31120
[1915] = 31137 31137
[1916] = 31154 31154
[1917] = 31171 31171
[1918] = 31189 31189
[1919] = 31206 31206
[1920] = 31223 31223
[1921] = 31240 31240
[1922] = 31257 31257
[1923] = 31274 31274
[1924] = 31292 31292
[1925] = 31308 31308
[1926] = 31326 31326
[1927] = 31343 31343
[1928] = 31360 31360
[1929] = 31377 31377
[1930] = 31394 31394
[1931] = 31411 31411
[1932] = 31429 31429
[1933] = 31446 31446
[1934] = 31463 31463
[1935] = 31480 31480
[1936] = 31497 31497
[1937] = 0 0
[1938] = 0 0
[1939] = 0 0
[1940] = 0 0
[1941] = 0 0
[1942] = 0 0
[1943] = 0 0
[1944] = 0 0
[1945] = 0 0
[1946] = 0 0
[1947] = 0 0
[1948] = 0 0
[1949] = 0 0
[1950] = 0 0
[1951] = 0 0
[1952] = 0 0
[1953] = 0 0
[1954] = 0 0
[1955] = 0 0
[1956] = 0 0
[1957] = 0 0
[1958] = 0 0
[1959] = 0 0
[1960] = 0 0
[1961] = 0 0
[1962] = 0 0
[1963] = 0 0
[1964] = 0 0
[1965] = 0 0
[1966] = 0 0
[1967] = 0 0
[1968] = 0 0
[1969] = 0 0
[1970] = 0 0
[1971] = 0 0
[1972] = 0 0
[1973] = 0 0
[1974] = 0 0
[1975] = 0 0
[1976] = 0 0
[1977] = 0 0
[1978] = 32217 32217
[1979] = 32234 32234
[1980] = 32251 32251
[1981] = 32269 32269
[1982] = 32286 32286
[1983] = 32303 32303
[1984] = 32320 32320
[1985] = 32337 32337
[1986] = 32354 32354
[1987] = 32372 32372
[1988] = 32389 32389
[1989] = 32406 32406
[1990] = 32423 32423
[1991] = 32440 32440
[1992] = 32457 32457
[1993] = 32475 32475
[1994] = 32491 32491
[1995] = 32509 32509
[1996] = 32526 32526
[1997] = 32543 32543
[1998] = 32560 32560
[1999] = 32577 32577
[2000] = 32594 32594
[2001] = 32612 32612
[2002] = 32629 32629
[2003] = 32646 32646
[2004] = 32663 32663
[2005] = 32680 32680
[2006] = 32697 32697
[2007] = 32715 32715
[2008] = 32731 32731
[2009] = 32749 32749
[2010] = 32766 32766
[2011] = 32783 32783
[2012] = 32800 32800
[2013] = 32817 32817
[2014] = 32834 32834
[2015] = 32852 32852
[2016] = 32869 32869
[2017] = 32886 32886
[2018] = 0 0
[2019] = 0 0
[2020] = 0 0
[2021] = 0 0
[2022] = 0 0
[2023] = 0 0
[2024] = 0 0
[2025] = 0 0
[2026] = 0 0
[2027] = 0 0
[2028] = 0 0
[2029] = 0 0
[2030] = 0 0
[2031] = 0 0
[2032] = 0 0
[2033] = 0 0
[2034] = 0 0
[2035] = 0 0
[2036] = 0 0
[2037] = 0 0
[2038] = 0 0
[2039] = 0 0
[2040] = 0 0
[2041] = 0 0
[2042] = 0 0
[2043] = 0 0
[2044] = 0 0
[2045] = 0 0
[2046] = 0 0
[2047] = 0 0
[2048] = 0 0
[2049] = 0 0
[2050] = 0 0
[2051] = 0 0
[2052] = 0 0
[2053] = 0 0
[2054] = 0 0
[2055] = 0 0
[2056] = 0 0
[2057] = 0 0
[2058] = 0 0
[2059] = 33606 33606
[2060] = 33623 33623
[2061] = 33640 33640
[2062] = 33658 33658
[2063] = 33675 33675
[2064] = 33692 33692
[2065] = 33709 33709
[2066] = 33726 33726
[2067] = 33743 33743
[2068] = 33761 33761
[2069] = 33777 33777
[2070] = 33795 33795
[2071] = 33812 33812
[2072] = 33829 33829
[2073] = 33846 33846
[2074] = 33863 33863
[2075] = 33880 33880
[2076] = 33898 33898
[2077] = 33915 33915
[2078] = 33932 33932
[2079] = 33949 33949
[2080] = 33966 33966
[2081] = 33983 33983
[2082] = 34001 34001
[2083] = 34017 34017
[2084] = 34035 34035
[2085] = 34052 34052
[2086] = 34069 34069
[2087] = 34086 34086
[2088] = 34103 34103
[2089] = 34120 34120
[2090] = 34138 34138
[2091] = 34155 34155
[2092] = 34172 34172
[2093] = 34189 34189
[2094] = 34206 34206
[2095] = 34223 34223
[2096] = 34241 34241
[2097] = 34257 34257
[2098] = 34275 34275
[2099] = 34292 34292
[2100] = 0 0
[2101] = 0 0
[2102] = 0 0
[2103] = 0 0
[2104] = 0 0
[2105] = 0 0
[2106] = 0 0
[2107] = 0 0
[2108] = 0 0
[2109] = 0 0
[2110] = 0 0
[2111] = 0 0
[2112] = 0 0
[2113] = 0 0
[2114] = 0 0
[2115] = 0 0
[2116] = 0 0
[2117] = 0 0
[2118] = 0 0
[2119] = 0 0
[2120] = 0 0
[2121] = 0 0
[2122] = 0 0
[2123] = 0 0
[2124] = 0 0
[2125] = 0 0
[2126] = 0 0
[2127] = 0 0
[2128] = 0 0
[2129] = 0 0
[2130] = 0 0
[2131] = 0 0
[2132] = 0 0
[2133] = 0 0
[2134] = 0 0
[2135] = 0 0
[2136] = 0 0
[2137] = 0 0
[2138] = 0 0
[2139] = 0 0
[2140] = 0 0
[2141] = 34467 34467
[2142] = 34463 34463
[2143] = 34459 34459
[2144] = 34456 34456
[2145] = 34452 34452
[2146] = 34448 34448
[2147] = 34444 34444
[2148] = 34440 34440
[2149] = 34436 34436
[2150] = 34433 34433
[2151] = 34429 34429
[2152] = 34425 34425
[2153] = 34421 34421
[2154] = 34417 34417
[2155] = 34414 34414
[2156] = 34410 34410
[2157] = 34406 34406
[2158] = 34402 34402
[2159] = 34398 34398
[2160] = 34394 34394
[2161] = 34390 34390
[2162] = 34387 34387
[2163] = 34383 34383
[2164] = 34379 34379
[2165] = 34375 34375
[2166] = 34371 34371
[2167] = 34368 34368
[2168] = 34363 34363
[2169] = 34360 34360
[2170] = 34356 34356
[2171] = 34352 34352
[2172] = 34348 34348
[2173] = 34344 34344
[2174] = 34341 34341
[2175] = 34337 34337
[2176] = 34333 34333
[2177] = 34329 34329
[2178] = 34325 34325
[2179] = 34321 34321
[2180] = 34318 34318
[2181] = 34314 34314
[2182] = 0 0
[2183] = 0 0
[2184] = 0 0
[2185] = 0 0
[2186] = 0 0
[2187] = 0 0
[2188] = 0 0
[2189] = 0 0
[2190] = 0 0
[2191] = 0 0
[2192] = 0 0
[2193] = 0 0
[2194] = 0 0
[2195] = 0 0
[2196] = 0 0
[2197] = 0 0
[2198] = 0 0
[2199] = 0 0
[2200] = 0 0
[2201] = 0 0
[2202] = 0 0
[2203] = 0 0
[2204] = 0 0
[2205] = 0 0
[2206] = 0 0
[2207] = 0 0
[2208] = 0 0
[2209] = 0 0
[2210] = 0 0
[2211] = 0 0
[2212] = 0 0
[2213] = 0 0
[2214] = 0 0
[2215] = 0 0
[2216] = 0 0
[2217] = 0 0
[2218] = 0 0
[2219] = 0 0
[2220] = 0 0
[2221] = 0 0
[2222] = 0 0
[2223] = 34153 34153
[2224] = 34149 34149
[2225] = 34145 34145
[2226] = 34141 34141
[2227] = 34138 34138
[2228] = 34133 34133
[2229] = 34130 34130
[2230] = 34126 34126
[2231] = 34122 34122
[2232] = 34118 34118
[2233] = 34114 34114
[2234] = 34111 34111
[2235] = 34107 34107
[2236] = 34103 34103
[2237] = 34099 34099
[2238] = 34095 34095
[2239] = 34091 34091
[2240] = 34088 34088
[2241] = 34084 34084
[2242] = 34080 34080
[2243] = 34076 34076
[2244] = 34072 34072
[2245] = 34069 34069
[2246] = 34064 34064
[2247] = 34061 34061
[2248] = 34057 34057
[2249] = 34053 34053
[2250] = 34049 34049
[2251] = 34045 34045
[2252] = 34042 34042
[2253] = 34038 34038
[2254] = 34034 34034
[2255] = 34030 34030
[2256] = 34026 34026
[2257] = 34023 34023
[2258] = 34018 34018
[2259] = 34015 34015
[2260] = 34011 34011
[2261] = 34007 34007
[2262] = 34003 34003
[2263] = 33999 33999
[2264] = 0 0
[2265] = 0 0
[2266] = 0 0
[2267] = 0 0
[2268] = 0 0
[2269] = 0 0
[2270] = 0 0
[2271] = 0 0
[2272] = 0 0
[2273] = 0 0
[2274] = 0 0
[2275] = 0 0
[2276] = 0 0
[2277] = 0 0
[2278] = 0 0
[2279] = 0 0
[2280] = 0 0
[2281] = 0 0
[2282] = 0 0
[2283] = 0 0
[2284] = 0 0
[2285] = 0 0
[2286] = 0 0
[2287] = 0 0
[2288] = 0 0
[2289] = 0 0
[2290] = 0 0
[2291] = 0 0
[2292] = 0 0
[2293] = 0 0
[2294] = 0 0
[2295] = 0 0
[2296] = 0 0
[2297] = 0 0
[2298] = 0 0
[2299] = 0 0
[2300] = 0 0
[2301] = 0 0
[2302] = 0 0
[2303] = 0 0
[2304] = 0 0
[2305] = 33839 33839
[2306] = 33834 33834
[2307] = 33831 33831
[2308] = 33827 33827
[2309] = 33823 33823
[2310] = 33819 33819
[2311] = 33815 33815
[2312] = 33812 33812
[2313] = 33808 33808
[2314] = 33804 33804
[2315] = 33800 33800
[2316] = 33796 33796
[2317] = 33793 33793
[2318] = 33788 33788
[2319] = 33785 33785
[2320] = 33781 33781
[2321] = 33777 33777
[2322] = 33773 33773
[2323] = 33770 33770
[2324] = 33766 33766
[2325] = 33762 33762
[2326] = 33758 33758
[2327] = 33754 33754
[2328] = 33751 33751
[2329] = 33746 33746
[2330] = 33743 33743
[2331] = 33739 33739
[2332] = 33735 33735
[2333] = 33731 33731
[2334] = 33727 33727
[2335] = 33724 33724
[2336] = 33719 33719
[2337] = 33716 33716
[2338] = 33712 33712
[2339] = 33708 33708
[2340] = 33704 33704
[2341] = 33700 33700
[2342] = 33697 33697
[2343] = 33693 33693
[2344] = 33689 33689
[2345] = 0 0
[2346] = 0 0
[2347] = 0 0
[2348] = 0 0
[2349] = 0 0
[2350] = 0 0
[2351] = 0 0
[2352] = 0 0
[2353] = 0 0
[2354] = 0 0
[2355] = 0 0
[2356] = 0 0
[2357] = 0 0
[2358] = 0 0
[2359] = 0 0
[2360] = 0 0
[2361] = 0 0
[2362] = 0 0
[2363] = 0 0
[2364] = 0 0
[2365] = 0 0
[2366] = 0 0
[2367] = 0 0
[2368] = 0 0
[2369] = 0 0
[2370] = 0 0
[2371] = 0 0
[2372] = 0 0
[2373] = 0 0
[2374] = 0 0
[2375] = 0 0
[2376] = 0 0
[2377] = 0 0
[2378] = 0 0
[2379] = 0 0
[2380] = 0 0
[2381] = 0 0
[2382] = 0 0
[2383] = 0 0
[2384] = 0 0
[2385] = 0 0
[2386] = 33528 33528
[2387] = 33524 33524
[2388] = 33521 33521
[2389] = 33516 33516
[2390] = 33513 33513
[2391] = 33509 33509
[2392] = 33505 33505
[2393] = 33501 33501
[2394] = 33497 33497
[2395] = 33494 33494
[2396] = 33489 33489
[2397] = 33486 33486
[2398] = 33482 33482
[2399] = 33478 33478
[2400] = 33474 33474
[2401] = 33470 33470
[2402] = 33467 33467
[2403] = 33463 33463
[2404] = 33459 33459
[2405] = 33455 33455
[2406] = 33451 33451
[2407] = 33447 33447
[2408] = 33444 33444
[2409] = 33440 33440
[2410] = 33436 33436
[2411] = 33432 33432
[2412] = 33428 33428
[2413] = 33425 33425
[2414] = 33421 33421
[2415] = 33417 33417
[2416] = 33413 33413
[2417] = 33409 33409
[2418] = 33406 33406
[2419] = 33401 33401
[2420] = 33398 33398
[2421] = 33394 33394
[2422] = 33390 33390
[2423] = 33386 33386
[2424] = 33382 33382
[2425] = 33379 33379
[2426] = 33374 33374
[2427] = 0 0
[2428] = 0 0
[2429] = 0 0
[2430] = 0 0
[2431] = 0 0
[2432] = 0 0
[2433] = 0 0
[2434] = 0 0
[2435] = 0 0
[2436] = 0 0
[2437] = 0 0
[2438] = 0 0
[2439] = 0 0
[2440] = 0 0
[2441] = 0 0
[2442] = 0 0
[2443] = 0 0
[2444] = 0 0
[2445] = 0 0
[2446] = 0 0
[2447] = 0 0
[2448] = 0 0
[2449] = 0 0
[2450] = 0 0
[2451] = 0 0
[2452] = 0 0
[2453] = 0 0
[2454] = 0 0
[2455] = 0 0
[2456] = 0 0
[2457] = 0 0
[2458] = 0 0
[2459] = 0 0
[2460] = 0 0
[2461] = 0 0
[2462] = 0 0
[2463] = 0 0
[2464] = 0 0
[2465] = 0 0
[2466] = 0 0
[2467] = 0 0
[2468] = 33214 33214
[2469] = 33210 33210
[2470] = 33206 33206
[2471] = 33202 33202
[2472] = 33198 33198
[2473] = 33195 33195
[2474] = 33191 33191
[2475] = 33187 33187
[2476] = 33183 33183
[2477] = 33179 33179
[2478] = 33175 33175
[2479] = 33171 33171
[2480] = 33168 33168
[2481] = 33164 33164
[2482] = 33160 33160
[2483] = 33156 33156
[2484] = 33152 33152
[2485] = 33149 33149
[2486] = 33144 33144
[2487] = 33141 33141
[2488] = 33137 33137
[2489] = 33133 33133
[2490] = 33129 33129
[2491] = 33125 33125
[2492] = 33122 33122
[2493] = 33118 33118
[2494] = 33114 33114
[2495] = 33110 33110
[2496] = 33106 33106
[2497] = 33102 33102
[2498] = 33099 33099
[2499] = 33095 33095
[2500] = 33091 33091
[2501] = 33087 33087
[2502] = 33083 33083
[2503] = 33080 33080
[2504] = 33076 33076
[2505] = 33072 33072
[2506] = 33068 33068
[2507] = 33064 33064
[2508] = 33060 33060
[2509] = 0 0
[2510] = 0 0
[2511] = 0 0
[2512] = 0 0
[2513] = 0 0
[2514] = 0 0
[2515] = 0 0
[2516] = 0 0
[2517] = 0 0
[2518] = 0 0
[2519] = 0 0
[2520] = 0 0
[2521] = 0 0
[2522] = 0 0
[2523] = 0 0
[2524] = 0 0
[2525] = 0 0
[2526] = 0 0
[2527] = 0 0
[2528] = 0 0
[2529] = 0 0
[2530] = 0 0
[2531] = 0 0
[2532] = 0 0
[2533] = 0 0
[2534] = 0 0
[2535] = 0 0
[2536] = 0 0
[2537] = 0 0
[2538] = 0 0
[2539] = 0 0
[2540] = 0 0
[2541] = 0 0
[2542] = 0 0
[2543] = 0 0
[2544] = 0 0
[2545] = 0 0
[2546] = 0 0
[2547] = 0 0
[2548] = 0 0
[2549] = 0 0
[2550] = 32899 32899
[2551] = 32896 32896
[2552] = 32892 32892
[2553] = 32888 32888
[2554] = 32884 32884
[2555] = 32880 32880
[2556] = 32877 32877
[2557] = 32872 32872
[2558] = 32869 32869
[2559] = 32865 32865
[2560] = 32861 32861
[2561] = 32857 32857
[2562] = 32853 32853
[2563] = 32850 32850
[2564] = 32846 32846
[2565] = 32842 32842
[2566] = 32838 32838
[2567] = 32834 32834
[2568] = 32830 32830
[2569] = 32826 32826
[2570] = 32823 32823
[2571] = 32819 32819
[2572] = 32815 32815
[2573] = 32811 32811
[2574] = 32807 32807
[2575] = 32804 32804
[2576] = 32800 32800
[2577] = 32796 32796
[2578] = 32792 32792
[2579] = 32788 32788
[2580] = 32784 32784
[2581] = 32781 32781
[2582] = 32777 32777
[2583] = 32773 32773
[2584] = 32769 32769
[2585] = 32765 32765
[2586] = 32762 32762
[2587] = 32757 32757
[2588] = 32754 32754
[2589] = 32750 32750
[2590] = 32746 32746
[2591] = 0 0
[2592] = 0 0
[2593] = 0 0
[2594] = 0 0
[2595] = 0 0
[2596] = 0 0
[2597] = 0 0
[2598] = 0 0
[2599] = 0 0
[2600] = 0 0
[2601] = 0 0
[2602] = 0 0
[2603] = 0 0
[2604] = 0 0
[2605] = 0 0
[2606] = 0 0
[2607] = 0 0
[2608] = 0 0
[2609] = 0 0
[2610] = 0 0
[2611] = 0 0
[2612] = 0 0
[2613] = 0 0
[2614] = 0 0
[2615] = 0 0
[2616] = 0 0
[2617] = 0 0
[2618] = 0 0
[2619] = 0 0
[2620] = 0 0
[2621] = 0 0
[2622] = 0 0
[2623] = 0 0
[2624] = 0 0
[2625] = 0 0
[2626] = 0 0
[2627] = 0 0
[2628] = 0 0
[2629] = 0 0
[2630] = 0 0
[2631] = 0 0
[2632] = 32585 32585
[2633] = 32581 32581
[2634] = 32577 32577
[2635] = 32574 32574
[2636] = 32570 32570
[2637] = 32566 32566
[2638] = 32562 32562
[2639] = 32558 32558
[2640] = 32554 32554
[2641] = 32551 32551
[2642] = 32547 32547
[2643] = 32543 32543
[2644] = 32539 32539
[2645] = 32535 32535
[2646] = 32532 32532
[2647] = 32527 32527
[2648] = 32524 32524
[2649] = 32520 32520
[2650] = 32516 32516
[2651] = 32512 32512
[2652] = 32508 32508
[2653] = 32505 32505
[2654] = 32500 32500
[2655] = 32497 32497
[2656] = 32493 32493
[2657] = 32489 32489
[2658] = 32485 32485
[2659] = 32481 32481
[2660] = 32478 32478
[2661] = 32474 32474
[2662] = 32470 32470
[2663] = 32466 32466
[2664] = 32462 32462
[2665] = 32459 32459
[2666] = 32455 32455
[2667] = 32451 32451
[2668] = 32447 32447
[2669] = 32443 32443
[2670] = 32439 32439
[2671] = 32436 32436
[2672] = 0 0
[2673] = 0 0
[2674] = 0 0
[2675] = 0 0
[2676] = 0 0
[2677] = 0 0
[2678] = 0 0
[2679] = 0 0
[2680] = 0 0
[2681] = 0 0
[2682] = 0 0
[2683] = 0 0
[2684] = 0 0
[2685] = 0 0
[2686] = 0 0
[2687] = 0 0
[2688] = 0 0
[2689] = 0 0
[2690] = 0 0
[2691] = 0 0
[2692] = 0 0
[2693] = 0 0
[2694] = 0 0
[2695] = 0 0
[2696] = 0 0
[2697] = 0 0
[2698] = 0 0
[2699] = 0 0
[2700] = 0 0
[2701] = 0 0
[2702] = 0 0
[2703] = 0 0
[2704] = 0 0
[2705] = 0 0
[2706] = 0 0
[2707] = 0 0
[2708] = 0 0
[2709] = 0 0
[2710] = 0 0
[2711] = 0 0
[2712] = 0 0
[2713] = 32275 32275
[2714] = 32270 32270
[2715] = 32267 32267
[2716] = 32263 32263
[2717] = 32259 32259
[2718] = 32255 32255
[2719] = 32251 32251
[2720] = 32248 32248
[2721] = 32244 32244
[2722] = 32240 32240
[2723] = 32236 32236
[2724] = 32232 32232
[2725] = 32228 32228
[2726] = 32225 32225
[2727] = 32221 32221
[2728] = 32217 32217
[2729] = 32213 32213
[2730] = 32209 32209
[2731] = 32206 32206
[2732] = 32202 32202
[2733] = 32198 32198
[2734] = 32194 32194
[2735] = 32190 32190
[2736] = 32187 32187
[2737] = 32182 32182
[2738] = 32179 32179
[2739] = 32175 32175
[2740] = 32171 32171
[2741] = 32167 32167
[2742] = 32163 32163
[2743] = 32160 32160
[2744] = 32155 32155
[2745] = 32152 32152
[2746] = 32148 32148
[2747] = 32144 32144
[2748] = 32140 32140
[2749] = 32136 32136
[2750] = 32133 32133
[2751] = 32129 32129
[2752] = 32125 32125
[2753] = 32121 32121
[2754] = 0 0
[2755] = 0 0
[2756] = 0 0
[2757] = 0 0
[2758] = 0 0
[2759] = 0 0
[2760] = 0 0
[2761] = 0 0
[2762] = 0 0
[2763] = 0 0
[2764] = 0 0
[2765] = 0 0
[2766] = 0 0
[2767] = 0 0
[2768] = 0 0
[2769] = 0 0
[2770] = 0 0
[2771] = 0 0
[2772] = 0 0
[2773] = 0 0
[2774] = 0 0
[2775] = 0 0
[2776] = 0 0
[2777] = 0 0
[2778] = 0 0
[2779] = 0 0
[2780] = 0 0
[2781] = 0 0
[2782] = 0 0
[2783] = 0 0
[2784] = 0 0
[2785] = 0 0
[2786] = 0 0
[2787] = 0 0
[2788] = 0 0
[2789] = 0 0
[2790] = 0 0
[2791] = 0 0
[2792] = 0 0
[2793] = 0 0
[2794] = 0 0
[2795] = 31960 31960
[2796] = 31957 31957
[2797] = 31952 31952
[2798] = 31949 31949
[2799] = 31945 31945
[2800] = 31941 31941
[2801] = 31937 31937
[2802] = 31933 31933
[2803] = 31930 31930
[2804] = 31926 31926
[2805] = 31922 31922
[2806] = 31918 31918
[2807] = 31914 31914
[2808] = 31910 31910
[2809] = 31907 31907
[2810] = 31903 31903
[2811] = 31899 31899
[2812] = 31895 31895
[2813] = 31891 31891
[2814] = 31888 31888
[2815] = 31883 31883
[2816] = 31880 31880
[2817] = 31876 31876
[2818] = 31872 31872
[2819] = 31868 31868
[2820] = 31864 31864
[2821] = 31861 31861
[2822] = 31857 31857
[2823] = 31853 31853
[2824] = 31849 31849
[2825] = 31845 31845
[2826] = 31841 31841
[2827] = 31837 31837
[2828] = 31834 31834
[2829] = 31830 31830
[2830] = 31826 31826
[2831] = 31822 31822
[2832] = 31818 31818
[2833] = 31815 31815
[2834] = 31811 31811
[2835] = 31807 31807
[2836] = 0 0
[2837] = 0 0
[2838] = 0 0
[2839] = 0 0
[2840] = 0 0
[2841] = 0 0
[2842] = 0 0
[2843] = 0 0
[2844] = 0 0
[2845] = 0 0
[2846] = 0 0
[2847] = 0 0
[2848] = 0 0
[2849] = 0 0
[2850] = 0 0
[2851] = 0 0
[2852] = 0 0
[2853] = 0 0
[2854] = 0 0
[2855] = 0 0
[2856] = 0 0
[2857] = 0 0
[2858] = 0 0
[2859] = 0 0
[2860] = 0 0
[2861] = 0 0
[2862] = 0 0
[2863] = 0 0
[2864] = 0 0
[2865] = 0 0
[2866] = 0 0
[2867] = 0 0
[2868] = 0 0
[2869] = 0 0
[2870] = 0 0
[2871] = 0 0
[2872] = 0 0
[2873] = 0 0
[2874] = 0 0
[2875] = 0 0
[2876] = 0 0
[2877] = 31646 31646
[2878] = 31642 31642
[2879] = 31638 31638
[2880] = 31634 31634
[2881] = 31631 31631
[2882] = 31627 31627
[2883] = 31623 31623
[2884] = 31619 31619
[2885] = 31615 31615
[2886] = 31611 31611
[2887] = 31607 31607
[2888] = 31604 31604
[2889] = 31600 31600
[2890] = 31596 31596
[2891] = 31592 31592
[2892] = 31588 31588
[2893] = 31585 31585
[2894] = 31581 31581
[2895] = 31577 31577
[2896] = 31573 31573
[2897] = 31569 31569
[2898] = 31565 31565
[2899] = 31562 31562
[2900] = 31558 31558
[2901] = 31554 31554
[2902] = 31550 31550
[2903] = 31546 31546
[2904] = 31543 31543
[2905] = 31538 31538
[2906] = 31535 31535
[2907] = 31531 31531
[2908] = 31527 31527
[2909] = 31523 31523
[2910] = 31519 31519
[2911] = 31516 31516
[2912] = 31511 31511
[2913] = 31508 31508
[2914] = 31504 31504
[2915] = 31500 31500
[2916] = 31496 31496
[2917] = 31492 31492
[2918] = 0 0
[2919] = 0 0
[2920] = 0 0
[2921] = 0 0
[2922] = 0 0
[2923] = 0 0
[2924] = 0 0
[2925] = 0 0
[2926] = 0 0
[2927] = 0 0
[2928] = 0 0
[2929] = 0 0
[2930] = 0 0
[2931] = 0 0
[2932] = 0 0
[2933] = 0 0
[2934] = 0 0
[2935] = 0 0
[2936] = 0 0
[2937] = 0 0
[2938] = 0 0
[2939] = 0 0
[2940] = 0 0
[2941] = 0 0
[2942] = 0 0
[2943] = 0 0
[2944] = 0 0
[2945] = 0 0
[2946] = 0 0
[2947] = 0 0
[2948] = 0 0
[2949] = 0 0
[2950] = 0 0
[2951] = 0 0
[2952] = 0 0
[2953] = 0 0
[2954] = 0 0
[2955] = 0 0
[2956] = 0 0
[2957] = 0 0
[2958] = 0 0
[2959] = 31332 31332
[2960] = 31328 31328
[2961] = 31324 31324
[2962] = 31320 31320
[2963] = 31316 31316
[2964] = 31313 31313
[2965] = 31308 31308
[2966] = 31305 31305
[2967] = 31301 31301
[2968] = 31297 31297
[2969] = 31293 31293
[2970] = 31289 31289
[2971] = 31286 31286
[2972] = 31281 31281
[2973] = 31278 31278
[2974] = 31274 31274
[2975] = 31270 31270
[2976] = 31266 31266
[2977] = 31262 31262
[2978] = 31259 31259
[2979] = 31255 31255
[2980] = 31251 31251
[2981] = 31247 31247
[2982] = 31244 31244
[2983] = 31240 31240
[2984] = 31236 31236
[2985] = 31232 31232
[2986] = 31228 31228
[2987] = 31224 31224
[2988] = 31220 31220
[2989] = 31217 31217
[2990] = 31213 31213
[2991] = 31209 31209
[2992] = 31205 31205
[2993] = 31201 31201
[2994] = 31198 31198
[2995] = 31193 31193
[2996] = 31190 31190
[2997] = 31186 31186
[2998] = 31182 31182
[2999] = 0 0
[3000] = 0 0
[3001] = 0 0
[3002] = 0 0
[3003] = 0 0
[3004] = 0 0
[3005] = 0 0
[3006] = 0 0
[3007] = 0 0
[3008] = 0 0
[3009] = 0 0
[3010] = 0 0
[3011] = 0 0
[3012] = 0 0
[3013] = 0 0
[3014] = 0 0
[3015] = 0 0
[3016] = 0 0
[3017] = 0 0
[3018] = 0 0
[3019] = 0 0
[3020] = 0 0
[3021] = 0 0
[3022] = 0 0
[3023] = 0 0
[3024] = 0 0
[3025] = 0 0
[3026] = 0 0
[3027] = 0 0
[3028] = 0 0
[3029] = 0 0
[3030] = 0 0
[3031] = 0 0
[3032] = 0 0
[3033] = 0 0
[3034] = 0 0
[3035] = 0 0
[3036] = 0 0
[3037] = 0 0
[3038] = 0 0
[3039] = 0 0
[3040] = 31021 31021
[3041] = 31017 31017
[3042] = 31014 31014
[3043] = 31009 31009
[3044] = 31006 31006
[3045] = 31002 31002
[3046] = 30998 30998
[3047] = 30994 30994
[3048] = 30990 30990
[3049] = 30987 30987
[3050] = 30983 30983
[3051] = 30979 30979
[3052] = 30975 30975
[3053] = 30971 30971
[3054] = 30968 30968
[3055] = 30963 30963
[3056] = 30960 30960
[3057] = 30956 30956
[3058] = 30952 30952
[3059] = 30948 30948
[3060] = 30944 30944
[3061] = 30941 30941
[3062] = 30937 30937
[3063] = 30933 30933
[3064] = 30929 30929
[3065] = 30925 30925
[3066] = 30921 30921
[3067] = 30918 30918
[3068] = 30914 30914
[3069] = 30910 30910
[3070] = 30906 30906
[3071] = 30902 30902
[3072] = 30899 30899
[3073] = 30894 30894
[3074] = 30891 30891
[3075] = 30887 30887
[3076] = 30883 30883
[3077] = 30879 30879
[3078] = 30875 30875
[3079] = 30872 30872
[3080] = 30868 30868
[3081] = 0 0
[3082] = 0 0
[3083] = 0 0
[3084] = 0 0
[3085] = 0 0
[3086] = 0 0
[3087] = 0 0
[3088] = 0 0
[3089] = 0 0
[3090] = 0 0
[3091] = 0 0
[3092] = 0 0
[3093] = 0 0
[3094] = 0 0
[3095] = 0 0
[3096] = 0 0
[3097] = 0 0
[3098] = 0 0
[3099] = 0 0
[3100] = 0 0
[3101] = 0 0
[3102] = 0 0
[3103] = 0 0
[3104] = 0 0
[3105] = 0 0
[3106] = 0 0
[3107] = 0 0
[3108] = 0 0
[3109] = 0 0
[3110] = 0 0
[3111] = 0 0
[3112] = 0 0
[3113] = 0 0
[3114] = 0 0
[3115] = 0 0
[3116] = 0 0
[3117] = 0 0
[3118] = 0 0
[3119] = 0 0
[3120] = 0 0
[3121] = 0 0
[3122] = 30707 30707
[3123] = 30703 30703
[3124] = 30699 30699
[3125] = 30695 30695
[3126] = 30691 30691
[3127] = 30688 30688
[3128] = 30684 30684
[3129] = 30680 30680
[3130] = 30676 30676
[3131] = 30672 30672
[3132] = 30669 30669
[3133] = 30664 30664
[3134] = 30661 30661
[3135] = 30657 30657
[3136] = 30653 30653
[3137] = 30649 30649
[3138] = 30645 30645
[3139] = 30642 30642
[3140] = 30638 30638
[3141] = 30634 30634
[3142] = 30630 30630
[3143] = 30626 30626
[3144] = 30622 30622
[3145] = 30618 30618
[3146] = 30615 30615
[3147] = 30611 30611
[3148] = 30607 30607
[3149] = 30603 30603
[3150] = 30599 30599
[3151] = 30596 30596
[3152] = 30592 30592
[3153] = 30588 30588
[3154] = 30584 30584
[3155] = 30580 30580
[3156] = 30576 30576
[3157] = 30573 30573
[3158] = 30569 30569
[3159] = 30565 30565
[3160] = 30561 30561
[3161] = 30557 30557
[3162] = 30554 30554
[3163] = 0 0
[3164] = 0 0
[3165] = 0 0
[3166] = 0 0
[3167] = 0 0
[3168] = 0 0
[3169] = 0 0
[3170] = 0 0
[3171] = 0 0
[3172] = 0 0
[3173] = 0 0
[3174] = 0 0
[3175] = 0 0
[3176] = 0 0
[3177] = 0 0
[3178] = 0 0
[3179] = 0 0
[3180] = 0 0
[3181] = 0 0
[3182] = 0 0
[3183] = 0 0
[3184] = 0 0
[3185] = 0 0
[3186] = 0 0
[3187] = 0 0
[3188] = 0 0
[3189] = 0 0
[3190] = 0 0
[3191] = 0 0
[3192] = 0 0
[3193] = 0 0
[3194] = 0 0
[3195] = 0 0
[3196] = 0 0
[3197] = 0 0
[3198] = 0 0
[3199] = 0 0
[3200] = 0 0
[3201] = 0 0
[3202] = 0 0
[3203] = 0 0
[3204] = 30392 30392
[3205] = 30389 30389
[3206] = 30385 30385
[3207] = 30381 30381
[3208] = 30377 30377
[3209] = 30373 30373
[3210] = 30370 30370
[3211] = 30366 30366
[3212] = 30362 30362
[3213] = 30358 30358
[3214] = 30354 30354
[3215] = 30351 30351
[3216] = 30346 30346
[3217] = 30343 30343
[3218] = 30339 30339
[3219] = 30335 30335
[3220] = 30331 30331
[3221] = 30327 30327
[3222] = 30324 30324
[3223] = 30319 30319
[3224] = 30316 30316
[3225] = 30312 30312
[3226] = 30308 30308
[3227] = 30304 30304
[3228] = 30300 30300
[3229] = 30297 30297
[3230] = 30293 30293
[3231] = 30289 30289
[3232] = 30285 30285
[3233] = 30281 30281
[3234] = 30277 30277
[3235] = 30274 30274
[3236] = 30270 30270
[3237] = 30266 30266
[3238] = 30262 30262
[3239] = 30258 30258
[3240] = 30255 30255
[3241] = 30251 30251
[3242] = 30247 30247
[3243] = 30243 30243
[3244] = 30239 30239
[3245] = 0 0
[3246] = 0 0
[3247] = 0 0
[3248] = 0 0
[3249] = 0 0
[3250] = 0 0
[3251] = 0 0
[3252] = 0 0
[3253] = 0 0
[3254] = 0 0
[3255] = 0 0
[3256] = 0 0
[3257] = 0 0
[3258] = 0 0
[3259] = 0 0
[3260] = 0 0
[3261] = 0 0
[3262] = 0 0
[3263] = 0 0
[3264] = 0 0
[3265] = 0 0
[3266] = 0 0
[3267] = 0 0
[3268] = 0 0
[3269] = 0 0
[3270] = 0 0
[3271] = 0 0
[3272] = 0 0
[3273] = 0 0
[3274] = 0 0
[3275] = 0 0
[3276] = 0 0
[3277] = 0 0
[3278] = 0 0
[3279] = 0 0
[3280] = 0 0
[3281] = 0 0
[3282] = 0 0
[3283] = 0 0
[3284] = 0 0
[3285] = 0 0
[3286] = 30078 30078
[3287] = 30074 30074
[3288] = 30070 30070
[3289] = 30067 30067
[3290] = 30063 30063
[3291] = 30059 30059
[3292] = 30055 30055
[3293] = 30051 30051
[3294] = 30047 30047
[3295] = 30044 30044
[3296] = 30040 30040
[3297] = 30036 30036
[3298] = 30032 30032
[3299] = 30028 30028
[3300] = 30025 30025
[3301] = 30021 30021
[3302] = 30017 30017
[3303] = 30013 30013
[3304] = 30009 30009
[3305] = 30005 30005
[3306] = 30001 30001
[3307] = 29998 29998
[3308] = 29994 29994
[3309] = 29990 29990
[3310] = 29986 29986
[3311] = 29982 29982
[3312] = 29979 29979
[3313] = 29974 29974
[3314] = 29971 29971
[3315] = 29967 29967
[3316] = 29963 29963
[3317] = 29959 29959
[3318] = 29955 29955
[3319] = 29952 29952
[3320] = 29948 29948
[3321] = 29944 29944
[3322] = 29940 29940
[3323] = 29936 29936
[3324] = 29932 29932
[3325] = 29929 29929
[3326] = 0 0
[3327] = 0 0
[3328] = 0 0
[3329] = 0 0
[3330] = 0 0
[3331] = 0 0
[3332] = 0 0
[3333] = 0 0
[3334] = 0 0
[3335] = 0 0
[3336] = 0 0
[3337] = 0 0
[3338] = 0 0
[3339] = 0 0
[3340] = 0 0
[3341] = 0 0
[3342] = 0 0
[3343] = 0 0
[3344] = 0 0
[3345] = 0 0
[3346] = 0 0
[3347] = 0 0
[3348] = 0 0
[3349] = 0 0
[3350] = 0 0
[3351] = 0 0
[3352] = 0 0
[3353] = 0 0
[3354] = 0 0
[3355] = 0 0
[3356] = 0 0
[3357] = 0 0
[3358] = 0 0
[3359] = 0 0
[3360] = 0 0
[3361] = 0 0
[3362] = 0 0
[3363] = 0 0
[3364] = 0 0
[3365] = 0 0
[3366] = 0 0
[3367] = 29768 29768
[3368] = 29764 29764
[3369] = 29760 29760
[3370] = 29756 29756
[3371] = 29752 29752
[3372] = 29749 29749
[3373] = 29744 29744
[3374] = 29741 29741
[3375] = 29737 29737
[3376] = 29733 29733
[3377] = 29729 29729
[3378] = 29725 29725
[3379] = 29722 29722
[3380] = 29718 29718
[3381] = 29714 29714
[3382] = 29710 29710
[3383] = 29706 29706
[3384] = 29702 29702
[3385] = 29699 29699
[3386] = 29695 29695
[3387] = 29691 29691
[3388] = 29687 29687
[3389] = 29683 29683
[3390] = 29680 29680
[3391] = 29675 29675
[3392] = 29672 29672
[3393] = 29668 29668
[3394] = 29664 29664
[3395] = 29660 29660
[3396] = 29656 29656
[3397] = 29653 29653
[3398] = 29649 29649
[3399] = 29645 29645
[3400] = 29641 29641
[3401] = 29637 29637
[3402] = 29634 29634
[3403] = 29629 29629
[3404] = 29626 29626
[3405] = 29622 29622
[3406] = 29618 29618
[3407] = 29614 29614
[3408] = 0 0
[3409] = 0 0
[3410] = 0 0
[3411] = 0 0
[3412] = 0 0
[3413] = 0 0
[3414] = 0 0
[3415] = 0 0
[3416] = 0 0
[3417] = 0 0
[3418] = 0 0
[3419] = 0 0
[3420] = 0 0
[3421] = 0 0
[3422] = 0 0
[3423] = 0 0
[3424] = 0 0
[3425] = 0 0
[3426] = 0 0
[3427] = 0 0
[3428] = 0 0
[3429] = 0 0
[3430] = 0 0
[3431] = 0 0
[3432] = 0 0
[3433] = 0 0
[3434] = 0 0
[3435] = 0 0
[3436] = 0 0
[3437] = 0 0
[3438] = 0 0
[3439] = 0 0
[3440] = 0 0
[3441] = 0 0
[3442] = 0 0
[3443] = 0 0
[3444] = 0 0
[3445] = 0 0
[3446] = 0 0
[3447] = 0 0
[3448] = 0 0
[3449] = 29453 29453
[3450] = 29450 29450
[3451] = 29445 29445
[3452] = 29442 29442
[3453] = 29438 29438
[3454] = 29434 29434
[3455] = 29430 29430
[3456] = 29426 29426
[3457] = 29423 29423
[3458] = 29419 29419
[3459] = 29415 29415
[3460] = 29411 29411
[3461] = 29407 29407
[3462] = 29404 29404
[3463] = 29400 29400
[3464] = 29396 29396
[3465] = 29392 29392
[3466] = 29388 29388
[3467] = 29384 29384
[3468] = 29381 29381
[3469] = 29377 29377
[3470] = 29373 29373
[3471] = 29369 29369
[3472] = 29365 29365
[3473] = 29362 29362
[3474] = 29357 29357
[3475] = 29354 29354
[3476] = 29350 29350
[3477] = 29346 29346
[3478] = 29342 29342
[3479] = 29338 29338
[3480] = 29335 29335
[3481] = 29330 29330
[3482] = 29327 29327
[3483] = 29323 29323
[3484] = 29319 29319
[3485] = 29315 29315
[3486] = 29311 29311
[3487] = 29308 29308
[3488] = 29304 29304
[3489] = 29300 29300
[3490] = 0 0
[3491] = 0 0
[3492] = 0 0
[3493] = 0 0
[3494] = 0 0
[3495] = 0 0
[3496] = 0 0
[3497] = 0 0
[3498] = 0 0
[3499] = 0 0
[3500] = 0 0
[3501] = 0 0
[3502] = 0 0
[3503] = 0 0
[3504] = 0 0
[3505] = 0 0
[3506] = 0 0
[3507] = 0 0
[3508] = 0 0
[3509] = 0 0
[3510] = 0 0
[3511] = 0 0
[3512] = 0 0
[3513] = 0 0
[3514] = 0 0
[3515] = 0 0
[3516] = 0 0
[3517] = 0 0
[3518] = 0 0
[3519] = 0 0
[3520] = 0 0
[3521] = 0 0
[3522] = 0 0
[3523] = 0 0
[3524] = 0 0
[3525] = 0 0
[3526] = 0 0
[3527] = 0 0
[3528] = 0 0
[3529] = 0 0
[3530] = 0 0
[3531] = 29139 29139
[3532] = 29135 29135
[3533] = 29132 29132
[3534] = 29127 29127
[3535] = 29124 29124
[3536] = 29120 29120
[3537] = 29116 29116
[3538] = 29112 29112
[3539] = 29108 29108
[3540] = 29105 29105
[3541] = 29100 29100
[3542] = 29097 29097
[3543] = 29093 29093
[3544] = 29089 29089
[3545] = 29085 29085
[3546] = 29081 29081
[3547] = 29078 29078
[3548] = 29074 29074
[3549] = 29070 29070
[3550] = 29066 29066
[3551] = 29062 29062
[3552] = 29058 29058
[3553] = 29055 29055
[3554] = 29051 29051
[3555] = 29047 29047
[3556] = 29043 29043
[3557] = 29039 29039
[3558] = 29036 29036
[3559] = 29032 29032
[3560] = 29028 29028
[3561] = 29024 29024
[3562] = 29020 29020
[3563] = 29017 29017
[3564] = 29012 29012
[3565] = 29009 29009
[3566] = 29005 29005
[3567] = 29001 29001
[3568] = 28997 28997
[3569] = 28993 28993
[3570] = 28990 28990
[3571] = 0 0
[3572] = 0 0
[3573] = 0 0
[3574] = 0 0
[3575] = 0 0
[3576] = 0 0
[3577] = 0 0
[3578] = 0 0
[3579] = 0 0
[3580] = 0 0
[3581] = 0 0
[3582] = 0 0
[3583] = 0 0
[3584] = 0 0
[3585] = 0 0
[3586] = 0 0
[3587] = 0 0
[3588] = 0 0
[3589] = 0 0
[3590] = 0 0
[3591] = 0 0
[3592] = 0 0
[3593] = 0 0
[3594] = 0 0
[3595] = 0 0
[3596] = 0 0
[3597] = 0 0
[3598] = 0 0
[3599] = 0 0
[3600] = 0 0
[3601] = 0 0
[3602] = 0 0
[3603] = 0 0
[3604] = 0 0
[3605] = 0 0
[3606] = 0 0
[3607] = 0 0
[3608] = 0 0
[3609] = 0 0
[3610] = 0 0
[3611] = 0 0
[3612] = 28828 28828
[3613] = 28825 28825
[3614] = 28821 28821
[3615] = 28817 28817
[3616] = 28813 28813
[3617] = 28809 28809
[3618] = 28806 28806
[3619] = 28802 28802
[3620] = 28798 28798
[3621] = 28794 28794
[3622] = 28790 28790
[3623] = 28786 28786
[3624] = 28782 28782
[3625] = 28779 28779
[3626] = 28775 28775
[3627] = 28771 28771
[3628] = 28767 28767
[3629] = 28763 28763
[3630] = 28760 28760
[3631] = 28755 28755
[3632] = 28752 28752
[3633] = 28748 28748
[3634] = 28744 28744
[3635] = 28740 28740
[3636] = 28736 28736
[3637] = 28733 28733
[3638] = 28729 28729
[3639] = 28725 28725
[3640] = 28721 28721
[3641] = 28718 28718
[3642] = 28713 28713
[3643] = 28710 28710
[3644] = 28706 28706
[3645] = 28702 28702
[3646] = 28698 28698
[3647] = 28694 28694
[3648] = 28691 28691
[3649] = 28687 28687
[3650] = 28683 28683
[3651] = 28679 28679
[3652] = 28675 28675
[3653] = 0 0
[3654] = 0 0
[3655] = 0 0
[3656] = 0 0
[3657] = 0 0
[3658] = 0 0
[3659] = 0 0
[3660] = 0 0
[3661] = 0 0
[3662] = 0 0
[3663] = 0 0
[3664] = 0 0
[3665] = 0 0
[3666] = 0 0
[3667] = 0 0
[3668] = 0 0
[3669] = 0 0
[3670] = 0 0
[3671] = 0 0
[3672] = 0 0
[3673] = 0 0
[3674] = 0 0
[3675] = 0 0
[3676] = 0 0
[3677] = 0 0
[3678] = 0 0
[3679] = 0 0
[3680] = 0 0
[3681] = 0 0
[3682] = 0 0
[3683] = 0 0
[3684] = 0 0
[3685] = 0 0
[3686] = 0 0
[3687] = 0 0
[3688] = 0 0
[3689] = 0 0
[3690] = 0 0
[3691] = 0 0
[3692] = 0 0
[3693] = 0 0
[3694] = 28514 28514
[3695] = 28510 28510
[3696] = 28507 28507
[3697] = 28503 28503
[3698] = 28499 28499
[3699] = 28495 28495
[3700] = 28491 28491
[3701] = 28488 28488
[3702] = 28483 28483
[3703] = 28480 28480
[3704] = 28476 28476
[3705] = 28472 28472
[3706] = 28468 28468
[3707] = 28464 28464
[3708] = 28461 28461
[3709] = 28456 28456
[3710] = 28453 28453
[3711] = 28449 28449
[3712] = 28445 28445
[3713] = 28441 28441
[3714] = 28437 28437
[3715] = 28434 28434
[3716] = 28430 28430
[3717] = 28426 28426
[3718] = 28422 28422
[3719] = 28418 28418
[3720] = 28415 28415
[3721] = 28411 28411
[3722] = 28407 28407
[3723] = 28403 28403
[3724] = 28399 28399
[3725] = 28395 28395
[3726] = 28392 28392
[3727] = 28388 28388
[3728] = 28384 28384
[3729] = 28380 28380
[3730] = 28376 28376
[3731] = 28373 28373
[3732] = 28368 28368
[3733] = 28365 28365
[3734] = 28361 28361
[3735] = 0 0
[3736] = 0 0
[3737] = 0 0
[3738] = 0 0
[3739] = 0 0
[3740] = 0 0
[3741] = 0 0
[3742] = 0 0
[3743] = 0 0
[3744] = 0 0
[3745] = 0 0
[3746] = 0 0
[3747] = 0 0
[3748] = 0 0
[3749] = 0 0
[3750] = 0 0
[3751] = 0 0
[3752] = 0 0
[3753] = 0 0
[3754] = 0 0
[3755] = 0 0
[3756] = 0 0
[3757] = 0 0
[3758] = 0 0
[3759] = 0 0
[3760] = 0 0
[3761] = 0 0
[3762] = 0 0
[3763] = 0 0
[3764] = 0 0
[3765] = 0 0
[3766] = 0 0
[3767] = 0 0
[3768] = 0 0
[3769] = 0 0
[3770] = 0 0
[3771] = 0 0
[3772] = 0 0
[3773] = 0 0
[3774] = 0 0
[3775] = 0 0
[3776] = 28200 28200
[3777] = 28196 28196
[3778] = 28192 28192
[3779] = 28188 28188
[3780] = 28185 28185
[3781] = 28181 28181
[3782] = 28177 28177
[3783] = 28173 28173
[3784] = 28169 28169
[3785] = 28165 28165
[3786] = 28162 28162
[3787] = 28158 28158
[3788] = 28154 28154
[3789] = 28150 28150
[3790] = 28146 28146
[3791] = 28143 28143
[3792] = 28138 28138
[3793] = 28135 28135
[3794] = 28131 28131
[3795] = 28127 28127
[3796] = 28123 28123
[3797] = 28119 28119
[3798] = 28116 28116
[3799] = 28111 28111
[3800] = 28108 28108
[3801] = 28104 28104
[3802] = 28100 28100
[3803] = 28096 28096
[3804] = 28092 28092
[3805] = 28089 28089
[3806] = 28085 28085
[3807] = 28081 28081
[3808] = 28077 28077
[3809] = 28073 28073
[3810] = 28070 28070
[3811] = 28066 28066
[3812] = 28062 28062
[3813] = 28058 28058
[3814] = 28054 28054
[3815] = 28050 28050
[3816] = 28047 28047
[3817] = 0 0
[3818] = 0 0
[3819] = 0 0
[3820] = 0 0
[3821] = 0 0
[3822] = 0 0
[3823] = 0 0
[3824] = 0 0
[3825] = 0 0
[3826] = 0 0
[3827] = 0 0
[3828] = 0 0
[3829] = 0 0
[3830] = 0 0
[3831] = 0 0
[3832] = 0 0
[3833] = 0 0
[3834] = 0 0
[3835] = 0 0
[3836] = 0 0
[3837] = 0 0
[3838] = 0 0
[3839] = 0 0
[3840] = 0 0
[3841] = 0 0
[3842] = 0 0
[3843] = 0 0
[3844] = 0 0
[3845] = 0 0
[3846] = 0 0
[3847] = 0 0
[3848] = 0 0
[3849] = 0 0
[3850] = 0 0
[3851] = 0 0
[3852] = 0 0
[3853] = 0 0
[3854] = 0 0
[3855] = 0 0
[3856] = 0 0
[3857] = 0 0
[3858] = 27886 27886
[3859] = 27881 27881
[3860] = 27878 27878
[3861] = 27874 27874
[3862] = 27870 27870
[3863] = 27866 27866
[3864] = 27863 27863
[3865] = 27859 27859
[3866] = 27855 27855
[3867] = 27851 27851
[3868] = 27847 27847
[3869] = 27844 27844
[3870] = 27839 27839
[3871] = 27836 27836
[3872] = 27832 27832
[3873] = 27828 27828
[3874] = 27824 27824
[3875] = 27820 27820
[3876] = 27817 27817
[3877] = 27813 27813
[3878] = 27809 27809
[3879] = 27805 27805
[3880] = 27801 27801
[3881] = 27798 27798
[3882] = 27793 27793
[3883] = 27790 27790
[3884] = 27786 27786
[3885] = 27782 27782
[3886] = 27778 27778
[3887] = 27774 27774
[3888] = 27771 27771
[3889] = 27767 27767
[3890] = 27763 27763
[3891] = 27759 27759
[3892] = 27755 27755
[3893] = 27751 27751
[3894] = 27748 27748
[3895] = 27744 27744
[3896] = 27740 27740
[3897] = 27736 27736
[3898] = 0 0
[3899] = 0 0
[3900] = 0 0
[3901] = 0 0
[3902] = 0 0
[3903] = 0 0
[3904] = 0 0
[3905] = 0 0
[3906] = 0 0
[3907] = 0 0
[3908] = 0 0
[3909] = 0 0
[3910] = 0 0
[3911] = 0 0
[3912] = 0 0
[3913] = 0 0
[3914] = 0 0
[3915] = 0 0
[3916] = 0 0
[3917] = 0 0
[3918] = 0 0
[3919] = 0 0
[3920] = 0 0
[3921] = 0 0
[3922] = 0 0
[3923] = 0 0
[3924] = 0 0
[3925] = 0 0
[3926] = 0 0
[3927] = 0 0
[3928] = 0 0
[3929] = 0 0
[3930] = 0 0
[3931] = 0 0
[3932] = 0 0
[3933] = 0 0
[3934] = 0 0
[3935] = 0 0
[3936] = 0 0
[3937] = 0 0
[3938] = 0 0
[3939] = 27575 27575
[3940] = 27571 27571
[3941] = 27567 27567
[3942] = 27563 27563
[3943] = 27560 27560
[3944] = 27556 27556
[3945] = 27552 27552
[3946] = 27548 27548
[3947] = 27544 27544
[3948] = 27541 27541
[3949] = 27537 27537
[3950] = 27533 27533
[3951] = 27529 27529
[3952] = 27525 27525
[3953] = 27521 27521
[3954] = 27518 27518
[3955] = 27514 27514
[3956] = 27510 27510
[3957] = 27506 27506
[3958] = 27502 27502
[3959] = 27499 27499
[3960] = 27494 27494
[3961] = 27491 27491
[3962] = 27487 27487
[3963] = 27483 27483
[3964] = 27479 27479
[3965] = 27475 27475
[3966] = 27472 27472
[3967] = 27468 27468
[3968] = 27464 27464
[3969] = 27460 27460
[3970] = 27456 27456
[3971] = 27452 27452
[3972] = 27448 27448
[3973] = 27445 27445
[3974] = 27441 27441
[3975] = 27437 27437
[3976] = 27433 27433
[3977] = 27429 27429
[3978] = 27426 27426
[3979] = 27422 27422
[3980] = 0 0
[3981] = 0 0
[3982] = 0 0
[3983] = 0 0
[3984] = 0 0
[3985] = 0 0
[3986] = 0 0
[3987] = 0 0
[3988] = 0 0
[3989] = 0 0
[3990] = 0 0
[3991] = 0 0
[3992] = 0 0
[3993] = 0 0
[3994] = 0 0
[3995] = 0 0
[3996] = 0 0
[3997] = 0 0
[3998] = 0 0
[3999] = 0 0
[4000] = 0 0
[4001] = 0 0
[4002] = 0 0
[4003] = 0 0
[4004] = 0 0
[4005] = 0 0
[4006] = 0 0
[4007] = 0 0
[4008] = 0 0
[4009] = 0 0
[4010] = 0 0
[4011] = 0 0
[4012] = 0 0
[4013] = 0 0
[4014] = 0 0
[4015] = 0 0
[4016] = 0 0
[4017] = 0 0
[4018] = 0 0
[4019] = 0 0
[4020] = 0 0
[4021] = 27261 27261
[4022] = 27257 27257
[4023] = 27253 27253
[4024] = 27249 27249
[4025] = 27245 27245
[4026] = 27242 27242
[4027] = 27238 27238
[4028] = 27234 27234
[4029] = 27230 27230
[4030] = 27226 27226
[4031] = 27222 27222
[4032] = 27218 27218
[4033] = 27215 27215
[4034] = 27211 27211
[4035] = 27207 27207
[4036] = 27203 27203
[4037] = 27199 27199
[4038] = 27196 27196
[4039] = 27192 27192
[4040] = 27188 27188
[4041] = 27184 27184
[4042] = 27180 27180
[4043] = 27176 27176
[4044] = 27173 27173
[4045] = 27169 27169
[4046] = 27165 27165
[4047] = 27161 27161
[4048] = 27157 27157
[4049] = 27154 27154
[4050] = 27149 27149
[4051] = 27146 27146
[4052] = 27142 27142
[4053] = 27138 27138
[4054] = 27134 27134
[4055] = 27130 27130
[4056] = 27127 27127
[4057] = 27122 27122
[4058] = 27119 27119
[4059] = 27115 27115
[4060] = 27111 27111
[4061] = 27107 27107
[4062] = 0 0
[4063] = 0 0
[4064] = 0 0
[4065] = 0 0
[4066] = 0 0
[4067] = 0 0
[4068] = 0 0
[4069] = 0 0
[4070] = 0 0
[4071] = 0 0
[4072] = 0 0
[4073] = 0 0
[4074] = 0 0
[4075] = 0 0
[4076] = 0 0
[4077] = 0 0
[4078] = 0 0
[4079] = 0 0
[4080] = 0 0
[4081] = 0 0
[4082] = 0 0
[4083] = 0 0
[4084] = 0 0
[4085] = 0 0
[4086] = 0 0
[4087] = 0 0
[4088] = 0 0
[4089] = 0 0
[4090] = 0 0
[4091] = 0 0
[4092] = 0 0
[4093] = 0 0
[4094] = 0 0
[4095] = 0 0
[4096] = 0 0
[4097] = 0 0
[4098] = 0 0
[4099] = 0 0
[4100] = 0 0
[4101] = 0 0
[4102] = 0 0
[4103] = 26946 26946
[4104] = 26943 26943
[4105] = 26939 26939
[4106] = 26935 26935
[4107] = 26931 26931
[4108] = 26927 26927
[4109] = 26924 26924
[4110] = 26919 26919
[4111] = 26916 26916
[4112] = 26912 26912
[4113] = 26908 26908
[4114] = 26904 26904
[4115] = 26900 26900
[4116] = 26897 26897
[4117] = 26893 26893
[4118] = 26889 26889
[4119] = 26885 26885
[4120] = 26881 26881
[4121] = 26877 26877
[4122] = 26874 26874
[4123] = 26870 26870
[4124] = 26866 26866
[4125] = 26862 26862
[4126] = 26858 26858
[4127] = 26855 26855
[4128] = 26851 26851
[4129] = 26847 26847
[4130] = 26843 26843
[4131] = 26839 26839
[4132] = 26835 26835
[4133] = 26831 26831
[4134] = 26828 26828
[4135] = 26824 26824
[4136] = 26820 26820
[4137] = 26816 26816
[4138] = 26812 26812
[4139] = 26809 26809
[4140] = 26804 26804
[4141] = 26801 26801
[4142] = 26797 26797
[4143] = 26793 26793
[4144] = 0 0
[4145] = 0 0
[4146] = 0 0
[4147] = 0 0
[4148] = 0 0
[4149] = 0 0
[4150] = 0 0
[4151] = 0 0
[4152] = 0 0
[4153] = 0 0
[4154] = 0 0
[4155] = 0 0
[4156] = 0 0
[4157] = 0 0
[4158] = 0 0
[4159] = 0 0
[4160] = 0 0
[4161] = 0 0
[4162] = 0 0
[4163] = 0 0
[4164] = 0 0
[4165] = 0 0
[4166] = 0 0
[4167] = 0 0
[4168] = 0 0
[4169] = 0 0
[4170] = 0 0
[4171] = 0 0
[4172] = 0 0
[4173] = 0 0
[4174] = 0 0
[4175] = 0 0
[4176] = 0 0
[4177] = 0 0
[4178] = 0 0
[4179] = 0 0
[4180] = 0 0
[4181] = 0 0
[4182] = 0 0
[4183] = 0 0
[4184] = 0 0
[4185] = 26632 26632
[4186] = 26628 26628
[4187] = 26625 26625
[4188] = 26620 26620
[4189] = 26617 26617
[4190] = 26613 26613
[4191] = 26609 26609
[4192] = 26605 26605
[4193] = 26601 26601
[4194] = 26598 26598
[4195] = 26594 26594
[4196] = 26590 26590
[4197] = 26586 26586
[4198] = 26582 26582
[4199] = 26579 26579
[4200] = 26574 26574
[4201] = 26571 26571
[4202] = 26567 26567
[4203] = 26563 26563
[4204] = 26559 26559
[4205] = 26555 26555
[4206] = 26552 26552
[4207] = 26548 26548
[4208] = 26544 26544
[4209] = 26540 26540
[4210] = 26536 26536
[4211] = 26532 26532
[4212] = 26529 26529
[4213] = 26525 26525
[4214] = 26521 26521
[4215] = 26517 26517
[4216] = 26513 26513
[4217] = 26510 26510
[4218] = 26505 26505
[4219] = 26502 26502
[4220] = 26498 26498
[4221] = 26494 26494
[4222] = 26490 26490
[4223] = 26486 26486
[4224] = 26483 26483
[4225] = 0 0
[4226] = 0 0
[4227] = 0 0
[4228] = 0 0
[4229] = 0 0
[4230] = 0 0
[4231] = 0 0
[4232] = 0 0
[4233] = 0 0
[4234] = 0 0
[4235] = 0 0
[4236] = 0 0
[4237] = 0 0
[4238] = 0 0
[4239] = 0 0
[4240] = 0 0
[4241] = 0 0
[4242] = 0 0
[4243] = 0 0
[4244] = 0 0
[4245] = 0 0
[4246] = 0 0
[4247] = 0 0
[4248] = 0 0
[4249] = 0 0
[4250] = 0 0
[4251] = 0 0
[4252] = 0 0
[4253] = 0 0
[4254] = 0 0
[4255] = 0 0
[4256] = 0 0
[4257] = 0 0
[4258] = 0 0
[4259] = 0 0
[4260] = 0 0
[4261] = 0 0
[4262] = 0 0
[4263] = 0 0
[4264] = 0 0
[4265] = 0 0
[4266] = 26322 26322
[4267] = 26318 26318
[4268] = 26314 26314
[4269] = 26310 26310
[4270] = 26306 26306
[4271] = 26302 26302
[4272] = 26299 26299
[4273] = 26295 26295
[4274] = 26291 26291
[4275] = 26287 26287
[4276] = 26283 26283
[4277] = 26280 26280
[4278] = 26275 26275
[4279] = 26272 26272
[4280] = 26268 26268
[4281] = 26264 26264
[4282] = 26260 26260
[4283] = 26256 26256
[4284] = 26253 26253
[4285] = 26249 26249
[4286] = 26245 26245
[4287] = 26241 26241
[4288] = 26237 26237
[4289] = 26233 26233
[4290] = 26229 26229
[4291] = 26226 26226
[4292] = 26222 26222
[4293] = 26218 26218
[4294] = 26214 26214
[4295] = 26211 26211
[4296] = 26207 26207
[4297] = 26203 26203
[4298] = 26199 26199
[4299] = 26195 26195
[4300] = 26192 26192
[4301] = 26187 26187
[4302] = 26184 26184
[4303] = 26180 26180
[4304] = 26176 26176
[4305] = 26172 26172
[4306] = 26168 26168
[4307] = 0 0
[4308] = 0 0
[4309] = 0 0
[4310] = 0 0
[4311] = 0 0
[4312] = 0 0
[4313] = 0 0
[4314] = 0 0
[4315] = 0 0
[4316] = 0 0
[4317] = 0 0
[4318] = 0 0
[4319] = 0 0
[4320] = 0 0
[4321] = 0 0
[4322] = 0 0
[4323] = 0 0
[4324] = 0 0
[4325] = 0 0
[4326] = 0 0
[4327] = 0 0
[4328] = 0 0
[4329] = 0 0
[4330] = 0 0
[4331] = 0 0
[4332] = 0 0
[4333] = 0 0
[4334] = 0 0
[4335] = 0 0
[4336] = 0 0
[4337] = 0 0
[4338] = 0 0
[4339] = 0 0
[4340] = 0 0
[4341] = 0 0
[4342] = 0 0
[4343] = 0 0
[4344] = 0 0
[4345] = 0 0
[4346] = 0 0
[4347] = 0 0
[4348] = 26007 26007
[4349] = 26003 26003
[4350] = 26000 26000
[4351] = 25996 25996
[4352] = 25992 25992
[4353] = 25988 25988
[4354] = 25984 25984
[4355] = 25981 25981
[4356] = 25977 25977
[4357] = 25973 25973
[4358] = 25969 25969
[4359] = 25965 25965
[4360] = 25962 25962
[4361] = 25957 25957
[4362] = 25954 25954
[4363] = 25950 25950
[4364] = 25946 25946
[4365] = 25942 25942
[4366] = 25938 25938
[4367] = 25935 25935
[4368] = 25930 25930
[4369] = 25927 25927
[4370] = 25923 25923
[4371] = 25919 25919
[4372] = 25915 25915
[4373] = 25911 25911
[4374] = 25908 25908
[4375] = 25904 25904
[4376] = 25900 25900
[4377] = 25896 25896
[4378] = 25892 25892
[4379] = 25888 25888
[4380] = 25885 25885
[4381] = 25881 25881
[4382] = 25877 25877
[4383] = 25873 25873
[4384] = 25869 25869
[4385] = 25866 25866
[4386] = 25862 25862
[4387] = 25858 25858
[4388] = 25854 25854
[4389] = 0 0
[4390] = 0 0
[4391] = 0 0
[4392] = 0 0
[4393] = 0 0
[4394] = 0 0
[4395] = 0 0
[4396] = 0 0
[4397] = 0 0
[4398] = 0 0
[4399] = 0 0
[4400] = 0 0
[4401] = 0 0
[4402] = 0 0
[4403] = 0 0
[4404] = 0 0
[4405] = 0 0
[4406] = 0 0
[4407] = 0 0
[4408] = 0 0
[4409] = 0 0
[4410] = 0 0
[4411] = 0 0
[4412] = 0 0
[4413] = 0 0
[4414] = 0 0
[4415] = 0 0
[4416] = 0 0
[4417] = 0 0
[4418] = 0 0
[4419] = 0 0
[4420] = 0 0
[4421] = 0 0
[4422] = 0 0
[4423] = 0 0
[4424] = 0 0
[4425] = 0 0
[4426] = 0 0
[4427] = 0 0
[4428] = 0 0
[4429] = 0 0
[4430] = 25693 25693
[4431] = 25689 25689
[4432] = 25685 25685
[4433] = 25681 25681
[4434] = 25678 25678
[4435] = 25674 25674
[4436] = 25670 25670
[4437] = 25666 25666
[4438] = 25662 25662
[4439] = 25658 25658
[4440] = 25655 25655
[4441] = 25651 25651
[4442] = 25647 25647
[4443] = 25643 25643
[4444] = 25639 25639
[4445] = 25636 25636
[4446] = 25632 25632
[4447] = 25628 25628
[4448] = 25624 25624
[4449] = 25620 25620
[4450] = 25616 25616
[4451] = 25612 25612
[4452] = 25609 25609
[4453] = 25605 25605
[4454] = 25601 25601
[4455] = 25597 25597
[4456] = 25593 25593
[4457] = 25590 25590
[4458] = 25585 25585
[4459] = 25582 25582
[4460] = 25578 25578
[4461] = 25574 25574
[4462] = 25570 25570
[4463] = 25566 25566
[4464] = 25563 25563
[4465] = 25559 25559
[4466] = 25555 25555
[4467] = 25551 25551
[4468] = 25547 25547
[4469] = 25543 25543
[4470] = 25540 25540
[4471] = 0 0
[4472] = 0 0
[4473] = 0 0
[4474] = 0 0
[4475] = 0 0
[4476] = 0 0
[4477] = 0 0
[4478] = 0 0
[4479] = 0 0
[4480] = 0 0
[4481] = 0 0
[4482] = 0 0
[4483] = 0 0
[4484] = 0 0
[4485] = 0 0
[4486] = 0 0
[4487] = 0 0
[4488] = 0 0
[4489] = 0 0
[4490] = 0 0
[4491] = 0 0
[4492] = 0 0
[4493] = 0 0
[4494] = 0 0
[4495] = 0 0
[4496] = 0 0
[4497] = 0 0
[4498] = 0 0
[4499] = 0 0
[4500] = 0 0
[4501] = 0 0
[4502] = 0 0
[4503] = 0 0
[4504] = 0 0
[4505] = 0 0
[4506] = 0 0
[4507] = 0 0
[4508] = 0 0
[4509] = 0 0
[4510] = 0 0
[4511] = 0 0
[4512] = 25379 25379
[4513] = 25375 25375
[4514] = 25371 25371
[4515] = 25367 25367
[4516] = 25363 25363
[4517] = 25360 25360
[4518] = 25355 25355
[4519] = 25352 25352
[4520] = 25348 25348
[4521] = 25344 25344
[4522] = 25340 25340
[4523] = 25337 25337
[4524] = 25333 25333
[4525] = 25329 25329
[4526] = 25325 25325
[4527] = 25321 25321
[4528] = 25318 25318
[4529] = 25313 25313
[4530] = 25310 25310
[4531] = 25306 25306
[4532] = 25302 25302
[4533] = 25298 25298
[4534] = 25294 25294
[4535] = 25291 25291
[4536] = 25286 25286
[4537] = 25283 25283
[4538] = 25279 25279
[4539] = 25275 25275
[4540] = 25271 25271
[4541] = 25267 25267
[4542] = 25264 25264
[4543] = 25260 25260
[4544] = 25256 25256
[4545] = 25252 25252
[4546] = 25248 25248
[4547] = 25245 25245
[4548] = 25241 25241
[4549] = 25237 25237
[4550] = 25233 25233
[4551] = 25229 25229
[4552] = 0 0
[4553] = 0 0
[4554] = 0 0
[4555] = 0 0
[4556] = 0 0
[4557] = 0 0
[4558] = 0 0
[4559] = 0 0
[4560] = 0 0
[4561] = 0 0
[4562] = 0 0
[4563] = 0 0
[4564] = 0 0
[4565] = 0 0
[4566] = 0 0
[4567] = 0 0
[4568] = 0 0
[4569] = 0 0
[4570] = 0 0
[4571] = 0 0
[4572] = 0 0
[4573] = 0 0
[4574] = 0 0
[4575] = 0 0
[4576] = 0 0
[4577] = 0 0
[4578] = 0 0
[4579] = 0 0
[4580] = 0 0
[4581] = 0 0
[4582] = 0 0
[4583] = 0 0
[4584] = 0 0
[4585] = 0 0
[4586] = 0 0
[4587] = 0 0
[4588] = 0 0
[4589] = 0 0
[4590] = 0 0
[4591] = 0 0
[4592] = 0 0
[4593] = 25068 25068
[4594] = 25064 25064
[4595] = 25061 25061
[4596] = 25056 25056
[4597] = 25053 25053
[4598] = 25049 25049
[4599] = 25045 25045
[4600] = 25041 25041
[4601] = 25037 25037
[4602] = 25034 25034
[4603] = 25030 25030
[4604] = 25026 25026
[4605] = 25022 25022
[4606] = 25018 25018
[4607] = 25015 25015
[4608] = 25011 25011
[4609] = 25007 25007
[4610] = 25003 25003
[4611] = 24999 24999
[4612] = 24995 24995
[4613] = 24992 24992
[4614] = 24988 24988
[4615] = 24984 24984
[4616] = 24980 24980
[4617] = 24976 24976
[4618] = 24973 24973
[4619] = 24968 24968
[4620] = 24965 24965
[4621] = 24961 24961
[4622] = 24957 24957
[4623] = 24953 24953
[4624] = 24949 24949
[4625] = 24946 24946
[4626] = 24941 24941
[4627] = 24938 24938
[4628] = 24934 24934
[4629] = 24930 24930
[4630] = 24926 24926
[4631] = 24922 24922
[4632] = 24919 24919
[4633] = 24915 24915
[4634] = 0 0
[4635] = 0 0
[4636] = 0 0
[4637] = 0 0
[4638] = 0 0
[4639] = 0 0
[4640] = 0 0
[4641] = 0 0
[4642] = 0 0
[4643] = 0 0
[4644] = 0 0
[4645] = 0 0
[4646] = 0 0
[4647] = 0 0
[4648] = 0 0
[4649] = 0 0
[4650] = 0 0
[4651] = 0 0
[4652] = 0 0
[4653] = 0 0
[4654] = 0 0
[4655] = 0 0
[4656] = 0 0
[4657] = 0 0
[4658] = 0 0
[4659] = 0 0
[4660] = 0 0
[4661] = 0 0
[4662] = 0 0
[4663] = 0 0
[4664] = 0 0
[4665] = 0 0
[4666] = 0 0
[4667] = 0 0
[4668] = 0 0
[4669] = 0 0
[4670] = 0 0
[4671] = 0 0
[4672] = 0 0
[4673] = 0 0
[4674] = 0 0
[4675] = 24754 24754
[4676] = 24750 24750
[4677] = 24746 24746
[4678] = 24743 24743
[4679] = 24738 24738
[4680] = 24735 24735
[4681] = 24731 24731
[4682] = 24727 24727
[4683] = 24723 24723
[4684] = 24719 24719
[4685] = 24716 24716
[4686] = 24711 24711
[4687] = 24708 24708
[4688] = 24704 24704
[4689] = 24700 24700
[4690] = 24696 24696
[4691] = 24692 24692
[4692] = 24689 24689
[4693] = 24685 24685
[4694] = 24681 24681
[4695] = 24677 24677
[4696] = 24673 24673
[4697] = 24669 24669
[4698] = 24666 24666
[4699] = 24662 24662
[4700] = 24658 24658
[4701] = 24654 24654
[4702] = 24650 24650
[4703] = 24647 24647
[4704] = 24643 24643
[4705] = 24639 24639
[4706] = 24635 24635
[4707] = 24631 24631
[4708] = 24628 24628
[4709] = 24623 24623
[4710] = 24620 24620
[4711] = 24616 24616
[4712] = 24612 24612
[4713] = 24608 24608
[4714] = 24604 24604
[4715] = 24601 24601
[4716] = 0 0
[4717] = 0 0
[4718] = 0 0
[4719] = 0 0
[4720] = 0 0
[4721] = 0 0
[4722] = 0 0
[4723] = 0 0
[4724] = 0 0
[4725] = 0 0
[4726] = 0 0
[4727] = 0 0
[4728] = 0 0
[4729] = 0 0
[4730] = 0 0
[4731] = 0 0
[4732] = 0 0
[4733] = 0 0
[4734] = 0 0
[4735] = 0 0
[4736] = 0 0
[4737] = 0 0
[4738] = 0 0
[4739] = 0 0
[4740] = 0 0
[4741] = 0 0
[4742] = 0 0
[4743] = 0 0
[4744] = 0 0
[4745] = 0 0
[4746] = 0 0
[4747] = 0 0
[4748] = 0 0
[4749] = 0 0
[4750] = 0 0
[4751] = 0 0
[4752] = 0 0
[4753] = 0 0
[4754] = 0 0
[4755] = 0 0
[4756] = 0 0
[4757] = 24439 24439
[4758] = 24436 24436
[4759] = 24432 24432
[4760] = 24428 24428
[4761] = 24424 24424
[4762] = 24420 24420
[4763] = 24417 24417
[4764] = 24413 24413
[4765] = 24409 24409
[4766] = 24405 24405
[4767] = 24401 24401
[4768] = 24397 24397
[4769] = 24393 24393
[4770] = 24390 24390
[4771] = 24386 24386
[4772] = 24382 24382
[4773] = 24378 24378
[4774] = 24374 24374
[4775] = 24371 24371
[4776] = 24367 24367
[4777] = 24363 24363
[4778] = 24359 24359
[4779] = 24355 24355
[4780] = 24351 24351
[4781] = 24348 24348
[4782] = 24344 24344
[4783] = 24340 24340
[4784] = 24336 24336
[4785] = 24332 24332
[4786] = 24329 24329
[4787] = 24324 24324
[4788] = 24321 24321
[4789] = 24317 24317
[4790] = 24313 24313
[4791] = 24309 24309
[4792] = 24305 24305
[4793] = 24302 24302
[4794] = 24298 24298
[4795] = 24294 24294
[4796] = 24290 24290
[4797] = 24286 24286
[4798] = 0 0
[4799] = 0 0
[4800] = 0 0
[4801] = 0 0
[4802] = 0 0
[4803] = 0 0
[4804] = 0 0
[4805] = 0 0
[4806] = 0 0
[4807] = 0 0
[4808] = 0 0
[4809] = 0 0
[4810] = 0 0
[4811] = 0 0
[4812] = 0 0
[4813] = 0 0
[4814] = 0 0
[4815] = 0 0
[4816] = 0 0
[4817] = 0 0
[4818] = 0 0
[4819] = 0 0
[4820] = 0 0
[4821] = 0 0
[4822] = 0 0
[4823] = 0 0
[4824] = 0 0
[4825] = 0 0
[4826] = 0 0
[4827] = 0 0
[4828] = 0 0
[4829] = 0 0
[4830] = 0 0
[4831] = 0 0
[4832] = 0 0
[4833] = 0 0
[4834] = 0 0
[4835] = 0 0
[4836] = 0 0
[4837] = 0 0
[4838] = 0 0
[4839] = 24125 24125
[4840] = 24121 24121
[4841] = 24118 24118
[4842] = 24114 24114
[4843] = 24110 24110
[4844] = 24106 24106
[4845] = 24102 24102
[4846] = 24099 24099
[4847] = 24094 24094
[4848] = 24091 24091
[4849] = 24087 24087
[4850] = 24083 24083
[4851] = 24079 24079
[4852] = 24075 24075
[4853] = 24072 24072
[4854] = 24067 24067
[4855] = 24064 24064
[4856] = 24060 24060
[4857] = 24056 24056
[4858] = 24052 24052
[4859] = 24048 24048
[4860] = 24045 24045
[4861] = 24041 24041
[4862] = 24037 24037
[4863] = 24033 24033
[4864] = 24029 24029
[4865] = 24026 24026
[4866] = 24022 24022
[4867] = 24018 24018
[4868] = 24014 24014
[4869] = 24010 24010
[4870] = 24006 24006
[4871] = 24003 24003
[4872] = 23999 23999
[4873] = 23995 23995
[4874] = 23991 23991
[4875] = 23987 23987
[4876] = 23984 23984
[4877] = 23979 23979
[4878] = 23976 23976
[4879] = 0 0
[4880] = 0 0
[4881] = 0 0
[4882] = 0 0
[4883] = 0 0
[4884] = 0 0
[4885] = 0 0
[4886] = 0 0
[4887] = 0 0
[4888] = 0 0
[4889] = 0 0
[4890] = 0 0
[4891] = 0 0
[4892] = 0 0
[4893] = 0 0
[4894] = 0 0
[4895] = 0 0
[4896] = 0 0
[4897] = 0 0
[4898] = 0 0
[4899] = 0 0
[4900] = 0 0
[4901] = 0 0
[4902] = 0 0
[4903] = 0 0
[4904] = 0 0
[4905] = 0 0
[4906] = 0 0
[4907] = 0 0
[4908] = 0 0
[4909] = 0 0
[4910] = 0 0
[4911] = 0 0
[4912] = 0 0
[4913] = 0 0
[4914] = 0 0
[4915] = 0 0
[4916] = 0 0
[4917] = 0 0
[4918] = 0 0
[4919] = 0 0
[4920] = 23815 23815
[4921] = 23811 23811
[4922] = 23807 23807
[4923] = 23803 23803
[4924] = 23799 23799
[4925] = 23796 23796
[4926] = 23792 23792
[4927] = 23788 23788
[4928] = 23784 23784
[4929] = 23780 23780
[4930] = 23776 23776
[4931] = 23773 23773
[4932] = 23769 23769
[4933] = 23765 23765
[4934] = 23761 23761
[4935] = 23757 23757
[4936] = 23754 23754
[4937] = 23749 23749
[4938] = 23746 23746
[4939] = 23742 23742
[4940] = 23738 23738
[4941] = 23734 23734
[4942] = 23730 23730
[4943] = 23727 23727
[4944] = 23722 23722
[4945] = 23719 23719
[4946] = 23715 23715
[4947] = 23711 23711
[4948] = 23707 23707
[4949] = 23703 23703
[4950] = 23700 23700
[4951] = 23696 23696
[4952] = 23692 23692
[4953] = 23688 23688
[4954] = 23685 23685
[4955] = 23681 23681
[4956] = 23677 23677
[4957] = 23673 23673
[4958] = 23669 23669
[4959] = 23665 23665
[4960] = 23661 23661
[4961] = 0 0
[4962] = 0 0
[4963] = 0 0
[4964] = 0 0
[4965] = 0 0
[4966] = 0 0
[4967] = 0 0
[4968] = 0 0
[4969] = 0 0
[4970] = 0 0
[4971] = 0 0
[4972] = 0 0
[4973] = 0 0
[4974] = 0 0
[4975] = 0 0
[4976] = 0 0
[4977] = 0 0
[4978] = 0 0
[4979] = 0 0
[4980] = 0 0
[4981] = 0 0
[4982] = 0 0
[4983] = 0 0
[4984] = 0 0
[4985] = 0 0
[4986] = 0 0
[4987] = 0 0
[4988] = 0 0
[4989] = 0 0
[4990] = 0 0
[4991] = 0 0
[4992] = 0 0
[4993] = 0 0
[4994] = 0 0
[4995] = 0 0
[4996] = 0 0
[4997] = 0 0
[4998] = 0 0
[4999] = 0 0
[5000] = 0 0
[5001] = 0 0
[5002] = 23500 23500
[5003] = 23497 23497
[5004] = 23493 23493
[5005] = 23489 23489
[5006] = 23485 23485
[5007] = 23481 23481
[5008] = 23477 23477
[5009] = 23474 23474
[5010] = 23470 23470
[5011] = 23466 23466
[5012] = 23462 23462
[5013] = 23458 23458
[5014] = 23455 23455
[5015] = 23450 23450
[5016] = 23447 23447
[5017] = 23443 23443
[5018] = 23439 23439
[5019] = 23435 23435
[5020] = 23431 23431
[5021] = 23428 23428
[5022] = 23424 23424
[5023] = 23420 23420
[5024] = 23416 23416
[5025] = 23412 23412
[5026] = 23409 23409
[5027] = 23404 23404
[5028] = 23401 23401
[5029] = 23397 23397
[5030] = 23393 23393
[5031] = 23389 23389
[5032] = 23385 23385
[5033] = 23382 23382
[5034] = 23378 23378
[5035] = 23374 23374
[5036] = 23370 23370
[5037] = 23366 23366
[5038] = 23362 23362
[5039] = 23359 23359
[5040] = 23355 23355
[5041] = 23351 23351
[5042] = 23347 23347
[5043] = 0 0
[5044] = 0 0
[5045] = 0 0
[5046] = 0 0
[5047] = 0 0
[5048] = 0 0
[5049] = 0 0
[5050] = 0 0
[5051] = 0 0
[5052] = 0 0
[5053] = 0 0
[5054] = 0 0
[5055] = 0 0
[5056] = 0 0
[5057] = 0 0
[5058] = 0 0
[5059] = 0 0
[5060] = 0 0
[5061] = 0 0
[5062] = 0 0
[5063] = 0 0
[5064] = 0 0
[5065] = 0 0
[5066] = 0 0
[5067] = 0 0
[5068] = 0 0
[5069] = 0 0
[5070] = 0 0
[5071] = 0 0
[5072] = 0 0
[5073] = 0 0
[5074] = 0 0
[5075] = 0 0
[5076] = 0 0
[5077] = 0 0
[5078] = 0 0
[5079] = 0 0
[5080] = 0 0
[5081] = 0 0
[5082] = 0 0
[5083] = 0 0
[5084] = 23186 23186
[5085] = 23182 23182
[5086] = 23178 23178
[5087] = 23174 23174
[5088] = 23171 23171
[5089] = 23167 23167
[5090] = 23163 23163
[5091] = 23159 23159
[5092] = 23155 23155
[5093] = 23152 23152
[5094] = 23148 23148
[5095] = 23144 23144
[5096] = 23140 23140
[5097] = 23136 23136
[5098] = 23132 23132
[5099] = 23129 23129
[5100] = 23125 23125
[5101] = 23121 23121
[5102] = 23117 23117
[5103] = 23113 23113
[5104] = 23110 23110
[5105] = 23105 23105
[5106] = 23102 23102
[5107] = 23098 23098
[5108] = 23094 23094
[5109] = 23090 23090
[5110] = 23086 23086
[5111] = 23083 23083
[5112] = 23079 23079
[5113] = 23075 23075
[5114] = 23071 23071
[5115] = 23067 23067
[5116] = 23063 23063
[5117] = 23059 23059
[5118] = 23056 23056
[5119] = 23052 23052
[5120] = 23048 23048
[5121] = 23044 23044
[5122] = 23040 23040
[5123] = 23037 23037
[5124] = 0 0
[5125] = 0 0
[5126] = 0 0
[5127] = 0 0
[5128] = 0 0
[5129] = 0 0
[5130] = 0 0
[5131] = 0 0
[5132] = 0 0
[5133] = 0 0
[5134] = 0 0
[5135] = 0 0
[5136] = 0 0
[5137] = 0 0
[5138] = 0 0
[5139] = 0 0
[5140] = 0 0
[5141] = 0 0
[5142] = 0 0
[5143] = 0 0
[5144] = 0 0
[5145] = 0 0
[5146] = 0 0
[5147] = 0 0
[5148] = 0 0
[5149] = 0 0
[5150] = 0 0
[5151] = 0 0
[5152] = 0 0
[5153] = 0 0
[5154] = 0 0
[5155] = 0 0
[5156] = 0 0
[5157] = 0 0
[5158] = 0 0
[5159] = 0 0
[5160] = 0 0
[5161] = 0 0
[5162] = 0 0
[5163] = 0 0
[5164] = 0 0
[5165] = 22875 22875
[5166] = 22872 22872
[5167] = 22868 22868
[5168] = 22864 22864
[5169] = 22860 22860
[5170] = 22856 22856
[5171] = 22853 22853
[5172] = 22849 22849
[5173] = 22845 22845
[5174] = 22841 22841
[5175] = 22837 22837
[5176] = 22833 22833
[5177] = 22829 22829
[5178] = 22826 22826
[5179] = 22822 22822
[5180] = 22818 22818
[5181] = 22814 22814
[5182] = 22811 22811
[5183] = 22807 22807
[5184] = 22803 22803
[5185] = 22799 22799
[5186] = 22795 22795
[5187] = 22791 22791
[5188] = 22791 22791
[5189] = 22791 22791
[5190] = 22791 22791
[5191] = 22791 22791
[5192] = 22791 22791
[5193] = 22791 22791
[5194] = 22791 22791
[5195] = 22791 22791
[5196] = 22791 22791
[5197] = 22791 22791
[5198] = 22791 22791
[5199] = 22791 22791
[5200] = 22791 22791
[5201] = 22791 22791
[5202] = 22791 22791
[5203] = 22791 22791
[5204] = 22791 22791
[5205] = 22791 22791
[5206] = 0 0
[5207] = 0 0
[5208] = 0 0
[5209] = 0 0
[5210] = 0 0
[5211] = 0 0
[5212] = 0 0
[5213] = 0 0
[5214] = 0 0
[5215] = 0 0
[5216] = 0 0
[5217] = 0 0
[5218] = 0 0
[5219] = 0 0
[5220] = 0 0
[5221] = 0 0
[5222] = 0 0
[5223] = 0 0
[5224] = 0 0
[5225] = 0 0
[5226] = 0 0
[5227] = 0 0
[5228] = 0 0
[5229] = 0 0
[5230] = 0 0
[5231] = 0 0
[5232] = 0 0
[5233] = 0 0
[5234] = 0 0
[5235] = 0 0
[5236] = 0 0
[5237] = 0 0
[5238] = 0 0
[5239] = 0 0
[5240] = 0 0
[5241] = 0 0
[5242] = 0 0
[5243] = 0 0
[5244] = 0 0
[5245] = 0 0
[5246] = 0 0
[5247] = 22791 22791
[5248] = 22791 22791
[5249] = 22791 22791
[5250] = 22791 22791
[5251] = 22791 22791
[5252] = 22791 22791
[5253] = 22791 22791
[5254] = 22791 22791
[5255] = 22791 22791
[5256] = 22791 22791
[5257] = 22791 22791
[5258] = 22791 22791
[5259] = 22791 22791
[5260] = 22791 22791
[5261] = 22791 22791
[5262] = 22791 22791
[5263] = 22791 22791
[5264] = 22791 22791
[5265] = 22791 22791
[5266] = 22791 22791
[5267] = 22791 22791
[5268] = 22791 22791
[5269] = 22791 22791
[5270] = 22791 22791
[5271] = 22791 22791
[5272] = 22791 22791
[5273] = 22791 22791
[5274] = 22791 22791
[5275] = 22791 22791
[5276] = 22791 22791
[5277] = 22791 22791
[5278] = 22791 22791
[5279] = 22791 22791
[5280] = 22791 22791
[5281] = 22791 22791
[5282] = 22791 22791
[5283] = 22791 22791
[5284] = 22791 22791
[5285] = 22791 22791
[5286] = 22791 22791
[5287] = 22791 22791
[5288] = 0 0
[5289] = 0 0
[5290] = 0 0
[5291] = 0 0
[5292] = 0 0
[5293] = 0 0
[5294] = 0 0
[5295] = 0 0
[5296] = 0 0
[5297] = 0 0
[5298] = 0 0
[5299] = 0 0
[5300] = 0 0
[5301] = 0 0
[5302] = 0 0
[5303] = 0 0
[5304] = 0 0
[5305] = 0 0
[5306] = 0 0
[5307] = 0 0
[5308] = 0 0
[5309] = 0 0
[5310] = 0 0
[5311] = 0 0
[5312] = 0 0
[5313] = 0 0
[5314] = 0 0
[5315] = 0 0
[5316] = 0 0
[5317] = 0 0
[5318] = 0 0
[5319] = 0 0
[5320] = 0 0
[5321] = 0 0
[5322] = 0 0
[5323] = 0 0
[5324] = 0 0
[5325] = 0 0
[5326] = 0 0
[5327] = 0 0
[5328] = 0 0
[5329] = 22791 22791
[5330] = 22791 22791
[5331] = 22791 22791
[5332] = 22791 22791
[5333] = 22791 22791
[5334] = 22791 22791
[5335] = 22791 22791
[5336] = 22791 22791
[5337] = 22791 22791
[5338] = 22791 22791
[5339] = 22791 22791
[5340] = 22791 22791
[5341] = 22791 22791
[5342] = 22791 22791
[5343] = 22791 22791
[5344] = 22791 22791
[5345] = 22791 22791
[5346] = 22791 22791
[5347] = 22791 22791
[5348] = 22791 22791
[5349] = 22791 22791
[5350] = 22791 22791
[5351] = 22791 22791
[5352] = 22791 22791
[5353] = 22791 22791
[5354] = 22791 22791
[5355] = 22791 22791
[5356] = 22791 22791
[5357] = 22791 22791
[5358] = 22791 22791
[5359] = 22791 22791
[5360] = 22791 22791
[5361] = 22791 22791
[5362] = 22791 22791
[5363] = 22791 22791
[5364] = 22791 22791
[5365] = 22791 22791
[5366] = 22791 22791
[5367] = 22791 22791
[5368] = 22791 22791
[5369] = 22791 22791
[5370] = 0 0
[5371] = 0 0
[5372] = 0 0
[5373] = 0 0
[5374] = 0 0
[5375] = 0 0
[5376] = 0 0
[5377] = 0 0
[5378] = 0 0
[5379] = 0 0
[5380] = 0 0
[5381] = 0 0
[5382] = 0 0
[5383] = 0 0
[5384] = 0 0
[5385] = 0 0
[5386] = 0 0
[5387] = 0 0
[5388] = 0 0
[5389] = 0 0
[5390] = 0 0
[5391] = 0 0
[5392] = 0 0
[5393] = 0 0
[5394] = 0 0
[5395] = 0 0
[5396] = 0 0
[5397] = 0 0
[5398] = 0 0
[5399] = 0 0
[5400] = 0 0
[5401] = 0 0
[5402] = 0 0
[5403] = 0 0
[5404] = 0 0
[5405] = 0 0
[5406] = 0 0
[5407] = 0 0
[5408] = 0 0
[5409] = 0 0
[5410] = 0 0
[5411] = 22791 22791
[5412] = 22791 22791
[5413] = 22791 22791
[5414] = 22791 22791
[5415] = 22791 22791
[5416] = 22791 22791
[5417] = 22791 22791
[5418] = 22791 22791
[5419] = 22791 22791
[5420] = 22791 22791
[5421] = 22791 22791
[5422] = 22791 22791
[5423] = 22791 22791
[5424] = 22791 22791
[5425] = 22791 22791
[5426] = 22791 22791
[5427] = 22791 22791
[5428] = 22791 22791
[5429] = 22791 22791
[5430] = 22791 22791
[5431] = 22791 22791
[5432] = 22791 22791
[5433] = 22791 22791
[5434] = 22791 22791
[5435] = 22791 22791
[5436] = 22791 22791
[5437] = 22791 22791
[5438] = 22791 22791
[5439] = 22791 22791
[5440] = 22791 22791
[5441] = 22791 22791
[5442] = 22791 22791
[5443] = 22791 22791
[5444] = 22791 22791
[5445] = 22791 22791
[5446] = 22791 22791
[5447] = 22791 22791
[5448] = 22791 22791
[5449] = 22791 22791
[5450] = 22791 22791
[5451] = 0 0
[5452] = 0 0
[5453] = 0 0
[5454] = 0 0
[5455] = 0 0
[5456] = 0 0
[5457] = 0 0
[5458] = 0 0
[5459] = 0 0
[5460] = 0 0
[5461] = 0 0
[5462] = 0 0
[5463] = 0 0
[5464] = 0 0
[5465] = 0 0
[5466] = 0 0
[5467] = 0 0
[5468] = 0 0
[5469] = 0 0
[5470] = 0 0
[5471] = 0 0
[5472] = 0 0
[5473] = 0 0
[5474] = 0 0
[5475] = 0 0
[5476] = 0 0
[5477] = 0 0
[5478] = 0 0
[5479] = 0 0
[5480] = 0 0
[5481] = 0 0
[5482] = 0 0
[5483] = 0 0
[5484] = 0 0
[5485] = 0 0
[5486] = 0 0
[5487] = 0 0
[5488] = 0 0
[5489] = 0 0
[5490] = 0 0
[5491] = 0 0
[5492] = 22791 22791
[5493] = 22791 22791
[5494] = 22791 22791
[5495] = 22791 22791
[5496] = 22791 22791
[5497] = 22791 22791
[5498] = 22791 22791
[5499] = 22791 22791
[5500] = 22791 22791
[5501] = 22791 22791
[5502] = 22791 22791
[5503] = 22791 22791
[5504] = 22791 22791
[5505] = 22791 22791
[5506] = 22791 22791
[5507] = 22791 22791
[5508] = 22791 22791
[5509] = 22791 22791
[5510] = 22791 22791
[5511] = 22791 22791
[5512] = 22791 22791
[5513] = 22791 22791
[5514] = 22791 22791
[5515] = 22791 22791
[5516] = 22791 22791
[5517] = 22791 22791
[5518] = 22791 22791
[5519] = 22791 22791
[5520] = 22791 22791
[5521] = 22791 22791
[5522] = 22791 22791
[5523] = 22791 22791
[5524] = 22791 22791
[5525] = 22791 22791
[5526] = 22791 22791
[5527] = 22791 22791
[5528] = 22791 22791
[5529] = 22791 22791
[5530] = 22791 22791
[5531] = 22791 22791
[5532] = 22791 22791
[5533] = 0 0
[5534] = 0 0
[5535] = 0 0
[5536] = 0 0
[5537] = 0 0
[5538] = 0 0
[5539] = 0 0
[5540] = 0 0
[5541] = 0 0
[5542] = 0 0
[5543] = 0 0
[5544] = 0 0
[5545] = 0 0
[5546] = 0 0
[5547] = 0 0
[5548] = 0 0
[5549] = 0 0
[5550] = 0 0
[5551] = 0 0
[5552] = 0 0
[5553] = 0 0
[5554] = 0 0
[5555] = 0 0
[5556] = 0 0
[5557] = 0 0
[5558] = 0 0
[5559] = 0 0
[5560] = 0 0
[5561] = 0 0
[5562] = 0 0
[5563] = 0 0
[5564] = 0 0
[5565] = 0 0
[5566] = 0 0
[5567] = 0 0
[5568] = 0 0
[5569] = 0 0
[5570] = 0 0
[5571] = 0 0
[5572] = 0 0
[5573] = 0 0
[5574] = 22791 22791
[5575] = 22791 22791
[5576] = 22791 22791
[5577] = 22791 22791
[5578] = 22791 22791
[5579] = 22791 22791
[5580] = 22791 22791
[5581] = 22791 22791
[5582] = 22791 22791
[5583] = 22791 22791
[5584] = 22791 22791
[5585] = 22791 22791
[5586] = 22791 22791
[5587] = 22791 22791
[5588] = 22791 22791
[5589] = 22791 22791
[5590] = 22791 22791
[5591] = 22791 22791
[5592] = 22791 22791
[5593] = 22791 22791
[5594] = 22791 22791
[5595] = 22791 22791
[5596] = 22791 22791
[5597] = 22791 22791
[5598] = 22791 22791
[5599] = 22791 22791
[5600] = 22791 22791
[5601] = 22791 22791
[5602] = 22791 22791
[5603] = 22791 22791
[5604] = 22791 22791
[5605] = 22791 22791
[5606] = 22791 22791
[5607] = 22791 22791
[5608] = 22791 22791
[5609] = 22791 22791
[5610] = 22791 22791
[5611] = 22791 22791
[5612] = 22791 22791
[5613] = 22791 22791
[5614] = 22791 22791
[5615] = 0 0
[5616] = 0 0
[5617] = 0 0
[5618] = 0 0
[5619] = 0 0
[5620] = 0 0
[5621] = 0 0
[5622] = 0 0
[5623] = 0 0
[5624] = 0 0
[5625] = 0 0
[5626] = 0 0
[5627] = 0 0
[5628] = 0 0
[5629] = 0 0
[5630] = 0 0
[5631] = 0 0
[5632] = 0 0
[5633] = 0 0
[5634] = 0 0
[5635] = 0 0
[5636] = 0 0
[5637] = 0 0
[5638] = 0 0
[5639] = 0 0
[5640] = 0 0
[5641] = 0 0
[5642] = 0 0
[5643] = 0 0
[5644] = 0 0
[5645] = 0 0
[5646] = 0 0
[5647] = 0 0
[5648] = 0 0
[5649] = 0 0
[5650] = 0 0
[5651] = 0 0
[5652] = 0 0
[5653] = 0 0
[5654] = 0 0
[5655] = 0 0
[5656] = 22791 22791
[5657] = 22791 22791
[5658] = 22791 22791
[5659] = 22791 22791
[5660] = 22791 22791
[5661] = 22791 22791
[5662] = 22791 22791
[5663] = 22791 22791
[5664] = 22791 22791
[5665] = 22791 22791
[5666] = 22791 22791
[5667] = 22791 22791
[5668] = 22791 22791
[5669] = 22791 22791
[5670] = 22791 22791
[5671] = 22791 22791
[5672] = 22791 22791
[5673] = 22791 22791
[5674] = 22791 22791
[5675] = 22791 22791
[5676] = 22791 22791
[5677] = 22791 22791
[5678] = 22791 22791
[5679] = 22791 22791
[5680] = 22791 22791
[5681] = 22791 22791
[5682] = 22791 22791
[5683] = 22791 22791
[5684] = 22791 22791
[5685] = 22791 22791
[5686] = 22791 22791
[5687] = 22791 22791
[5688] = 22791 22791
[5689] = 22791 22791
[5690] = 22791 22791
[5691] = 22791 22791
[5692] = 22791 22791
[5693] = 22791 22791
[5694] = 22791 22791
[5695] = 22791 22791
[5696] = 22791 22791
[5697] = 0 0
[5698] = 0 0
[5699] = 0 0
[5700] = 0 0
[5701] = 0 0
[5702] = 0 0
[5703] = 0 0
[5704] = 0 0
[5705] = 0 0
[5706] = 0 0
[5707] = 0 0
[5708] = 0 0
[5709] = 0 0
[5710] = 0 0
[5711] = 0 0
[5712] = 0 0
[5713] = 0 0
[5714] = 0 0
[5715] = 0 0
[5716] = 0 0
[5717] = 0 0
[5718] = 0 0
[5719] = 0 0
[5720] = 0 0
[5721] = 0 0
[5722] = 0 0
[5723] = 0 0
[5724] = 0 0
[5725] = 0 0
[5726] = 0 0
[5727] = 0 0
[5728] = 0 0
[5729] = 0 0
[5730] = 0 0
[5731] = 0 0
[5732] = 0 0
[5733] = 0 0
[5734] = 0 0
[5735] = 0 0
[5736] = 0 0
[5737] = 0 0
[5738] = 22791 22791
[5739] = 22791 22791
[5740] = 22791 22791
[5741] = 22791 22791
[5742] = 22791 22791
[5743] = 22791 22791
[5744] = 22791 22791
[5745] = 22791 22791
[5746] = 22791 22791
[5747] = 22791 22791
[5748] = 22791 22791
[5749] = 22791 22791
[5750] = 22791 22791
[5751] = 22791 22791
[5752] = 22791 22791
[5753] = 22791 22791
[5754] = 22791 22791
[5755] = 22791 22791
[5756] = 22791 22791
[5757] = 22791 22791
[5758] = 22791 22791
[5759] = 22791 22791
[5760] = 22791 22791
[5761] = 22791 22791
[5762] = 22791 22791
[5763] = 22791 22791
[5764] = 22791 22791
[5765] = 22791 22791
[5766] = 22791 22791
[5767] = 22791 22791
[5768] = 22791 22791
[5769] = 22791 22791
[5770] = 22791 22791
[5771] = 22791 22791
[5772] = 22791 22791
[5773] = 22791 22791
[5774] = 22791 22791
[5775] = 22791 22791
[5776] = 22791 22791
[5777] = 22791 22791
[5778] = 0 0
[5779] = 0 0
[5780] = 0 0
[5781] = 0 0
[5782] = 0 0
[5783] = 0 0
[5784] = 0 0
[5785] = 0 0
[5786] = 0 0
[5787] = 0 0
[5788] = 0 0
[5789] = 0 0
[5790] = 0 0
[5791] = 0 0
[5792] = 0 0
[5793] = 0 0
[5794] = 0 0
[5795] = 0 0
[5796] = 0 0
[5797] = 0 0
[5798] = 0 0
[5799] = 0 0
[5800] = 0 0
[5801] = 0 0
[5802] = 0 0
[5803] = 0 0
[5804] = 0 0
[5805] = 0 0
[5806] = 0 0
[5807] = 0 0
[5808] = 0 0
[5809] = 0 0
[5810] = 0 0
[5811] = 0 0
[5812] = 0 0
[5813] = 0 0
[5814] = 0 0
[5815] = 0 0
[5816] = 0 0
[5817] = 0 0
[5818] = 0 0
[5819] = 22791 22791
[5820] = 22791 22791
[5821] = 22791 22791
[5822] = 22791 22791
[5823] = 22791 22791
[5824] = 22791 22791
[5825] = 22791 22791
[5826] = 22791 22791
[5827] = 22791 22791
[5828] = 22791 22791
[5829] = 22791 22791
[5830] = 22791 22791
[5831] = 22791 22791
[5832] = 22791 22791
[5833] = 22791 22791
[5834] = 22791 22791
[5835] = 22791 22791
[5836] = 22791 22791
[5837] = 22791 22791
[5838] = 22791 22791
[5839] = 22791 22791
[5840] = 22791 22791
[5841] = 22791 22791
[5842] = 22791 22791
[5843] = 22791 22791
[5844] = 22791 22791
[5845] = 22791 22791
[5846] = 22791 22791
[5847] = 22791 22791
[5848] = 22791 22791
[5849] = 22791 22791
[5850] = 22791 22791
[5851] = 22791 22791
[5852] = 22791 22791
[5853] = 22791 22791
[5854] = 22791 22791
[5855] = 22791 22791
[5856] = 22791 22791
[5857] = 22791 22791
[5858] = 22791 22791
[5859] = 22791 22791
[5860] = 0 0
[5861] = 0 0
[5862] = 0 0
[5863] = 0 0
[5864] = 0 0
[5865] = 0 0
[5866] = 0 0
[5867] = 0 0
[5868] = 0 0
[5869] = 0 0
[5870] = 0 0
[5871] = 0 0
[5872] = 0 0
[5873] = 0 0
[5874] = 0 0
[5875] = 0 0
[5876] = 0 0
[5877] = 0 0
[5878] = 0 0
[5879] = 0 0
[5880] = 0 0
[5881] = 0 0
[5882] = 0 0
[5883] = 0 0
[5884] = 0 0
[5885] = 0 0
[5886] = 0 0
[5887] = 0 0
[5888] = 0 0
[5889] = 0 0
[5890] = 0 0
[5891] = 0 0
[5892] = 0 0
[5893] = 0 0
[5894] = 0 0
[5895] = 0 0
[5896] = 0 0
[5897] = 0 0
[5898] = 0 0
[5899] = 0 0
[5900] = 0 0
[5901] = 22791 22791
[5902] = 22791 22791
[5903] = 22791 22791
[5904] = 22791 22791
[5905] = 22791 22791
[5906] = 22791 22791
[5907] = 22791 22791
[5908] = 22791 22791
[5909] = 22791 22791
[5910] = 22791 22791
[5911] = 22791 22791
[5912] = 22791 22791
[5913] = 22791 22791
[5914] = 22791 22791
[5915] = 22791 22791
[5916] = 22791 22791
[5917] = 22791 22791
[5918] = 22791 22791
[5919] = 22791 22791
[5920] = 22791 22791
[5921] = 22791 22791
[5922] = 22791 22791
[5923] = 22791 22791
[5924] = 22791 22791
[5925] = 22791 22791
[5926] = 22791 22791
[5927] = 22791 22791
[5928] = 22791 22791
[5929] = 22791 22791
[5930] = 22791 22791
[5931] = 22791 22791
[5932] = 22791 22791
[5933] = 22791 22791
[5934] = 22791 22791
[5935] = 22791 22791
[5936] = 22791 22791
[5937] = 22791 22791
[5938] = 22791 22791
[5939] = 22791 22791
[5940] = 22791 22791
[5941] = 22791 22791
[5942] = 0 0
[5943] = 0 0
[5944] = 0 0
[5945] = 0 0
[5946] = 0 0
[5947] = 0 0
[5948] = 0 0
[5949] = 0 0
[5950] = 0 0
[5951] = 0 0
[5952] = 0 0
[5953] = 0 0
[5954] = 0 0
[5955] = 0 0
[5956] = 0 0
[5957] = 0 0
[5958] = 0 0
[5959] = 0 0
[5960] = 0 0
[5961] = 0 0
[5962] = 0 0
[5963] = 0 0
[5964] = 0 0
[5965] = 0 0
[5966] = 0 0
[5967] = 0 0
[5968] = 0 0
[5969] = 0 0
[5970] = 0 0
[5971] = 0 0
[5972] = 0 0
[5973] = 0 0
[5974] = 0 0
[5975] = 0 0
[5976] = 0 0
[5977] = 0 0
[5978] = 0 0
[5979] = 0 0
[5980] = 0 0
[5981] = 0 0
[5982] = 0 0
[5983] = 22791 22791
[5984] = 22791 22791
[5985] = 22791 22791
[5986] = 22791 22791
[5987] = 22791 22791
[5988] = 22791 22791
[5989] = 22791 22791
[5990] = 22791 22791
[5991] = 22791 22791
[5992] = 22791 22791
[5993] = 22791 22791
[5994] = 22791 22791
[5995] = 22791 22791
[5996] = 22791 22791
[5997] = 22791 22791
[5998] = 22791 22791
[5999] = 22791 22791
[6000] = 22791 22791
[6001] = 22791 22791
[6002] = 22791 22791
[6003] = 22791 22791
[6004] = 22791 22791
[6005] = 22791 22791
[6006] = 22791 22791
[6007] = 22791 22791
[6008] = 22791 22791
[6009] = 22791 22791
[6010] = 22791 22791
[6011] = 22791 22791
[6012] = 22791 22791
[6013] = 22791 22791
[6014] = 22791 22791
[6015] = 22791 22791
[6016] = 22791 22791
[6017] = 22791 22791
[6018] = 22791 22791
[6019] = 22791 22791
[6020] = 22791 22791
[6021] = 22791 22791
[6022] = 22791 22791
[6023] = 22791 22791
[6024] = 0 0
[6025] = 0 0
[6026] = 0 0
[6027] = 0 0
[6028] = 0 0
[6029] = 0 0
[6030] = 0 0
[6031] = 0 0
[6032] = 0 0
[6033] = 0 0
[6034] = 0 0
[6035] = 0 0
[6036] = 0 0
[6037] = 0 0
[6038] = 0 0
[6039] = 0 0
[6040] = 0 0
[6041] = 0 0
[6042] = 0 0
[6043] = 0 0
[6044] = 0 0
[6045] = 0 0
[6046] = 0 0
[6047] = 0 0
[6048] = 0 0
[6049] = 0 0
[6050] = 0 0
[6051] = 0 0
[6052] = 0 0
[6053] = 0 0
[6054] = 0 0
[6055] = 0 0
[6056] = 0 0
[6057] = 0 0
[6058] = 0 0
[6059] = 0 0
[6060] = 0 0
[6061] = 0 0
[6062] = 0 0
[6063] = 0 0
[6064] = 0 0
[6065] = 22791 22791
[6066] = 22791 22791
[6067] = 22791 22791
[6068] = 22791 22791
[6069] = 22791 22791
[6070] = 22791 22791
[6071] = 22791 22791
[6072] = 22791 22791
[6073] = 22791 22791
[6074] = 22791 22791
[6075] = 22791 22791
[6076] = 22791 22791
[6077] = 22791 22791
[6078] = 22791 22791
[6079] = 22791 22791
[6080] = 22791 22791
[6081] = 22791 22791
[6082] = 22791 22791
[6083] = 22791 22791
[6084] = 22791 22791
[6085] = 22791 22791
[6086] = 22791 22791
[6087] = 22791 22791
[6088] = 22791 22791
[6089] = 22791 22791
[6090] = 22791 22791
[6091] = 22791 22791
[6092] = 22791 22791
[6093] = 22791 22791
[6094] = 22791 22791
[6095] = 22791 22791
[6096] = 22791 22791
[6097] = 22791 22791
[6098] = 22791 22791
[6099] = 22791 22791
[6100] = 22791 22791
[6101] = 22791 22791
[6102] = 22791 22791
[6103] = 22791 22791
[6104] = 22791 22791
[6105] = 0 0
[6106] = 0 0
[6107] = 0 0
[6108] = 0 0
[6109] = 0 0
[6110] = 0 0
[6111] = 0 0
[6112] = 0 0
[6113] = 0 0
[6114] = 0 0
[6115] = 0 0
[6116] = 0 0
[6117] = 0 0
[6118] = 0 0
[6119] = 0 0
[6120] = 0 0
[6121] = 0 0
[6122] = 0 0
[6123] = 0 0
[6124] = 0 0
[6125] = 0 0
[6126] = 0 0
[6127] = 0 0
[6128] = 0 0
[6129] = 0 0
[6130] = 0 0
[6131] = 0 0
[6132] = 0 0
[6133] = 0 0
[6134] = 0 0
[6135] = 0 0
[6136] = 0 0
[6137] = 0 0
[6138] = 0 0
[6139] = 0 0
[6140] = 0 0
[6141] = 0 0
[6142] = 0 0
[6143] = 0 0
[6144] = 0 0
[6145] = 0 0
[6146] = 22791 22791
[6147] = 22791 22791
[6148] = 22791 22791
[6149] = 22791 22791
[6150] = 22791 22791
[6151] = 22791 22791
[6152] = 22791 22791
[6153] = 22791 22791
[6154] = 22791 22791
[6155] = 22791 22791
[6156] = 22791 22791
[6157] = 22791 22791
[6158] = 22791 22791
[6159] = 22791 22791
[6160] = 22791 22791
[6161] = 22791 22791
[6162] = 22791 22791
[6163] = 22791 22791
[6164] = 22791 22791
[6165] = 22791 22791
[6166] = 22791 22791
[6167] = 22791 22791
[6168] = 22791 22791
[6169] = 22791 22791
[6170] = 22791 22791
[6171] = 22791 22791
[6172] = 22791 22791
[6173] = 22791 22791
[6174] = 22791 22791
[6175] = 22791 22791
[6176] = 22791 22791
[6177] = 22791 22791
[6178] = 22791 22791
[6179] = 22791 22791
[6180] = 22791 22791
[6181] = 22791 22791
[6182] = 22791 22791
[6183] = 22791 22791
[6184] = 22791 22791
[6185] = 22791 22791
[6186] = 22791 22791
[6187] = 0 0
[6188] = 0 0
[6189] = 0 0
[6190] = 0 0
[6191] = 0 0
[6192] = 0 0
[6193] = 0 0
[6194] = 0 0
[6195] = 0 0
[6196] = 0 0
[6197] = 0 0
[6198] = 0 0
[6199] = 0 0
[6200] = 0 0
[6201] = 0 0
[6202] = 0 0
[6203] = 0 0
[6204] = 0 0
[6205] = 0 0
[6206] = 0 0
[6207] = 0 0
[6208] = 0 0
[6209] = 0 0
[6210] = 0 0
[6211] = 0 0
[6212] = 0 0
[6213] = 0 0
[6214] = 0 0
[6215] = 0 0
[6216] = 0 0
[6217] = 0 0
[6218] = 0 0
[6219] = 0 0
[6220] = 0 0
[6221] = 0 0
[6222] = 0 0
[6223] = 0 0
[6224] = 0 0
[6225] = 0 0
[6226] = 0 0
[6227] = 0 0
[6228] = 22791 22791
[6229] = 22791 22791
[6230] = 22791 22791
[6231] = 22791 22791
[6232] = 22791 22791
[6233] = 22791 22791
[6234] = 22791 22791
[6235] = 22791 22791
[6236] = 22791 22791
[6237] = 22791 22791
[6238] = 22791 22791
[6239] = 22791 22791
[6240] = 22791 22791
[6241] = 22791 22791
[6242] = 22791 22791
[6243] = 22791 22791
[6244] = 22791 22791
[6245] = 22791 22791
[6246] = 22791 22791
[6247] = 22791 22791
[6248] = 22791 22791
[6249] = 22791 22791
[6250] = 22791 22791
[6251] = 22791 22791
[6252] = 22791 22791
[6253] = 22791 22791
[6254] = 22791 22791
[6255] = 22791 22791
[6256] = 22791 22791
[6257] = 22791 22791
[6258] = 22791 22791
[6259] = 22791 22791
[6260] = 22791 22791
[6261] = 22791 22791
[6262] = 22791 22791
[6263] = 22791 22791
[6264] = 22791 22791
[6265] = 22791 22791
[6266] = 22791 22791
[6267] = 22791 22791
[6268] = 22791 22791
[6269] = 0 0
[6270] = 0 0
[6271] = 0 0
[6272] = 0 0
[6273] = 0 0
[6274] = 0 0
[6275] = 0 0
[6276] = 0 0
[6277] = 0 0
[6278] = 0 0
[6279] = 0 0
[6280] = 0 0
[6281] = 0 0
[6282] = 0 0
[6283] = 0 0
[6284] = 0 0
[6285] = 0 0
[6286] = 0 0
[6287] = 0 0
[6288] = 0 0
[6289] = 0 0
[6290] = 0 0
[6291] = 0 0
[6292] = 0 0
[6293] = 0 0
[6294] = 0 0
[6295] = 0 0
[6296] = 0 0
[6297] = 0 0
[6298] = 0 0
[6299] = 0 0
[6300] = 0 0
[6301] = 0 0
[6302] = 0 0
[6303] = 0 0
[6304] = 0 0
[6305] = 0 0
[6306] = 0 0
[6307] = 0 0
[6308] = 0 0
[6309] = 0 0
[6310] = 22791 22791
[6311] = 22791 22791
[6312] = 22791 22791
[6313] = 22791 22791
[6314] = 22791 22791
[6315] = 22791 22791
[6316] = 22791 22791
[6317] = 22791 22791
[6318] = 22791 22791
[6319] = 22791 22791
[6320] = 22791 22791
[6321] = 22791 22791
[6322] = 22791 22791
[6323] = 22791 22791
[6324] = 22791 22791
[6325] = 22791 22791
[6326] = 22791 22791
[6327] = 22791 22791
[6328] = 22791 22791
[6329] = 22791 22791
[6330] = 22791 22791
[6331] = 22791 22791
[6332] = 22791 22791
[6333] = 22791 22791
[6334] = 22791 22791
[6335] = 22791 22791
[6336] = 22791 22791
[6337] = 22791 22791
[6338] = 22791 22791
[6339] = 22791 22791
[6340] = 22791 22791
[6341] = 22791 22791
[6342] = 22791 22791
[6343] = 22791 22791
[6344] = 22791 22791
[6345] = 22791 22791
[6346] = 22791 22791
[6347] = 22791 22791
[6348] = 22791 22791
[6349] = 22791 22791
[6350] = 22791 22791
[6351] = 0 0
[6352] = 0 0
[6353] = 0 0
[6354] = 0 0
[6355] = 0 0
[6356] = 0 0
[6357] = 0 0
[6358] = 0 0
[6359] = 0 0
[6360] = 0 0
[6361] = 0 0
[6362] = 0 0
[6363] = 0 0
[6364] = 0 0
[6365] = 0 0
[6366] = 0 0
[6367] = 0 0
[6368] = 0 0
[6369] = 0 0
[6370] = 0 0
[6371] = 0 0
[6372] = 0 0
[6373] = 0 0
[6374] = 0 0
[6375] = 0 0
[6376] = 0 0
[6377] = 0 0
[6378] = 0 0
[6379] = 0 0
[6380] = 0 0
[6381] = 0 0
[6382] = 0 0
[6383] = 0 0
[6384] = 0 0
[6385] = 0 0
[6386] = 0 0
[6387] = 0 0
[6388] = 0 0
[6389] = 0 0
[6390] = 0 0
[6391] = 0 0
[6392] = 22791 22791
[6393] = 22791 22791
[6394] = 22791 22791
[6395] = 22791 22791
[6396] = 22791 22791
[6397] = 22791 22791
[6398] = 22791 22791
[6399] = 22791 22791
[6400] = 22791 22791
[6401] = 22791 22791
[6402] = 22791 22791
[6403] = 22791 22791
[6404] = 22791 22791
[6405] = 22791 22791
[6406] = 22791 22791
[6407] = 22791 22791
[6408] = 22791 22791
[6409] = 22791 22791
[6410] = 22791 22791
[6411] = 22791 22791
[6412] = 22791 22791
[6413] = 22791 22791
[6414] = 22791 22791
[6415] = 22791 22791
[6416] = 22791 22791
[6417] = 22791 22791
[6418] = 22791 22791
[6419] = 22791 22791
[6420] = 22791 22791
[6421] = 22791 22791
[6422] = 22791 22791
[6423] = 22791 22791
[6424] = 22791 22791
[6425] = 22791 22791
[6426] = 22791 22791
[6427] = 22791 22791
[6428] = 22791 22791
[6429] = 22791 22791
[6430] = 22791 22791
[6431] = 22791 22791
[6432] = 0 0
[6433] = 0 0
[6434] = 0 0
[6435] = 0 0
[6436] = 0 0
[6437] = 0 0
[6438] = 0 0
[6439] = 0 0
[6440] = 0 0
[6441] = 0 0
[6442] = 0 0
[6443] = 0 0
[6444] = 0 0
[6445] = 0 0
[6446] = 0 0
[6447] = 0 0
[6448] = 0 0
[6449] = 0 0
[6450] = 0 0
[6451] = 0 0
[6452] = 0 0
[6453] = 0 0
[6454] = 0 0
[6455] = 0 0
[6456] = 0 0
[6457] = 0 0
[6458] = 0 0
[6459] = 0 0
[6460] = 0 0
[6461] = 0 0
[6462] = 0 0
[6463] = 0 0
[6464] = 0 0
[6465] = 0 0
[6466] = 0 0
[6467] = 0 0
[6468] = 0 0
[6469] = 0 0
[6470] = 0 0
[6471] = 0 0
[6472] = 0 0
[6473] = 22791 22791
[6474] = 22791 22791
[6475] = 22791 22791
[6476] = 22791 22791
[6477] = 22791 22791
[6478] = 22791 22791
[6479] = 22791 22791
[6480] = 22791 22791
[6481] = 22791 22791
[6482] = 22791 22791
[6483] = 22791 22791
[6484] = 22791 22791
[6485] = 22791 22791
[6486] = 22791 22791
[6487] = 22791 22791
[6488] = 22791 22791
[6489] = 22791 22791
[6490] = 22791 22791
[6491] = 22791 22791
[6492] = 22791 22791
[6493] = 22791 22791
[6494] = 22791 22791
[6495] = 22791 22791
[6496] = 22791 22791
[6497] = 22791 22791
[6498] = 22791 22791
[6499] = 22791 22791
[6500] = 22791 22791
[6501] = 22791 22791
[6502] = 22791 22791
[6503] = 22791 22791
[6504] = 22791 22791
[6505] = 22791 22791
[6506] = 22791 22791
[6507] = 22791 22791
[6508] = 22791 22791
[6509] = 22791 22791
[6510] = 22791 22791
[6511] = 22791 22791
[6512] = 22791 22791
[6513] = 22791 22791
[6514] = 0 0
[6515] = 0 0
[6516] = 0 0
[6517] = 0 0
[6518] = 0 0
[6519] = 0 0
[6520] = 0 0
[6521] = 0 0
[6522] = 0 0
[6523] = 0 0
[6524] = 0 0
[6525] = 0 0
[6526] = 0 0
[6527] = 0 0
[6528] = 0 0
[6529] = 0 0
[6530] = 0 0
[6531] = 0 0
[6532] = 0 0
[6533] = 0 0
[6534] = 0 0
[6535] = 0 0
[6536] = 0 0
[6537] = 0 0
[6538] = 0 0
[6539] = 0 0
[6540] = 0 0
[6541] = 0 0
[6542] = 0 0
[6543] = 0 0
[6544] = 0 0
[6545] = 0 0
[6546] = 0 0
[6547] = 0 0
[6548] = 0 0
[6549] = 0 0
[6550] = 0 0
[6551] = 0 0
[6552] = 0 0
[6553] = 0 0
[6554] = 0 0
[6555] = 22791 22791
[6556] = 22791 22791
[6557] = 22791 22791
[6558] = 22791 22791
[6559] = 22791 22791
[6560] = 22791 22791
[6561] = 22791 22791
[6562] = 22791 22791
[6563] = 22791 22791
[6564] = 22791 22791
[6565] = 22791 22791
[6566] = 22791 22791
[6567] = 22791 22791
[6568] = 22791 22791
[6569] = 22791 22791
[6570] = 22791 22791
[6571] = 22791 22791
[6572] = 22791 22791
[6573] = 22791 22791
[6574] = 22791 22791
[6575] = 22791 22791
[6576] = 22791 22791
[6577] = 22791 22791
[6578] = 22791 22791
[6579] = 22791 22791
[6580] = 22791 22791
[6581] = 22791 22791
[6582] = 22791 22791
[6583] = 22791 22791
[6584] = 22791 22791
[6585] = 22791 22791
[6586] = 22791 22791
[6587] = 22791 22791
[6588] = 22791 22791
[6589] = 22791 22791
[6590] = 22791 22791
[6591] = 22791 22791
[6592] = 22791 22791
[6593] = 22791 22791
[6594] = 22791 22791
[6595] = 22791 22791
[6596] = 0 0
[6597] = 0 0
[6598] = 0 0
[6599] = 0 0
[6600] = 0 0
[6601] = 0 0
[6602] = 0 0
[6603] = 0 0
[6604] = 0 0
[6605] = 0 0
[6606] = 0 0
[6607] = 0 0
[6608] = 0 0
[6609] = 0 0
[6610] = 0 0
[6611] = 0 0
[6612] = 0 0
[6613] = 0 0
[6614] = 0 0
[6615] = 0 0
[6616] = 0 0
[6617] = 0 0
[6618] = 0 0
[6619] = 0 0
[6620] = 0 0
[6621] = 0 0
[6622] = 0 0
[6623] = 0 0
[6624] = 0 0
[6625] = 0 0
[6626] = 0 0
[6627] = 0 0
[6628] = 0 0
[6629] = 0 0
[6630] = 0 0
[6631] = 0 0
[6632] = 0 0
[6633] = 0 0
[6634] = 0 0
[6635] = 0 0
[6636] = 0 0
[6637] = 22791 22791
[6638] = 22791 22791
[6639] = 22791 22791
[6640] = 22791 22791
[6641] = 22791 22791
[6642] = 22791 22791
[6643] = 22791 22791
[6644] = 22791 22791
[6645] = 22791 22791
[6646] = 22791 22791
[6647] = 22791 22791
[6648] = 22791 22791
[6649] = 22791 22791
[6650] = 22791 22791
[6651] = 22791 22791
[6652] = 22791 22791
[6653] = 22791 22791
[6654] = 22791 22791
[6655] = 22791 22791
[6656] = 22791 22791
[6657] = 22791 22791
[6658] = 22791 22791
[6659] = 22791 22791
[6660] = 22791 22791
[6661] = 22791 22791
[6662] = 22791 22791
[6663] = 22791 22791
[6664] = 22791 22791
[6665] = 22791 22791
[6666] = 22791 22791
[6667] = 22791 22791
[6668] = 22791 22791
[6669] = 22791 22791
[6670] = 22791 22791
[6671] = 22791 22791
[6672] = 22791 22791
[6673] = 22791 22791
[6674] = 22791 22791
[6675] = 22791 22791
[6676] = 22791 22791
[6677] = 0 0
[6678] = 0 0
[6679] = 0 0
[6680] = 0 0
[6681] = 0 0
[6682] = 0 0
[6683] = 0 0
[6684] = 0 0
[6685] = 0 0
[6686] = 0 0
[6687] = 0 0
[6688] = 0 0
[6689] = 0 0
[6690] = 0 0
[6691] = 0 0
[6692] = 0 0
[6693] = 0 0
[6694] = 0 0
[6695] = 0 0
[6696] = 0 0
[6697] = 0 0
[6698] = 0 0
[6699] = 0 0
[6700] = 0 0
[6701] = 0 0
[6702] = 0 0
[6703] = 0 0
[6704] = 0 0
[6705] = 0 0
[6706] = 0 0
[6707] = 0 0
[6708] = 0 0
[6709] = 0 0
[6710] = 0 0
[6711] = 0 0
[6712] = 0 0
[6713] = 0 0
[6714] = 0 0
[6715] = 0 0
[6716] = 0 0
[6717] = 0 0
[6718] = 22791 22791
[6719] = 22791 22791
[6720] = 22791 22791
[6721] = 22791 22791
[6722] = 22791 22791
[6723] = 22791 22791
[6724] = 22791 22791
[6725] = 22791 22791
[6726] = 22791 22791
[6727] = 22791 22791
[6728] = 22791 22791
[6729] = 22791 22791
[6730] = 22791 22791
[6731] = 22791 22791
[6732] = 22791 22791
[6733] = 22791 22791
[6734] = 22791 22791
[6735] = 22791 22791
[6736] = 22791 22791
[6737] = 22791 22791
[6738] = 22791 22791
[6739] = 22791 22791
[6740] = 22791 22791
[6741] = 22791 22791
[6742] = 22791 22791
[6743] = 22791 22791
[6744] = 22791 22791
[6745] = 22791 22791
[6746] = 22791 22791
[6747] = 22791 22791
[6748] = 22791 22791
[6749] = 22791 22791
[6750] = 22791 22791
[6751] = 22791 22791
[6752] = 22791 22791
[6753] = 22791 22791
[6754] = 22791 22791
[6755] = 22791 22791
[6756] = 22791 22791
[6757] = 22791 22791
[6758] = 22791 22791
[6759] = 0 0
[6760] = 0 0
[6761] = 0 0
[6762] = 0 0
[6763] = 0 0
[6764] = 0 0
[6765] = 0 0
[6766] = 0 0
[6767] = 0 0
[6768] = 0 0
[6769] = 0 0
[6770] = 0 0
[6771] = 0 0
[6772] = 0 0
[6773] = 0 0
[6774] = 0 0
[6775] = 0 0
[6776] = 0 0
[6777] = 0 0
[6778] = 0 0
[6779] = 0 0
[6780] = 0 0
[6781] = 0 0
[6782] = 0 0
[6783] = 0 0
[6784] = 0 0
[6785] = 0 0
[6786] = 0 0
[6787] = 0 0
[6788] = 0 0
[6789] = 0 0
[6790] = 0 0
[6791] = 0 0
[6792] = 0 0
[6793] = 0 0
[6794] = 0 0
[6795] = 0 0
[6796] = 0 0
[6797] = 0 0
[6798] = 0 0
[6799] = 0 0
[6800] = 22791 22791
[6801] = 22791 22791
[6802] = 22791 22791
[6803] = 22791 22791
[6804] = 22791 22791
[6805] = 22791 22791
[6806] = 22791 22791
[6807] = 22791 22791
[6808] = 22791 22791
[6809] = 22791 22791
[6810] = 22791 22791
[6811] = 22791 22791
[6812] = 22791 22791
[6813] = 22791 22791
[6814] = 22791 22791
[6815] = 22791 22791
[6816] = 22791 22791
[6817] = 22791 22791
[6818] = 22791 22791
[6819] = 22791 22791
[6820] = 22791 22791
[6821] = 22791 22791
[6822] = 22791 22791
[6823] = 22791 22791
[6824] = 22791 22791
[6825] = 22791 22791
[6826] = 22791 22791
[6827] = 22791 22791
[6828] = 22791 22791
[6829] = 22791 22791
[6830] = 22791 22791
[6831] = 22791 22791
[6832] = 22791 22791
[6833] = 22791 22791
[6834] = 22791 22791
[6835] = 22791 22791
[6836] = 22791 22791
[6837] = 22791 22791
[6838] = 22791 22791
[6839] = 22791 22791
[6840] = 22791 22791
[6841] = 0 0
[6842] = 0 0
[6843] = 0 0
[6844] = 0 0
[6845] = 0 0
[6846] = 0 0
[6847] = 0 0
[6848] = 0 0
[6849] = 0 0
[6850] = 0 0
[6851] = 0 0
[6852] = 0 0
[6853] = 0 0
[6854] = 0 0
[6855] = 0 0
[6856] = 0 0
[6857] = 0 0
[6858] = 0 0
[6859] = 0 0
[6860] = 0 0
[6861] = 0 0
[6862] = 0 0
[6863] = 0 0
[6864] = 0 0
[6865] = 0 0
[6866] = 0 0
[6867] = 0 0
[6868] = 0 0
[6869] = 0 0
[6870] = 0 0
[6871] = 0 0
[6872] = 0 0
[6873] = 0 0
[6874] = 0 0
[6875] = 0 0
[6876] = 0 0
[6877] = 0 0
[6878] = 0 0
[6879] = 0 0
[6880] = 0 0
[6881] = 0 0
[6882] = 22791 22791
[6883] = 22791 22791
[6884] = 22791 22791
[6885] = 22791 22791
[6886] = 22791 22791
[6887] = 22791 22791
[6888] = 22791 22791
[6889] = 22791 22791
[6890] = 22791 22791
[6891] = 22791 22791
[6892] = 22791 22791
[6893] = 22791 22791
[6894] = 22791 22791
[6895] = 22791 22791
[6896] = 22791 22791
[6897] = 22791 22791
[6898] = 22791 22791
[6899] = 22791 22791
[6900] = 22791 22791
[6901] = 22791 22791
[6902] = 22791 22791
[6903] = 22791 22791
[6904] = 22791 22791
[6905] = 22791 22791
[6906] = 22791 22791
[6907] = 22791 22791
[6908] = 22791 22791
[6909] = 22791 22791
[6910] = 22791 22791
[6911] = 22791 22791
[6912] = 22791 22791
[6913] = 22791 22791
[6914] = 22791 22791
[6915] = 22791 22791
[6916] = 22791 22791
[6917] = 22791 22791
[6918] = 22791 22791
[6919] = 22791 22791
[6920] = 22791 22791
[6921] = 22791 22791
[6922] = 22791 22791
[6923] = 0 0
[6924] = 0 0
[6925] = 0 0
[6926] = 0 0
[6927] = 0 0
[6928] = 0 0
[6929] = 0 0
[6930] = 0 0
[6931] = 0 0
[6932] = 0 0
[6933] = 0 0
[6934] = 0 0
[6935] = 0 0
[6936] = 0 0
[6937] = 0 0
[6938] = 0 0
[6939] = 0 0
[6940] = 0 0
[6941] = 0 0
[6942] = 0 0
[6943] = 0 0
[6944] = 0 0
[6945] = 0 0
[6946] = 0 0
[6947] = 0 0
[6948] = 0 0
[6949] = 0 0
[6950] = 0 0
[6951] = 0 0
[6952] = 0 0
[6953] = 0 0
[6954] = 0 0
[6955] = 0 0
[6956] = 0 0
[6957] = 0 0
[6958] = 0 0
[6959] = 0 0
[6960] = 0 0
[6961] = 0 0
[6962] = 0 0
[6963] = 0 0
[6964] = 22791 22791
[6965] = 22791 22791
[6966] = 22791 22791
[6967] = 22791 22791
[6968] = 22791 22791
[6969] = 22791 22791
[6970] = 22791 22791
[6971] = 22791 22791
[6972] = 22791 22791
[6973] = 22791 22791
[6974] = 22791 22791
[6975] = 22791 22791
[6976] = 22791 22791
[6977] = 22791 22791
[6978] = 22791 22791
[6979] = 22791 22791
[6980] = 22791 22791
[6981] = 22791 22791
[6982] = 22791 22791
[6983] = 22791 22791
[6984] = 22791 22791
[6985] = 22791 22791
[6986] = 22791 22791
[6987] = 22791 22791
[6988] = 22791 22791
[6989] = 22791 22791
[6990] = 22791 22791
[6991] = 22791 22791
[6992] = 22791 22791
[6993] = 22791 22791
[6994] = 22791 22791
[6995] = 22791 22791
[6996] = 22791 22791
[6997] = 22791 22791
[6998] = 22791 22791
[6999] = 22791 22791
[7000] = 22791 22791
[7001] = 22791 22791
[7002] = 22791 22791
[7003] = 22791 22791
[7004] = 0 0
[7005] = 0 0
[7006] = 0 0
[7007] = 0 0
[7008] = 0 0
[7009] = 0 0
[7010] = 0 0
[7011] = 0 0
[7012] = 0 0
[7013] = 0 0
[7014] = 0 0
[7015] = 0 0
[7016] = 0 0
[7017] = 0 0
[7018] = 0 0
[7019] = 0 0
[7020] = 0 0
[7021] = 0 0
[7022] = 0 0
[7023] = 0 0
[7024] = 0 0
[7025] = 0 0
[7026] = 0 0
[7027] = 0 0
[7028] = 0 0
[7029] = 0 0
[7030] = 0 0
[7031] = 0 0
[7032] = 0 0
[7033] = 0 0
[7034] = 0 0
[7035] = 0 0
[7036] = 0 0
[7037] = 0 0
[7038] = 0 0
[7039] = 0 0
[7040] = 0 0
[7041] = 0 0
[7042] = 0 0
[7043] = 0 0
[7044] = 0 0
[7045] = 22791 22791
[7046] = 22791 22791
[7047] = 22791 22791
[7048] = 22791 22791
[7049] = 22791 22791
[7050] = 22791 22791
[7051] = 22791 22791
[7052] = 22791 22791
[7053] = 22791 22791
[7054] = 22791 22791
[7055] = 22791 22791
[7056] = 22791 22791
[7057] = 22791 22791
[7058] = 22791 22791
[7059] = 22791 22791
[7060] = 22791 22791
[7061] = 22791 22791
[7062] = 22791 22791
[7063] = 22791 22791
[7064] = 22791 22791
[7065] = 22791 22791
[7066] = 22791 22791
[7067] = 22791 22791
[7068] = 22791 22791
[7069] = 22791 22791
[7070] = 22791 22791
[7071] = 22791 22791
[7072] = 22791 22791
[7073] = 22791 22791
[7074] = 22791 22791
[7075] = 22791 22791
[7076] = 22791 22791
[7077] = 22791 22791
[7078] = 22791 22791
[7079] = 22791 22791
[7080] = 22791 22791
[7081] = 22791 22791
[7082] = 22791 22791
[7083] = 22791 22791
[7084] = 22791 22791
[7085] = 22791 22791
[7086] = 0 0
[7087] = 0 0
[7088] = 0 0
[7089] = 0 0
[7090] = 0 0
[7091] = 0 0
[7092] = 0 0
[7093] = 0 0
[7094] = 0 0
[7095] = 0 0
[7096] = 0 0
[7097] = 0 0
[7098] = 0 0
[7099] = 0 0
[7100] = 0 0
[7101] = 0 0
[7102] = 0 0
[7103] = 0 0
[7104] = 0 0
[7105] = 0 0
[7106] = 0 0
[7107] = 0 0
[7108] = 0 0
[7109] = 0 0
[7110] = 0 0
[7111] = 0 0
[7112] = 0 0
[7113] = 0 0
[7114] = 0 0
[7115] = 0 0
[7116] = 0 0
[7117] = 0 0
[7118] = 0 0
[7119] = 0 0
[7120] = 0 0
[7121] = 0 0
[7122] = 0 0
[7123] = 0 0
[7124] = 0 0
[7125] = 0 0
[7126] = 0 0
[7127] = 0 0
[7128] = 0 0
[7129] = 0 0
[7130] = 0 0
[7131] = 0 0
[7132] = 0 0
[7133] = 0 0
[7134] = 0 0
[7135] = 0 0
[7136] = 0 0
[7137] = 0 0
[7138] = 0 0
[7139] = 0 0
[7140] = 0 0
[7141] = 0 0
[7142] = 0 0
[7143] = 0 0
[7144] = 0 0
[7145] = 0 0
[7146] = 0 0
[7147] = 0 0
[7148] = 0 0
[7149] = 0 0
[7150] = 0 0
[7151] = 0 0
[7152] = 0 0
[7153] = 0 0
[7154] = 0 0
[7155] = 0 0
[7156] = 0 0
[7157] = 0 0
[7158] = 0 0
[7159] = 0 0
[7160] = 0 0
[7161] = 0 0
[7162] = 0 0
[7163] = 0 0
[7164] = 0 0
[7165] = 0 0
[7166] = 0 0
[7167] = 0 0
[7168] = 0 0
[7169] = 0 0
[7170] = 0 0
[7171] = 0 0
[7172] = 0 0
[7173] = 0 0
[7174] = 0 0
[7175] = 0 0
[7176] = 0 0
[7177] = 0 0
[7178] = 0 0
[7179] = 0 0
[7180] = 0 0
[7181] = 0 0
[7182] = 0 0
[7183] = 0 0
[7184] = 0 0
[7185] = 0 0
[7186] = 0 0
[7187] = 0 0
[7188] = 0 0
[7189] = 0 0
[7190] = 0 0
[7191] = 0 0
[7192] = 0 0
[7193] = 0 0
[7194] = 0 0
[7195] = 0 0
[7196] = 0 0
[7197] = 0 0
[7198] = 0 0
[7199] = 0 0
[7200] = 0 0
[7201] = 0 0
[7202] = 0 0
[7203] = 0 0
[7204] = 0 0
[7205] = 0 0
[7206] = 0 0
[7207] = 0 0
[7208] = 0 0
[7209] = 0 0
[7210] = 0 0
[7211] = 0 0
[7212] = 0 0
[7213] = 0 0
[7214] = 0 0
[7215] = 0 0
[7216] = 0 0
[7217] = 0 0
[7218] = 0 0
[7219] = 0 0
[7220] = 0 0
[7221] = 0 0
[7222] = 0 0
[7223] = 0 0
[7224] = 0 0
[7225] = 0 0
[7226] = 0 0
[7227] = 0 0
[7228] = 0 0
[7229] = 0 0
[7230] = 0 0
[7231] = 0 0
[7232] = 0 0
[7233] = 0 0
[7234] = 0 0
[7235] = 0 0
[7236] = 0 0
[7237] = 0 0
[7238] = 0 0
[7239] = 0 0
[7240] = 0 0
[7241] = 0 0
[7242] = 0 0
[7243] = 0 0
[7244] = 0 0
[7245] = 0 0
[7246] = 0 0
[7247] = 0 0
[7248] = 0 0
[7249] = 0 0
[7250] = 0 0
[7251] = 0 0
[7252] = 0 0
[7253] = 0 0
[7254] = 0 0
[7255] = 0 0
[7256] = 0 0
[7257] = 0 0
[7258] = 0 0
[7259] = 0 0
[7260] = 0 0
[7261] = 0 0
[7262] = 0 0
[7263] = 0 0
[7264] = 0 0
[7265] = 0 0
[7266] = 0 0
[7267] = 0 0
[7268] = 0 0
[7269] = 0 0
[7270] = 0 0
[7271] = 0 0
[7272] = 0 0
[7273] = 0 0
[7274] = 0 0
[7275] = 0 0
[7276] = 0 0
[7277] = 0 0
[7278] = 0 0
[7279] = 0 0
[7280] = 0 0
[7281] = 0 0
[7282] = 0 0
[7283] = 0 0
[7284] = 0 0
[7285] = 0 0
[7286] = 0 0
[7287] = 0 0
[7288] = 0 0
[7289] = 0 0
[7290] = 0 0
[7291] = 0 0
[7292] = 0 0
[7293] = 0 0
[7294] = 0 0
[7295] = 0 0
[7296] = 0 0
[7297] = 0 0
[7298] = 0 0
[7299] = 0 0
[7300] = 0 0
[7301] = 0 0
[7302] = 0 0
[7303] = 0 0
[7304] = 0 0
[7305] = 0 0
[7306] = 0 0
[7307] = 0 0
[7308] = 0 0
[7309] = 0 0
[7310] = 0 0
[7311] = 0 0
[7312] = 0 0
[7313] = 0 0
[7314] = 0 0
[7315] = 0 0
[7316] = 0 0
[7317] = 0 0
[7318] = 0 0
[7319] = 0 0
[7320] = 0 0
[7321] = 0 0
[7322] = 0 0
[7323] = 0 0
[7324] = 0 0
[7325] = 0 0
[7326] = 0 0
[7327] = 0 0
[7328] = 0 0
[7329] = 0 0
[7330] = 0 0
[7331] = 0 0
[7332] = 0 0
[7333] = 0 0
[7334] = 0 0
[7335] = 0 0
[7336] = 0 0
[7337] = 0 0
[7338] = 0 0
[7339] = 0 0
[7340] = 0 0
[7341] = 0 0
[7342] = 0 0
[7343] = 0 0
[7344] = 0 0
[7345] = 0 0
[7346] = 0 0
[7347] = 0 0
[7348] = 0 0
[7349] = 0 0
[7350] = 0 0
[7351] = 0 0
[7352] = 0 0
[7353] = 0 0
[7354] = 0 0
[7355] = 0 0
[7356] = 0 0
[7357] = 0 0
[7358] = 0 0
[7359] = 0 0
[7360] = 0 0
[7361] = 0 0
[7362] = 0 0
[7363] = 0 0
[7364] = 0 0
[7365] = 0 0
[7366] = 0 0
[7367] = 0 0
[7368] = 0 0
[7369] = 0 0
[7370] = 0 0
[7371] = 0 0
[7372] = 0 0
[7373] = 0 0
[7374] = 0 0
[7375] = 0 0
[7376] = 0 0
[7377] = 0 0
[7378] = 0 0
[7379] = 0 0
[7380] = 0 0
[7381] = 0 0
[7382] = 0 0
[7383] = 0 0
[7384] = 0 0
[7385] = 0 0
[7386] = 0 0
[7387] = 0 0
[7388] = 0 0
[7389] = 0 0
[7390] = 0 0
[7391] = 0 0
[7392] = 0 0
[7393] = 0 0
[7394] = 0 0
[7395] = 0 0
[7396] = 0 0
[7397] = 0 0
[7398] = 0 0
[7399] = 0 0
[7400] = 0 0
[7401] = 0 0
[7402] = 0 0
[7403] = 0 0
[7404] = 0 0
[7405] = 0 0
[7406] = 0 0
[7407] = 0 0
[7408] = 0 0
[7409] = 0 0
[7410] = 0 0
[7411] = 0 0
[7412] = 0 0
[7413] = 0 0
[7414] = 0 0
[7415] = 0 0
[7416] = 0 0
[7417] = 0 0
[7418] = 0 0
[7419] = 0 0
[7420] = 0 0
[7421] = 0 0
[7422] = 0 0
[7423] = 0 0
[7424] = 0 0
[7425] = 0 0
[7426] = 0 0
[7427] = 0 0
[7428] = 0 0
[7429] = 0 0
[7430] = 0 0
[7431] = 0 0
[7432] = 0 0
[7433] = 0 0
[7434] = 0 0
[7435] = 0 0
[7436] = 0 0
[7437] = 0 0
[7438] = 0 0
[7439] = 0 0
[7440] = 0 0
[7441] = 0 0
[7442] = 0 0
[7443] = 0 0
[7444] = 0 0
[7445] = 0 0
[7446] = 0 0
[7447] = 0 0
[7448] = 0 0
[7449] = 0 0
[7450] = 0 0
[7451] = 0 0
[7452] = 0 0
[7453] = 0 0
[7454] = 0 0
[7455] = 0 0
[7456] = 0 0
[7457] = 0 0
[7458] = 0 0
[7459] = 0 0
[7460] = 0 0
[7461] = 0 0
[7462] = 0 0
[7463] = 0 0
[7464] = 0 0
[7465] = 0 0
[7466] = 0 0
[7467] = 0 0
[7468] = 0 0
[7469] = 0 0
[7470] = 0 0
[7471] = 0 0
[7472] = 0 0
[7473] = 0 0
[7474] = 0 0
[7475] = 0 0
[7476] = 0 0
[7477] = 0 0
[7478] = 0 0
[7479] = 0 0
[7480] = 0 0
[7481] = 0 0
[7482] = 0 0
[7483] = 0 0
[7484] = 0 0
[7485] = 0 0
[7486] = 0 0
[7487] = 0 0
[7488] = 0 0
[7489] = 0 0
[7490] = 0 0
[7491] = 0 0
[7492] = 0 0
[7493] = 0 0
[7494] = 0 0
[7495] = 0 0
[7496] = 0 0
[7497] = 0 0
[7498] = 0 0
[7499] = 0 0
[7500] = 0 0
[7501] = 0 0
[7502] = 0 0
[7503] = 0 0
[7504] = 0 0
[7505] = 0 0
[7506] = 0 0
[7507] = 0 0
[7508] = 0 0
[7509] = 0 0
[7510] = 0 0
[7511] = 0 0
[7512] = 0 0
[7513] = 0 0
[7514] = 0 0
[7515] = 0 0
[7516] = 0 0
[7517] = 0 0
[7518] = 0 0
[7519] = 0 0
[7520] = 0 0
[7521] = 0 0
[7522] = 0 0
[7523] = 0 0
[7524] = 0 0
[7525] = 0 0
[7526] = 0 0
[7527] = 0 0
[7528] = 0 0
[7529] = 0 0
[7530] = 0 0
[7531] = 0 0
[7532] = 0 0
[7533] = 0 0
[7534] = 0 0
[7535] = 0 0
[7536] = 0 0
[7537] = 0 0
[7538] = 0 0
[7539] = 0 0
[7540] = 0 0
[7541] = 0 0
[7542] = 0 0
[7543] = 0 0
[7544] = 0 0
[7545] = 0 0
[7546] = 0 0
[7547] = 0 0
[7548] = 0 0
[7549] = 0 0
[7550] = 0 0
[7551] = 0 0
[7552] = 0 0
[7553] = 0 0
[7554] = 0 0
[7555] = 0 0
[7556] = 0 0
[7557] = 0 0
[7558] = 0 0
[7559] = 0 0
[7560] = 0 0
[7561] = 0 0
[7562] = 0 0
[7563] = 0 0
[7564] = 0 0
[7565] = 0 0
[7566] = 0 0
[7567] = 0 0
[7568] = 0 0
[7569] = 0 0
[7570] = 0 0
[7571] = 0 0
[7572] = 0 0
[7573] = 0 0
[7574] = 0 0
[7575] = 0 0
[7576] = 0 0
[7577] = 0 0
[7578] = 0 0
[7579] = 0 0
[7580] = 0 0
[7581] = 0 0
[7582] = 0 0
[7583] = 0 0
[7584] = 0 0
[7585] = 0 0
[7586] = 0 0
[7587] = 0 0
[7588] = 0 0
[7589] = 0 0
[7590] = 0 0
[7591] = 0 0
[7592] = 0 0
[7593] = 0 0
[7594] = 0 0
[7595] = 0 0
[7596] = 0 0
[7597] = 0 0
[7598] = 0 0
[7599] = 0 0
[7600] = 0 0
[7601] = 0 0
[7602] = 0 0
[7603] = 0 0
[7604] = 0 0
[7605] = 0 0
[7606] = 0 0
[7607] = 0 0
[7608] = 0 0
[7609] = 0 0
[7610] = 0 0
[7611] = 0 0
[7612] = 0 0
[7613] = 0 0
[7614] = 0 0
[7615] = 0 0
[7616] = 0 0
[7617] = 0 0
[7618] = 0 0
[7619] = 0 0
[7620] = 0 0
[7621] = 0 0
[7622] = 0 0
[7623] = 0 0
[7624] = 0 0
[7625] = 0 0
[7626] = 0 0
[7627] = 0 0
[7628] = 0 0
[7629] = 0 0
[7630] = 0 0
[7631] = 0 0
[7632] = 0 0
[7633] = 0 0
[7634] = 0 0
[7635] = 0 0
[7636] = 0 0
[7637] = 0 0
[7638] = 0 0
[7639] = 0 0
[7640] = 0 0
[7641] = 0 0
[7642] = 0 0
[7643] = 0 0
[7644] = 0 0
[7645] = 0 0
[7646] = 0 0
[7647] = 0 0
[7648] = 0 0
[7649] = 0 0
[7650] = 0 0
[7651] = 0 0
[7652] = 0 0
[7653] = 0 0
[7654] = 0 0
[7655] = 0 0
[7656] = 0 0
[7657] = 0 0
[7658] = 0 0
[7659] = 0 0
[7660] = 0 0
[7661] = 0 0
[7662] = 0 0
[7663] = 0 0
[7664] = 0 0
[7665] = 0 0
[7666] = 0 0
[7667] = 0 0
[7668] = 0 0
[7669] = 0 0
[7670] = 0 0
[7671] = 0 0
[7672] = 0 0
[7673] = 0 0
[7674] = 0 0
[7675] = 0 0
[7676] = 0 0
[7677] = 0 0
[7678] = 0 0
[7679] = 0 0
[7680] = 0 0
[7681] = 0 0
[7682] = 0 0
[7683] = 0 0
[7684] = 0 0
[7685] = 0 0
[7686] = 0 0
[7687] = 0 0
[7688] = 0 0
[7689] = 0 0
[7690] = 0 0
[7691] = 0 0
[7692] = 0 0
[7693] = 0 0
[7694] = 0 0
[7695] = 0 0
[7696] = 0 0
[7697] = 0 0
[7698] = 0 0
[7699] = 0 0
[7700] = 0 0
[7701] = 0 0
[7702] = 0 0
[7703] = 0 0
[7704] = 0 0
[7705] = 0 0
[7706] = 0 0
[7707] = 0 0
[7708] = 0 0
[7709] = 0 0
[7710] = 0 0
[7711] = 0 0
[7712] = 0 0
[7713] = 0 0
[7714] = 0 0
[7715] = 0 0
[7716] = 0 0
[7717] = 0 0
[7718] = 0 0
[7719] = 0 0
[7720] = 0 0
[7721] = 0 0
[7722] = 0 0
[7723] = 0 0
[7724] = 0 0
[7725] = 0 0
[7726] = 0 0
[7727] = 0 0
[7728] = 0 0
[7729] = 0 0
[7730] = 0 0
[7731] = 0 0
[7732] = 0 0
[7733] = 0 0
[7734] = 0 0
[7735] = 0 0
[7736] = 0 0
[7737] = 0 0
[7738] = 0 0
[7739] = 0 0
[7740] = 0 0
[7741] = 0 0
[7742] = 0 0
[7743] = 0 0
[7744] = 0 0
[7745] = 0 0
[7746] = 0 0
[7747] = 0 0
[7748] = 0 0
[7749] = 0 0
[7750] = 0 0
[7751] = 0 0
[7752] = 0 0
[7753] = 0 0
[7754] = 0 0
[7755] = 0 0
[7756] = 0 0
[7757] = 0 0
[7758] = 0 0
[7759] = 0 0
[7760] = 0 0
[7761] = 0 0
[7762] = 0 0
[7763] = 0 0
[7764] = 0 0
[7765] = 0 0
[7766] = 0 0
[7767] = 0 0
[7768] = 0 0
[7769] = 0 0
[7770] = 0 0
[7771] = 0 0
[7772] = 0 0
[7773] = 0 0
[7774] = 0 0
[7775] = 0 0
[7776] = 0 0
[7777] = 0 0
[7778] = 0 0
[7779] = 0 0
[7780] = 0 0
[7781] = 0 0
[7782] = 0 0
[7783] = 0 0
[7784] = 0 0
[7785] = 0 0
[7786] = 0 0
[7787] = 0 0
[7788] = 0 0
[7789] = 0 0
[7790] = 0 0
[7791] = 0 0
[7792] = 0 0
[7793] = 0 0
[7794] = 0 0
[7795] = 0 0
[7796] = 0 0
[7797] = 0 0
[7798] = 0 0
[7799] = 0 0
[7800] = 0 0
[7801] = 0 0
[7802] = 0 0
[7803] = 0 0
[7804] = 0 0
[7805] = 0 0
[7806] = 0 0
[7807] = 0 0
[7808] = 0 0
[7809] = 0 0
[7810] = 0 0
[7811] = 0 0
[7812] = 0 0
[7813] = 0 0
[7814] = 0 0
[7815] = 0 0
[7816] = 0 0
[7817] = 0 0
[7818] = 0 0
[7819] = 0 0
[7820] = 0 0
[7821] = 0 0
[7822] = 0 0
[7823] = 0 0
[7824] = 0 0
[7825] = 0 0
[7826] = 0 0
[7827] = 0 0
[7828] = 0 0
[7829] = 0 0
[7830] = 0 0
[7831] = 0 0
[7832] = 0 0
[7833] = 0 0
[7834] = 0 0
[7835] = 0 0
[7836] = 0 0
[7837] = 0 0
[7838] = 0 0
[7839] = 0 0
[7840] = 0 0
[7841] = 0 0
[7842] = 0 0
[7843] = 0 0
[7844] = 0 0
[7845] = 0 0
[7846] = 0 0
[7847] = 0 0
[7848] = 0 0
[7849] = 0 0
[7850] = 0 0
[7851] = 0 0
[7852] = 0 0
[7853] = 0 0
[7854] = 0 0
[7855] = 0 0
[7856] = 0 0
[7857] = 0 0
[7858] = 0 0
[7859] = 0 0
[7860] = 0 0
[7861] = 0 0
[7862] = 0 0
[7863] = 0 0
[7864] = 0 0
[7865] = 0 0
[7866] = 0 0
[7867] = 0 0
[7868] = 0 0
[7869] = 0 0
[7870] = 0 0
[7871] = 0 0
[7872] = 0 0
[7873] = 0 0
[7874] = 0 0
[7875] = 0 0
[7876] = 0 0
[7877] = 0 0
[7878] = 0 0
[7879] = 0 0
[7880] = 0 0
[7881] = 0 0
[7882] = 0 0
[7883] = 0 0
[7884] = 0 0
[7885] = 0 0
[7886] = 0 0
[7887] = 0 0
[7888] = 0 0
[7889] = 0 0
[7890] = 0 0
[7891] = 0 0
[7892] = 0 0
[7893] = 0 0
[7894] = 0 0
[7895] = 0 0
[7896] = 0 0
[7897] = 0 0
[7898] = 0 0
[7899] = 0 0
[7900] = 0 0
[7901] = 0 0
[7902] = 0 0
[7903] = 0 0
[7904] = 0 0
[7905] = 0 0
[7906] = 0 0
[7907] = 0 0
[7908] = 0 0
[7909] = 0 0
[7910] = 0 0
[7911] = 0 0
[7912] = 0 0
[7913] = 0 0
[7914] = 0 0
[7915] = 0 0
[7916] = 0 0
[7917] = 0 0
[7918] = 0 0
[7919] = 0 0
[7920] = 0 0
[7921] = 0 0
[7922] = 0 0
[7923] = 0 0
[7924] = 0 0
[7925] = 0 0
[7926] = 0 0
[7927] = 0 0
[7928] = 0 0
[7929] = 0 0
[7930] = 0 0
[7931] = 0 0
[7932] = 0 0
[7933] = 0 0
[7934] = 0 0
[7935] = 0 0
[7936] = 0 0
[7937] = 0 0
[7938] = 0 0
[7939] = 0 0
[7940] = 0 0
[7941] = 0 0
[7942] = 0 0
[7943] = 0 0
[7944] = 0 0
[7945] = 0 0
[7946] = 0 0
[7947] = 0 0
[7948] = 0 0
[7949] = 0 0
[7950] = 0 0
[7951] = 0 0
[7952] = 0 0
[7953] = 0 0
[7954] = 0 0
[7955] = 0 0
[7956] = 0 0
[7957] = 0 0
[7958] = 0 0
[7959] = 0 0
[7960] = 0 0
[7961] = 0 0
[7962] = 0 0
[7963] = 0 0
[7964] = 0 0
[7965] = 0 0
[7966] = 0 0
[7967] = 0 0
[7968] = 0 0
[7969] = 0 0
[7970] = 0 0
[7971] = 0 0
[7972] = 0 0
[7973] = 0 0
[7974] = 0 0
[7975] = 0 0
[7976] = 0 0
[7977] = 0 0
[7978] = 0 0
[7979] = 0 0
[7980] = 0 0
[7981] = 0 0
[7982] = 0 0
[7983] = 0 0
[7984] = 0 0
[7985] = 0 0
[7986] = 0 0
[7987] = 0 0
[7988] = 0 0
[7989] = 0 0
[7990] = 0 0
[7991] = 0 0
[7992] = 0 0
[7993] = 0 0
[7994] = 0 0
[7995] = 0 0
[7996] = 0 0
[7997] = 0 0
[7998] = 0 0
[7999] = 0 0
[8000] = 0 0
[8001] = 0 0
[8002] = 0 0
[8003] = 0 0
[8004] = 0 0
[8005] = 0 0
[8006] = 0 0
[8007] = 0 0
[8008] = 0 0
[8009] = 0 0
[8010] = 0 0
[8011] = 0 0
[8012] = 0 0
[8013] = 0 0
[8014] = 0 0
[8015] = 0 0
[8016] = 0 0
[8017] = 0 0
[8018] = 0 0
[8019] = 0 0
[8020] = 0 0
[8021] = 0 0
[8022] = 0 0
[8023] = 0 0
[8024] = 0 0
[8025] = 0 0
[8026] = 0 0
[8027] = 0 0
[8028] = 0 0
[8029] = 0 0
[8030] = 0 0
[8031] = 0 0
[8032] = 0 0
[8033] = 0 0
[8034] = 0 0
[8035] = 0 0
[8036] = 0 0
[8037] = 0 0
[8038] = 0 0
[8039] = 0 0
[8040] = 0 0
[8041] = 0 0
[8042] = 0 0
[8043] = 0 0
[8044] = 0 0
[8045] = 0 0
[8046] = 0 0
[8047] = 0 0
[8048] = 0 0
[8049] = 0 0
[8050] = 0 0
[8051] = 0 0
[8052] = 0 0
[8053] = 0 0
[8054] = 0 0
[8055] = 0 0
[8056] = 0 0
[8057] = 0 0
[8058] = 0 0
[8059] = 0 0
[8060] = 0 0
[8061] = 0 0
[8062] = 0 0
[8063] = 0 0
[8064] = 0 0
[8065] = 0 0
[8066] = 0 0
[8067] = 0 0
[8068] = 0 0
[8069] = 0 0
[8070] = 0 0
[8071] = 0 0
[8072] = 0 0
[8073] = 0 0
[8074] = 0 0
[8075] = 0 0
[8076] = 0 0
[8077] = 0 0
[8078] = 0 0
[8079] = 0 0
[8080] = 0 0
[8081] = 0 0
[8082] = 0 0
[8083] = 0 0
[8084] = 0 0
[8085] = 0 0
[8086] = 0 0
[8087] = 0 0
[8088] = 0 0
[8089] = 0 0
[8090] = 0 0
[8091] = 0 0
[8092] = 0 0
[8093] = 0 0
[8094] = 0 0
[8095] = 0 0
[8096] = 0 0
[8097] = 0 0
[8098] = 0 0
[8099] = 0 0
[8100] = 0 0
[8101] = 0 0
[8102] = 0 0
[8103] = 0 0
[8104] = 0 0
[8105] = 0 0
[8106] = 0 0
[8107] = 0 0
[8108] = 0 0
[8109] = 0 0
[8110] = 0 0
[8111] = 0 0
[8112] = 0 0
[8113] = 0 0
[8114] = 0 0
[8115] = 0 0
[8116] = 0 0
[8117] = 0 0
[8118] = 0 0
[8119] = 0 0
[8120] = 0 0
[8121] = 0 0
[8122] = 0 0
[8123] = 0 0
[8124] = 0 0
[8125] = 0 0
[8126] = 0 0
[8127] = 0 0
[8128] = 0 0
[8129] = 0 0
[8130] = 0 0
[8131] = 0 0
[8132] = 0 0
[8133] = 0 0
[8134] = 0 0
[8135] = 0 0
[8136] = 0 0
[8137] = 0 0
[8138] = 0 0
[8139] = 0 0
[8140] = 0 0
[8141] = 0 0
[8142] = 0 0
[8143] = 0 0
[8144] = 0 0
[8145] = 0 0
[8146] = 0 0
[8147] = 0 0
[8148] = 0 0
[8149] = 0 0
[8150] = 0 0
[8151] = 0 0
[8152] = 0 0
[8153] = 0 0
[8154] = 0 0
[8155] = 0 0
[8156] = 0 0
[8157] = 0 0
[8158] = 0 0
[8159] = 0 0
[8160] = 0 0
[8161] = 0 0
[8162] = 0 0
[8163] = 0 0
[8164] = 0 0
[8165] = 0 0
[8166] = 0 0
[8167] = 0 0
[8168] = 0 0
[8169] = 0 0
[8170] = 0 0
[8171] = 0 0
[8172] = 0 0
[8173] = 0 0
[8174] = 0 0
[8175] = 0 0
[8176] = 0 0
[8177] = 0 0
[8178] = 0 0
[8179] = 0 0
[8180] = 0 0
[8181] = 0 0
[8182] = 0 0
[8183] = 0 0
[8184] = 0 0
[8185] = 0 0
[8186] = 0 0
[8187] = 0 0
[8188] = 0 0
[8189] = 0 0
[8190] = 0 0
[8191] = 0 0
[8192] = 0 0
[8193] = 0 0
[8194] = 0 0
[8195] = 0 0
[8196] = 0 0
[8197] = 0 0
[8198] = 0 0
[8199] = 0 0
[8200] = 0 0
[8201] = 0 0
[8202] = 0 0
[8203] = 0 0
[8204] = 0 0
[8205] = 0 0
[8206] = 0 0
[8207] = 0 0
[8208] = 0 0
[8209] = 0 0
[8210] = 0 0
[8211] = 0 0
[8212] = 0 0
[8213] = 0 0
[8214] = 0 0
[8215] = 0 0
[8216] = 0 0
[8217] = 0 0
[8218] = 0 0
[8219] = 0 0
[8220] = 0 0
[8221] = 0 0
[8222] = 0 0
[8223] = 0 0
[8224] = 0 0
[8225] = 0 0
[8226] = 0 0
[8227] = 0 0
[8228] = 0 0
[8229] = 0 0
[8230] = 0 0
[8231] = 0 0
[8232] = 0 0
[8233] = 0 0
[8234] = 0 0
[8235] = 0 0
[8236] = 0 0
[8237] = 0 0
[8238] = 0 0
[8239] = 0 0
[8240] = 0 0
[8241] = 0 0
[8242] = 0 0
[8243] = 0 0
[8244] = 0 0
[8245] = 0 0
[8246] = 0 0
[8247] = 0 0
[8248] = 0 0
[8249] = 0 0
[8250] = 0 0
[8251] = 0 0
[8252] = 0 0
[8253] = 0 0
[8254] = 0 0
[8255] = 0 0
[8256] = 0 0
[8257] = 0 0
[8258] = 0 0
[8259] = 0 0
[8260] = 0 0
[8261] = 0 0
[8262] = 0 0
[8263] = 0 0
[8264] = 0 0
[8265] = 0 0
[8266] = 0 0
[8267] = 0 0
[8268] = 0 0
[8269] = 0 0
[8270] = 0 0
[8271] = 0 0
[8272] = 0 0
[8273] = 0 0
[8274] = 0 0
[8275] = 0 0
[8276] = 0 0
[8277] = 0 0
[8278] = 0 0
[8279] = 0 0
[8280] = 0 0
[8281] = 0 0
[8282] = 0 0
[8283] = 0 0
[8284] = 0 0
[8285] = 0 0
[8286] = 0 0
[8287] = 0 0
[8288] = 0 0
[8289] = 0 0
[8290] = 0 0
[8291] = 0 0
[8292] = 0 0
[8293] = 0 0
[8294] = 0 0
[8295] = 0 0
[8296] = 0 0
[8297] = 0 0
[8298] = 0 0
[8299] = 0 0
[8300] = 0 0
[8301] = 0 0
[8302] = 0 0
[8303] = 0 0
[8304] = 0 0
[8305] = 0 0
[8306] = 0 0
[8307] = 0 0
[8308] = 0 0
[8309] = 0 0
[8310] = 0 0
[8311] = 0 0
[8312] = 0 0
[8313] = 0 0
[8314] = 0 0
[8315] = 0 0
[8316] = 0 0
[8317] = 0 0
[8318] = 0 0
[8319] = 0 0
[8320] = 0 0
[8321] = 0 0
[8322] = 0 0
[8323] = 0 0
[8324] = 0 0
[8325] = 0 0
[8326] = 0 0
[8327] = 0 0
[8328] = 0 0
[8329] = 0 0
[8330] = 0 0
[8331] = 0 0
[8332] = 0 0
[8333] = 0 0
[8334] = 0 0
[8335] = 0 0
[8336] = 0 0
[8337] = 0 0
[8338] = 0 0
[8339] = 0 0
[8340] = 0 0
[8341] = 0 0
[8342] = 0 0
[8343] = 0 0
[8344] = 0 0
[8345] = 0 0
[8346] = 0 0
[8347] = 0 0
[8348] = 0 0
[8349] = 0 0
[8350] = 0 0
[8351] = 0 0
[8352] = 0 0
[8353] = 0 0
[8354] = 0 0
[8355] = 0 0
[8356] = 0 0
[8357] = 0 0
[8358] = 0 0
[8359] = 0 0
[8360] = 0 0
[8361] = 0 0
[8362] = 0 0
[8363] = 0 0
[8364] = 0 0
[8365] = 0 0
[8366] = 0 0
[8367] = 0 0
[8368] = 0 0
[8369] = 0 0
[8370] = 0 0
[8371] = 0 0
[8372] = 0 0
[8373] = 0 0
[8374] = 0 0
[8375] = 0 0
[8376] = 0 0
[8377] = 0 0
[8378] = 0 0
[8379] = 0 0
[8380] = 0 0
[8381] = 0 0
[8382] = 0 0
[8383] = 0 0
[8384] = 0 0
[8385] = 0 0
[8386] = 0 0
[8387] = 0 0
[8388] = 0 0
[8389] = 0 0
[8390] = 0 0
[8391] = 0 0
[8392] = 0 0
[8393] = 0 0
[8394] = 0 0
[8395] = 0 0
[8396] = 0 0
[8397] = 0 0
[8398] = 0 0
[8399] = 0 0
[8400] = 0 0
[8401] = 0 0
[8402] = 0 0
[8403] = 0 0
[8404] = 0 0
[8405] = 0 0
[8406] = 0 0
[8407] = 0 0
[8408] = 0 0
[8409] = 0 0
[8410] = 0 0
[8411] = 0 0
[8412] = 0 0
[8413] = 0 0
[8414] = 0 0
[8415] = 0 0
[8416] = 0 0
[8417] = 0 0
[8418] = 0 0
[8419] = 0 0
[8420] = 0 0
[8421] = 0 0
[8422] = 0 0
[8423] = 0 0
[8424] = 0 0
[8425] = 0 0
[8426] = 0 0
[8427] = 0 0
[8428] = 0 0
[8429] = 0 0
[8430] = 0 0
[8431] = 0 0
[8432] = 0 0
[8433] = 0 0
[8434] = 0 0
[8435] = 0 0
[8436] = 0 0
[8437] = 0 0
[8438] = 0 0
[8439] = 0 0
[8440] = 0 0
[8441] = 0 0
[8442] = 0 0
[8443] = 0 0
[8444] = 0 0
[8445] = 0 0
[8446] = 0 0
[8447] = 0 0
[8448] = 0 0
[8449] = 0 0
[8450] = 0 0
[8451] = 0 0
[8452] = 0 0
[8453] = 0 0
[8454] = 0 0
[8455] = 0 0
[8456] = 0 0
[8457] = 0 0
[8458] = 0 0
[8459] = 0 0
[8460] = 0 0
[8461] = 0 0
[8462] = 0 0
[8463] = 0 0
[8464] = 0 0
[8465] = 0 0
[8466] = 0 0
[8467] = 0 0
[8468] = 0 0
[8469] = 0 0
[8470] = 0 0
[8471] = 0 0
[8472] = 0 0
[8473] = 0 0
[8474] = 0 0
[8475] = 0 0
[8476] = 0 0
[8477] = 0 0
[8478] = 0 0
[8479] = 0 0
[8480] = 0 0
[8481] = 0 0
[8482] = 0 0
[8483] = 0 0
[8484] = 0 0
[8485] = 0 0
[8486] = 0 0
[8487] = 0 0
[8488] = 0 0
[8489] = 0 0
[8490] = 0 0
[8491] = 0 0
[8492] = 0 0
[8493] = 0 0
[8494] = 0 0
[8495] = 0 0
[8496] = 0 0
[8497] = 0 0
[8498] = 0 0
[8499] = 0 0
[8500] = 0 0
[8501] = 0 0
[8502] = 0 0
[8503] = 0 0
[8504] = 0 0
[8505] = 0 0
[8506] = 0 0
[8507] = 0 0
[8508] = 0 0
[8509] = 0 0
[8510] = 0 0
[8511] = 0 0
[8512] = 0 0
[8513] = 0 0
[8514] = 0 0
[8515] = 0 0
[8516] = 0 0
[8517] = 0 0
[8518] = 0 0
[8519] = 0 0
[8520] = 0 0
[8521] = 0 0
[8522] = 0 0
[8523] = 0 0
[8524] = 0 0
[8525] = 0 0
[8526] = 0 0
[8527] = 0 0
[8528] = 0 0
[8529] = 0 0
[8530] = 0 0
[8531] = 0 0
[8532] = 0 0
[8533] = 0 0
[8534] = 0 0
[8535] = 0 0
[8536] = 0 0
[8537] = 0 0
[8538] = 0 0
[8539] = 0 0
[8540] = 0 0
[8541] = 0 0
[8542] = 0 0
[8543] = 0 0
[8544] = 0 0
[8545] = 0 0
[8546] = 0 0
[8547] = 0 0
[8548] = 0 0
[8549] = 0 0
[8550] = 0 0
[8551] = 0 0
[8552] = 0 0
[8553] = 0 0
[8554] = 0 0
[8555] = 0 0
[8556] = 0 0
[8557] = 0 0
[8558] = 0 0
[8559] = 0 0
[8560] = 0 0
[8561] = 0 0
[8562] = 0 0
[8563] = 0 0
[8564] = 0 0
[8565] = 0 0
[8566] = 0 0
[8567] = 0 0
[8568] = 0 0
[8569] = 0 0
[8570] = 0 0
[8571] = 0 0
[8572] = 0 0
[8573] = 0 0
[8574] = 0 0
[8575] = 0 0
[8576] = 0 0
[8577] = 0 0
[8578] = 0 0
[8579] = 0 0
[8580] = 0 0
[8581] = 0 0
[8582] = 0 0
[8583] = 0 0
[8584] = 0 0
[8585] = 0 0
[8586] = 0 0
[8587] = 0 0
[8588] = 0 0
[8589] = 0 0
[8590] = 0 0
[8591] = 0 0
[8592] = 0 0
[8593] = 0 0
[8594] = 0 0
[8595] = 0 0
[8596] = 0 0
[8597] = 0 0
[8598] = 0 0
[8599] = 0 0
[8600] = 0 0
[8601] = 0 0
[8602] = 0 0
[8603] = 0 0
[8604] = 0 0
[8605] = 0 0
[8606] = 0 0
[8607] = 0 0
[8608] = 0 0
[8609] = 0 0
[8610] = 0 0
[8611] = 0 0
[8612] = 0 0
[8613] = 0 0
[8614] = 0 0
[8615] = 0 0
[8616] = 0 0
[8617] = 0 0
[8618] = 0 0
[8619] = 0 0
[8620] = 0 0
[8621] = 0 0
[8622] = 0 0
[8623] = 0 0
[8624] = 0 0
[8625] = 0 0
[8626] = 0 0
[8627] = 0 0
[8628] = 0 0
[8629] = 0 0
[8630] = 0 0
[8631] = 0 0
[8632] = 0 0
[8633] = 0 0
[8634] = 0 0
[8635] = 0 0
[8636] = 0 0
[8637] = 0 0
[8638] = 0 0
[8639] = 0 0
[8640] = 0 0
[8641] = 0 0
[8642] = 0 0
[8643] = 0 0
[8644] = 0 0
[8645] = 0 0
[8646] = 0 0
[8647] = 0 0
[8648] = 0 0
[8649] = 0 0
[8650] = 0 0
[8651] = 0 0
[8652] = 0 0
[8653] = 0 0
[8654] = 0 0
[8655] = 0 0
[8656] = 0 0
[8657] = 0 0
[8658] = 0 0
[8659] = 0 0
[8660] = 0 0
[8661] = 0 0
[8662] = 0 0
[8663] = 0 0
[8664] = 0 0
[8665] = 0 0
[8666] = 0 0
[8667] = 0 0
[8668] = 0 0
[8669] = 0 0
[8670] = 0 0
[8671] = 0 0
[8672] = 0 0
[8673] = 0 0
[8674] = 0 0
[8675] = 0 0
[8676] = 0 0
[8677] = 0 0
[8678] = 0 0
[8679] = 0 0
[8680] = 0 0
[8681] = 0 0
[8682] = 0 0
[8683] = 0 0
[8684] = 0 0
[8685] = 0 0
[8686] = 0 0
[8687] = 0 0
[8688] = 0 0
[8689] = 0 0
[8690] = 0 0
[8691] = 0 0
[8692] = 0 0
[8693] = 0 0
[8694] = 0 0
[8695] = 0 0
[8696] = 0 0
[8697] = 0 0
[8698] = 0 0
[8699] = 0 0
[8700] = 0 0
[8701] = 0 0
[8702] = 0 0
[8703] = 0 0
[8704] = 0 0
[8705] = 0 0
[8706] = 0 0
[8707] = 0 0
[8708] = 0 0
[8709] = 0 0
[8710] = 0 0
[8711] = 0 0
[8712] = 0 0
[8713] = 0 0
[8714] = 0 0
[8715] = 0 0
[8716] = 0 0
[8717] = 0 0
[8718] = 0 0
[8719] = 0 0
[8720] = 0 0
[8721] = 0 0
[8722] = 0 0
[8723] = 0 0
[8724] = 0 0
[8725] = 0 0
[8726] = 0 0
[8727] = 0 0
[8728] = 0 0
[8729] = 0 0
[8730] = 0 0
[8731] = 0 0
[8732] = 0 0
[8733] = 0 0
[8734] = 0 0
[8735] = 0 0
[8736] = 0 0
[8737] = 0 0
[8738] = 0 0
[8739] = 0 0
[8740] = 0 0
[8741] = 0 0
[8742] = 0 0
[8743] = 0 0
[8744] = 0 0
[8745] = 0 0
[8746] = 0 0
[8747] = 0 0
[8748] = 0 0
[8749] = 0 0
[8750] = 0 0
[8751] = 0 0
[8752] = 0 0
[8753] = 0 0
[8754] = 0 0
[8755] = 0 0
[8756] = 0 0
[8757] = 0 0
[8758] = 0 0
[8759] = 0 0
[8760] = 0 0
[8761] = 0 0
[8762] = 0 0
[8763] = 0 0
[8764] = 0 0
[8765] = 0 0
[8766] = 0 0
[8767] = 0 0
[8768] = 0 0
[8769] = 0 0
[8770] = 0 0
[8771] = 0 0
[8772] = 0 0
[8773] = 0 0
[8774] = 0 0
[8775] = 0 0
[8776] = 0 0
[8777] = 0 0
[8778] = 0 0
[8779] = 0 0
[8780] = 0 0
[8781] = 0 0
[8782] = 0 0
[8783] = 0 0
[8784] = 0 0
[8785] = 0 0
[8786] = 0 0
[8787] = 0 0
[8788] = 0 0
[8789] = 0 0
[8790] = 0 0
[8791] = 0 0
[8792] = 0 0
[8793] = 0 0
[8794] = 0 0
[8795] = 0 0
[8796] = 0 0
[8797] = 0 0
[8798] = 0 0
[8799] = 0 0
[8800] = 0 0
[8801] = 0 0
[8802] = 0 0
[8803] = 0 0
[8804] = 0 0
[8805] = 0 0
[8806] = 0 0
[8807] = 0 0
[8808] = 0 0
[8809] = 0 0
[8810] = 0 0
[8811] = 0 0
[8812] = 0 0
[8813] = 0 0
[8814] = 0 0
[8815] = 0 0
[8816] = 0 0
[8817] = 0 0
[8818] = 0 0
[8819] = 0 0
[8820] = 0 0
[8821] = 0 0
[8822] = 0 0
[8823] = 0 0
[8824] = 0 0
[8825] = 0 0
[8826] = 0 0
[8827] = 0 0
[8828] = 0 0
[8829] = 0 0
[8830] = 0 0
[8831] = 0 0
[8832] = 0 0
[8833] = 0 0
[8834] = 0 0
[8835] = 0 0
[8836] = 0 0
[8837] = 0 0
[8838] = 0 0
[8839] = 0 0
[8840] = 0 0
[8841] = 0 0
[8842] = 0 0
[8843] = 0 0
[8844] = 0 0
[8845] = 0 0
[8846] = 0 0
[8847] = 0 0
[8848] = 0 0
[8849] = 0 0
[8850] = 0 0
[8851] = 0 0
[8852] = 0 0
[8853] = 0 0
[8854] = 0 0
[8855] = 0 0
[8856] = 0 0
[8857] = 0 0
[8858] = 0 0
[8859] = 0 0
[8860] = 0 0
[8861] = 0 0
[8862] = 0 0
[8863] = 0 0
[8864] = 0 0
[8865] = 0 0
[8866] = 0 0
[8867] = 0 0
[8868] = 0 0
[8869] = 0 0
[8870] = 0 0
[8871] = 0 0
[8872] = 0 0
[8873] = 0 0
[8874] = 0 0
[8875] = 0 0
[8876] = 0 0
[8877] = 0 0
[8878] = 0 0
[8879] = 0 0
[8880] = 0 0
[8881] = 0 0
[8882] = 0 0
[8883] = 0 0
[8884] = 0 0
[8885] = 0 0
[8886] = 0 0
[8887] = 0 0
[8888] = 0 0
[8889] = 0 0
[8890] = 0 0
[8891] = 0 0
[8892] = 0 0
[8893] = 0 0
[8894] = 0 0
[8895] = 0 0
[8896] = 0 0
[8897] = 0 0
[8898] = 0 0
[8899] = 0 0
[8900] = 0 0
[8901] = 0 0
[8902] = 0 0
[8903] = 0 0
[8904] = 0 0
[8905] = 0 0
[8906] = 0 0
[8907] = 0 0
[8908] = 0 0
[8909] = 0 0
[8910] = 0 0
[8911] = 0 0
[8912] = 0 0
[8913] = 0 0
[8914] = 0 0
[8915] = 0 0
[8916] = 0 0
[8917] = 0 0
[8918] = 0 0
[8919] = 0 0
[8920] = 0 0
[8921] = 0 0
[8922] = 0 0
[8923] = 0 0
[8924] = 0 0
[8925] = 0 0
[8926] = 0 0
[8927] = 0 0
[8928] = 0 0
[8929] = 0 0
[8930] = 0 0
[8931] = 0 0
[8932] = 0 0
[8933] = 0 0
[8934] = 0 0
[8935] = 0 0
[8936] = 0 0
[8937] = 0 0
[8938] = 0 0
[8939] = 0 0
[8940] = 0 0
[8941] = 0 0
[8942] = 0 0
[8943] = 0 0
[8944] = 0 0
[8945] = 0 0
[8946] = 0 0
[8947] = 0 0
[8948] = 0 0
[8949] = 0 0
[8950] = 0 0
[8951] = 0 0
[8952] = 0 0
[8953] = 0 0
[8954] = 0 0
[8955] = 0 0
[8956] = 0 0
[8957] = 0 0
[8958] = 0 0
[8959] = 0 0
[8960] = 0 0
[8961] = 0 0
[8962] = 0 0
[8963] = 0 0
[8964] = 0 0
[8965] = 0 0
[8966] = 0 0
[8967] = 0 0
[8968] = 0 0
[8969] = 0 0
[8970] = 0 0
[8971] = 0 0
[8972] = 0 0
[8973] = 0 0
[8974] = 0 0
[8975] = 0 0
[8976] = 0 0
[8977] = 0 0
[8978] = 0 0
[8979] = 0 0
[8980] = 0 0
[8981] = 0 0
[8982] = 0 0
[8983] = 0 0
[8984] = 0 0
[8985] = 0 0
[8986] = 0 0
[8987] = 0 0
[8988] = 0 0
[8989] = 0 0
[8990] = 0 0
[8991] = 0 0
[8992] = 0 0
[8993] = 0 0
[8994] = 0 0
[8995] = 0 0
[8996] = 0 0
[8997] = 0 0
[8998] = 0 0
[8999] = 0 0
[9000] = 0 0
[9001] = 0 0
[9002] = 0 0
[9003] = 0 0
[9004] = 0 0
[9005] = 0 0
[9006] = 0 0
[9007] = 0 0
[9008] = 0 0
[9009] = 0 0
[9010] = 0 0
[9011] = 0 0
[9012] = 0 0
[9013] = 0 0
[9014] = 0 0
[9015] = 0 0
[9016] = 0 0
[9017] = 0 0
[9018] = 0 0
[9019] = 0 0
[9020] = 0 0
[9021] = 0 0
[9022] = 0 0
[9023] = 0 0
[9024] = 0 0
[9025] = 0 0
[9026] = 0 0
[9027] = 0 0
[9028] = 0 0
[9029] = 0 0
[9030] = 0 0
[9031] = 0 0
[9032] = 0 0
[9033] = 0 0
[9034] = 0 0
[9035] = 0 0
[9036] = 0 0
[9037] = 0 0
[9038] = 0 0
[9039] = 0 0
[9040] = 0 0
[9041] = 0 0
[9042] = 0 0
[9043] = 0 0
[9044] = 0 0
[9045] = 0 0
[9046] = 0 0
[9047] = 0 0
[9048] = 0 0
[9049] = 0 0
[9050] = 0 0
[9051] = 0 0
[9052] = 0 0
[9053] = 0 0
[9054] = 0 0
[9055] = 0 0
[9056] = 0 0
[9057] = 0 0
[9058] = 0 0
[9059] = 0 0
[9060] = 0 0
[9061] = 0 0
[9062] = 0 0
[9063] = 0 0
[9064] = 0 0
[9065] = 0 0
[9066] = 0 0
[9067] = 0 0
[9068] = 0 0
[9069] = 0 0
[9070] = 0 0
[9071] = 0 0
[9072] = 0 0
[9073] = 0 0
[9074] = 0 0
[9075] = 0 0
[9076] = 0 0
[9077] = 0 0
[9078] = 0 0
[9079] = 0 0
[9080] = 0 0
[9081] = 0 0
[9082] = 0 0
[9083] = 0 0
[9084] = 0 0
[9085] = 0 0
[9086] = 0 0
[9087] = 0 0
[9088] = 0 0
[9089] = 0 0
[9090] = 0 0
[9091] = 0 0
[9092] = 0 0
[9093] = 0 0
[9094] = 0 0
[9095] = 0 0
[9096] = 0 0
[9097] = 0 0
[9098] = 0 0
[9099] = 0 0
[9100] = 0 0
[9101] = 0 0
[9102] = 0 0
[9103] = 0 0
[9104] = 0 0
[9105] = 0 0
[9106] = 0 0
[9107] = 0 0
[9108] = 0 0
[9109] = 0 0
[9110] = 0 0
[9111] = 0 0
[9112] = 0 0
[9113] = 0 0
[9114] = 0 0
[9115] = 0 0
[9116] = 0 0
[9117] = 0 0
[9118] = 0 0
[9119] = 0 0
[9120] = 0 0
[9121] = 0 0
[9122] = 0 0
[9123] = 0 0
[9124] = 0 0
[9125] = 0 0
[9126] = 0 0
[9127] = 0 0
[9128] = 0 0
[9129] = 0 0
[9130] = 0 0
[9131] = 0 0
[9132] = 0 0
[9133] = 0 0
[9134] = 0 0
[9135] = 0 0
[9136] = 0 0
[9137] = 0 0
[9138] = 0 0
[9139] = 0 0
[9140] = 0 0
[9141] = 0 0
[9142] = 0 0
[9143] = 0 0
[9144] = 0 0
[9145] = 0 0
[9146] = 0 0
[9147] = 0 0
[9148] = 0 0
[9149] = 0 0
[9150] = 0 0
[9151] = 0 0
[9152] = 0 0
[9153] = 0 0
[9154] = 0 0
[9155] = 0 0
[9156] = 0 0
[9157] = 0 0
[9158] = 0 0
[9159] = 0 0
[9160] = 0 0
[9161] = 0 0
[9162] = 0 0
[9163] = 0 0
[9164] = 0 0
[9165] = 0 0
[9166] = 0 0
[9167] = 0 0
[9168] = 0 0
[9169] = 0 0
[9170] = 0 0
[9171] = 0 0
[9172] = 0 0
[9173] = 0 0
[9174] = 0 0
[9175] = 0 0
[9176] = 0 0
[9177] = 0 0
[9178] = 0 0
[9179] = 0 0
[9180] = 0 0
[9181] = 0 0
[9182] = 0 0
[9183] = 0 0
[9184] = 0 0
[9185] = 0 0
[9186] = 0 0
[9187] = 0 0
[9188] = 0 0
[9189] = 0 0
[9190] = 0 0
[9191] = 0 0
[9192] = 0 0
[9193] = 0 0
[9194] = 0 0
[9195] = 0 0
[9196] = 0 0
[9197] = 0 0
[9198] = 0 0
[9199] = 0 0
[9200] = 0 0
[9201] = 0 0
[9202] = 0 0
[9203] = 0 0
[9204] = 0 0
[9205] = 0 0
[9206] = 0 0
[9207] = 0 0
[9208] = 0 0
[9209] = 0 0
[9210] = 0 0
[9211] = 0 0
[9212] = 0 0
[9213] = 0 0
[9214] = 0 0
[9215] = 0 0
[9216] = 0 0
[9217] = 0 0
[9218] = 0 0
[9219] = 0 0
[9220] = 0 0
[9221] = 0 0
[9222] = 0 0
[9223] = 0 0
[9224] = 0 0
[9225] = 0 0
[9226] = 0 0
[9227] = 0 0
[9228] = 0 0
[9229] = 0 0
[9230] = 0 0
[9231] = 0 0
[9232] = 0 0
[9233] = 0 0
[9234] = 0 0
[9235] = 0 0
[9236] = 0 0
[9237] = 0 0
[9238] = 0 0
[9239] = 0 0
[9240] = 0 0
[9241] = 0 0
[9242] = 0 0
[9243] = 0 0
[9244] = 0 0
[9245] = 0 0
[9246] = 0 0
[9247] = 0 0
[9248] = 0 0
[9249] = 0 0
[9250] = 0 0
[9251] = 0 0
[9252] = 0 0
[9253] = 0 0
[9254] = 0 0
[9255] = 0 0
[9256] = 0 0
[9257] = 0 0
[9258] = 0 0
[9259] = 0 0
[9260] = 0 0
[9261] = 0 0
[9262] = 0 0
[9263] = 0 0
[9264] = 0 0
[9265] = 0 0
[9266] = 0 0
[9267] = 0 0
[9268] = 0 0
[9269] = 0 0
[9270] = 0 0
[9271] = 0 0
[9272] = 0 0
[9273] = 0 0
[9274] = 0 0
[9275] = 0 0
[9276] = 0 0
[9277] = 0 0
[9278] = 0 0
[9279] = 0 0
[9280] = 0 0
[9281] = 0 0
[9282] = 0 0
[9283] = 0 0
[9284] = 0 0
[9285] = 0 0
[9286] = 0 0
[9287] = 0 0
[9288] = 0 0
[9289] = 0 0
[9290] = 0 0
[9291] = 0 0
[9292] = 0 0
[9293] = 0 0
[9294] = 0 0
[9295] = 0 0
[9296] = 0 0
[9297] = 0 0
[9298] = 0 0
[9299] = 0 0
[9300] = 0 0
[9301] = 0 0
[9302] = 0 0
[9303] = 0 0
[9304] = 0 0
[9305] = 0 0
[9306] = 0 0
[9307] = 0 0
[9308] = 0 0
[9309] = 0 0
[9310] = 0 0
[9311] = 0 0
[9312] = 0 0
[9313] = 0 0
[9314] = 0 0
[9315] = 0 0
[9316] = 0 0
[9317] = 0 0
[9318] = 0 0
[9319] = 0 0
[9320] = 0 0
[9321] = 0 0
[9322] = 0 0
[9323] = 0 0
[9324] = 0 0
[9325] = 0 0
[9326] = 0 0
[9327] = 0 0
[9328] = 0 0
[9329] = 0 0
[9330] = 0 0
[9331] = 0 0
[9332] = 0 0
[9333] = 0 0
[9334] = 0 0
[9335] = 0 0
[9336] = 0 0
[9337] = 0 0
[9338] = 0 0
[9339] = 0 0
[9340] = 0 0
[9341] = 0 0
[9342] = 0 0
[9343] = 0 0
[9344] = 0 0
[9345] = 0 0
[9346] = 0 0
[9347] = 0 0
[9348] = 0 0
[9349] = 0 0
[9350] = 0 0
[9351] = 0 0
[9352] = 0 0
[9353] = 0 0
[9354] = 0 0
[9355] = 0 0
[9356] = 0 0
[9357] = 0 0
[9358] = 0 0
[9359] = 0 0
[9360] = 0 0
[9361] = 0 0
[9362] = 0 0
[9363] = 0 0
[9364] = 0 0
[9365] = 0 0
[9366] = 0 0
[9367] = 0 0
[9368] = 0 0
[9369] = 0 0
[9370] = 0 0
[9371] = 0 0
[9372] = 0 0
[9373] = 0 0
[9374] = 0 0
[9375] = 0 0
[9376] = 0 0
[9377] = 0 0
[9378] = 0 0
[9379] = 0 0
[9380] = 0 0
[9381] = 0 0
[9382] = 0 0
[9383] = 0 0
[9384] = 0 0
[9385] = 0 0
[9386] = 0 0
[9387] = 0 0
[9388] = 0 0
[9389] = 0 0
[9390] = 0 0
[9391] = 0 0
[9392] = 0 0
[9393] = 0 0
[9394] = 0 0
[9395] = 0 0
[9396] = 0 0
[9397] = 0 0
[9398] = 0 0
[9399] = 0 0
[9400] = 0 0
[9401] = 0 0
[9402] = 0 0
[9403] = 0 0
[9404] = 0 0
[9405] = 0 0
[9406] = 0 0
[9407] = 0 0
[9408] = 0 0
[9409] = 0 0
[9410] = 0 0
[9411] = 0 0
[9412] = 0 0
[9413] = 0 0
[9414] = 0 0
[9415] = 0 0
[9416] = 0 0
[9417] = 0 0
[9418] = 0 0
[9419] = 0 0
[9420] = 0 0
[9421] = 0 0
[9422] = 0 0
[9423] = 0 0
[9424] = 0 0
[9425] = 0 0
[9426] = 0 0
[9427] = 0 0
[9428] = 0 0
[9429] = 0 0
[9430] = 0 0
[9431] = 0 0
[9432] = 0 0
[9433] = 0 0
[9434] = 0 0
[9435] = 0 0
[9436] = 0 0
[9437] = 0 0
[9438] = 0 0
[9439] = 0 0
[9440] = 0 0
[9441] = 0 0
[9442] = 0 0
[9443] = 0 0
[9444] = 0 0
[9445] = 0 0
[9446] = 0 0
[9447] = 0 0
[9448] = 0 0
[9449] = 0 0
[9450] = 0 0
[9451] = 0 0
[9452] = 0 0
[9453] = 0 0
[9454] = 0 0
[9455] = 0 0
[9456] = 0 0
[9457] = 0 0
[9458] = 0 0
[9459] = 0 0
[9460] = 0 0
[9461] = 0 0
[9462] = 0 0
[9463] = 0 0
[9464] = 0 0
[9465] = 0 0
[9466] = 0 0
[9467] = 0 0
[9468] = 0 0
[9469] = 0 0
[9470] = 0 0
[9471] = 0 0
[9472] = 0 0
[9473] = 0 0
[9474] = 0 0
[9475] = 0 0
[9476] = 0 0
[9477] = 0 0
[9478] = 0 0
[9479] = 0 0
[9480] = 0 0
[9481] = 0 0
[9482] = 0 0
[9483] = 0 0
[9484] = 0 0
[9485] = 0 0
[9486] = 0 0
[9487] = 0 0
[9488] = 0 0
[9489] = 0 0
[9490] = 0 0
[9491] = 0 0
[9492] = 0 0
[9493] = 0 0
[9494] = 0 0
[9495] = 0 0
[9496] = 0 0
[9497] = 0 0
[9498] = 0 0
[9499] = 0 0
[9500] = 0 0
[9501] = 0 0
[9502] = 0 0
[9503] = 0 0
[9504] = 0 0
[9505] = 0 0
[9506] = 0 0
[9507] = 0 0
[9508] = 0 0
[9509] = 0 0
[9510] = 0 0
[9511] = 0 0
[9512] = 0 0
[9513] = 0 0
[9514] = 0 0
[9515] = 0 0
[9516] = 0 0
[9517] = 0 0
[9518] = 0 0
[9519] = 0 0
[9520] = 0 0
[9521] = 0 0
[9522] = 0 0
[9523] = 0 0
[9524] = 0 0
[9525] = 0 0
[9526] = 0 0
[9527] = 0 0
[9528] = 0 0
[9529] = 0 0
[9530] = 0 0
[9531] = 0 0
[9532] = 0 0
[9533] = 0 0
[9534] = 0 0
[9535] = 0 0
[9536] = 0 0
[9537] = 0 0
[9538] = 0 0
[9539] = 0 0
[9540] = 0 0
[9541] = 0 0
[9542] = 0 0
[9543] = 0 0
[9544] = 0 0
[9545] = 0 0
[9546] = 0 0
[9547] = 0 0
[9548] = 0 0
[9549] = 0 0
[9550] = 0 0
[9551] = 0 0
[9552] = 0 0
[9553] = 0 0
[9554] = 0 0
[9555] = 0 0
[9556] = 0 0
[9557] = 0 0
[9558] = 0 0
[9559] = 0 0
[9560] = 0 0
[9561] = 0 0
[9562] = 0 0
[9563] = 0 0
[9564] = 0 0
[9565] = 0 0
[9566] = 0 0
[9567] = 0 0
[9568] = 0 0
[9569] = 0 0
[9570] = 0 0
[9571] = 0 0
[9572] = 0 0
[9573] = 0 0
[9574] = 0 0
[9575] = 0 0
[9576] = 0 0
[9577] = 0 0
[9578] = 0 0
[9579] = 0 0
[9580] = 0 0
[9581] = 0 0
[9582] = 0 0
[9583] = 0 0
[9584] = 0 0
[9585] = 0 0
[9586] = 0 0
[9587] = 0 0
[9588] = 0 0
[9589] = 0 0
[9590] = 0 0
[9591] = 0 0
[9592] = 0 0
[9593] = 0 0
[9594] = 0 0
[9595] = 0 0
[9596] = 0 0
[9597] = 0 0
[9598] = 0 0
[9599] = 0 0
[9600] = 0 0
[9601] = 0 0
[9602] = 0 0
[9603] = 0 0
[9604] = 0 0
[9605] = 0 0
[9606] = 0 0
[9607] = 0 0
[9608] = 0 0
[9609] = 0 0
[9610] = 0 0
[9611] = 0 0
[9612] = 0 0
[9613] = 0 0
[9614] = 0 0
[9615] = 0 0
[9616] = 0 0
[9617] = 0 0
[9618] = 0 0
[9619] = 0 0
[9620] = 0 0
[9621] = 0 0
[9622] = 0 0
[9623] = 0 0
[9624] = 0 0
[9625] = 0 0
[9626] = 0 0
[9627] = 0 0
[9628] = 0 0
[9629] = 0 0
[9630] = 0 0
[9631] = 0 0
[9632] = 0 0
[9633] = 0 0
[9634] = 0 0
[9635] = 0 0
[9636] = 0 0
[9637] = 0 0
[9638] = 0 0
[9639] = 0 0
[9640] = 0 0
[9641] = 0 0
[9642] = 0 0
[9643] = 0 0
[9644] = 0 0
[9645] = 0 0
[9646] = 0 0
[9647] = 0 0
[9648] = 0 0
[9649] = 0 0
[9650] = 0 0
[9651] = 0 0
[9652] = 0 0
[9653] = 0 0
[9654] = 0 0
[9655] = 0 0
[9656] = 0 0
[9657] = 0 0
[9658] = 0 0
[9659] = 0 0
[9660] = 0 0
[9661] = 0 0
[9662] = 0 0
[9663] = 0 0
[9664] = 0 0
[9665] = 0 0
[9666] = 0 0
[9667] = 0 0
[9668] = 0 0
[9669] = 0 0
[9670] = 0 0
[9671] = 0 0
[9672] = 0 0
[9673] = 0 0
[9674] = 0 0
[9675] = 0 0
[9676] = 0 0
[9677] = 0 0
[9678] = 0 0
[9679] = 0 0
[9680] = 0 0
[9681] = 0 0
[9682] = 0 0
[9683] = 0 0
[9684] = 0 0
[9685] = 0 0
[9686] = 0 0
[9687] = 0 0
[9688] = 0 0
[9689] = 0 0
[9690] = 0 0
[9691] = 0 0
[9692] = 0 0
[9693] = 0 0
[9694] = 0 0
[9695] = 0 0
[9696] = 0 0
[9697] = 0 0
[9698] = 0 0
[9699] = 0 0
[9700] = 0 0
[9701] = 0 0
[9702] = 0 0
[9703] = 0 0
[9704] = 0 0
[9705] = 0 0
[9706] = 0 0
[9707] = 0 0
[9708] = 0 0
[9709] = 0 0
[9710] = 0 0
[9711] = 0 0
[9712] = 0 0
[9713] = 0 0
[9714] = 0 0
[9715] = 0 0
[9716] = 0 0
[9717] = 0 0
[9718] = 0 0
[9719] = 0 0
[9720] = 0 0
[9721] = 0 0
[9722] = 0 0
[9723] = 0 0
[9724] = 0 0
[9725] = 0 0
[9726] = 0 0
[9727] = 0 0
[9728] = 0 0
[9729] = 0 0
[9730] = 0 0
[9731] = 0 0
[9732] = 0 0
[9733] = 0 0
[9734] = 0 0
[9735] = 0 0
[9736] = 0 0
[9737] = 0 0
[9738] = 0 0
[9739] = 0 0
[9740] = 0 0
[9741] = 0 0
[9742] = 0 0
[9743] = 0 0
[9744] = 0 0
[9745] = 0 0
[9746] = 0 0
[9747] = 0 0
[9748] = 0 0
[9749] = 0 0
[9750] = 0 0
[9751] = 0 0
[9752] = 0 0
[9753] = 0 0
[9754] = 0 0
[9755] = 0 0
[9756] = 0 0
[9757] = 0 0
[9758] = 0 0
[9759] = 0 0
[9760] = 0 0
[9761] = 0 0
[9762] = 0 0
[9763] = 0 0
[9764] = 0 0
[9765] = 0 0
[9766] = 0 0
[9767] = 0 0
[9768] = 0 0
[9769] = 0 0
[9770] = 0 0
[9771] = 0 0
[9772] = 0 0
[9773] = 0 0
[9774] = 0 0
[9775] = 0 0
[9776] = 0 0
[9777] = 0 0
[9778] = 0 0
[9779] = 0 0
[9780] = 0 0
[9781] = 0 0
[9782] = 0 0
[9783] = 0 0
[9784] = 0 0
[9785] = 0 0
[9786] = 0 0
[9787] = 0 0
[9788] = 0 0
[9789] = 0 0
[9790] = 0 0
[9791] = 0 0
[9792] = 0 0
[9793] = 0 0
[9794] = 0 0
[9795] = 0 0
[9796] = 0 0
[9797] = 0 0
[9798] = 0 0
[9799] = 0 0
[9800] = 0 0
[9801] = 0 0
[9802] = 0 0
[9803] = 0 0
[9804] = 0 0
[9805] = 0 0
[9806] = 0 0
[9807] = 0 0
[9808] = 0 0
[9809] = 0 0
[9810] = 0 0
[9811] = 0 0
[9812] = 0 0
[9813] = 0 0
[9814] = 0 0
[9815] = 0 0
[9816] = 0 0
[9817] = 0 0
[9818] = 0 0
[9819] = 0 0
[9820] = 0 0
[9821] = 0 0
[9822] = 0 0
[9823] = 0 0
[9824] = 0 0
[9825] = 0 0
[9826] = 0 0
[9827] = 0 0
[9828] = 0 0
[9829] = 0 0
[9830] = 0 0
[9831] = 0 0
[9832] = 0 0
[9833] = 0 0
[9834] = 0 0
[9835] = 0 0
[9836] = 0 0
[9837] = 0 0
[9838] = 0 0
[9839] = 0 0
[9840] = 0 0
[9841] = 0 0
[9842] = 0 0
[9843] = 0 0
[9844] = 0 0
[9845] = 0 0
[9846] = 0 0
[9847] = 0 0
[9848] = 0 0
[9849] = 0 0
[9850] = 0 0
[9851] = 0 0
[9852] = 0 0
[9853] = 0 0
[9854] = 0 0
[9855] = 0 0
[9856] = 0 0
[9857] = 0 0
[9858] = 0 0
[9859] = 0 0
[9860] = 0 0
[9861] = 0 0
[9862] = 0 0
[9863] = 0 0
[9864] = 0 0
[9865] = 0 0
[9866] = 0 0
[9867] = 0 0
[9868] = 0 0
[9869] = 0 0
[9870] = 0 0
[9871] = 0 0
[9872] = 0 0
[9873] = 0 0
[9874] = 0 0
[9875] = 0 0
[9876] = 0 0
[9877] = 0 0
[9878] = 0 0
[9879] = 0 0
[9880] = 0 0
[9881] = 0 0
[9882] = 0 0
[9883] = 0 0
[9884] = 0 0
[9885] = 0 0
[9886] = 0 0
[9887] = 0 0
[9888] = 0 0
[9889] = 0 0
[9890] = 0 0
[9891] = 0 0
[9892] = 0 0
[9893] = 0 0
[9894] = 0 0
[9895] = 0 0
[9896] = 0 0
[9897] = 0 0
[9898] = 0 0
[9899] = 0 0
[9900] = 0 0
[9901] = 0 0
[9902] = 0 0
[9903] = 0 0
[9904] = 0 0
[9905] = 0 0
[9906] = 0 0
[9907] = 0 0
[9908] = 0 0
[9909] = 0 0
[9910] = 0 0
[9911] = 0 0
[9912] = 0 0
[9913] = 0 0
[9914] = 0 0
[9915] = 0 0
[9916] = 0 0
[9917] = 0 0
[9918] = 0 0
[9919] = 0 0
[9920] = 0 0
[9921] = 0 0
[9922] = 0 0
[9923] = 0 0
[9924] = 0 0
[9925] = 0 0
[9926] = 0 0
[9927] = 0 0
[9928] = 0 0
[9929] = 0 0
[9930] = 0 0
[9931] = 0 0
[9932] = 0 0
[9933] = 0 0
[9934] = 0 0
[9935] = 0 0
[9936] = 0 0
[9937] = 0 0
[9938] = 0 0
[9939] = 0 0
[9940] = 0 0
[9941] = 0 0
[9942] = 0 0
[9943] = 0 0
[9944] = 0 0
[9945] = 0 0
[9946] = 0 0
[9947] = 0 0
[9948] = 0 0
[9949] = 0 0
[9950] = 0 0
[9951] = 0 0
[9952] = 0 0
[9953] = 0 0
[9954] = 0 0
[9955] = 0 0
[9956] = 0 0
[9957] = 0 0
[9958] = 0 0
[9959] = 0 0
[9960] = 0 0
[9961] = 0 0
[9962] = 0 0
[9963] = 0 0
[9964] = 0 0
[9965] = 0 0
[9966] = 0 0
[9967] = 0 0
[9968] = 0 0
[9969] = 0 0
[9970] = 0 0
[9971] = 0 0
[9972] = 0 0
[9973] = 0 0
[9974] = 0 0
[9975] = 0 0
[9976] = 0 0
[9977] = 0 0
[9978] = 0 0
[9979] = 0 0
[9980] = 0 0
[9981] = 0 0
[9982] = 0 0
[9983] = 0 0
[9984] = 0 0
[9985] = 0 0
[9986] = 0 0
[9987] = 0 0
[9988] = 0 0
[9989] = 0 0
[9990] = 0 0
[9991] = 0 0
[9992] = 0 0
[9993] = 0 0
[9994] = 0 0
[9995] = 0 0
[9996] = 0 0
[9997] = 0 0
[9998] = 0 0
[9999] = 0 0
[10000] = 0 0
[10001] = 0 0
[10002] = 0 0
[10003] = 0 0
[10004] = 0 0
[10005] = 0 0
[10006] = 0 0
[10007] = 0 0
[10008] = 0 0
[10009] = 0 0
[10010] = 0 0
[10011] = 0 0
[10012] = 0 0
[10013] = 0 0
[10014] = 0 0
[10015] = 0 0
[10016] = 0 0
[10017] = 0 0
[10018] = 0 0
[10019] = 0 0
[10020] = 0 0
[10021] = 0 0
[10022] = 0 0
[10023] = 0 0
[10024] = 0 0
[10025] = 0 0
[10026] = 0 0
[10027] = 0 0
[10028] = 0 0
[10029] = 0 0
[10030] = 0 0
[10031] = 0 0
[10032] = 0 0
[10033] = 0 0
[10034] = 0 0
[10035] = 0 0
[10036] = 0 0
[10037] = 0 0
[10038] = 0 0
[10039] = 0 0
[10040] = 0 0
[10041] = 0 0
[10042] = 0 0
[10043] = 0 0
[10044] = 0 0
[10045] = 0 0
[10046] = 0 0
[10047] = 0 0
[10048] = 0 0
[10049] = 0 0
[10050] = 0 0
[10051] = 0 0
[10052] = 0 0
[10053] = 0 0
[10054] = 0 0
[10055] = 0 0
[10056] = 0 0
[10057] = 0 0
[10058] = 0 0
[10059] = 0 0
[10060] = 0 0
[10061] = 0 0
[10062] = 0 0
[10063] = 0 0
[10064] = 0 0
[10065] = 0 0
[10066] = 0 0
[10067] = 0 0
[10068] = 0 0
[10069] = 0 0
[10070] = 0 0
[10071] = 0 0
[10072] = 0 0
[10073] = 0 0
[10074] = 0 0
[10075] = 0 0
[10076] = 0 0
[10077] = 0 0
[10078] = 0 0
[10079] = 0 0
[10080] = 0 0
[10081] = 0 0
[10082] = 0 0
[10083] = 0 0
[10084] = 0 0
[10085] = 0 0
[10086] = 0 0
[10087] = 0 0
[10088] = 0 0
[10089] = 0 0
[10090] = 0 0
[10091] = 0 0
[10092] = 0 0
[10093] = 0 0
[10094] = 0 0
[10095] = 0 0
[10096] = 0 0
[10097] = 0 0
[10098] = 0 0
[10099] = 0 0
[10100] = 0 0
[10101] = 0 0
[10102] = 0 0
[10103] = 0 0
[10104] = 0 0
[10105] = 0 0
[10106] = 0 0
[10107] = 0 0
[10108] = 0 0
[10109] = 0 0
[10110] = 0 0
[10111] = 0 0
[10112] = 0 0
[10113] = 0 0
[10114] = 0 0
[10115] = 0 0
[10116] = 0 0
[10117] = 0 0
[10118] = 0 0
[10119] = 0 0
[10120] = 0 0
[10121] = 0 0
[10122] = 0 0
[10123] = 0 0
[10124] = 0 0
[10125] = 0 0
[10126] = 0 0
[10127] = 0 0
[10128] = 0 0
[10129] = 0 0
[10130] = 0 0
[10131] = 0 0
[10132] = 0 0
[10133] = 0 0
[10134] = 0 0
[10135] = 0 0
[10136] = 0 0
[10137] = 0 0
[10138] = 0 0
[10139] = 0 0
[10140] = 0 0
[10141] = 0 0
[10142] = 0 0
[10143] = 0 0
[10144] = 0 0
[10145] = 0 0
[10146] = 0 0
[10147] = 0 0
[10148] = 0 0
[10149] = 0 0
[10150] = 0 0
[10151] = 0 0
[10152] = 0 0
[10153] = 0 0
[10154] = 0 0
[10155] = 0 0
[10156] = 0 0
[10157] = 0 0
[10158] = 0 0
[10159] = 0 0
[10160] = 0 0
[10161] = 0 0
[10162] = 0 0
[10163] = 0 0
[10164] = 0 0
[10165] = 0 0
[10166] = 0 0
[10167] = 0 0
[10168] = 0 0
[10169] = 0 0
[10170] = 0 0
[10171] = 0 0
[10172] = 0 0
[10173] = 0 0
[10174] = 0 0
[10175] = 0 0
[10176] = 0 0
[10177] = 0 0
[10178] = 0 0
[10179] = 0 0
[10180] = 0 0
[10181] = 0 0
[10182] = 0 0
[10183] = 0 0
[10184] = 0 0
[10185] = 0 0
[10186] = 0 0
[10187] = 0 0
[10188] = 0 0
[10189] = 0 0
[10190] = 0 0
[10191] = 0 0
[10192] = 0 0
[10193] = 0 0
[10194] = 0 0
[10195] = 0 0
[10196] = 0 0
[10197] = 0 0
[10198] = 0 0
[10199] = 0 0
[10200] = 0 0
[10201] = 0 0
[10202] = 0 0
[10203] = 0 0
[10204] = 0 0
[10205] = 0 0
[10206] = 0 0
[10207] = 0 0
[10208] = 0 0
[10209] = 0 0
[10210] = 0 0
[10211] = 0 0
[10212] = 0 0
[10213] = 0 0
[10214] = 0 0
[10215] = 0 0
[10216] = 0 0
[10217] = 0 0
[10218] = 0 0
[10219] = 0 0
[10220] = 0 0
[10221] = 0 0
[10222] = 0 0
[10223] = 0 0
[10224] = 0 0
[10225] = 0 0
[10226] = 0 0
[10227] = 0 0
[10228] = 0 0
[10229] = 0 0
[10230] = 0 0
[10231] = 0 0
[10232] = 0 0
[10233] = 0 0
[10234] = 0 0
[10235] = 0 0
[10236] = 0 0
[10237] = 0 0
[10238] = 0 0
[10239] = 0 0
[10240] = 0 0
[10241] = 0 0
[10242] = 0 0
[10243] = 0 0
[10244] = 0 0
[10245] = 0 0
[10246] = 0 0
[10247] = 0 0
[10248] = 0 0
[10249] = 0 0
[10250] = 0 0
[10251] = 0 0
[10252] = 0 0
[10253] = 0 0
[10254] = 0 0
[10255] = 0 0
[10256] = 0 0
[10257] = 0 0
[10258] = 0 0
[10259] = 0 0
[10260] = 0 0
[10261] = 0 0
[10262] = 0 0
[10263] = 0 0
[10264] = 0 0
[10265] = 0 0
[10266] = 0 0
[10267] = 0 0
[10268] = 0 0
[10269] = 0 0
[10270] = 0 0
[10271] = 0 0
[10272] = 0 0
[10273] = 0 0
[10274] = 0 0
[10275] = 0 0
[10276] = 0 0
[10277] = 0 0
[10278] = 0 0
[10279] = 0 0
[10280] = 0 0
[10281] = 0 0
[10282] = 0 0
[10283] = 0 0
[10284] = 0 0
[10285] = 0 0
[10286] = 0 0
[10287] = 0 0
[10288] = 0 0
[10289] = 0 0
[10290] = 0 0
[10291] = 0 0
[10292] = 0 0
[10293] = 0 0
[10294] = 0 0
[10295] = 0 0
[10296] = 0 0
[10297] = 0 0
[10298] = 0 0
[10299] = 0 0
[10300] = 0 0
[10301] = 0 0
[10302] = 0 0
[10303] = 0 0
[10304] = 0 0
[10305] = 0 0
[10306] = 0 0
[10307] = 0 0
[10308] = 0 0
[10309] = 0 0
[10310] = 0 0
[10311] = 0 0
[10312] = 0 0
[10313] = 0 0
[10314] = 0 0
[10315] = 0 0
[10316] = 0 0
[10317] = 0 0
[10318] = 0 0
[10319] = 0 0
[10320] = 0 0
[10321] = 0 0
[10322] = 0 0
[10323] = 0 0
[10324] = 0 0
[10325] = 0 0
[10326] = 0 0
[10327] = 0 0
[10328] = 0 0
[10329] = 0 0
[10330] = 0 0
[10331] = 0 0
[10332] = 0 0
[10333] = 0 0
[10334] = 0 0
[10335] = 0 0
[10336] = 0 0
[10337] = 0 0
[10338] = 0 0
[10339] = 0 0
[10340] = 0 0
[10341] = 0 0
[10342] = 0 0
[10343] = 0 0
[10344] = 0 0
[10345] = 0 0
[10346] = 0 0
[10347] = 0 0
[10348] = 0 0
[10349] = 0 0
[10350] = 0 0
[10351] = 0 0
[10352] = 0 0
[10353] = 0 0
[10354] = 0 0
[10355] = 0 0
[10356] = 0 0
[10357] = 0 0
[10358] = 0 0
[10359] = 0 0
[10360] = 0 0
[10361] = 0 0
[10362] = 0 0
[10363] = 0 0
[10364] = 0 0
[10365] = 0 0
[10366] = 0 0
[10367] = 0 0
[10368] = 0 0
[10369] = 0 0
[10370] = 0 0
[10371] = 0 0
[10372] = 0 0
[10373] = 0 0
[10374] = 0 0
[10375] = 0 0
[10376] = 0 0
[10377] = 0 0
[10378] = 0 0
[10379] = 0 0
[10380] = 0 0
[10381] = 0 0
[10382] = 0 0
[10383] = 0 0
[10384] = 0 0
[10385] = 0 0
[10386] = 0 0
[10387] = 0 0
[10388] = 0 0
[10389] = 0 0
[10390] = 0 0
[10391] = 0 0
[10392] = 0 0
[10393] = 0 0
[10394] = 0 0
[10395] = 0 0
[10396] = 0 0
[10397] = 0 0
[10398] = 0 0
[10399] = 0 0
[10400] = 0 0
[10401] = 0 0
[10402] = 0 0
[10403] = 0 0
[10404] = 0 0
[10405] = 0 0
[10406] = 0 0
[10407] = 0 0
[10408] = 0 0
[10409] = 0 0
[10410] = 0 0
[10411] = 0 0
[10412] = 0 0
[10413] = 0 0
[10414] = 0 0
[10415] = 0 0
[10416] = 0 0
[10417] = 0 0
[10418] = 0 0
[10419] = 0 0
[10420] = 0 0
[10421] = 0 0
[10422] = 0 0
[10423] = 0 0
[10424] = 0 0
[10425] = 0 0
[10426] = 0 0
[10427] = 0 0
[10428] = 0 0
[10429] = 0 0
[10430] = 0 0
[10431] = 0 0
[10432] = 0 0
[10433] = 0 0
[10434] = 0 0
[10435] = 0 0
[10436] = 0 0
[10437] = 0 0
[10438] = 0 0
[10439] = 0 0
[10440] = 0 0
[10441] = 0 0
[10442] = 0 0
[10443] = 0 0
[10444] = 0 0
[10445] = 0 0
[10446] = 0 0
[10447] = 0 0
[10448] = 0 0
[10449] = 0 0
[10450] = 0 0
[10451] = 0 0
[10452] = 0 0
[10453] = 0 0
[10454] = 0 0
[10455] = 0 0
[10456] = 0 0
[10457] = 0 0
[10458] = 0 0
[10459] = 0 0
[10460] = 0 0
[10461] = 0 0
[10462] = 0 0
[10463] = 0 0
[10464] = 0 0
[10465] = 0 0
[10466] = 0 0
[10467] = 0 0
[10468] = 0 0
[10469] = 0 0
[10470] = 0 0
[10471] = 0 0
[10472] = 0 0
[10473] = 0 0
[10474] = 0 0
[10475] = 0 0
[10476] = 0 0
[10477] = 0 0
[10478] = 0 0
[10479] = 0 0
[10480] = 0 0
[10481] = 0 0
[10482] = 0 0
[10483] = 0 0
[10484] = 0 0
[10485] = 0 0
[10486] = 0 0
[10487] = 0 0
[10488] = 0 0
[10489] = 0 0
[10490] = 0 0
[10491] = 0 0
[10492] = 0 0
[10493] = 0 0
[10494] = 0 0
[10495] = 0 0
[10496] = 0 0
[10497] = 0 0
[10498] = 0 0
[10499] = 0 0
[10500] = 0 0
[10501] = 0 0
[10502] = 0 0
[10503] = 0 0
[10504] = 0 0
[10505] = 0 0
[10506] = 0 0
[10507] = 0 0
[10508] = 0 0
[10509] = 0 0
[10510] = 0 0
[10511] = 0 0
[10512] = 0 0
[10513] = 0 0
[10514] = 0 0
[10515] = 0 0
[10516] = 0 0
[10517] = 0 0
[10518] = 0 0
[10519] = 0 0
[10520] = 0 0
[10521] = 0 0
[10522] = 0 0
[10523] = 0 0
[10524] = 0 0
[10525] = 0 0
[10526] = 0 0
[10527] = 0 0
[10528] = 0 0
[10529] = 0 0
[10530] = 0 0
[10531] = 0 0
[10532] = 0 0
[10533] = 0 0
[10534] = 0 0
[10535] = 0 0
[10536] = 0 0
[10537] = 0 0
[10538] = 0 0
[10539] = 0 0
[10540] = 0 0
[10541] = 0 0
[10542] = 0 0
[10543] = 0 0
[10544] = 0 0
[10545] = 0 0
[10546] = 0 0
[10547] = 0 0
[10548] = 0 0
[10549] = 0 0
[10550] = 0 0
[10551] = 0 0
[10552] = 0 0
[10553] = 0 0
[10554] = 0 0
[10555] = 0 0
[10556] = 0 0
[10557] = 0 0
[10558] = 0 0
[10559] = 0 0
[10560] = 0 0
[10561] = 0 0
[10562] = 0 0
[10563] = 0 0
[10564] = 0 0
[10565] = 0 0
[10566] = 0 0
[10567] = 0 0
[10568] = 0 0
[10569] = 0 0
[10570] = 0 0
[10571] = 0 0
[10572] = 0 0
[10573] = 0 0
[10574] = 0 0
[10575] = 0 0
[10576] = 0 0
[10577] = 0 0
[10578] = 0 0
[10579] = 0 0
[10580] = 0 0
[10581] = 0 0
[10582] = 0 0
[10583] = 0 0
[10584] = 0 0
[10585] = 0 0
[10586] = 0 0
[10587] = 0 0
[10588] = 0 0
[10589] = 0 0
[10590] = 0 0
[10591] = 0 0
[10592] = 0 0
[10593] = 0 0
[10594] = 0 0
[10595] = 0 0
[10596] = 0 0
[10597] = 0 0
[10598] = 0 0
[10599] = 0 0
[10600] = 0 0
[10601] = 0 0
[10602] = 0 0
[10603] = 0 0
[10604] = 0 0
[10605] = 0 0
[10606] = 0 0
[10607] = 0 0
[10608] = 0 0
[10609] = 0 0
[10610] = 0 0
[10611] = 0 0
[10612] = 0 0
[10613] = 0 0
[10614] = 0 0
[10615] = 0 0
[10616] = 0 0
[10617] = 0 0
[10618] = 0 0
[10619] = 0 0
[10620] = 0 0
[10621] = 0 0
[10622] = 0 0
[10623] = 0 0
[10624] = 0 0
[10625] = 0 0
[10626] = 0 0
[10627] = 0 0
[10628] = 0 0
[10629] = 0 0
[10630] = 0 0
[10631] = 0 0
[10632] = 0 0
[10633] = 0 0
[10634] = 0 0
[10635] = 0 0
[10636] = 0 0
[10637] = 0 0
[10638] = 0 0
[10639] = 0 0
[10640] = 0 0
[10641] = 0 0
[10642] = 0 0
[10643] = 0 0
[10644] = 0 0
[10645] = 0 0
[10646] = 0 0
[10647] = 0 0
[10648] = 0 0
[10649] = 0 0
[10650] = 0 0
[10651] = 0 0
[10652] = 0 0
[10653] = 0 0
[10654] = 0 0
[10655] = 0 0
[10656] = 0 0
[10657] = 0 0
[10658] = 0 0
[10659] = 0 0
[10660] = 0 0
[10661] = 0 0
[10662] = 0 0
[10663] = 0 0
[10664] = 0 0
[10665] = 0 0
[10666] = 0 0
[10667] = 0 0
[10668] = 0 0
[10669] = 0 0
[10670] = 0 0
[10671] = 0 0
[10672] = 0 0
[10673] = 0 0
[10674] = 0 0
[10675] = 0 0
[10676] = 0 0
[10677] = 0 0
[10678] = 0 0
[10679] = 0 0
[10680] = 0 0
[10681] = 0 0
[10682] = 0 0
[10683] = 0 0
[10684] = 0 0
[10685] = 0 0
[10686] = 0 0
[10687] = 0 0
[10688] = 0 0
[10689] = 0 0
[10690] = 0 0
[10691] = 0 0
[10692] = 0 0
[10693] = 0 0
[10694] = 0 0
[10695] = 0 0
[10696] = 0 0
[10697] = 0 0
[10698] = 0 0
[10699] = 0 0
[10700] = 0 0
[10701] = 0 0
[10702] = 0 0
[10703] = 0 0
[10704] = 0 0
[10705] = 0 0
[10706] = 0 0
[10707] = 0 0
[10708] = 0 0
[10709] = 0 0
[10710] = 0 0
[10711] = 0 0
[10712] = 0 0
[10713] = 0 0
[10714] = 0 0
[10715] = 0 0
[10716] = 0 0
[10717] = 0 0
[10718] = 0 0
[10719] = 0 0
[10720] = 0 0
[10721] = 0 0
[10722] = 0 0
[10723] = 0 0
[10724] = 0 0
[10725] = 0 0
[10726] = 0 0
[10727] = 0 0
[10728] = 0 0
[10729] = 0 0
[10730] = 0 0
[10731] = 0 0
[10732] = 0 0
[10733] = 0 0
[10734] = 0 0
[10735] = 0 0
[10736] = 0 0
[10737] = 0 0
[10738] = 0 0
[10739] = 0 0
[10740] = 0 0
[10741] = 0 0
[10742] = 0 0
[10743] = 0 0
[10744] = 0 0
[10745] = 0 0
[10746] = 0 0
[10747] = 0 0
[10748] = 0 0
[10749] = 0 0
[10750] = 0 0
[10751] = 0 0
[10752] = 0 0
[10753] = 0 0
[10754] = 0 0
[10755] = 0 0
[10756] = 0 0
[10757] = 0 0
[10758] = 0 0
[10759] = 0 0
[10760] = 0 0
[10761] = 0 0
[10762] = 0 0
[10763] = 0 0
[10764] = 0 0
[10765] = 0 0
[10766] = 0 0
[10767] = 0 0
[10768] = 0 0
[10769] = 0 0
[10770] = 0 0
[10771] = 0 0
[10772] = 0 0
[10773] = 0 0
[10774] = 0 0
[10775] = 0 0
[10776] = 0 0
[10777] = 0 0
[10778] = 0 0
[10779] = 0 0
[10780] = 0 0
[10781] = 0 0
[10782] = 0 0
[10783] = 0 0
[10784] = 0 0
[10785] = 0 0
[10786] = 0 0
[10787] = 0 0
[10788] = 0 0
[10789] = 0 0
[10790] = 0 0
[10791] = 0 0
[10792] = 0 0
[10793] = 0 0
[10794] = 0 0
[10795] = 0 0
[10796] = 0 0
[10797] = 0 0
[10798] = 0 0
[10799] = 0 0
[10800] = 0 0
[10801] = 0 0
[10802] = 0 0
[10803] = 0 0
[10804] = 0 0
[10805] = 0 0
[10806] = 0 0
[10807] = 0 0
[10808] = 0 0
[10809] = 0 0
[10810] = 0 0
[10811] = 0 0
[10812] = 0 0
[10813] = 0 0
[10814] = 0 0
[10815] = 0 0
[10816] = 0 0
[10817] = 0 0
[10818] = 0 0
[10819] = 0 0
[10820] = 0 0
[10821] = 0 0
[10822] = 0 0
[10823] = 0 0
[10824] = 0 0
[10825] = 0 0
[10826] = 0 0
[10827] = 0 0
[10828] = 0 0
[10829] = 0 0
[10830] = 0 0
[10831] = 0 0
[10832] = 0 0
[10833] = 0 0
[10834] = 0 0
[10835] = 0 0
[10836] = 0 0
[10837] = 0 0
[10838] = 0 0
[10839] = 0 0
[10840] = 0 0
[10841] = 0 0
[10842] = 0 0
[10843] = 0 0
[10844] = 0 0
[10845] = 0 0
[10846] = 0 0
[10847] = 0 0
[10848] = 0 0
[10849] = 0 0
[10850] = 0 0
[10851] = 0 0
[10852] = 0 0
[10853] = 0 0
[10854] = 0 0
[10855] = 0 0
[10856] = 0 0
[10857] = 0 0
[10858] = 0 0
[10859] = 0 0
[10860] = 0 0
[10861] = 0 0
[10862] = 0 0
[10863] = 0 0
[10864] = 0 0
[10865] = 0 0
[10866] = 0 0
[10867] = 0 0
[10868] = 0 0
[10869] = 0 0
[10870] = 0 0
[10871] = 0 0
[10872] = 0 0
[10873] = 0 0
[10874] = 0 0
[10875] = 0 0
[10876] = 0 0
[10877] = 0 0
[10878] = 0 0
[10879] = 0 0
[10880] = 0 0
[10881] = 0 0
[10882] = 0 0
[10883] = 0 0
[10884] = 0 0
[10885] = 0 0
[10886] = 0 0
[10887] = 0 0
[10888] = 0 0
[10889] = 0 0
[10890] = 0 0
[10891] = 0 0
[10892] = 0 0
[10893] = 0 0
[10894] = 0 0
[10895] = 0 0
[10896] = 0 0
[10897] = 0 0
[10898] = 0 0
[10899] = 0 0
[10900] = 0 0
[10901] = 0 0
[10902] = 0 0
[10903] = 0 0
[10904] = 0 0
[10905] = 0 0
[10906] = 0 0
[10907] = 0 0
[10908] = 0 0
[10909] = 0 0
[10910] = 0 0
[10911] = 0 0
[10912] = 0 0
[10913] = 0 0
[10914] = 0 0
[10915] = 0 0
[10916] = 0 0
[10917] = 0 0
[10918] = 0 0
[10919] = 0 0
[10920] = 0 0
[10921] = 0 0
[10922] = 0 0
[10923] = 0 0
[10924] = 0 0
[10925] = 0 0
[10926] = 0 0
[10927] = 0 0
[10928] = 0 0
[10929] = 0 0
[10930] = 0 0
[10931] = 0 0
[10932] = 0 0
[10933] = 0 0
[10934] = 0 0
[10935] = 0 0
[10936] = 0 0
[10937] = 0 0
[10938] = 0 0
[10939] = 0 0
[10940] = 0 0
[10941] = 0 0
[10942] = 0 0
[10943] = 0 0
[10944] = 0 0
[10945] = 0 0
[10946] = 0 0
[10947] = 0 0
[10948] = 0 0
[10949] = 0 0
[10950] = 0 0
[10951] = 0 0
[10952] = 0 0
[10953] = 0 0
[10954] = 0 0
[10955] = 0 0
[10956] = 0 0
[10957] = 0 0
[10958] = 0 0
[10959] = 0 0
[10960] = 0 0
[10961] = 0 0
[10962] = 0 0
[10963] = 0 0
[10964] = 0 0
[10965] = 0 0
[10966] = 0 0
[10967] = 0 0
[10968] = 0 0
[10969] = 0 0
[10970] = 0 0
[10971] = 0 0
[10972] = 0 0
[10973] = 0 0
[10974] = 0 0
[10975] = 0 0
[10976] = 0 0
[10977] = 0 0
[10978] = 0 0
[10979] = 0 0
[10980] = 0 0
[10981] = 0 0
[10982] = 0 0
[10983] = 0 0
[10984] = 0 0
[10985] = 0 0
[10986] = 0 0
[10987] = 0 0
[10988] = 0 0
[10989] = 0 0
[10990] = 0 0
[10991] = 0 0
[10992] = 0 0
[10993] = 0 0
[10994] = 0 0
[10995] = 0 0
[10996] = 0 0
[10997] = 0 0
[10998] = 0 0
[10999] = 0 0
[11000] = 0 0
[11001] = 0 0
[11002] = 0 0
[11003] = 0 0
[11004] = 0 0
[11005] = 0 0
[11006] = 0 0
[11007] = 0 0
[11008] = 0 0
[11009] = 0 0
[11010] = 0 0
[11011] = 0 0
[11012] = 0 0
[11013] = 0 0
[11014] = 0 0
[11015] = 0 0
[11016] = 0 0
[11017] = 0 0
[11018] = 0 0
[11019] = 0 0
[11020] = 0 0
[11021] = 0 0
[11022] = 0 0
[11023] = 0 0
[11024] = 0 0
[11025] = 0 0
[11026] = 0 0
[11027] = 0 0
[11028] = 0 0
[11029] = 0 0
[11030] = 0 0
[11031] = 0 0
[11032] = 0 0
[11033] = 0 0
[11034] = 0 0
[11035] = 0 0
[11036] = 0 0
[11037] = 0 0
[11038] = 0 0
[11039] = 0 0
[11040] = 0 0
[11041] = 0 0
[11042] = 0 0
[11043] = 0 0
[11044] = 0 0
[11045] = 0 0
[11046] = 0 0
[11047] = 0 0
[11048] = 0 0
[11049] = 0 0
[11050] = 0 0
[11051] = 0 0
[11052] = 0 0
[11053] = 0 0
[11054] = 0 0
[11055] = 0 0
[11056] = 0 0
[11057] = 0 0
[11058] = 0 0
[11059] = 0 0
[11060] = 0 0
[11061] = 0 0
[11062] = 0 0
[11063] = 0 0
[11064] = 0 0
[11065] = 0 0
[11066] = 0 0
[11067] = 0 0
[11068] = 0 0
[11069] = 0 0
[11070] = 0 0
[11071] = 0 0
[11072] = 0 0
[11073] = 0 0
[11074] = 0 0
[11075] = 0 0
[11076] = 0 0
[11077] = 0 0
[11078] = 0 0
[11079] = 0 0
[11080] = 0 0
[11081] = 0 0
[11082] = 0 0
[11083] = 0 0
[11084] = 0 0
[11085] = 0 0
[11086] = 0 0
[11087] = 0 0
[11088] = 0 0
[11089] = 0 0
[11090] = 0 0
[11091] = 0 0
[11092] = 0 0
[11093] = 0 0
[11094] = 0 0
[11095] = 0 0
[11096] = 0 0
[11097] = 0 0
[11098] = 0 0
[11099] = 0 0
[11100] = 0 0
[11101] = 0 0
[11102] = 0 0
[11103] = 0 0
[11104] = 0 0
[11105] = 0 0
[11106] = 0 0
[11107] = 0 0
[11108] = 0 0
[11109] = 0 0
[11110] = 0 0
[11111] = 0 0
[11112] = 0 0
[11113] = 0 0
[11114] = 0 0
[11115] = 0 0
[11116] = 0 0
[11117] = 0 0
[11118] = 0 0
[11119] = 0 0
[11120] = 0 0
[11121] = 0 0
[11122] = 0 0
[11123] = 0 0
[11124] = 0 0
[11125] = 0 0
[11126] = 0 0
[11127] = 0 0
[11128] = 0 0
[11129] = 0 0
[11130] = 0 0
[11131] = 0 0
[11132] = 0 0
[11133] = 0 0
[11134] = 0 0
[11135] = 0 0
[11136] = 0 0
[11137] = 0 0
[11138] = 0 0
[11139] = 0 0
[11140] = 0 0
[11141] = 0 0
[11142] = 0 0
[11143] = 0 0
[11144] = 0 0
[11145] = 0 0
[11146] = 0 0
[11147] = 0 0
[11148] = 0 0
[11149] = 0 0
[11150] = 0 0
[11151] = 0 0
[11152] = 0 0
[11153] = 0 0
[11154] = 0 0
[11155] = 0 0
[11156] = 0 0
[11157] = 0 0
[11158] = 0 0
[11159] = 0 0
[11160] = 0 0
[11161] = 0 0
[11162] = 0 0
[11163] = 0 0
[11164] = 0 0
[11165] = 0 0
[11166] = 0 0
[11167] = 0 0
[11168] = 0 0
[11169] = 0 0
[11170] = 0 0
[11171] = 0 0
[11172] = 0 0
[11173] = 0 0
[11174] = 0 0
[11175] = 0 0
[11176] = 0 0
[11177] = 0 0
[11178] = 0 0
[11179] = 0 0
[11180] = 0 0
[11181] = 0 0
[11182] = 0 0
[11183] = 0 0
[11184] = 0 0
[11185] = 0 0
[11186] = 0 0
[11187] = 0 0
[11188] = 0 0
[11189] = 0 0
[11190] = 0 0
[11191] = 0 0
[11192] = 0 0
[11193] = 0 0
[11194] = 0 0
[11195] = 0 0
[11196] = 0 0
[11197] = 0 0
[11198] = 0 0
[11199] = 0 0
[11200] = 0 0
[11201] = 0 0
[11202] = 0 0
[11203] = 0 0
[11204] = 0 0
[11205] = 0 0
[11206] = 0 0
[11207] = 0 0
[11208] = 0 0
[11209] = 0 0
[11210] = 0 0
[11211] = 0 0
[11212] = 0 0
[11213] = 0 0
[11214] = 0 0
[11215] = 0 0
[11216] = 0 0
[11217] = 0 0
[11218] = 0 0
[11219] = 0 0
[11220] = 0 0
[11221] = 0 0
[11222] = 0 0
[11223] = 0 0
[11224] = 0 0
[11225] = 0 0
[11226] = 0 0
[11227] = 0 0
[11228] = 0 0
[11229] = 0 0
[11230] = 0 0
[11231] = 0 0
[11232] = 0 0
[11233] = 0 0
[11234] = 0 0
[11235] = 0 0
[11236] = 0 0
[11237] = 0 0
[11238] = 0 0
[11239] = 0 0
[11240] = 0 0
[11241] = 0 0
[11242] = 0 0
[11243] = 0 0
[11244] = 0 0
[11245] = 0 0
[11246] = 0 0
[11247] = 0 0
[11248] = 0 0
[11249] = 0 0
[11250] = 0 0
[11251] = 0 0
[11252] = 0 0
[11253] = 0 0
[11254] = 0 0
[11255] = 0 0
[11256] = 0 0
[11257] = 0 0
[11258] = 0 0
[11259] = 0 0
[11260] = 0 0
[11261] = 0 0
[11262] = 0 0
[11263] = 0 0
[11264] = 0 0
[11265] = 0 0
[11266] = 0 0
[11267] = 0 0
[11268] = 0 0
[11269] = 0 0
[11270] = 0 0
[11271] = 0 0
[11272] = 0 0
[11273] = 0 0
[11274] = 0 0
[11275] = 0 0
[11276] = 0 0
[11277] = 0 0
[11278] = 0 0
[11279] = 0 0
[11280] = 0 0
[11281] = 0 0
[11282] = 0 0
[11283] = 0 0
[11284] = 0 0
[11285] = 0 0
[11286] = 0 0
[11287] = 0 0
[11288] = 0 0
[11289] = 0 0
[11290] = 0 0
[11291] = 0 0
[11292] = 0 0
[11293] = 0 0
[11294] = 0 0
[11295] = 0 0
[11296] = 0 0
[11297] = 0 0
[11298] = 0 0
[11299] = 0 0
[11300] = 0 0
[11301] = 0 0
[11302] = 0 0
[11303] = 0 0
[11304] = 0 0
[11305] = 0 0
[11306] = 0 0
[11307] = 0 0
[11308] = 0 0
[11309] = 0 0
[11310] = 0 0
[11311] = 0 0
[11312] = 0 0
[11313] = 0 0
[11314] = 0 0
[11315] = 0 0
[11316] = 0 0
[11317] = 0 0
[11318] = 0 0
[11319] = 0 0
[11320] = 0 0
[11321] = 0 0
[11322] = 0 0
[11323] = 0 0
[11324] = 0 0
[11325] = 0 0
[11326] = 0 0
[11327] = 0 0
[11328] = 0 0
[11329] = 0 0
[11330] = 0 0
[11331] = 0 0
[11332] = 0 0
[11333] = 0 0
[11334] = 0 0
[11335] = 0 0
[11336] = 0 0
[11337] = 0 0
[11338] = 0 0
[11339] = 0 0
[11340] = 0 0
[11341] = 0 0
[11342] = 0 0
[11343] = 0 0
[11344] = 0 0
[11345] = 0 0
[11346] = 0 0
[11347] = 0 0
[11348] = 0 0
[11349] = 0 0
[11350] = 0 0
[11351] = 0 0
[11352] = 0 0
[11353] = 0 0
[11354] = 0 0
[11355] = 0 0
[11356] = 0 0
[11357] = 0 0
[11358] = 0 0
[11359] = 0 0
[11360] = 0 0
[11361] = 0 0
[11362] = 0 0
[11363] = 0 0
[11364] = 0 0
[11365] = 0 0
[11366] = 0 0
[11367] = 0 0
[11368] = 0 0
[11369] = 0 0
[11370] = 0 0
[11371] = 0 0
[11372] = 0 0
[11373] = 0 0
[11374] = 0 0
[11375] = 0 0
[11376] = 0 0
[11377] = 0 0
[11378] = 0 0
[11379] = 0 0
[11380] = 0 0
[11381] = 0 0
[11382] = 0 0
[11383] = 0 0
[11384] = 0 0
[11385] = 0 0
[11386] = 0 0
[11387] = 0 0
[11388] = 0 0
[11389] = 0 0
[11390] = 0 0
[11391] = 0 0
[11392] = 0 0
[11393] = 0 0
[11394] = 0 0
[11395] = 0 0
[11396] = 0 0
[11397] = 0 0
[11398] = 0 0
[11399] = 0 0
[11400] = 0 0
[11401] = 0 0
[11402] = 0 0
[11403] = 0 0
[11404] = 0 0
[11405] = 0 0
[11406] = 0 0
[11407] = 0 0
[11408] = 0 0
[11409] = 0 0
[11410] = 0 0
[11411] = 0 0
[11412] = 0 0
[11413] = 0 0
[11414] = 0 0
[11415] = 0 0
[11416] = 0 0
[11417] = 0 0
[11418] = 0 0
[11419] = 0 0
[11420] = 0 0
[11421] = 0 0
[11422] = 0 0
[11423] = 0 0
[11424] = 0 0
[11425] = 0 0
[11426] = 0 0
[11427] = 0 0
[11428] = 0 0
[11429] = 0 0
[11430] = 0 0
[11431] = 0 0
[11432] = 0 0
[11433] = 0 0
[11434] = 0 0
[11435] = 0 0
[11436] = 0 0
[11437] = 0 0
[11438] = 0 0
[11439] = 0 0
[11440] = 0 0
[11441] = 0 0
[11442] = 0 0
[11443] = 0 0
[11444] = 0 0
[11445] = 0 0
[11446] = 0 0
[11447] = 0 0
[11448] = 0 0
[11449] = 0 0
[11450] = 0 0
[11451] = 0 0
[11452] = 0 0
[11453] = 0 0
[11454] = 0 0
[11455] = 0 0
[11456] = 0 0
[11457] = 0 0
[11458] = 0 0
[11459] = 0 0
[11460] = 0 0
[11461] = 0 0
[11462] = 0 0
[11463] = 0 0
[11464] = 0 0
[11465] = 0 0
[11466] = 0 0
[11467] = 0 0
[11468] = 0 0
[11469] = 0 0
[11470] = 0 0
[11471] = 0 0
[11472] = 0 0
[11473] = 0 0
[11474] = 0 0
[11475] = 0 0
[11476] = 0 0
[11477] = 0 0
[11478] = 0 0
[11479] = 0 0
[11480] = 0 0
[11481] = 0 0
[11482] = 0 0
[11483] = 0 0
[11484] = 0 0
[11485] = 0 0
[11486] = 0 0
[11487] = 0 0
[11488] = 0 0
[11489] = 0 0
[11490] = 0 0
[11491] = 0 0
[11492] = 0 0
[11493] = 0 0
[11494] = 0 0
[11495] = 0 0
[11496] = 0 0
[11497] = 0 0
[11498] = 0 0
[11499] = 0 0
[11500] = 0 0
[11501] = 0 0
[11502] = 0 0
[11503] = 0 0
[11504] = 0 0
[11505] = 0 0
[11506] = 0 0
[11507] = 0 0
[11508] = 0 0
[11509] = 0 0
[11510] = 0 0
[11511] = 0 0
[11512] = 0 0
[11513] = 0 0
[11514] = 0 0
[11515] = 0 0
[11516] = 0 0
[11517] = 0 0
[11518] = 0 0
[11519] = 0 0
[11520] = 0 0
[11521] = 0 0
[11522] = 0 0
[11523] = 0 0
[11524] = 0 0
[11525] = 0 0
[11526] = 0 0
[11527] = 0 0
[11528] = 0 0
[11529] = 0 0
[11530] = 0 0
[11531] = 0 0
[11532] = 0 0
[11533] = 0 0
[11534] = 0 0
[11535] = 0 0
[11536] = 0 0
[11537] = 0 0
[11538] = 0 0
[11539] = 0 0
[11540] = 0 0
[11541] = 0 0
[11542] = 0 0
[11543] = 0 0
[11544] = 0 0
[11545] = 0 0
[11546] = 0 0
[11547] = 0 0
[11548] = 0 0
[11549] = 0 0
[11550] = 0 0
[11551] = 0 0
[11552] = 0 0
[11553] = 0 0
[11554] = 0 0
[11555] = 0 0
[11556] = 0 0
[11557] = 0 0
[11558] = 0 0
[11559] = 0 0
[11560] = 0 0
[11561] = 0 0
[11562] = 0 0
[11563] = 0 0
[11564] = 0 0
[11565] = 0 0
[11566] = 0 0
[11567] = 0 0
[11568] = 0 0
[11569] = 0 0
[11570] = 0 0
[11571] = 0 0
[11572] = 0 0
[11573] = 0 0
[11574] = 0 0
[11575] = 0 0
[11576] = 0 0
[11577] = 0 0
[11578] = 0 0
[11579] = 0 0
[11580] = 0 0
[11581] = 0 0
[11582] = 0 0
[11583] = 0 0
[11584] = 0 0
[11585] = 0 0
[11586] = 0 0
[11587] = 0 0
[11588] = 0 0
[11589] = 0 0
[11590] = 0 0
[11591] = 0 0
[11592] = 0 0
[11593] = 0 0
[11594] = 0 0
[11595] = 0 0
[11596] = 0 0
[11597] = 0 0
[11598] = 0 0
[11599] = 0 0
[11600] = 0 0
[11601] = 0 0
[11602] = 0 0
[11603] = 0 0
[11604] = 0 0
[11605] = 0 0
[11606] = 0 0
[11607] = 0 0
[11608] = 0 0
[11609] = 0 0
[11610] = 0 0
[11611] = 0 0
[11612] = 0 0
[11613] = 0 0
[11614] = 0 0
[11615] = 0 0
[11616] = 0 0
[11617] = 0 0
[11618] = 0 0
[11619] = 0 0
[11620] = 0 0
[11621] = 0 0
[11622] = 0 0
[11623] = 0 0
[11624] = 0 0
[11625] = 0 0
[11626] = 0 0
[11627] = 0 0
[11628] = 0 0
[11629] = 0 0
[11630] = 0 0
[11631] = 0 0
[11632] = 0 0
[11633] = 0 0
[11634] = 0 0
[11635] = 0 0
[11636] = 0 0
[11637] = 0 0
[11638] = 0 0
[11639] = 0 0
[11640] = 0 0
[11641] = 0 0
[11642] = 0 0
[11643] = 0 0
[11644] = 0 0
[11645] = 0 0
[11646] = 0 0
[11647] = 0 0
[11648] = 0 0
[11649] = 0 0
[11650] = 0 0
[11651] = 0 0
[11652] = 0 0
[11653] = 0 0
[11654] = 0 0
[11655] = 0 0
[11656] = 0 0
[11657] = 0 0
[11658] = 0 0
[11659] = 0 0
[11660] = 0 0
[11661] = 0 0
[11662] = 0 0
[11663] = 0 0
[11664] = 0 0
[11665] = 0 0
[11666] = 0 0
[11667] = 0 0
[11668] = 0 0
[11669] = 0 0
[11670] = 0 0
[11671] = 0 0
[11672] = 0 0
[11673] = 0 0
[11674] = 0 0
[11675] = 0 0
[11676] = 0 0
[11677] = 0 0
[11678] = 0 0
[11679] = 0 0
[11680] = 0 0
[11681] = 0 0
[11682] = 0 0
[11683] = 0 0
[11684] = 0 0
[11685] = 0 0
[11686] = 0 0
[11687] = 0 0
[11688] = 0 0
[11689] = 0 0
[11690] = 0 0
[11691] = 0 0
[11692] = 0 0
[11693] = 0 0
[11694] = 0 0
[11695] = 0 0
[11696] = 0 0
[11697] = 0 0
[11698] = 0 0
[11699] = 0 0
[11700] = 0 0
[11701] = 0 0
[11702] = 0 0
[11703] = 0 0
[11704] = 0 0
[11705] = 0 0
[11706] = 0 0
[11707] = 0 0
[11708] = 0 0
[11709] = 0 0
[11710] = 0 0
[11711] = 0 0
[11712] = 0 0
[11713] = 0 0
[11714] = 0 0
[11715] = 0 0
[11716] = 0 0
[11717] = 0 0
[11718] = 0 0
[11719] = 0 0
[11720] = 0 0
[11721] = 0 0
[11722] = 0 0
[11723] = 0 0
[11724] = 0 0
[11725] = 0 0
[11726] = 0 0
[11727] = 0 0
[11728] = 0 0
[11729] = 0 0
[11730] = 0 0
[11731] = 0 0
[11732] = 0 0
[11733] = 0 0
[11734] = 0 0
[11735] = 0 0
[11736] = 0 0
[11737] = 0 0
[11738] = 0 0
[11739] = 0 0
[11740] = 0 0
[11741] = 0 0
[11742] = 0 0
[11743] = 0 0
[11744] = 0 0
[11745] = 0 0
[11746] = 0 0
[11747] = 0 0
[11748] = 0 0
[11749] = 0 0
[11750] = 0 0
[11751] = 0 0
[11752] = 0 0
[11753] = 0 0
[11754] = 0 0
[11755] = 0 0
[11756] = 0 0
[11757] = 0 0
[11758] = 0 0
[11759] = 0 0
[11760] = 0 0
[11761] = 0 0
[11762] = 0 0
[11763] = 0 0
[11764] = 0 0
[11765] = 0 0
[11766] = 0 0
[11767] = 0 0
[11768] = 0 0
[11769] = 0 0
[11770] = 0 0
[11771] = 0 0
[11772] = 0 0
[11773] = 0 0
[11774] = 0 0
[11775] = 0 0
[11776] = 0 0
[11777] = 0 0
[11778] = 0 0
[11779] = 0 0
[11780] = 0 0
[11781] = 0 0
[11782] = 0 0
[11783] = 0 0
[11784] = 0 0
[11785] = 0 0
[11786] = 0 0
[11787] = 0 0
[11788] = 0 0
[11789] = 0 0
[11790] = 0 0
[11791] = 0 0
[11792] = 0 0
[11793] = 0 0
[11794] = 0 0
[11795] = 0 0
[11796] = 0 0
[11797] = 0 0
[11798] = 0 0
[11799] = 0 0
[11800] = 0 0
[11801] = 0 0
[11802] = 0 0
[11803] = 0 0
[11804] = 0 0
[11805] = 0 0
[11806] = 0 0
[11807] = 0 0
[11808] = 0 0
[11809] = 0 0
[11810] = 0 0
[11811] = 0 0
[11812] = 0 0
[11813] = 0 0
[11814] = 0 0
[11815] = 0 0
[11816] = 0 0
[11817] = 0 0
[11818] = 0 0
[11819] = 0 0
[11820] = 0 0
[11821] = 0 0
[11822] = 0 0
[11823] = 0 0
[11824] = 0 0
[11825] = 0 0
[11826] = 0 0
[11827] = 0 0
[11828] = 0 0
[11829] = 0 0
[11830] = 0 0
[11831] = 0 0
[11832] = 0 0
[11833] = 0 0
[11834] = 0 0
[11835] = 0 0
[11836] = 0 0
[11837] = 0 0
[11838] = 0 0
[11839] = 0 0
[11840] = 0 0
[11841] = 0 0
[11842] = 0 0
[11843] = 0 0
[11844] = 0 0
[11845] = 0 0
[11846] = 0 0
[11847] = 0 0
[11848] = 0 0
[11849] = 0 0
[11850] = 0 0
[11851] = 0 0
[11852] = 0 0
[11853] = 0 0
[11854] = 0 0
[11855] = 0 0
[11856] = 0 0
[11857] = 0 0
[11858] = 0 0
[11859] = 0 0
[11860] = 0 0
[11861] = 0 0
[11862] = 0 0
[11863] = 0 0
[11864] = 0 0
[11865] = 0 0
[11866] = 0 0
[11867] = 0 0
[11868] = 0 0
[11869] = 0 0
[11870] = 0 0
[11871] = 0 0
[11872] = 0 0
[11873] = 0 0
[11874] = 0 0
[11875] = 0 0
[11876] = 0 0
[11877] = 0 0
[11878] = 0 0
[11879] = 0 0
[11880] = 0 0
[11881] = 0 0
[11882] = 0 0
[11883] = 0 0
[11884] = 0 0
[11885] = 0 0
[11886] = 0 0
[11887] = 0 0
[11888] = 0 0
[11889] = 0 0
[11890] = 0 0
[11891] = 0 0
[11892] = 0 0
[11893] = 0 0
[11894] = 0 0
[11895] = 0 0
[11896] = 0 0
[11897] = 0 0
[11898] = 0 0
[11899] = 0 0
[11900] = 0 0
[11901] = 0 0
[11902] = 0 0
[11903] = 0 0
[11904] = 0 0
[11905] = 0 0
[11906] = 0 0
[11907] = 0 0
[11908] = 0 0
[11909] = 0 0
[11910] = 0 0
[11911] = 0 0
[11912] = 0 0
[11913] = 0 0
[11914] = 0 0
[11915] = 0 0
[11916] = 0 0
[11917] = 0 0
[11918] = 0 0
[11919] = 0 0
[11920] = 0 0
[11921] = 0 0
[11922] = 0 0
[11923] = 0 0
[11924] = 0 0
[11925] = 0 0
[11926] = 0 0
[11927] = 0 0
[11928] = 0 0
[11929] = 0 0
[11930] = 0 0
[11931] = 0 0
[11932] = 0 0
[11933] = 0 0
[11934] = 0 0
[11935] = 0 0
[11936] = 0 0
[11937] = 0 0
[11938] = 0 0
[11939] = 0 0
[11940] = 0 0
[11941] = 0 0
[11942] = 0 0
[11943] = 0 0
[11944] = 0 0
[11945] = 0 0
[11946] = 0 0
[11947] = 0 0
[11948] = 0 0
[11949] = 0 0
[11950] = 0 0
[11951] = 0 0
[11952] = 0 0
[11953] = 0 0
[11954] = 0 0
[11955] = 0 0
[11956] = 0 0
[11957] = 0 0
[11958] = 0 0
[11959] = 0 0
[11960] = 0 0
[11961] = 0 0
[11962] = 0 0
[11963] = 0 0
[11964] = 0 0
[11965] = 0 0
[11966] = 0 0
[11967] = 0 0
[11968] = 0 0
[11969] = 0 0
[11970] = 0 0
[11971] = 0 0
[11972] = 0 0
[11973] = 0 0
[11974] = 0 0
[11975] = 0 0
[11976] = 0 0
[11977] = 0 0
[11978] = 0 0
[11979] = 0 0
[11980] = 0 0
[11981] = 0 0
[11982] = 0 0
[11983] = 0 0
[11984] = 0 0
[11985] = 0 0
[11986] = 0 0
[11987] = 0 0
[11988] = 0 0
[11989] = 0 0
[11990] = 0 0
[11991] = 0 0
[11992] = 0 0
[11993] = 0 0
[11994] = 0 0
[11995] = 0 0
[11996] = 0 0
[11997] = 0 0
[11998] = 0 0
[11999] = 0 0
[12000] = 0 0
[12001] = 0 0
[12002] = 0 0
[12003] = 0 0
[12004] = 0 0
[12005] = 0 0
[12006] = 0 0
[12007] = 0 0
[12008] = 0 0
[12009] = 0 0
[12010] = 0 0
[12011] = 0 0
[12012] = 0 0
[12013] = 0 0
[12014] = 0 0
[12015] = 0 0
[12016] = 0 0
[12017] = 0 0
[12018] = 0 0
[12019] = 0 0
[12020] = 0 0
[12021] = 0 0
[12022] = 0 0
[12023] = 0 0
[12024] = 0 0
[12025] = 0 0
[12026] = 0 0
[12027] = 0 0
[12028] = 0 0
[12029] = 0 0
[12030] = 0 0
[12031] = 0 0
[12032] = 0 0
[12033] = 0 0
[12034] = 0 0
[12035] = 0 0
[12036] = 0 0
[12037] = 0 0
[12038] = 0 0
[12039] = 0 0
[12040] = 0 0
[12041] = 0 0
[12042] = 0 0
[12043] = 0 0
[12044] = 0 0
[12045] = 0 0
[12046] = 0 0
[12047] = 0 0
[12048] = 0 0
[12049] = 0 0
[12050] = 0 0
[12051] = 0 0
[12052] = 0 0
[12053] = 0 0
[12054] = 0 0
[12055] = 0 0
[12056] = 0 0
[12057] = 0 0
[12058] = 0 0
[12059] = 0 0
[12060] = 0 0
[12061] = 0 0
[12062] = 0 0
[12063] = 0 0
[12064] = 0 0
[12065] = 0 0
[12066] = 0 0
[12067] = 0 0
[12068] = 0 0
[12069] = 0 0
[12070] = 0 0
[12071] = 0 0
[12072] = 0 0
[12073] = 0 0
[12074] = 0 0
[12075] = 0 0
[12076] = 0 0
[12077] = 0 0
[12078] = 0 0
[12079] = 0 0
[12080] = 0 0
[12081] = 0 0
[12082] = 0 0
[12083] = 0 0
[12084] = 0 0
[12085] = 0 0
[12086] = 0 0
[12087] = 0 0
[12088] = 0 0
[12089] = 0 0
[12090] = 0 0
[12091] = 0 0
[12092] = 0 0
[12093] = 0 0
[12094] = 0 0
[12095] = 0 0
[12096] = 0 0
[12097] = 0 0
[12098] = 0 0
[12099] = 0 0
[12100] = 0 0
[12101] = 0 0
[12102] = 0 0
[12103] = 0 0
[12104] = 0 0
[12105] = 0 0
[12106] = 0 0
[12107] = 0 0
[12108] = 0 0
[12109] = 0 0
[12110] = 0 0
[12111] = 0 0
[12112] = 0 0
[12113] = 0 0
[12114] = 0 0
[12115] = 0 0
[12116] = 0 0
[12117] = 0 0
[12118] = 0 0
[12119] = 0 0
[12120] = 0 0
[12121] = 0 0
[12122] = 0 0
[12123] = 0 0
[12124] = 0 0
[12125] = 0 0
[12126] = 0 0
[12127] = 0 0
[12128] = 0 0
[12129] = 0 0
[12130] = 0 0
[12131] = 0 0
[12132] = 0 0
[12133] = 0 0
[12134] = 0 0
[12135] = 0 0
[12136] = 0 0
[12137] = 0 0
[12138] = 0 0
[12139] = 0 0
[12140] = 0 0
[12141] = 0 0
[12142] = 0 0
[12143] = 0 0
[12144] = 0 0
[12145] = 0 0
[12146] = 0 0
[12147] = 0 0
[12148] = 0 0
[12149] = 0 0
[12150] = 0 0
[12151] = 0 0
[12152] = 0 0
[12153] = 0 0
[12154] = 0 0
[12155] = 0 0
[12156] = 0 0
[12157] = 0 0
[12158] = 0 0
[12159] = 0 0
[12160] = 0 0
[12161] = 0 0
[12162] = 0 0
[12163] = 0 0
[12164] = 0 0
[12165] = 0 0
[12166] = 0 0
[12167] = 0 0
[12168] = 0 0
[12169] = 0 0
[12170] = 0 0
[12171] = 0 0
[12172] = 0 0
[12173] = 0 0
[12174] = 0 0
[12175] = 0 0
[12176] = 0 0
[12177] = 0 0
[12178] = 0 0
[12179] = 0 0
[12180] = 0 0
[12181] = 0 0
[12182] = 0 0
[12183] = 0 0
[12184] = 0 0
[12185] = 0 0
[12186] = 0 0
[12187] = 0 0
[12188] = 0 0
[12189] = 0 0
[12190] = 0 0
[12191] = 0 0
[12192] = 0 0
[12193] = 0 0
[12194] = 0 0
[12195] = 0 0
[12196] = 0 0
[12197] = 0 0
[12198] = 0 0
[12199] = 0 0
[12200] = 0 0
[12201] = 0 0
[12202] = 0 0
[12203] = 0 0
[12204] = 0 0
[12205] = 0 0
[12206] = 0 0
[12207] = 0 0
[12208] = 0 0
[12209] = 0 0
[12210] = 0 0
[12211] = 0 0
[12212] = 0 0
[12213] = 0 0
[12214] = 0 0
[12215] = 0 0
[12216] = 0 0
[12217] = 0 0
[12218] = 0 0
[12219] = 0 0
[12220] = 0 0
[12221] = 0 0
[12222] = 0 0
[12223] = 0 0
[12224] = 0 0
[12225] = 0 0
[12226] = 0 0
[12227] = 0 0
[12228] = 0 0
[12229] = 0 0
[12230] = 0 0
[12231] = 0 0
[12232] = 0 0
[12233] = 0 0
[12234] = 0 0
[12235] = 0 0
[12236] = 0 0
[12237] = 0 0
[12238] = 0 0
[12239] = 0 0
[12240] = 0 0
[12241] = 0 0
[12242] = 0 0
[12243] = 0 0
[12244] = 0 0
[12245] = 0 0
[12246] = 0 0
[12247] = 0 0
[12248] = 0 0
[12249] = 0 0
[12250] = 0 0
[12251] = 0 0
[12252] = 0 0
[12253] = 0 0
[12254] = 0 0
[12255] = 0 0
[12256] = 0 0
[12257] = 0 0
[12258] = 0 0
[12259] = 0 0
[12260] = 0 0
[12261] = 0 0
[12262] = 0 0
[12263] = 0 0
[12264] = 0 0
[12265] = 0 0
[12266] = 0 0
[12267] = 0 0
[12268] = 0 0
[12269] = 0 0
[12270] = 0 0
[12271] = 0 0
[12272] = 0 0
[12273] = 0 0
[12274] = 0 0
[12275] = 0 0
[12276] = 0 0
[12277] = 0 0
[12278] = 0 0
[12279] = 0 0
[12280] = 0 0
[12281] = 0 0
[12282] = 0 0
[12283] = 0 0
[12284] = 0 0
[12285] = 0 0
[12286] = 0 0
[12287] = 0 0
[12288] = 0 0
[12289] = 0 0
[12290] = 0 0
[12291] = 0 0
[12292] = 0 0
[12293] = 0 0
[12294] = 0 0
[12295] = 0 0
[12296] = 0 0
[12297] = 0 0
[12298] = 0 0
[12299] = 0 0
[12300] = 0 0
[12301] = 0 0
[12302] = 0 0
[12303] = 0 0
[12304] = 0 0
[12305] = 0 0
[12306] = 0 0
[12307] = 0 0
[12308] = 0 0
[12309] = 0 0
[12310] = 0 0
[12311] = 0 0
[12312] = 0 0
[12313] = 0 0
[12314] = 0 0
[12315] = 0 0
[12316] = 0 0
[12317] = 0 0
[12318] = 0 0
[12319] = 0 0
[12320] = 0 0
[12321] = 0 0
[12322] = 0 0
[12323] = 0 0
[12324] = 0 0
[12325] = 0 0
[12326] = 0 0
[12327] = 0 0
[12328] = 0 0
[12329] = 0 0
[12330] = 0 0
[12331] = 0 0
[12332] = 0 0
[12333] = 0 0
[12334] = 0 0
[12335] = 0 0
[12336] = 0 0
[12337] = 0 0
[12338] = 0 0
[12339] = 0 0
[12340] = 0 0
[12341] = 0 0
[12342] = 0 0
[12343] = 0 0
[12344] = 0 0
[12345] = 0 0
[12346] = 0 0
[12347] = 0 0
[12348] = 0 0
[12349] = 0 0
[12350] = 0 0
[12351] = 0 0
[12352] = 0 0
[12353] = 0 0
[12354] = 0 0
[12355] = 0 0
[12356] = 0 0
[12357] = 0 0
[12358] = 0 0
[12359] = 0 0
[12360] = 0 0
[12361] = 0 0
[12362] = 0 0
[12363] = 0 0
[12364] = 0 0
[12365] = 0 0
[12366] = 0 0
[12367] = 0 0
[12368] = 0 0
[12369] = 0 0
[12370] = 0 0
[12371] = 0 0
[12372] = 0 0
[12373] = 0 0
[12374] = 0 0
[12375] = 0 0
[12376] = 0 0
[12377] = 0 0
[12378] = 0 0
[12379] = 0 0
[12380] = 0 0
[12381] = 0 0
[12382] = 0 0
[12383] = 0 0
[12384] = 0 0
[12385] = 0 0
[12386] = 0 0
[12387] = 0 0
[12388] = 0 0
[12389] = 0 0
[12390] = 0 0
[12391] = 0 0
[12392] = 0 0
[12393] = 0 0
[12394] = 0 0
[12395] = 0 0
[12396] = 0 0
[12397] = 0 0
[12398] = 0 0
[12399] = 0 0
[12400] = 0 0
[12401] = 0 0
[12402] = 0 0
[12403] = 0 0
[12404] = 0 0
[12405] = 0 0
[12406] = 0 0
[12407] = 0 0
[12408] = 0 0
[12409] = 0 0
[12410] = 0 0
[12411] = 0 0
[12412] = 0 0
[12413] = 0 0
[12414] = 0 0
[12415] = 0 0
[12416] = 0 0
[12417] = 0 0
[12418] = 0 0
[12419] = 0 0
[12420] = 0 0
[12421] = 0 0
[12422] = 0 0
[12423] = 0 0
[12424] = 0 0
[12425] = 0 0
[12426] = 0 0
[12427] = 0 0
[12428] = 0 0
[12429] = 0 0
[12430] = 0 0
[12431] = 0 0
[12432] = 0 0
[12433] = 0 0
[12434] = 0 0
[12435] = 0 0
[12436] = 0 0
[12437] = 0 0
[12438] = 0 0
[12439] = 0 0
[12440] = 0 0
[12441] = 0 0
[12442] = 0 0
[12443] = 0 0
[12444] = 0 0
[12445] = 0 0
[12446] = 0 0
[12447] = 0 0
[12448] = 0 0
[12449] = 0 0
[12450] = 0 0
[12451] = 0 0
[12452] = 0 0
[12453] = 0 0
[12454] = 0 0
[12455] = 0 0
[12456] = 0 0
[12457] = 0 0
[12458] = 0 0
[12459] = 0 0
[12460] = 0 0
[12461] = 0 0
[12462] = 0 0
[12463] = 0 0
[12464] = 0 0
[12465] = 0 0
[12466] = 0 0
[12467] = 0 0
[12468] = 0 0
[12469] = 0 0
[12470] = 0 0
[12471] = 0 0
[12472] = 0 0
[12473] = 0 0
[12474] = 0 0
[12475] = 0 0
[12476] = 0 0
[12477] = 0 0
[12478] = 0 0
[12479] = 0 0
[12480] = 0 0
[12481] = 0 0
[12482] = 0 0
[12483] = 0 0
[12484] = 0 0
[12485] = 0 0
[12486] = 0 0
[12487] = 0 0
[12488] = 0 0
[12489] = 0 0
[12490] = 0 0
[12491] = 0 0
[12492] = 0 0
[12493] = 0 0
[12494] = 0 0
[12495] = 0 0
[12496] = 0 0
[12497] = 0 0
[12498] = 0 0
[12499] = 0 0
[12500] = 0 0
[12501] = 0 0
[12502] = 0 0
[12503] = 0 0
[12504] = 0 0
[12505] = 0 0
[12506] = 0 0
[12507] = 0 0
[12508] = 0 0
[12509] = 0 0
[12510] = 0 0
[12511] = 0 0
[12512] = 0 0
[12513] = 0 0
[12514] = 0 0
[12515] = 0 0
[12516] = 0 0
[12517] = 0 0
[12518] = 0 0
[12519] = 0 0
[12520] = 0 0
[12521] = 0 0
[12522] = 0 0
[12523] = 0 0
[12524] = 0 0
[12525] = 0 0
[12526] = 0 0
[12527] = 0 0
[12528] = 0 0
[12529] = 0 0
[12530] = 0 0
[12531] = 0 0
[12532] = 0 0
[12533] = 0 0
[12534] = 0 0
[12535] = 0 0
[12536] = 0 0
[12537] = 0 0
[12538] = 0 0
[12539] = 0 0
[12540] = 0 0
[12541] = 0 0
[12542] = 0 0
[12543] = 0 0
[12544] = 0 0
[12545] = 0 0
[12546] = 0 0
[12547] = 0 0
[12548] = 0 0
[12549] = 0 0
[12550] = 0 0
[12551] = 0 0
[12552] = 0 0
[12553] = 0 0
[12554] = 0 0
[12555] = 0 0
[12556] = 0 0
[12557] = 0 0
[12558] = 0 0
[12559] = 0 0
[12560] = 0 0
[12561] = 0 0
[12562] = 0 0
[12563] = 0 0
[12564] = 0 0
[12565] = 0 0
[12566] = 0 0
[12567] = 0 0
[12568] = 0 0
[12569] = 0 0
[12570] = 0 0
[12571] = 0 0
[12572] = 0 0
[12573] = 0 0
[12574] = 0 0
[12575] = 0 0
[12576] = 0 0
[12577] = 0 0
[12578] = 0 0
[12579] = 0 0
[12580] = 0 0
[12581] = 0 0
[12582] = 0 0
[12583] = 0 0
[12584] = 0 0
[12585] = 0 0
[12586] = 0 0
[12587] = 0 0
[12588] = 0 0
[12589] = 0 0
[12590] = 0 0
[12591] = 0 0
[12592] = 0 0
[12593] = 0 0
[12594] = 0 0
[12595] = 0 0
[12596] = 0 0
[12597] = 0 0
[12598] = 0 0
[12599] = 0 0
[12600] = 0 0
[12601] = 0 0
[12602] = 0 0
[12603] = 0 0
[12604] = 0 0
[12605] = 0 0
[12606] = 0 0
[12607] = 0 0
[12608] = 0 0
[12609] = 0 0
[12610] = 0 0
[12611] = 0 0
[12612] = 0 0
[12613] = 0 0
[12614] = 0 0
[12615] = 0 0
[12616] = 0 0
[12617] = 0 0
[12618] = 0 0
[12619] = 0 0
[12620] = 0 0
[12621] = 0 0
[12622] = 0 0
[12623] = 0 0
[12624] = 0 0
[12625] = 0 0
[12626] = 0 0
[12627] = 0 0
[12628] = 0 0
[12629] = 0 0
[12630] = 0 0
[12631] = 0 0
[12632] = 0 0
[12633] = 0 0
[12634] = 0 0
[12635] = 0 0
[12636] = 0 0
[12637] = 0 0
[12638] = 0 0
[12639] = 0 0
[12640] = 0 0
[12641] = 0 0
[12642] = 0 0
[12643] = 0 0
[12644] = 0 0
[12645] = 0 0
[12646] = 0 0
[12647] = 0 0
[12648] = 0 0
[12649] = 0 0
[12650] = 0 0
[12651] = 0 0
[12652] = 0 0
[12653] = 0 0
[12654] = 0 0
[12655] = 0 0
[12656] = 0 0
[12657] = 0 0
[12658] = 0 0
[12659] = 0 0
[12660] = 0 0
[12661] = 0 0
[12662] = 0 0
[12663] = 0 0
[12664] = 0 0
[12665] = 0 0
[12666] = 0 0
[12667] = 0 0
[12668] = 0 0
[12669] = 0 0
[12670] = 0 0
[12671] = 0 0
[12672] = 0 0
[12673] = 0 0
[12674] = 0 0
[12675] = 0 0
[12676] = 0 0
[12677] = 0 0
[12678] = 0 0
[12679] = 0 0
[12680] = 0 0
[12681] = 0 0
[12682] = 0 0
[12683] = 0 0
[12684] = 0 0
[12685] = 0 0
[12686] = 0 0
[12687] = 0 0
[12688] = 0 0
[12689] = 0 0
[12690] = 0 0
[12691] = 0 0
[12692] = 0 0
[12693] = 0 0
[12694] = 0 0
[12695] = 0 0
[12696] = 0 0
[12697] = 0 0
[12698] = 0 0
[12699] = 0 0
[12700] = 0 0
[12701] = 0 0
[12702] = 0 0
[12703] = 0 0
[12704] = 0 0
[12705] = 0 0
[12706] = 0 0
[12707] = 0 0
[12708] = 0 0
[12709] = 0 0
[12710] = 0 0
[12711] = 0 0
[12712] = 0 0
[12713] = 0 0
[12714] = 0 0
[12715] = 0 0
[12716] = 0 0
[12717] = 0 0
[12718] = 0 0
[12719] = 0 0
[12720] = 0 0
[12721] = 0 0
[12722] = 0 0
[12723] = 0 0
[12724] = 0 0
[12725] = 0 0
[12726] = 0 0
[12727] = 0 0
[12728] = 0 0
[12729] = 0 0
[12730] = 0 0
[12731] = 0 0
[12732] = 0 0
[12733] = 0 0
[12734] = 0 0
[12735] = 0 0
[12736] = 0 0
[12737] = 0 0
[12738] = 0 0
[12739] = 0 0
[12740] = 0 0
[12741] = 0 0
[12742] = 0 0
[12743] = 0 0
[12744] = 0 0
[12745] = 0 0
[12746] = 0 0
[12747] = 0 0
[12748] = 0 0
[12749] = 0 0
[12750] = 0 0
[12751] = 0 0
[12752] = 0 0
[12753] = 0 0
[12754] = 0 0
[12755] = 0 0
[12756] = 0 0
[12757] = 0 0
[12758] = 0 0
[12759] = 0 0
[12760] = 0 0
[12761] = 0 0
[12762] = 0 0
[12763] = 0 0
[12764] = 0 0
[12765] = 0 0
[12766] = 0 0
[12767] = 0 0
[12768] = 0 0
[12769] = 0 0
[12770] = 0 0
[12771] = 0 0
[12772] = 0 0
[12773] = 0 0
[12774] = 0 0
[12775] = 0 0
[12776] = 0 0
[12777] = 0 0
[12778] = 0 0
[12779] = 0 0
[12780] = 0 0
[12781] = 0 0
[12782] = 0 0
[12783] = 0 0
[12784] = 0 0
[12785] = 0 0
[12786] = 0 0
[12787] = 0 0
[12788] = 0 0
[12789] = 0 0
[12790] = 0 0
[12791] = 0 0
[12792] = 0 0
[12793] = 0 0
[12794] = 0 0
[12795] = 0 0
[12796] = 0 0
[12797] = 0 0
[12798] = 0 0
[12799] = 0 0
[12800] = 0 0
[12801] = 0 0
[12802] = 0 0
[12803] = 0 0
[12804] = 0 0
[12805] = 0 0
[12806] = 0 0
[12807] = 0 0
[12808] = 0 0
[12809] = 0 0
[12810] = 0 0
[12811] = 0 0
[12812] = 0 0
[12813] = 0 0
[12814] = 0 0
[12815] = 0 0
[12816] = 0 0
[12817] = 0 0
[12818] = 0 0
[12819] = 0 0
[12820] = 0 0
[12821] = 0 0
[12822] = 0 0
[12823] = 0 0
[12824] = 0 0
[12825] = 0 0
[12826] = 0 0
[12827] = 0 0
[12828] = 0 0
[12829] = 0 0
[12830] = 0 0
[12831] = 0 0
[12832] = 0 0
[12833] = 0 0
[12834] = 0 0
[12835] = 0 0
[12836] = 0 0
[12837] = 0 0
[12838] = 0 0
[12839] = 0 0
[12840] = 0 0
[12841] = 0 0
[12842] = 0 0
[12843] = 0 0
[12844] = 0 0
[12845] = 0 0
[12846] = 0 0
[12847] = 0 0
[12848] = 0 0
[12849] = 0 0
[12850] = 0 0
[12851] = 0 0
[12852] = 0 0
[12853] = 0 0
[12854] = 0 0
[12855] = 0 0
[12856] = 0 0
[12857] = 0 0
[12858] = 0 0
[12859] = 0 0
[12860] = 0 0
[12861] = 0 0
[12862] = 0 0
[12863] = 0 0
[12864] = 0 0
[12865] = 0 0
[12866] = 0 0
[12867] = 0 0
[12868] = 0 0
[12869] = 0 0
[12870] = 0 0
[12871] = 0 0
[12872] = 0 0
[12873] = 0 0
[12874] = 0 0
[12875] = 0 0
[12876] = 0 0
[12877] = 0 0
[12878] = 0 0
[12879] = 0 0
[12880] = 0 0
[12881] = 0 0
[12882] = 0 0
[12883] = 0 0
[12884] = 0 0
[12885] = 0 0
[12886] = 0 0
[12887] = 0 0
[12888] = 0 0
[12889] = 0 0
[12890] = 0 0
[12891] = 0 0
[12892] = 0 0
[12893] = 0 0
[12894] = 0 0
[12895] = 0 0
[12896] = 0 0
[12897] = 0 0
[12898] = 0 0
[12899] = 0 0
[12900] = 0 0
[12901] = 0 0
[12902] = 0 0
[12903] = 0 0
[12904] = 0 0
[12905] = 0 0
[12906] = 0 0
[12907] = 0 0
[12908] = 0 0
[12909] = 0 0
[12910] = 0 0
[12911] = 0 0
[12912] = 0 0
[12913] = 0 0
[12914] = 0 0
[12915] = 0 0
[12916] = 0 0
[12917] = 0 0
[12918] = 0 0
[12919] = 0 0
[12920] = 0 0
[12921] = 0 0
[12922] = 0 0
[12923] = 0 0
[12924] = 0 0
[12925] = 0 0
[12926] = 0 0
[12927] = 0 0
[12928] = 0 0
[12929] = 0 0
[12930] = 0 0
[12931] = 0 0
[12932] = 0 0
[12933] = 0 0
[12934] = 0 0
[12935] = 0 0
[12936] = 0 0
[12937] = 0 0
[12938] = 0 0
[12939] = 0 0
[12940] = 0 0
[12941] = 0 0
[12942] = 0 0
[12943] = 0 0
[12944] = 0 0
[12945] = 0 0
[12946] = 0 0
[12947] = 0 0
[12948] = 0 0
[12949] = 0 0
[12950] = 0 0
[12951] = 0 0
[12952] = 0 0
[12953] = 0 0
[12954] = 0 0
[12955] = 0 0
[12956] = 0 0
[12957] = 0 0
[12958] = 0 0
[12959] = 0 0
[12960] = 0 0
[12961] = 0 0
[12962] = 0 0
[12963] = 0 0
[12964] = 0 0
[12965] = 0 0
[12966] = 0 0
[12967] = 0 0
[12968] = 0 0
[12969] = 0 0
[12970] = 0 0
[12971] = 0 0
[12972] = 0 0
[12973] = 0 0
[12974] = 0 0
[12975] = 0 0
[12976] = 0 0
[12977] = 0 0
[12978] = 0 0
[12979] = 0 0
[12980] = 0 0
[12981] = 0 0
[12982] = 0 0
[12983] = 0 0
[12984] = 0 0
[12985] = 0 0
[12986] = 0 0
[12987] = 0 0
[12988] = 0 0
[12989] = 0 0
[12990] = 0 0
[12991] = 0 0
[12992] = 0 0
[12993] = 0 0
[12994] = 0 0
[12995] = 0 0
[12996] = 0 0
[12997] = 0 0
[12998] = 0 0
[12999] = 0 0
[13000] = 0 0
[13001] = 0 0
[13002] = 0 0
[13003] = 0 0
[13004] = 0 0
[13005] = 0 0
[13006] = 0 0
[13007] = 0 0
[13008] = 0 0
[13009] = 0 0
[13010] = 0 0
[13011] = 0 0
[13012] = 0 0
[13013] = 0 0
[13014] = 0 0
[13015] = 0 0
[13016] = 0 0
[13017] = 0 0
[13018] = 0 0
[13019] = 0 0
[13020] = 0 0
[13021] = 0 0
[13022] = 0 0
[13023] = 0 0
[13024] = 0 0
[13025] = 0 0
[13026] = 0 0
[13027] = 0 0
[13028] = 0 0
[13029] = 0 0
[13030] = 0 0
[13031] = 0 0
[13032] = 0 0
[13033] = 0 0
[13034] = 0 0
[13035] = 0 0
[13036] = 0 0
[13037] = 0 0
[13038] = 0 0
[13039] = 0 0
[13040] = 0 0
[13041] = 0 0
[13042] = 0 0
[13043] = 0 0
[13044] = 0 0
[13045] = 0 0
[13046] = 0 0
[13047] = 0 0
[13048] = 0 0
[13049] = 0 0
[13050] = 0 0
[13051] = 0 0
[13052] = 0 0
[13053] = 0 0
[13054] = 0 0
[13055] = 0 0
[13056] = 0 0
[13057] = 0 0
[13058] = 0 0
[13059] = 0 0
[13060] = 0 0
[13061] = 0 0
[13062] = 0 0
[13063] = 0 0
[13064] = 0 0
[13065] = 0 0
[13066] = 0 0
[13067] = 0 0
[13068] = 0 0
[13069] = 0 0
[13070] = 0 0
[13071] = 0 0
[13072] = 0 0
[13073] = 0 0
[13074] = 0 0
[13075] = 0 0
[13076] = 0 0
[13077] = 0 0
[13078] = 0 0
[13079] = 0 0
[13080] = 0 0
[13081] = 0 0
[13082] = 0 0
[13083] = 0 0
[13084] = 0 0
[13085] = 0 0
[13086] = 0 0
[13087] = 0 0
[13088] = 0 0
[13089] = 0 0
[13090] = 0 0
[13091] = 0 0
[13092] = 0 0
[13093] = 0 0
[13094] = 0 0
[13095] = 0 0
[13096] = 0 0
[13097] = 0 0
[13098] = 0 0
[13099] = 0 0
[13100] = 0 0
[13101] = 0 0
[13102] = 0 0
[13103] = 0 0
[13104] = 0 0
[13105] = 0 0
[13106] = 0 0
[13107] = 0 0
[13108] = 0 0
[13109] = 0 0
[13110] = 0 0
[13111] = 0 0
[13112] = 0 0
[13113] = 0 0
[13114] = 0 0
[13115] = 0 0
[13116] = 0 0
[13117] = 0 0
[13118] = 0 0
[13119] = 0 0
[13120] = 0 0
[13121] = 0 0
[13122] = 0 0
[13123] = 0 0
[13124] = 0 0
[13125] = 0 0
[13126] = 0 0
[13127] = 0 0
[13128] = 0 0
[13129] = 0 0
[13130] = 0 0
[13131] = 0 0
[13132] = 0 0
[13133] = 0 0
[13134] = 0 0
[13135] = 0 0
[13136] = 0 0
[13137] = 0 0
[13138] = 0 0
[13139] = 0 0
[13140] = 0 0
[13141] = 0 0
[13142] = 0 0
[13143] = 0 0
[13144] = 0 0
[13145] = 0 0
[13146] = 0 0
[13147] = 0 0
[13148] = 0 0
[13149] = 0 0
[13150] = 0 0
[13151] = 0 0
[13152] = 0 0
[13153] = 0 0
[13154] = 0 0
[13155] = 0 0
[13156] = 0 0
[13157] = 0 0
[13158] = 0 0
[13159] = 0 0
[13160] = 0 0
[13161] = 0 0
[13162] = 0 0
[13163] = 0 0
[13164] = 0 0
[13165] = 0 0
[13166] = 0 0
[13167] = 0 0
[13168] = 0 0
[13169] = 0 0
[13170] = 0 0
[13171] = 0 0
[13172] = 0 0
[13173] = 0 0
[13174] = 0 0
[13175] = 0 0
[13176] = 0 0
[13177] = 0 0
[13178] = 0 0
[13179] = 0 0
[13180] = 0 0
[13181] = 0 0
[13182] = 0 0
[13183] = 0 0
[13184] = 0 0
[13185] = 0 0
[13186] = 0 0
[13187] = 0 0
[13188] = 0 0
[13189] = 0 0
[13190] = 0 0
[13191] = 0 0
[13192] = 0 0
[13193] = 0 0
[13194] = 0 0
[13195] = 0 0
[13196] = 0 0
[13197] = 0 0
[13198] = 0 0
[13199] = 0 0
[13200] = 0 0
[13201] = 0 0
[13202] = 0 0
[13203] = 0 0
[13204] = 0 0
[13205] = 0 0
[13206] = 0 0
[13207] = 0 0
[13208] = 0 0
[13209] = 0 0
[13210] = 0 0
[13211] = 0 0
[13212] = 0 0
[13213] = 0 0
[13214] = 0 0
[13215] = 0 0
[13216] = 0 0
[13217] = 0 0
[13218] = 0 0
[13219] = 0 0
[13220] = 0 0
[13221] = 0 0
[13222] = 0 0
[13223] = 0 0
[13224] = 0 0
[13225] = 0 0
[13226] = 0 0
[13227] = 0 0
[13228] = 0 0
[13229] = 0 0
[13230] = 0 0
[13231] = 0 0
[13232] = 0 0
[13233] = 0 0
[13234] = 0 0
[13235] = 0 0
[13236] = 0 0
[13237] = 0 0
[13238] = 0 0
[13239] = 0 0
[13240] = 0 0
[13241] = 0 0
[13242] = 0 0
[13243] = 0 0
[13244] = 0 0
[13245] = 0 0
[13246] = 0 0
[13247] = 0 0
[13248] = 0 0
[13249] = 0 0
[13250] = 0 0
[13251] = 0 0
[13252] = 0 0
[13253] = 0 0
[13254] = 0 0
[13255] = 0 0
[13256] = 0 0
[13257] = 0 0
[13258] = 0 0
[13259] = 0 0
[13260] = 0 0
[13261] = 0 0
[13262] = 0 0
[13263] = 0 0
[13264] = 0 0
[13265] = 0 0
[13266] = 0 0
[13267] = 0 0
[13268] = 0 0
[13269] = 0 0
[13270] = 0 0
[13271] = 0 0
[13272] = 0 0
[13273] = 0 0
[13274] = 0 0
[13275] = 0 0
[13276] = 0 0
[13277] = 0 0
[13278] = 0 0
[13279] = 0 0
[13280] = 0 0
[13281] = 0 0
[13282] = 0 0
[13283] = 0 0
[13284] = 0 0
[13285] = 0 0
[13286] = 0 0
[13287] = 0 0
[13288] = 0 0
[13289] = 0 0
[13290] = 0 0
[13291] = 0 0
[13292] = 0 0
[13293] = 0 0
[13294] = 0 0
[13295] = 0 0
[13296] = 0 0
[13297] = 0 0
[13298] = 0 0
[13299] = 0 0
[13300] = 0 0
[13301] = 0 0
[13302] = 0 0
[13303] = 0 0
[13304] = 0 0
[13305] = 0 0
[13306] = 0 0
[13307] = 0 0
[13308] = 0 0
[13309] = 0 0
[13310] = 0 0
[13311] = 0 0
[13312] = 0 0
[13313] = 0 0
[13314] = 0 0
[13315] = 0 0
[13316] = 0 0
[13317] = 0 0
[13318] = 0 0
[13319] = 0 0
[13320] = 0 0
[13321] = 0 0
[13322] = 0 0
[13323] = 0 0
[13324] = 0 0
[13325] = 0 0
[13326] = 0 0
[13327] = 0 0
[13328] = 0 0
[13329] = 0 0
[13330] = 0 0
[13331] = 0 0
[13332] = 0 0
[13333] = 0 0
[13334] = 0 0
[13335] = 0 0
[13336] = 0 0
[13337] = 0 0
[13338] = 0 0
[13339] = 0 0
[13340] = 0 0
[13341] = 0 0
[13342] = 0 0
[13343] = 0 0
[13344] = 0 0
[13345] = 0 0
[13346] = 0 0
[13347] = 0 0
[13348] = 0 0
[13349] = 0 0
[13350] = 0 0
[13351] = 0 0
[13352] = 0 0
[13353] = 0 0
[13354] = 0 0
[13355] = 0 0
[13356] = 0 0
[13357] = 0 0
[13358] = 0 0
[13359] = 0 0
[13360] = 0 0
[13361] = 0 0
[13362] = 0 0
[13363] = 0 0
[13364] = 0 0
[13365] = 0 0
[13366] = 0 0
[13367] = 0 0
[13368] = 0 0
[13369] = 0 0
[13370] = 0 0
[13371] = 0 0
[13372] = 0 0
[13373] = 0 0
[13374] = 0 0
[13375] = 0 0
[13376] = 0 0
[13377] = 0 0
[13378] = 0 0
[13379] = 0 0
[13380] = 0 0
[13381] = 0 0
[13382] = 0 0
[13383] = 0 0
[13384] = 0 0
[13385] = 0 0
[13386] = 0 0
[13387] = 0 0
[13388] = 0 0
[13389] = 0 0
[13390] = 0 0
[13391] = 0 0
[13392] = 0 0
[13393] = 0 0
[13394] = 0 0
[13395] = 0 0
[13396] = 0 0
[13397] = 0 0
[13398] = 0 0
[13399] = 0 0
[13400] = 0 0
[13401] = 0 0
[13402] = 0 0
[13403] = 0 0
[13404] = 0 0
[13405] = 0 0
[13406] = 0 0
[13407] = 0 0
[13408] = 0 0
[13409] = 0 0
[13410] = 0 0
[13411] = 0 0
[13412] = 0 0
[13413] = 0 0
[13414] = 0 0
[13415] = 0 0
[13416] = 0 0
[13417] = 0 0
[13418] = 0 0
[13419] = 0 0
[13420] = 0 0
[13421] = 0 0
[13422] = 0 0
[13423] = 0 0
[13424] = 0 0
[13425] = 0 0
[13426] = 0 0
[13427] = 0 0
[13428] = 0 0
[13429] = 0 0
[13430] = 0 0
[13431] = 0 0
[13432] = 0 0
[13433] = 0 0
[13434] = 0 0
[13435] = 0 0
[13436] = 0 0
[13437] = 0 0
[13438] = 0 0
[13439] = 0 0
[13440] = 0 0
[13441] = 0 0
[13442] = 0 0
[13443] = 0 0
[13444] = 0 0
[13445] = 0 0
[13446] = 0 0
[13447] = 0 0
[13448] = 0 0
[13449] = 0 0
[13450] = 0 0
[13451] = 0 0
[13452] = 0 0
[13453] = 0 0
[13454] = 0 0
[13455] = 0 0
[13456] = 0 0
[13457] = 0 0
[13458] = 0 0
[13459] = 0 0
[13460] = 0 0
[13461] = 0 0
[13462] = 0 0
[13463] = 0 0
[13464] = 0 0
[13465] = 0 0
[13466] = 0 0
[13467] = 0 0
[13468] = 0 0
[13469] = 0 0
[13470] = 0 0
[13471] = 0 0
[13472] = 0 0
[13473] = 0 0
[13474] = 0 0
[13475] = 0 0
[13476] = 0 0
[13477] = 0 0
[13478] = 0 0
[13479] = 0 0
[13480] = 0 0
[13481] = 0 0
[13482] = 0 0
[13483] = 0 0
[13484] = 0 0
[13485] = 0 0
[13486] = 0 0
[13487] = 0 0
[13488] = 0 0
[13489] = 0 0
[13490] = 0 0
[13491] = 0 0
[13492] = 0 0
[13493] = 0 0
[13494] = 0 0
[13495] = 0 0
[13496] = 0 0
[13497] = 0 0
[13498] = 0 0
[13499] = 0 0
[13500] = 0 0
[13501] = 0 0
[13502] = 0 0
[13503] = 0 0
[13504] = 0 0
[13505] = 0 0
[13506] = 0 0
[13507] = 0 0
[13508] = 0 0
[13509] = 0 0
[13510] = 0 0
[13511] = 0 0
[13512] = 0 0
[13513] = 0 0
[13514] = 0 0
[13515] = 0 0
[13516] = 0 0
[13517] = 0 0
[13518] = 0 0
[13519] = 0 0
[13520] = 0 0
[13521] = 0 0
[13522] = 0 0
[13523] = 0 0
[13524] = 0 0
[13525] = 0 0
[13526] = 0 0
[13527] = 0 0
[13528] = 0 0
[13529] = 0 0
[13530] = 0 0
[13531] = 0 0
[13532] = 0 0
[13533] = 0 0
[13534] = 0 0
[13535] = 0 0
[13536] = 0 0
[13537] = 0 0
[13538] = 0 0
[13539] = 0 0
[13540] = 0 0
[13541] = 0 0
[13542] = 0 0
[13543] = 0 0
[13544] = 0 0
[13545] = 0 0
[13546] = 0 0
[13547] = 0 0
[13548] = 0 0
[13549] = 0 0
[13550] = 0 0
[13551] = 0 0
[13552] = 0 0
[13553] = 0 0
[13554] = 0 0
[13555] = 0 0
[13556] = 0 0
[13557] = 0 0
[13558] = 0 0
[13559] = 0 0
[13560] = 0 0
[13561] = 0 0
[13562] = 0 0
[13563] = 0 0
[13564] = 0 0
[13565] = 0 0
[13566] = 0 0
[13567] = 0 0
[13568] = 0 0
[13569] = 0 0
[13570] = 0 0
[13571] = 0 0
[13572] = 0 0
[13573] = 0 0
[13574] = 0 0
[13575] = 0 0
[13576] = 0 0
[13577] = 0 0
[13578] = 0 0
[13579] = 0 0
[13580] = 0 0
[13581] = 0 0
[13582] = 0 0
[13583] = 0 0
[13584] = 0 0
[13585] = 0 0
[13586] = 0 0
[13587] = 0 0
[13588] = 0 0
[13589] = 0 0
[13590] = 0 0
[13591] = 0 0
[13592] = 0 0
[13593] = 0 0
[13594] = 0 0
[13595] = 0 0
[13596] = 0 0
[13597] = 0 0
[13598] = 0 0
[13599] = 0 0
[13600] = 0 0
[13601] = 0 0
[13602] = 0 0
[13603] = 0 0
[13604] = 0 0
[13605] = 0 0
[13606] = 0 0
[13607] = 0 0
[13608] = 0 0
[13609] = 0 0
[13610] = 0 0
[13611] = 0 0
[13612] = 0 0
[13613] = 0 0
[13614] = 0 0
[13615] = 0 0
[13616] = 0 0
[13617] = 0 0
[13618] = 0 0
[13619] = 0 0
[13620] = 0 0
[13621] = 0 0
[13622] = 0 0
[13623] = 0 0
[13624] = 0 0
[13625] = 0 0
[13626] = 0 0
[13627] = 0 0
[13628] = 0 0
[13629] = 0 0
[13630] = 0 0
[13631] = 0 0
[13632] = 0 0
[13633] = 0 0
[13634] = 0 0
[13635] = 0 0
[13636] = 0 0
[13637] = 0 0
[13638] = 0 0
[13639] = 0 0
[13640] = 0 0
[13641] = 0 0
[13642] = 0 0
[13643] = 0 0
[13644] = 0 0
[13645] = 0 0
[13646] = 0 0
[13647] = 0 0
[13648] = 0 0
[13649] = 0 0
[13650] = 0 0
[13651] = 0 0
[13652] = 0 0
[13653] = 0 0
[13654] = 0 0
[13655] = 0 0
[13656] = 0 0
[13657] = 0 0
[13658] = 0 0
[13659] = 0 0
[13660] = 0 0
[13661] = 0 0
[13662] = 0 0
[13663] = 0 0
[13664] = 0 0
[13665] = 0 0
[13666] = 0 0
[13667] = 0 0
[13668] = 0 0
[13669] = 0 0
[13670] = 0 0
[13671] = 0 0
[13672] = 0 0
[13673] = 0 0
[13674] = 0 0
[13675] = 0 0
[13676] = 0 0
[13677] = 0 0
[13678] = 0 0
[13679] = 0 0
[13680] = 0 0
[13681] = 0 0
[13682] = 0 0
[13683] = 0 0
[13684] = 0 0
[13685] = 0 0
[13686] = 0 0
[13687] = 0 0
[13688] = 0 0
[13689] = 0 0
[13690] = 0 0
[13691] = 0 0
[13692] = 0 0
[13693] = 0 0
[13694] = 0 0
[13695] = 0 0
[13696] = 0 0
[13697] = 0 0
[13698] = 0 0
[13699] = 0 0
[13700] = 0 0
[13701] = 0 0
[13702] = 0 0
[13703] = 0 0
[13704] = 0 0
[13705] = 0 0
[13706] = 0 0
[13707] = 0 0
[13708] = 0 0
[13709] = 0 0
[13710] = 0 0
[13711] = 0 0
[13712] = 0 0
[13713] = 0 0
[13714] = 0 0
[13715] = 0 0
[13716] = 0 0
[13717] = 0 0
[13718] = 0 0
[13719] = 0 0
[13720] = 0 0
[13721] = 0 0
[13722] = 0 0
[13723] = 0 0
[13724] = 0 0
[13725] = 0 0
[13726] = 0 0
[13727] = 0 0
[13728] = 0 0
[13729] = 0 0
[13730] = 0 0
[13731] = 0 0
[13732] = 0 0
[13733] = 0 0
[13734] = 0 0
[13735] = 0 0
[13736] = 0 0
[13737] = 0 0
[13738] = 0 0
[13739] = 0 0
[13740] = 0 0
[13741] = 0 0
[13742] = 0 0
[13743] = 0 0
[13744] = 0 0
[13745] = 0 0
[13746] = 0 0
[13747] = 0 0
[13748] = 0 0
[13749] = 0 0
[13750] = 0 0
[13751] = 0 0
[13752] = 0 0
[13753] = 0 0
[13754] = 0 0
[13755] = 0 0
[13756] = 0 0
[13757] = 0 0
[13758] = 0 0
[13759] = 0 0
[13760] = 0 0
[13761] = 0 0
[13762] = 0 0
[13763] = 0 0
[13764] = 0 0
[13765] = 0 0
[13766] = 0 0
[13767] = 0 0
[13768] = 0 0
[13769] = 0 0
[13770] = 0 0
[13771] = 0 0
[13772] = 0 0
[13773] = 0 0
[13774] = 0 0
[13775] = 0 0
[13776] = 0 0
[13777] = 0 0
[13778] = 0 0
[13779] = 0 0
[13780] = 0 0
[13781] = 0 0
[13782] = 0 0
[13783] = 0 0
[13784] = 0 0
[13785] = 0 0
[13786] = 0 0
[13787] = 0 0
[13788] = 0 0
[13789] = 0 0
[13790] = 0 0
[13791] = 0 0
[13792] = 0 0
[13793] = 0 0
[13794] = 0 0
[13795] = 0 0
[13796] = 0 0
[13797] = 0 0
[13798] = 0 0
[13799] = 0 0
[13800] = 0 0
[13801] = 0 0
[13802] = 0 0
[13803] = 0 0
[13804] = 0 0
[13805] = 0 0
[13806] = 0 0
[13807] = 0 0
[13808] = 0 0
[13809] = 0 0
[13810] = 0 0
[13811] = 0 0
[13812] = 0 0
[13813] = 0 0
[13814] = 0 0
[13815] = 0 0
[13816] = 0 0
[13817] = 0 0
[13818] = 0 0
[13819] = 0 0
[13820] = 0 0
[13821] = 0 0
[13822] = 0 0
[13823] = 0 0
[13824] = 0 0
[13825] = 0 0
[13826] = 0 0
[13827] = 0 0
[13828] = 0 0
[13829] = 0 0
[13830] = 0 0
[13831] = 0 0
[13832] = 0 0
[13833] = 0 0
[13834] = 0 0
[13835] = 0 0
[13836] = 0 0
[13837] = 0 0
[13838] = 0 0
[13839] = 0 0
[13840] = 0 0
[13841] = 0 0
[13842] = 0 0
[13843] = 0 0
[13844] = 0 0
[13845] = 0 0
[13846] = 0 0
[13847] = 0 0
[13848] = 0 0
[13849] = 0 0
[13850] = 0 0
[13851] = 0 0
[13852] = 0 0
[13853] = 0 0
[13854] = 0 0
[13855] = 0 0
[13856] = 0 0
[13857] = 0 0
[13858] = 0 0
[13859] = 0 0
[13860] = 0 0
[13861] = 0 0
[13862] = 0 0
[13863] = 0 0
[13864] = 0 0
[13865] = 0 0
[13866] = 0 0
[13867] = 0 0
[13868] = 0 0
[13869] = 0 0
[13870] = 0 0
[13871] = 0 0
[13872] = 0 0
[13873] = 0 0
[13874] = 0 0
[13875] = 0 0
[13876] = 0 0
[13877] = 0 0
[13878] = 0 0
[13879] = 0 0
[13880] = 0 0
[13881] = 0 0
[13882] = 0 0
[13883] = 0 0
[13884] = 0 0
[13885] = 0 0
[13886] = 0 0
[13887] = 0 0
[13888] = 0 0
[13889] = 0 0
[13890] = 0 0
[13891] = 0 0
[13892] = 0 0
[13893] = 0 0
[13894] = 0 0
[13895] = 0 0
[13896] = 0 0
[13897] = 0 0
[13898] = 0 0
[13899] = 0 0
[13900] = 0 0
[13901] = 0 0
[13902] = 0 0
[13903] = 0 0
[13904] = 0 0
[13905] = 0 0
[13906] = 0 0
[13907] = 0 0
[13908] = 0 0
[13909] = 0 0
[13910] = 0 0
[13911] = 0 0
[13912] = 0 0
[13913] = 0 0
[13914] = 0 0
[13915] = 0 0
[13916] = 0 0
[13917] = 0 0
[13918] = 0 0
[13919] = 0 0
[13920] = 0 0
[13921] = 0 0
[13922] = 0 0
[13923] = 0 0
[13924] = 0 0
[13925] = 0 0
[13926] = 0 0
[13927] = 0 0
[13928] = 0 0
[13929] = 0 0
[13930] = 0 0
[13931] = 0 0
[13932] = 0 0
[13933] = 0 0
[13934] = 0 0
[13935] = 0 0
[13936] = 0 0
[13937] = 0 0
[13938] = 0 0
[13939] = 0 0
[13940] = 0 0
[13941] = 0 0
[13942] = 0 0
[13943] = 0 0
[13944] = 0 0
[13945] = 0 0
[13946] = 0 0
[13947] = 0 0
[13948] = 0 0
[13949] = 0 0
[13950] = 0 0
[13951] = 0 0
[13952] = 0 0
[13953] = 0 0
[13954] = 0 0
[13955] = 0 0
[13956] = 0 0
[13957] = 0 0
[13958] = 0 0
[13959] = 0 0
[13960] = 0 0
[13961] = 0 0
[13962] = 0 0
[13963] = 0 0
[13964] = 0 0
[13965] = 0 0
[13966] = 0 0
[13967] = 0 0
[13968] = 0 0
[13969] = 0 0
[13970] = 0 0
[13971] = 0 0
[13972] = 0 0
[13973] = 0 0
[13974] = 0 0
[13975] = 0 0
[13976] = 0 0
[13977] = 0 0
[13978] = 0 0
[13979] = 0 0
[13980] = 0 0
[13981] = 0 0
[13982] = 0 0
[13983] = 0 0
[13984] = 0 0
[13985] = 0 0
[13986] = 0 0
[13987] = 0 0
[13988] = 0 0
[13989] = 0 0
[13990] = 0 0
[13991] = 0 0
[13992] = 0 0
[13993] = 0 0
[13994] = 0 0
[13995] = 0 0
[13996] = 0 0
[13997] = 0 0
[13998] = 0 0
[13999] = 0 0
[14000] = 0 0
[14001] = 0 0
[14002] = 0 0
[14003] = 0 0
[14004] = 0 0
[14005] = 0 0
[14006] = 0 0
[14007] = 0 0
[14008] = 0 0
[14009] = 0 0
[14010] = 0 0
[14011] = 0 0
[14012] = 0 0
[14013] = 0 0
[14014] = 0 0
[14015] = 0 0
[14016] = 0 0
[14017] = 0 0
[14018] = 0 0
[14019] = 0 0
[14020] = 0 0
[14021] = 0 0
[14022] = 0 0
[14023] = 0 0
[14024] = 0 0
[14025] = 0 0
[14026] = 0 0
[14027] = 0 0
[14028] = 0 0
[14029] = 0 0
[14030] = 0 0
[14031] = 0 0
[14032] = 0 0
[14033] = 0 0
[14034] = 0 0
[14035] = 0 0
[14036] = 0 0
[14037] = 0 0
[14038] = 0 0
[14039] = 0 0
[14040] = 0 0
[14041] = 0 0
[14042] = 0 0
[14043] = 0 0
[14044] = 0 0
[14045] = 0 0
[14046] = 0 0
[14047] = 0 0
[14048] = 0 0
[14049] = 0 0
[14050] = 0 0
[14051] = 0 0
[14052] = 0 0
[14053] = 0 0
[14054] = 0 0
[14055] = 0 0
[14056] = 0 0
[14057] = 0 0
[14058] = 0 0
[14059] = 0 0
[14060] = 0 0
[14061] = 0 0
[14062] = 0 0
[14063] = 0 0
[14064] = 0 0
[14065] = 0 0
[14066] = 0 0
[14067] = 0 0
[14068] = 0 0
[14069] = 0 0
[14070] = 0 0
[14071] = 0 0
[14072] = 0 0
[14073] = 0 0
[14074] = 0 0
[14075] = 0 0
[14076] = 0 0
[14077] = 0 0
[14078] = 0 0
[14079] = 0 0
[14080] = 0 0
[14081] = 0 0
[14082] = 0 0
[14083] = 0 0
[14084] = 0 0
[14085] = 0 0
[14086] = 0 0
[14087] = 0 0
[14088] = 0 0
[14089] = 0 0
[14090] = 0 0
[14091] = 0 0
[14092] = 0 0
[14093] = 0 0
[14094] = 0 0
[14095] = 0 0
[14096] = 0 0
[14097] = 0 0
[14098] = 0 0
[14099] = 0 0
[14100] = 0 0
[14101] = 0 0
[14102] = 0 0
[14103] = 0 0
[14104] = 0 0
[14105] = 0 0
[14106] = 0 0
[14107] = 0 0
[14108] = 0 0
[14109] = 0 0
[14110] = 0 0
[14111] = 0 0
[14112] = 0 0
[14113] = 0 0
[14114] = 0 0
[14115] = 0 0
[14116] = 0 0
[14117] = 0 0
[14118] = 0 0
[14119] = 0 0
[14120] = 0 0
[14121] = 0 0
[14122] = 0 0
[14123] = 0 0
[14124] = 0 0
[14125] = 0 0
[14126] = 0 0
[14127] = 0 0
[14128] = 0 0
[14129] = 0 0
[14130] = 0 0
[14131] = 0 0
[14132] = 0 0
[14133] = 0 0
[14134] = 0 0
[14135] = 0 0
[14136] = 0 0
[14137] = 0 0
[14138] = 0 0
[14139] = 0 0
[14140] = 0 0
[14141] = 0 0
[14142] = 0 0
[14143] = 0 0
[14144] = 0 0
[14145] = 0 0
[14146] = 0 0
[14147] = 0 0
[14148] = 0 0
[14149] = 0 0
[14150] = 0 0
[14151] = 0 0
[14152] = 0 0
[14153] = 0 0
[14154] = 0 0
[14155] = 0 0
[14156] = 0 0
[14157] = 0 0
[14158] = 0 0
[14159] = 0 0
[14160] = 0 0
[14161] = 0 0
[14162] = 0 0
[14163] = 0 0
[14164] = 0 0
[14165] = 0 0
[14166] = 0 0
[14167] = 0 0
[14168] = 0 0
[14169] = 0 0
[14170] = 0 0
[14171] = 0 0
[14172] = 0 0
[14173] = 0 0
[14174] = 0 0
[14175] = 0 0
[14176] = 0 0
[14177] = 0 0
[14178] = 0 0
[14179] = 0 0
[14180] = 0 0
[14181] = 0 0
[14182] = 0 0
[14183] = 0 0
[14184] = 0 0
[14185] = 0 0
[14186] = 0 0
[14187] = 0 0
[14188] = 0 0
[14189] = 0 0
[14190] = 0 0
[14191] = 0 0
[14192] = 0 0
[14193] = 0 0
[14194] = 0 0
[14195] = 0 0
[14196] = 0 0
[14197] = 0 0
[14198] = 0 0
[14199] = 0 0
[14200] = 0 0
[14201] = 0 0
[14202] = 0 0
[14203] = 0 0
[14204] = 0 0
[14205] = 0 0
[14206] = 0 0
[14207] = 0 0
[14208] = 0 0
[14209] = 0 0
[14210] = 0 0
[14211] = 0 0
[14212] = 0 0
[14213] = 0 0
[14214] = 0 0
[14215] = 0 0
[14216] = 0 0
[14217] = 0 0
[14218] = 0 0
[14219] = 0 0
[14220] = 0 0
[14221] = 0 0
[14222] = 0 0
[14223] = 0 0
[14224] = 0 0
[14225] = 0 0
[14226] = 0 0
[14227] = 0 0
[14228] = 0 0
[14229] = 0 0
[14230] = 0 0
[14231] = 0 0
[14232] = 0 0
[14233] = 0 0
[14234] = 0 0
[14235] = 0 0
[14236] = 0 0
[14237] = 0 0
[14238] = 0 0
[14239] = 0 0
[14240] = 0 0
[14241] = 0 0
[14242] = 0 0
[14243] = 0 0
[14244] = 0 0
[14245] = 0 0
[14246] = 0 0
[14247] = 0 0
[14248] = 0 0
[14249] = 0 0
[14250] = 0 0
[14251] = 0 0
[14252] = 0 0
[14253] = 0 0
[14254] = 0 0
[14255] = 0 0
[14256] = 0 0
[14257] = 0 0
[14258] = 0 0
[14259] = 0 0
[14260] = 0 0
[14261] = 0 0
[14262] = 0 0
[14263] = 0 0
[14264] = 0 0
[14265] = 0 0
[14266] = 0 0
[14267] = 0 0
[14268] = 0 0
[14269] = 0 0
[14270] = 0 0
[14271] = 0 0
[14272] = 0 0
[14273] = 0 0
[14274] = 0 0
[14275] = 0 0
[14276] = 0 0
[14277] = 0 0
[14278] = 0 0
[14279] = 0 0
[14280] = 0 0
[14281] = 0 0
[14282] = 0 0
[14283] = 0 0
[14284] = 0 0
[14285] = 0 0
[14286] = 0 0
[14287] = 0 0
[14288] = 0 0
[14289] = 0 0
[14290] = 0 0
[14291] = 0 0
[14292] = 0 0
[14293] = 0 0
[14294] = 0 0
[14295] = 0 0
[14296] = 0 0
[14297] = 0 0
[14298] = 0 0
[14299] = 0 0
[14300] = 0 0
[14301] = 0 0
[14302] = 0 0
[14303] = 0 0
[14304] = 0 0
[14305] = 0 0
[14306] = 0 0
[14307] = 0 0
[14308] = 0 0
[14309] = 0 0
[14310] = 0 0
[14311] = 0 0
[14312] = 0 0
[14313] = 0 0
[14314] = 0 0
[14315] = 0 0
[14316] = 0 0
[14317] = 0 0
[14318] = 0 0
[14319] = 0 0
[14320] = 0 0
[14321] = 0 0
[14322] = 0 0
[14323] = 0 0
[14324] = 0 0
[14325] = 0 0
[14326] = 0 0
[14327] = 0 0
[14328] = 0 0
[14329] = 0 0
[14330] = 0 0
[14331] = 0 0
[14332] = 0 0
[14333] = 0 0
[14334] = 0 0
[14335] = 0 0
[14336] = 0 0
[14337] = 0 0
[14338] = 0 0
[14339] = 0 0
[14340] = 0 0
[14341] = 0 0
[14342] = 0 0
[14343] = 0 0
[14344] = 0 0
[14345] = 0 0
[14346] = 0 0
[14347] = 0 0
[14348] = 0 0
[14349] = 0 0
[14350] = 0 0
[14351] = 0 0
[14352] = 0 0
[14353] = 0 0
[14354] = 0 0
[14355] = 0 0
[14356] = 0 0
[14357] = 0 0
[14358] = 0 0
[14359] = 0 0
[14360] = 0 0
[14361] = 0 0
[14362] = 0 0
[14363] = 0 0
[14364] = 0 0
[14365] = 0 0
[14366] = 0 0
[14367] = 0 0
[14368] = 0 0
[14369] = 0 0
[14370] = 0 0
[14371] = 0 0
[14372] = 0 0
[14373] = 0 0
[14374] = 0 0
[14375] = 0 0
[14376] = 0 0
[14377] = 0 0
[14378] = 0 0
[14379] = 0 0
[14380] = 0 0
[14381] = 0 0
[14382] = 0 0
[14383] = 0 0
[14384] = 0 0
[14385] = 0 0
[14386] = 0 0
[14387] = 0 0
[14388] = 0 0
[14389] = 0 0
[14390] = 0 0
[14391] = 0 0
[14392] = 0 0
[14393] = 0 0
[14394] = 0 0
[14395] = 0 0
[14396] = 0 0
[14397] = 0 0
[14398] = 0 0
[14399] = 0 0
[14400] = 0 0
[14401] = 0 0
[14402] = 0 0
[14403] = 0 0
[14404] = 0 0
[14405] = 0 0
[14406] = 0 0
[14407] = 0 0
[14408] = 0 0
[14409] = 0 0
[14410] = 0 0
[14411] = 0 0
[14412] = 0 0
[14413] = 0 0
[14414] = 0 0
[14415] = 0 0
[14416] = 0 0
[14417] = 0 0
[14418] = 0 0
[14419] = 0 0
[14420] = 0 0
[14421] = 0 0
[14422] = 0 0
[14423] = 0 0
[14424] = 0 0
[14425] = 0 0
[14426] = 0 0
[14427] = 0 0
[14428] = 0 0
[14429] = 0 0
[14430] = 0 0
[14431] = 0 0
[14432] = 0 0
[14433] = 0 0
[14434] = 0 0
[14435] = 0 0
[14436] = 0 0
[14437] = 0 0
[14438] = 0 0
[14439] = 0 0
[14440] = 0 0
[14441] = 0 0
[14442] = 0 0
[14443] = 0 0
[14444] = 0 0
[14445] = 0 0
[14446] = 0 0
[14447] = 0 0
[14448] = 0 0
[14449] = 0 0
[14450] = 0 0
[14451] = 0 0
[14452] = 0 0
[14453] = 0 0
[14454] = 0 0
[14455] = 0 0
[14456] = 0 0
[14457] = 0 0
[14458] = 0 0
[14459] = 0 0
[14460] = 0 0
[14461] = 0 0
[14462] = 0 0
[14463] = 0 0
[14464] = 0 0
[14465] = 0 0
[14466] = 0 0
[14467] = 0 0
[14468] = 0 0
[14469] = 0 0
[14470] = 0 0
[14471] = 0 0
[14472] = 0 0
[14473] = 0 0
[14474] = 0 0
[14475] = 0 0
[14476] = 0 0
[14477] = 0 0
[14478] = 0 0
[14479] = 0 0
[14480] = 0 0
[14481] = 0 0
[14482] = 0 0
[14483] = 0 0
[14484] = 0 0
[14485] = 0 0
[14486] = 0 0
[14487] = 0 0
[14488] = 0 0
[14489] = 0 0
[14490] = 0 0
[14491] = 0 0
[14492] = 0 0
[14493] = 0 0
[14494] = 0 0
[14495] = 0 0
[14496] = 0 0
[14497] = 0 0
[14498] = 0 0
[14499] = 0 0
[14500] = 0 0
[14501] = 0 0
[14502] = 0 0
[14503] = 0 0
[14504] = 0 0
[14505] = 0 0
[14506] = 0 0
[14507] = 0 0
[14508] = 0 0
[14509] = 0 0
[14510] = 0 0
[14511] = 0 0
[14512] = 0 0
[14513] = 0 0
[14514] = 0 0
[14515] = 0 0
[14516] = 0 0
[14517] = 0 0
[14518] = 0 0
[14519] = 0 0
[14520] = 0 0
[14521] = 0 0
[14522] = 0 0
[14523] = 0 0
[14524] = 0 0
[14525] = 0 0
[14526] = 0 0
[14527] = 0 0
[14528] = 0 0
[14529] = 0 0
[14530] = 0 0
[14531] = 0 0
[14532] = 0 0
[14533] = 0 0
[14534] = 0 0
[14535] = 0 0
[14536] = 0 0
[14537] = 0 0
[14538] = 0 0
[14539] = 0 0
[14540] = 0 0
[14541] = 0 0
[14542] = 0 0
[14543] = 0 0
[14544] = 0 0
[14545] = 0 0
[14546] = 0 0
[14547] = 0 0
[14548] = 0 0
[14549] = 0 0
[14550] = 0 0
[14551] = 0 0
[14552] = 0 0
[14553] = 0 0
[14554] = 0 0
[14555] = 0 0
[14556] = 0 0
[14557] = 0 0
[14558] = 0 0
[14559] = 0 0
[14560] = 0 0
[14561] = 0 0
[14562] = 0 0
[14563] = 0 0
[14564] = 0 0
[14565] = 0 0
[14566] = 0 0
[14567] = 0 0
[14568] = 0 0
[14569] = 0 0
[14570] = 0 0
[14571] = 0 0
[14572] = 0 0
[14573] = 0 0
[14574] = 0 0
[14575] = 0 0
[14576] = 0 0
[14577] = 0 0
[14578] = 0 0
[14579] = 0 0
[14580] = 0 0
[14581] = 0 0
[14582] = 0 0
[14583] = 0 0
[14584] = 0 0
[14585] = 0 0
[14586] = 0 0
[14587] = 0 0
[14588] = 0 0
[14589] = 0 0
[14590] = 0 0
[14591] = 0 0
[14592] = 0 0
[14593] = 0 0
[14594] = 0 0
[14595] = 0 0
[14596] = 0 0
[14597] = 0 0
[14598] = 0 0
[14599] = 0 0
[14600] = 0 0
[14601] = 0 0
[14602] = 0 0
[14603] = 0 0
[14604] = 0 0
[14605] = 0 0
[14606] = 0 0
[14607] = 0 0
[14608] = 0 0
[14609] = 0 0
[14610] = 0 0
[14611] = 0 0
[14612] = 0 0
[14613] = 0 0
[14614] = 0 0
[14615] = 0 0
[14616] = 0 0
[14617] = 0 0
[14618] = 0 0
[14619] = 0 0
[14620] = 0 0
[14621] = 0 0
[14622] = 0 0
[14623] = 0 0
[14624] = 0 0
[14625] = 0 0
[14626] = 0 0
[14627] = 0 0
[14628] = 0 0
[14629] = 0 0
[14630] = 0 0
[14631] = 0 0
[14632] = 0 0
[14633] = 0 0
[14634] = 0 0
[14635] = 0 0
[14636] = 0 0
[14637] = 0 0
[14638] = 0 0
[14639] = 0 0
[14640] = 0 0
[14641] = 0 0
[14642] = 0 0
[14643] = 0 0
[14644] = 0 0
[14645] = 0 0
[14646] = 0 0
[14647] = 0 0
[14648] = 0 0
[14649] = 0 0
[14650] = 0 0
[14651] = 0 0
[14652] = 0 0
[14653] = 0 0
[14654] = 0 0
[14655] = 0 0
[14656] = 0 0
[14657] = 0 0
[14658] = 0 0
[14659] = 0 0
[14660] = 0 0
[14661] = 0 0
[14662] = 0 0
[14663] = 0 0
[14664] = 0 0
[14665] = 0 0
[14666] = 0 0
[14667] = 0 0
[14668] = 0 0
[14669] = 0 0
[14670] = 0 0
[14671] = 0 0
[14672] = 0 0
[14673] = 0 0
[14674] = 0 0
[14675] = 0 0
[14676] = 0 0
[14677] = 0 0
[14678] = 0 0
[14679] = 0 0
[14680] = 0 0
[14681] = 0 0
[14682] = 0 0
[14683] = 0 0
[14684] = 0 0
[14685] = 0 0
[14686] = 0 0
[14687] = 0 0
[14688] = 0 0
[14689] = 0 0
[14690] = 0 0
[14691] = 0 0
[14692] = 0 0
[14693] = 0 0
[14694] = 0 0
[14695] = 0 0
[14696] = 0 0
[14697] = 0 0
[14698] = 0 0
[14699] = 0 0
[14700] = 0 0
[14701] = 0 0
[14702] = 0 0
[14703] = 0 0
[14704] = 0 0
[14705] = 0 0
[14706] = 0 0
[14707] = 0 0
[14708] = 0 0
[14709] = 0 0
[14710] = 0 0
[14711] = 0 0
[14712] = 0 0
[14713] = 0 0
[14714] = 0 0
[14715] = 0 0
[14716] = 0 0
[14717] = 0 0
[14718] = 0 0
[14719] = 0 0
[14720] = 0 0
[14721] = 0 0
[14722] = 0 0
[14723] = 0 0
[14724] = 0 0
[14725] = 0 0
[14726] = 0 0
[14727] = 0 0
[14728] = 0 0
[14729] = 0 0
[14730] = 0 0
[14731] = 0 0
[14732] = 0 0
[14733] = 0 0
[14734] = 0 0
[14735] = 0 0
[14736] = 0 0
[14737] = 0 0
[14738] = 0 0
[14739] = 0 0
[14740] = 0 0
[14741] = 0 0
[14742] = 0 0
[14743] = 0 0
[14744] = 0 0
[14745] = 0 0
[14746] = 0 0
[14747] = 0 0
[14748] = 0 0
[14749] = 0 0
[14750] = 0 0
[14751] = 0 0
[14752] = 0 0
[14753] = 0 0
[14754] = 0 0
[14755] = 0 0
[14756] = 0 0
[14757] = 0 0
[14758] = 0 0
[14759] = 0 0
[14760] = 0 0
[14761] = 0 0
[14762] = 0 0
[14763] = 0 0
[14764] = 0 0
[14765] = 0 0
[14766] = 0 0
[14767] = 0 0
[14768] = 0 0
[14769] = 0 0
[14770] = 0 0
[14771] = 0 0
[14772] = 0 0
[14773] = 0 0
[14774] = 0 0
[14775] = 0 0
[14776] = 0 0
[14777] = 0 0
[14778] = 0 0
[14779] = 0 0
[14780] = 0 0
[14781] = 0 0
[14782] = 0 0
[14783] = 0 0
[14784] = 0 0
[14785] = 0 0
[14786] = 0 0
[14787] = 0 0
[14788] = 0 0
[14789] = 0 0
[14790] = 0 0
[14791] = 0 0
[14792] = 0 0
[14793] = 0 0
[14794] = 0 0
[14795] = 0 0
[14796] = 0 0
[14797] = 0 0
[14798] = 0 0
[14799] = 0 0
[14800] = 0 0
[14801] = 0 0
[14802] = 0 0
[14803] = 0 0
[14804] = 0 0
[14805] = 0 0
[14806] = 0 0
[14807] = 0 0
[14808] = 0 0
[14809] = 0 0
[14810] = 0 0
[14811] = 0 0
[14812] = 0 0
[14813] = 0 0
[14814] = 0 0
[14815] = 0 0
[14816] = 0 0
[14817] = 0 0
[14818] = 0 0
[14819] = 0 0
[14820] = 0 0
[14821] = 0 0
[14822] = 0 0
[14823] = 0 0
[14824] = 0 0
[14825] = 0 0
[14826] = 0 0
[14827] = 0 0
[14828] = 0 0
[14829] = 0 0
[14830] = 0 0
[14831] = 0 0
[14832] = 0 0
[14833] = 0 0
[14834] = 0 0
[14835] = 0 0
[14836] = 0 0
[14837] = 0 0
[14838] = 0 0
[14839] = 0 0
[14840] = 0 0
[14841] = 0 0
[14842] = 0 0
[14843] = 0 0
[14844] = 0 0
[14845] = 0 0
[14846] = 0 0
[14847] = 0 0
[14848] = 0 0
[14849] = 0 0
[14850] = 0 0
[14851] = 0 0
[14852] = 0 0
[14853] = 0 0
[14854] = 0 0
[14855] = 0 0
[14856] = 0 0
[14857] = 0 0
[14858] = 0 0
[14859] = 0 0
[14860] = 0 0
[14861] = 0 0
[14862] = 0 0
[14863] = 0 0
[14864] = 0 0
[14865] = 0 0
[14866] = 0 0
[14867] = 0 0
[14868] = 0 0
[14869] = 0 0
[14870] = 0 0
[14871] = 0 0
[14872] = 0 0
[14873] = 0 0
[14874] = 0 0
[14875] = 0 0
[14876] = 0 0
[14877] = 0 0
[14878] = 0 0
[14879] = 0 0
[14880] = 0 0
[14881] = 0 0
[14882] = 0 0
[14883] = 0 0
[14884] = 0 0
[14885] = 0 0
[14886] = 0 0
[14887] = 0 0
[14888] = 0 0
[14889] = 0 0
[14890] = 0 0
[14891] = 0 0
[14892] = 0 0
[14893] = 0 0
[14894] = 0 0
[14895] = 0 0
[14896] = 0 0
[14897] = 0 0
[14898] = 0 0
[14899] = 0 0
[14900] = 0 0
[14901] = 0 0
[14902] = 0 0
[14903] = 0 0
[14904] = 0 0
[14905] = 0 0
[14906] = 0 0
[14907] = 0 0
[14908] = 0 0
[14909] = 0 0
[14910] = 0 0
[14911] = 0 0
[14912] = 0 0
[14913] = 0 0
[14914] = 0 0
[14915] = 0 0
[14916] = 0 0
[14917] = 0 0
[14918] = 0 0
[14919] = 0 0
[14920] = 0 0
[14921] = 0 0
[14922] = 0 0
[14923] = 0 0
[14924] = 0 0
[14925] = 0 0
[14926] = 0 0
[14927] = 0 0
[14928] = 0 0
[14929] = 0 0
[14930] = 0 0
[14931] = 0 0
[14932] = 0 0
[14933] = 0 0
[14934] = 0 0
[14935] = 0 0
[14936] = 0 0
[14937] = 0 0
[14938] = 0 0
[14939] = 0 0
[14940] = 0 0
[14941] = 0 0
[14942] = 0 0
[14943] = 0 0
[14944] = 0 0
[14945] = 0 0
[14946] = 0 0
[14947] = 0 0
[14948] = 0 0
[14949] = 0 0
[14950] = 0 0
[14951] = 0 0
[14952] = 0 0
[14953] = 0 0
[14954] = 0 0
[14955] = 0 0
[14956] = 0 0
[14957] = 0 0
[14958] = 0 0
[14959] = 0 0
[14960] = 0 0
[14961] = 0 0
[14962] = 0 0
[14963] = 0 0
[14964] = 0 0
[14965] = 0 0
[14966] = 0 0
[14967] = 0 0
[14968] = 0 0
[14969] = 0 0
[14970] = 0 0
[14971] = 0 0
[14972] = 0 0
[14973] = 0 0
[14974] = 0 0
[14975] = 0 0
[14976] = 0 0
[14977] = 0 0
[14978] = 0 0
[14979] = 0 0
[14980] = 0 0
[14981] = 0 0
[14982] = 0 0
[14983] = 0 0
[14984] = 0 0
[14985] = 0 0
[14986] = 0 0
[14987] = 0 0
[14988] = 0 0
[14989] = 0 0
[14990] = 0 0
[14991] = 0 0
[14992] = 0 0
[14993] = 0 0
[14994] = 0 0
[14995] = 0 0
[14996] = 0 0
[14997] = 0 0
[14998] = 0 0
[14999] = 0 0

