[0] = 0 0
[1] = 0 0
[2] = 0 0
[3] = 0 0
[4] = 0 0
[5] = 0 0
[6] = 0 0
[7] = 0 0
[8] = 0 0
[9] = 0 0
[10] = 0 0
[11] = 0 0
[12] = 0 0
[13] = 0 0
[14] = 0 0
[15] = 0 0
[16] = 0 0
[17] = 0 0
[18] = 1 1
[19] = 1 1
[20] = 1 1
[21] = 2 2
[22] = 2 2
[23] = 2 2
[24] = 3 3
[25] = 3 3
[26] = 4 4
[27] = 4 4
[28] = 5 5
[29] = 6 6
[30] = 6 6
[31] = 7 7
[32] = 8 8
[33] = 8 8
[34] = 9 9
[35] = 10 10
[36] = 11 11
[37] = 11 11
[38] = 12 12
[39] = 13 13
[40] = 14 14
[41] = 15 15
[42] = 16 16
[43] = 17 17
[44] = 18 18
[45] = 19 19
[46] = 20 20
[47] = 21 21
[48] = 23 23
[49] = 24 24
[50] = 25 25
[51] = 26 26
[52] = 28 28
[53] = 29 29
[54] = 30 30
[55] = 32 32
[56] = 33 33
[57] = 35 35
[58] = 36 36
[59] = 38 38
[60] = 39 39
[61] = 41 41
[62] = 42 42
[63] = 44 44
[64] = 46 46
[65] = 47 47
[66] = 49 49
[67] = 51 51
[68] = 53 53
[69] = 54 54
[70] = 56 56
[71] = 58 58
[72] = 60 60
[73] = 62 62
[74] = 64 64
[75] = 66 66
[76] = 68 68
[77] = 70 70
[78] = 72 72
[79] = 74 74
[80] = 77 77
[81] = 79 79
[82] = 81 81
[83] = 83 83
[84] = 85 85
[85] = 88 88
[86] = 90 90
[87] = 92 92
[88] = 95 95
[89] = 97 97
[90] = 100 100
[91] = 102 102
[92] = 105 105
[93] = 107 107
[94] = 110 110
[95] = 113 113
[96] = 115 115
[97] = 118 118
[98] = 121 121
[99] = 123 123
[100] = 126 126
[101] = 129 129
[102] = 132 132
[103] = 135 135
[104] = 137 137
[105] = 140 140
[106] = 143 143
[107] = 146 146
[108] = 149 149
[109] = 152 152
[110] = 155 155
[111] = 158 158
[112] = 162 162
[113] = 165 165
[114] = 168 168
[115] = 171 171
[116] = 174 174
[117] = 178 178
[118] = 181 181
[119] = 181 181
[120] = 181 181
[121] = 181 181
[122] = 181 181
[123] = 181 181
[124] = 181 181
[125] = 180 180
[126] = 180 180
[127] = 180 180
[128] = 179 179
[129] = 179 179
[130] = 179 179
[131] = 178 178
[132] = 178 178
[133] = 178 178
[134] = 177 177
[135] = 177 177
[136] = 176 176
[137] = 176 176
[138] = 175 175
[139] = 174 174
[140] = 174 174
[141] = 173 173
[142] = 172 172
[143] = 171 171
[144] = 171 171
[145] = 170 170
[146] = 169 169
[147] = 168 168
[148] = 167 167
[149] = 166 166
[150] = 165 165
[151] = 164 164
[152] = 163 163
[153] = 162 162
[154] = 161 161
[155] = 160 160
[156] = 159 159
[157] = 158 158
[158] = 157 157
[159] = 155 155
[160] = 154 154
[161] = 153 153
[162] = 151 151
[163] = 150 150
[164] = 149 149
[165] = 147 147
[166] = 146 146
[167] = 144 144
[168] = 143 143
[169] = 141 141
[170] = 140 140
[171] = 138 138
[172] = 136 136
[173] = 135 135
[174] = 133 133
[175] = 131 131
[176] = 130 130
[177] = 128 128
[178] = 126 126
[179] = 124 124
[180] = 122 122
[181] = 120 120
[182] = 118 118
[183] = 116 116
[184] = 114 114
[185] = 112 112
[186] = 110 110
[187] = 108 108
[188] = 106 106
[189] = 104 104
[190] = 102 102
[191] = 100 100
[192] = 97 97
[193] = 95 95
[194] = 93 93
[195] = 90 90
[196] = 88 88
[197] = 86 86
[198] = 83 83
[199] = 81 81
[200] = 78 78
[201] = 76 76
[202] = 73 73
[203] = 71 71
[204] = 68 68
[205] = 65 65
[206] = 63 63
[207] = 60 60
[208] = 57 57
[209] = 54 54
[210] = 52 52
[211] = 49 49
[212] = 46 46
[213] = 43 43
[214] = 40 40
[215] = 37 37
[216] = 34 34
[217] = 31 31
[218] = 28 28
[219] = 25 25
[220] = 22 22
[221] = 19 19
[222] = 16 16
[223] = 13 13
[224] = 9 9
[225] = 6 6
[226] = 3 3
[227] = 0 0
[228] = 3 3
[229] = 6 6
[230] = 10 10
[231] = 13 13
[232] = 16 16
[233] = 20 20
[234] = 24 24
[235] = 27 27
[236] = 31 31
[237] = 34 34
[238] = 38 38
[239] = 42 42
[240] = 45 45
[241] = 49 49
[242] = 53 53
[243] = 57 57
[244] = 61 61
[245] = 64 64
[246] = 68 68
[247] = 72 72
[248] = 76 76
[249] = 80 80
[250] = 84 84
[251] = 88 88
[252] = 92 92
[253] = 96 96
[254] = 101 101
[255] = 105 105
[256] = 109 109
[257] = 113 113
[258] = 117 117
[259] = 122 122
[260] = 126 126
[261] = 130 130
[262] = 135 135
[263] = 139 139
[264] = 144 144
[265] = 148 148
[266] = 153 153
[267] = 157 157
[268] = 162 162
[269] = 166 166
[270] = 171 171
[271] = 176 176
[272] = 180 180
[273] = 185 185
[274] = 190 190
[275] = 195 195
[276] = 199 199
[277] = 204 204
[278] = 209 209
[279] = 214 214
[280] = 219 219
[281] = 224 224
[282] = 229 229
[283] = 234 234
[284] = 239 239
[285] = 244 244
[286] = 249 249
[287] = 254 254
[288] = 260 260
[289] = 265 265
[290] = 270 270
[291] = 275 275
[292] = 281 281
[293] = 286 286
[294] = 291 291
[295] = 297 297
[296] = 302 302
[297] = 308 308
[298] = 313 313
[299] = 319 319
[300] = 324 324
[301] = 330 330
[302] = 335 335
[303] = 341 341
[304] = 347 347
[305] = 352 352
[306] = 358 358
[307] = 364 364
[308] = 370 370
[309] = 375 375
[310] = 381 381
[311] = 387 387
[312] = 393 393
[313] = 399 399
[314] = 405 405
[315] = 411 411
[316] = 417 417
[317] = 423 423
[318] = 429 429
[319] = 435 435
[320] = 442 442
[321] = 448 448
[322] = 454 454
[323] = 460 460
[324] = 467 467
[325] = 473 473
[326] = 479 479
[327] = 486 486
[328] = 492 492
[329] = 499 499
[330] = 505 505
[331] = 511 511
[332] = 518 518
[333] = 525 525
[334] = 531 531
[335] = 538 538
[336] = 544 544
[337] = 541 541
[338] = 538 538
[339] = 534 534
[340] = 531 531
[341] = 527 527
[342] = 524 524
[343] = 520 520
[344] = 517 517
[345] = 513 513
[346] = 510 510
[347] = 506 506
[348] = 502 502
[349] = 499 499
[350] = 495 495
[351] = 491 491
[352] = 487 487
[353] = 483 483
[354] = 479 479
[355] = 475 475
[356] = 472 472
[357] = 468 468
[358] = 464 464
[359] = 460 460
[360] = 456 456
[361] = 451 451
[362] = 447 447
[363] = 443 443
[364] = 439 439
[365] = 435 435
[366] = 431 431
[367] = 426 426
[368] = 422 422
[369] = 418 418
[370] = 413 413
[371] = 409 409
[372] = 405 405
[373] = 400 400
[374] = 396 396
[375] = 391 391
[376] = 387 387
[377] = 382 382
[378] = 377 377
[379] = 373 373
[380] = 368 368
[381] = 363 363
[382] = 359 359
[383] = 354 354
[384] = 349 349
[385] = 344 344
[386] = 339 339
[387] = 335 335
[388] = 330 330
[389] = 325 325
[390] = 320 320
[391] = 315 315
[392] = 310 310
[393] = 305 305
[394] = 300 300
[395] = 295 295
[396] = 289 289
[397] = 284 284
[398] = 279 279
[399] = 274 274
[400] = 268 268
[401] = 263 263
[402] = 258 258
[403] = 252 252
[404] = 247 247
[405] = 242 242
[406] = 236 236
[407] = 231 231
[408] = 225 225
[409] = 220 220
[410] = 214 214
[411] = 208 208
[412] = 203 203
[413] = 197 197
[414] = 191 191
[415] = 186 186
[416] = 180 180
[417] = 174 174
[418] = 168 168
[419] = 162 162
[420] = 156 156
[421] = 151 151
[422] = 145 145
[423] = 139 139
[424] = 133 133
[425] = 127 127
[426] = 121 121
[427] = 114 114
[428] = 108 108
[429] = 102 102
[430] = 96 96
[431] = 90 90
[432] = 83 83
[433] = 77 77
[434] = 71 71
[435] = 65 65
[436] = 58 58
[437] = 52 52
[438] = 45 45
[439] = 39 39
[440] = 32 32
[441] = 26 26
[442] = 19 19
[443] = 13 13
[444] = 6 6
[445] = 0 0
[446] = 6 6
[447] = 13 13
[448] = 20 20
[449] = 26 26
[450] = 33 33
[451] = 40 40
[452] = 47 47
[453] = 54 54
[454] = 61 61
[455] = 68 68
[456] = 75 75
[457] = 82 82
[458] = 89 89
[459] = 96 96
[460] = 103 103
[461] = 110 110
[462] = 117 117
[463] = 124 124
[464] = 132 132
[465] = 139 139
[466] = 146 146
[467] = 154 154
[468] = 161 161
[469] = 168 168
[470] = 176 176
[471] = 183 183
[472] = 191 191
[473] = 198 198
[474] = 206 206
[475] = 213 213
[476] = 221 221
[477] = 228 228
[478] = 236 236
[479] = 244 244
[480] = 251 251
[481] = 259 259
[482] = 267 267
[483] = 275 275
[484] = 283 283
[485] = 291 291
[486] = 298 298
[487] = 306 306
[488] = 314 314
[489] = 322 322
[490] = 330 330
[491] = 338 338
[492] = 347 347
[493] = 355 355
[494] = 363 363
[495] = 371 371
[496] = 379 379
[497] = 387 387
[498] = 396 396
[499] = 404 404
[500] = 412 412
[501] = 421 421
[502] = 429 429
[503] = 437 437
[504] = 446 446
[505] = 454 454
[506] = 463 463
[507] = 472 472
[508] = 480 480
[509] = 489 489
[510] = 497 497
[511] = 506 506
[512] = 515 515
[513] = 523 523
[514] = 532 532
[515] = 541 541
[516] = 550 550
[517] = 559 559
[518] = 568 568
[519] = 577 577
[520] = 585 585
[521] = 594 594
[522] = 603 603
[523] = 612 612
[524] = 621 621
[525] = 631 631
[526] = 640 640
[527] = 649 649
[528] = 658 658
[529] = 667 667
[530] = 677 677
[531] = 686 686
[532] = 695 695
[533] = 704 704
[534] = 714 714
[535] = 723 723
[536] = 733 733
[537] = 742 742
[538] = 752 752
[539] = 761 761
[540] = 771 771
[541] = 780 780
[542] = 790 790
[543] = 800 800
[544] = 809 809
[545] = 819 819
[546] = 829 829
[547] = 839 839
[548] = 848 848
[549] = 858 858
[550] = 868 868
[551] = 878 878
[552] = 888 888
[553] = 898 898
[554] = 908 908
[555] = 901 901
[556] = 894 894
[557] = 888 888
[558] = 881 881
[559] = 874 874
[560] = 867 867
[561] = 860 860
[562] = 853 853
[563] = 846 846
[564] = 839 839
[565] = 833 833
[566] = 825 825
[567] = 818 818
[568] = 811 811
[569] = 804 804
[570] = 797 797
[571] = 790 790
[572] = 783 783
[573] = 776 776
[574] = 768 768
[575] = 761 761
[576] = 754 754
[577] = 746 746
[578] = 739 739
[579] = 732 732
[580] = 724 724
[581] = 717 717
[582] = 709 709
[583] = 702 702
[584] = 694 694
[585] = 686 686
[586] = 679 679
[587] = 671 671
[588] = 663 663
[589] = 656 656
[590] = 648 648
[591] = 640 640
[592] = 632 632
[593] = 625 625
[594] = 617 617
[595] = 609 609
[596] = 601 601
[597] = 593 593
[598] = 585 585
[599] = 577 577
[600] = 569 569
[601] = 561 561
[602] = 552 552
[603] = 544 544
[604] = 536 536
[605] = 528 528
[606] = 520 520
[607] = 511 511
[608] = 503 503
[609] = 495 495
[610] = 486 486
[611] = 478 478
[612] = 470 470
[613] = 461 461
[614] = 453 453
[615] = 444 444
[616] = 436 436
[617] = 427 427
[618] = 418 418
[619] = 410 410
[620] = 401 401
[621] = 392 392
[622] = 384 384
[623] = 375 375
[624] = 366 366
[625] = 357 357
[626] = 349 349
[627] = 340 340
[628] = 331 331
[629] = 322 322
[630] = 313 313
[631] = 304 304
[632] = 295 295
[633] = 286 286
[634] = 277 277
[635] = 267 267
[636] = 258 258
[637] = 249 249
[638] = 240 240
[639] = 231 231
[640] = 221 221
[641] = 212 212
[642] = 203 203
[643] = 193 193
[644] = 184 184
[645] = 174 174
[646] = 165 165
[647] = 156 156
[648] = 146 146
[649] = 136 136
[650] = 127 127
[651] = 117 117
[652] = 108 108
[653] = 98 98
[654] = 88 88
[655] = 78 78
[656] = 69 69
[657] = 59 59
[658] = 49 49
[659] = 39 39
[660] = 29 29
[661] = 19 19
[662] = 9 9
[663] = 0 0
[664] = 10 10
[665] = 20 20
[666] = 30 30
[667] = 40 40
[668] = 50 50
[669] = 60 60
[670] = 70 70
[671] = 80 80
[672] = 91 91
[673] = 101 101
[674] = 111 111
[675] = 122 122
[676] = 132 132
[677] = 142 142
[678] = 153 153
[679] = 163 163
[680] = 174 174
[681] = 184 184
[682] = 195 195
[683] = 206 206
[684] = 216 216
[685] = 227 227
[686] = 238 238
[687] = 248 248
[688] = 259 259
[689] = 270 270
[690] = 281 281
[691] = 291 291
[692] = 302 302
[693] = 313 313
[694] = 324 324
[695] = 335 335
[696] = 346 346
[697] = 357 357
[698] = 368 368
[699] = 379 379
[700] = 390 390
[701] = 401 401
[702] = 413 413
[703] = 424 424
[704] = 435 435
[705] = 446 446
[706] = 458 458
[707] = 469 469
[708] = 480 480
[709] = 492 492
[710] = 506 506
[711] = 521 521
[712] = 535 535
[713] = 551 551
[714] = 565 565
[715] = 580 580
[716] = 595 595
[717] = 610 610
[718] = 625 625
[719] = 640 640
[720] = 655 655
[721] = 670 670
[722] = 686 686
[723] = 700 700
[724] = 715 715
[725] = 731 731
[726] = 746 746
[727] = 761 761
[728] = 777 777
[729] = 792 792
[730] = 807 807
[731] = 823 823
[732] = 838 838
[733] = 853 853
[734] = 869 869
[735] = 885 885
[736] = 900 900
[737] = 916 916
[738] = 931 931
[739] = 947 947
[740] = 963 963
[741] = 978 978
[742] = 994 994
[743] = 1010 1010
[744] = 1026 1026
[745] = 1041 1041
[746] = 1058 1058
[747] = 1073 1073
[748] = 1089 1089
[749] = 1106 1106
[750] = 1121 1121
[751] = 1137 1137
[752] = 1154 1154
[753] = 1169 1169
[754] = 1185 1185
[755] = 1202 1202
[756] = 1218 1218
[757] = 1233 1233
[758] = 1250 1250
[759] = 1266 1266
[760] = 1282 1282
[761] = 1299 1299
[762] = 1315 1315
[763] = 1152 1152
[764] = 1165 1165
[765] = 1178 1178
[766] = 1192 1192
[767] = 1205 1205
[768] = 1218 1218
[769] = 1231 1231
[770] = 1245 1245
[771] = 1258 1258
[772] = 1271 1271
[773] = 1261 1261
[774] = 1251 1251
[775] = 1241 1241
[776] = 1231 1231
[777] = 1221 1221
[778] = 1210 1210
[779] = 1200 1200
[780] = 1190 1190
[781] = 1180 1180
[782] = 1169 1169
[783] = 1159 1159
[784] = 1149 1149
[785] = 1138 1138
[786] = 1128 1128
[787] = 1118 1118
[788] = 1107 1107
[789] = 1097 1097
[790] = 1086 1086
[791] = 1075 1075
[792] = 1065 1065
[793] = 1054 1054
[794] = 1044 1044
[795] = 1033 1033
[796] = 1022 1022
[797] = 1011 1011
[798] = 1001 1001
[799] = 990 990
[800] = 979 979
[801] = 968 968
[802] = 957 957
[803] = 946 946
[804] = 935 935
[805] = 924 924
[806] = 913 913
[807] = 902 902
[808] = 891 891
[809] = 880 880
[810] = 869 869
[811] = 858 858
[812] = 847 847
[813] = 835 835
[814] = 824 824
[815] = 813 813
[816] = 802 802
[817] = 790 790
[818] = 1142 1142
[819] = 1133 1133
[820] = 1125 1125
[821] = 1117 1117
[822] = 1109 1109
[823] = 1100 1100
[824] = 1093 1093
[825] = 1084 1084
[826] = 1076 1076
[827] = 1068 1068
[828] = 1059 1059
[829] = 1050 1050
[830] = 1043 1043
[831] = 1034 1034
[832] = 1025 1025
[833] = 1017 1017
[834] = 1008 1008
[835] = 999 999
[836] = 991 991
[837] = 982 982
[838] = 973 973
[839] = 965 965
[840] = 956 956
[841] = 947 947
[842] = 939 939
[843] = 930 930
[844] = 921 921
[845] = 913 913
[846] = 903 903
[847] = 894 894
[848] = 886 886
[849] = 876 876
[850] = 867 867
[851] = 859 859
[852] = 849 849
[853] = 840 840
[854] = 831 831
[855] = 822 822
[856] = 812 812
[857] = 804 804
[858] = 794 794
[859] = 784 784
[860] = 776 776
[861] = 766 766
[862] = 756 756
[863] = 747 747
[864] = 738 738
[865] = 728 728
[866] = 719 719
[867] = 709 709
[868] = 699 699
[869] = 690 690
[870] = 680 680
[871] = 670 670
[872] = 118 118
[873] = 105 105
[874] = 92 92
[875] = 79 79
[876] = 66 66
[877] = 52 52
[878] = 39 39
[879] = 26 26
[880] = 13 13
[881] = 0 0
[882] = 13 13
[883] = 26 26
[884] = 40 40
[885] = 53 53
[886] = 67 67
[887] = 80 80
[888] = 93 93
[889] = 107 107
[890] = 121 121
[891] = 134 134
[892] = 148 148
[893] = 162 162
[894] = 175 175
[895] = 189 189
[896] = 203 203
[897] = 217 217
[898] = 230 230
[899] = 244 244
[900] = 258 258
[901] = 272 272
[902] = 286 286
[903] = 300 300
[904] = 314 314
[905] = 328 328
[906] = 342 342
[907] = 356 356
[908] = 371 371
[909] = 385 385
[910] = 399 399
[911] = 413 413
[912] = 427 427
[913] = 442 442
[914] = 456 456
[915] = 470 470
[916] = 485 485
[917] = 499 499
[918] = 514 514
[919] = 528 528
[920] = 543 543
[921] = 557 557
[922] = 572 572
[923] = 586 586
[924] = 601 601
[925] = 616 616
[926] = 630 630
[927] = 1371 1371
[928] = 1389 1389
[929] = 1408 1408
[930] = 1425 1425
[931] = 1443 1443
[932] = 1462 1462
[933] = 1480 1480
[934] = 1498 1498
[935] = 1517 1517
[936] = 1535 1535
[937] = 1553 1553
[938] = 1572 1572
[939] = 1590 1590
[940] = 1608 1608
[941] = 1627 1627
[942] = 1646 1646
[943] = 1664 1664
[944] = 1683 1683
[945] = 1701 1701
[946] = 1720 1720
[947] = 1739 1739
[948] = 1757 1757
[949] = 1776 1776
[950] = 1795 1795
[951] = 1814 1814
[952] = 1832 1832
[953] = 1852 1852
[954] = 1870 1870
[955] = 1889 1889
[956] = 1908 1908
[957] = 1927 1927
[958] = 1946 1946
[959] = 1965 1965
[960] = 1984 1984
[961] = 2003 2003
[962] = 2023 2023
[963] = 2042 2042
[964] = 2060 2060
[965] = 2080 2080
[966] = 2099 2099
[967] = 2118 2118
[968] = 2138 2138
[969] = 2157 2157
[970] = 2176 2176
[971] = 2196 2196
[972] = 2215 2215
[973] = 2234 2234
[974] = 2255 2255
[975] = 2274 2274
[976] = 2293 2293
[977] = 2313 2313
[978] = 2333 2333
[979] = 2352 2352
[980] = 2372 2372
[981] = 1486 1486
[982] = 1502 1502
[983] = 1518 1518
[984] = 1535 1535
[985] = 1551 1551
[986] = 1568 1568
[987] = 1584 1584
[988] = 1601 1601
[989] = 1618 1618
[990] = 1634 1634
[991] = 1621 1621
[992] = 1608 1608
[993] = 1594 1594
[994] = 1581 1581
[995] = 1567 1567
[996] = 1554 1554
[997] = 1540 1540
[998] = 1527 1527
[999] = 1513 1513
[1000] = 1500 1500
[1001] = 1486 1486
[1002] = 1472 1472
[1003] = 1459 1459
[1004] = 1445 1445
[1005] = 1431 1431
[1006] = 1417 1417
[1007] = 1403 1403
[1008] = 1389 1389
[1009] = 1376 1376
[1010] = 1362 1362
[1011] = 1348 1348
[1012] = 1334 1334
[1013] = 1320 1320
[1014] = 1306 1306
[1015] = 1292 1292
[1016] = 1277 1277
[1017] = 1263 1263
[1018] = 1249 1249
[1019] = 1235 1235
[1020] = 1221 1221
[1021] = 1206 1206
[1022] = 1192 1192
[1023] = 1178 1178
[1024] = 1163 1163
[1025] = 1149 1149
[1026] = 1135 1135
[1027] = 1120 1120
[1028] = 1106 1106
[1029] = 1091 1091
[1030] = 1077 1077
[1031] = 1062 1062
[1032] = 1047 1047
[1033] = 1033 1033
[1034] = 1018 1018
[1035] = 1003 1003
[1036] = 2078 2078
[1037] = 2067 2067
[1038] = 2055 2055
[1039] = 2043 2043
[1040] = 2033 2033
[1041] = 2021 2021
[1042] = 2009 2009
[1043] = 1998 1998
[1044] = 1986 1986
[1045] = 1974 1974
[1046] = 1963 1963
[1047] = 1951 1951
[1048] = 1939 1939
[1049] = 1928 1928
[1050] = 1915 1915
[1051] = 1903 1903
[1052] = 1892 1892
[1053] = 1880 1880
[1054] = 1867 1867
[1055] = 1856 1856
[1056] = 1844 1844
[1057] = 1831 1831
[1058] = 1820 1820
[1059] = 1808 1808
[1060] = 1795 1795
[1061] = 1784 1784
[1062] = 1771 1771
[1063] = 1759 1759
[1064] = 1747 1747
[1065] = 1734 1734
[1066] = 1722 1722
[1067] = 1710 1710
[1068] = 1697 1697
[1069] = 1685 1685
[1070] = 1673 1673
[1071] = 1660 1660
[1072] = 1647 1647
[1073] = 1635 1635
[1074] = 1622 1622
[1075] = 1610 1610
[1076] = 1598 1598
[1077] = 1585 1585
[1078] = 1572 1572
[1079] = 1560 1560
[1080] = 1547 1547
[1081] = 1533 1533
[1082] = 1521 1521
[1083] = 1508 1508
[1084] = 1495 1495
[1085] = 1483 1483
[1086] = 1469 1469
[1087] = 1456 1456
[1088] = 1444 1444
[1089] = 1431 1431
[1090] = 148 148
[1091] = 132 132
[1092] = 115 115
[1093] = 99 99
[1094] = 82 82
[1095] = 66 66
[1096] = 49 49
[1097] = 33 33
[1098] = 16 16
[1099] = 0 0
[1100] = 16 16
[1101] = 33 33
[1102] = 50 50
[1103] = 66 66
[1104] = 83 83
[1105] = 100 100
[1106] = 117 117
[1107] = 134 134
[1108] = 151 151
[1109] = 168 168
[1110] = 185 185
[1111] = 202 202
[1112] = 219 219
[1113] = 236 236
[1114] = 253 253
[1115] = 270 270
[1116] = 287 287
[1117] = 304 304
[1118] = 322 322
[1119] = 339 339
[1120] = 356 356
[1121] = 374 374
[1122] = 391 391
[1123] = 408 408
[1124] = 426 426
[1125] = 443 443
[1126] = 461 461
[1127] = 478 478
[1128] = 496 496
[1129] = 513 513
[1130] = 531 531
[1131] = 548 548
[1132] = 566 566
[1133] = 584 584
[1134] = 601 601
[1135] = 619 619
[1136] = 637 637
[1137] = 655 655
[1138] = 673 673
[1139] = 691 691
[1140] = 708 708
[1141] = 726 726
[1142] = 744 744
[1143] = 762 762
[1144] = 780 780
[1145] = 2251 2251
[1146] = 2273 2273
[1147] = 2294 2294
[1148] = 2316 2316
[1149] = 2337 2337
[1150] = 2358 2358
[1151] = 2380 2380
[1152] = 2402 2402
[1153] = 2423 2423
[1154] = 2445 2445
[1155] = 2467 2467
[1156] = 2488 2488
[1157] = 2510 2510
[1158] = 2532 2532
[1159] = 2553 2553
[1160] = 2576 2576
[1161] = 2598 2598
[1162] = 2619 2619
[1163] = 2642 2642
[1164] = 2663 2663
[1165] = 2685 2685
[1166] = 2708 2708
[1167] = 2729 2729
[1168] = 2751 2751
[1169] = 2774 2774
[1170] = 2796 2796
[1171] = 2818 2818
[1172] = 2840 2840
[1173] = 2862 2862
[1174] = 2884 2884
[1175] = 2907 2907
[1176] = 2929 2929
[1177] = 2951 2951
[1178] = 2975 2975
[1179] = 2997 2997
[1180] = 3019 3019
[1181] = 3042 3042
[1182] = 3064 3064
[1183] = 3086 3086
[1184] = 3110 3110
[1185] = 3132 3132
[1186] = 3154 3154
[1187] = 3177 3177
[1188] = 3200 3200
[1189] = 3223 3223
[1190] = 3246 3246
[1191] = 3268 3268
[1192] = 3291 3291
[1193] = 3314 3314
[1194] = 3337 3337
[1195] = 3359 3359
[1196] = 3383 3383
[1197] = 3406 3406
[1198] = 3428 3428
[1199] = 1819 1819
[1200] = 1839 1839
[1201] = 1858 1858
[1202] = 1878 1878
[1203] = 1898 1898
[1204] = 1918 1918
[1205] = 1938 1938
[1206] = 1958 1958
[1207] = 1978 1978
[1208] = 1998 1998
[1209] = 1981 1981
[1210] = 1964 1964
[1211] = 1948 1948
[1212] = 1931 1931
[1213] = 1914 1914
[1214] = 1897 1897
[1215] = 1880 1880
[1216] = 1863 1863
[1217] = 1846 1846
[1218] = 1829 1829
[1219] = 1813 1813
[1220] = 1795 1795
[1221] = 1778 1778
[1222] = 1761 1761
[1223] = 1744 1744
[1224] = 1727 1727
[1225] = 1710 1710
[1226] = 1693 1693
[1227] = 1676 1676
[1228] = 1658 1658
[1229] = 1641 1641
[1230] = 1624 1624
[1231] = 1606 1606
[1232] = 1589 1589
[1233] = 1572 1572
[1234] = 1554 1554
[1235] = 1537 1537
[1236] = 1519 1519
[1237] = 1502 1502
[1238] = 1484 1484
[1239] = 1466 1466
[1240] = 1449 1449
[1241] = 1431 1431
[1242] = 1413 1413
[1243] = 1396 1396
[1244] = 1378 1378
[1245] = 1360 1360
[1246] = 1342 1342
[1247] = 1324 1324
[1248] = 1307 1307
[1249] = 1289 1289
[1250] = 1271 1271
[1251] = 1253 1253
[1252] = 1235 1235
[1253] = 1217 1217
[1254] = 3015 3015
[1255] = 3000 3000
[1256] = 2985 2985
[1257] = 2970 2970
[1258] = 2955 2955
[1259] = 2941 2941
[1260] = 2926 2926
[1261] = 2910 2910
[1262] = 2896 2896
[1263] = 2881 2881
[1264] = 2865 2865
[1265] = 2851 2851
[1266] = 2836 2836
[1267] = 2820 2820
[1268] = 2806 2806
[1269] = 2790 2790
[1270] = 2775 2775
[1271] = 2760 2760
[1272] = 2744 2744
[1273] = 2729 2729
[1274] = 2714 2714
[1275] = 2698 2698
[1276] = 2683 2683
[1277] = 2668 2668
[1278] = 2652 2652
[1279] = 2636 2636
[1280] = 2622 2622
[1281] = 2606 2606
[1282] = 2590 2590
[1283] = 2575 2575
[1284] = 2559 2559
[1285] = 2543 2543
[1286] = 2528 2528
[1287] = 2512 2512
[1288] = 2496 2496
[1289] = 2480 2480
[1290] = 2464 2464
[1291] = 2448 2448
[1292] = 2433 2433
[1293] = 2417 2417
[1294] = 2400 2400
[1295] = 2385 2385
[1296] = 2369 2369
[1297] = 2352 2352
[1298] = 2337 2337
[1299] = 2320 2320
[1300] = 2304 2304
[1301] = 2288 2288
[1302] = 2272 2272
[1303] = 2255 2255
[1304] = 2240 2240
[1305] = 2223 2223
[1306] = 2207 2207
[1307] = 2191 2191
[1308] = 178 178
[1309] = 158 158
[1310] = 139 139
[1311] = 119 119
[1312] = 99 99
[1313] = 79 79
[1314] = 59 59
[1315] = 39 39
[1316] = 19 19
[1317] = 0 0
[1318] = 19 19
[1319] = 40 40
[1320] = 60 60
[1321] = 80 80
[1322] = 100 100
[1323] = 120 120
[1324] = 140 140
[1325] = 160 160
[1326] = 181 181
[1327] = 201 201
[1328] = 221 221
[1329] = 242 242
[1330] = 262 262
[1331] = 282 282
[1332] = 303 303
[1333] = 323 323
[1334] = 344 344
[1335] = 364 364
[1336] = 385 385
[1337] = 406 406
[1338] = 426 426
[1339] = 447 447
[1340] = 468 468
[1341] = 488 488
[1342] = 509 509
[1343] = 530 530
[1344] = 551 551
[1345] = 571 571
[1346] = 592 592
[1347] = 613 613
[1348] = 634 634
[1349] = 655 655
[1350] = 676 676
[1351] = 697 697
[1352] = 718 718
[1353] = 739 739
[1354] = 760 760
[1355] = 781 781
[1356] = 803 803
[1357] = 824 824
[1358] = 845 845
[1359] = 866 866
[1360] = 888 888
[1361] = 909 909
[1362] = 930 930
[1363] = 3131 3131
[1364] = 3156 3156
[1365] = 3181 3181
[1366] = 3205 3205
[1367] = 3231 3231
[1368] = 3255 3255
[1369] = 3280 3280
[1370] = 3305 3305
[1371] = 3330 3330
[1372] = 3355 3355
[1373] = 3380 3380
[1374] = 3405 3405
[1375] = 3430 3430
[1376] = 3456 3456
[1377] = 3480 3480
[1378] = 3505 3505
[1379] = 3531 3531
[1380] = 3556 3556
[1381] = 3581 3581
[1382] = 3607 3607
[1383] = 3632 3632
[1384] = 3657 3657
[1385] = 3683 3683
[1386] = 3708 3708
[1387] = 3733 3733
[1388] = 3759 3759
[1389] = 3785 3785
[1390] = 3810 3810
[1391] = 3836 3836
[1392] = 3861 3861
[1393] = 3887 3887
[1394] = 3913 3913
[1395] = 3938 3938
[1396] = 3964 3964
[1397] = 3990 3990
[1398] = 4016 4016
[1399] = 4041 4041
[1400] = 4068 4068
[1401] = 4093 4093
[1402] = 4119 4119
[1403] = 4145 4145
[1404] = 4171 4171
[1405] = 4197 4197
[1406] = 4224 4224
[1407] = 4249 4249
[1408] = 4275 4275
[1409] = 4302 4302
[1410] = 4328 4328
[1411] = 4353 4353
[1412] = 4380 4380
[1413] = 4406 4406
[1414] = 4432 4432
[1415] = 4459 4459
[1416] = 4486 4486
[1417] = 2153 2153
[1418] = 2177 2177
[1419] = 2201 2201
[1420] = 2225 2225
[1421] = 2249 2249
[1422] = 2273 2273
[1423] = 2296 2296
[1424] = 2320 2320
[1425] = 2345 2345
[1426] = 2369 2369
[1427] = 2372 2372
[1428] = 2354 2354
[1429] = 2335 2335
[1430] = 2316 2316
[1431] = 2296 2296
[1432] = 2278 2278
[1433] = 2259 2259
[1434] = 2241 2241
[1435] = 2222 2222
[1436] = 2203 2203
[1437] = 2185 2185
[1438] = 2166 2166
[1439] = 2147 2147
[1440] = 2129 2129
[1441] = 2110 2110
[1442] = 2092 2092
[1443] = 2074 2074
[1444] = 2055 2055
[1445] = 2036 2036
[1446] = 2019 2019
[1447] = 2000 2000
[1448] = 1982 1982
[1449] = 1964 1964
[1450] = 1945 1945
[1451] = 1928 1928
[1452] = 1910 1910
[1453] = 1891 1891
[1454] = 1873 1873
[1455] = 1855 1855
[1456] = 1836 1836
[1457] = 1819 1819
[1458] = 1802 1802
[1459] = 1784 1784
[1460] = 1766 1766
[1461] = 1748 1748
[1462] = 1729 1729
[1463] = 1622 1622
[1464] = 1602 1602
[1465] = 1583 1583
[1466] = 1564 1564
[1467] = 1545 1545
[1468] = 1525 1525
[1469] = 1505 1505
[1470] = 1487 1487
[1471] = 1467 1467
[1472] = 3991 3991
[1473] = 3975 3975
[1474] = 3958 3958
[1475] = 3944 3944
[1476] = 3927 3927
[1477] = 3912 3912
[1478] = 3896 3896
[1479] = 3881 3881
[1480] = 3865 3865
[1481] = 3849 3849
[1482] = 3834 3834
[1483] = 3818 3818
[1484] = 3803 3803
[1485] = 3787 3787
[1486] = 3772 3772
[1487] = 3757 3757
[1488] = 3741 3741
[1489] = 3726 3726
[1490] = 3711 3711
[1491] = 3695 3695
[1492] = 3680 3680
[1493] = 3665 3665
[1494] = 3650 3650
[1495] = 3634 3634
[1496] = 3620 3620
[1497] = 3605 3605
[1498] = 3590 3590
[1499] = 3574 3574
[1500] = 3559 3559
[1501] = 3544 3544
[1502] = 3530 3530
[1503] = 3514 3514
[1504] = 3500 3500
[1505] = 3485 3485
[1506] = 3470 3470
[1507] = 3456 3456
[1508] = 3441 3441
[1509] = 3426 3426
[1510] = 3411 3411
[1511] = 3397 3397
[1512] = 3382 3382
[1513] = 3367 3367
[1514] = 3354 3354
[1515] = 3339 3339
[1516] = 3323 3323
[1517] = 3130 3130
[1518] = 3114 3114
[1519] = 3097 3097
[1520] = 3082 3082
[1521] = 3065 3065
[1522] = 3049 3049
[1523] = 3033 3033
[1524] = 3017 3017
[1525] = 3001 3001
[1526] = 262 262
[1527] = 243 243
[1528] = 224 224
[1529] = 205 205
[1530] = 186 186
[1531] = 167 167
[1532] = 148 148
[1533] = 129 129
[1534] = 110 110
[1535] = 91 91
[1536] = 72 72
[1537] = 100 100
[1538] = 128 128
[1539] = 156 156
[1540] = 184 184
[1541] = 212 212
[1542] = 240 240
[1543] = 269 269
[1544] = 297 297
[1545] = 326 326
[1546] = 354 354
[1547] = 383 383
[1548] = 412 412
[1549] = 441 441
[1550] = 469 469
[1551] = 499 499
[1552] = 528 528
[1553] = 557 557
[1554] = 587 587
[1555] = 616 616
[1556] = 646 646
[1557] = 675 675
[1558] = 706 706
[1559] = 735 735
[1560] = 765 765
[1561] = 795 795
[1562] = 825 825
[1563] = 855 855
[1564] = 885 885
[1565] = 915 915
[1566] = 947 947
[1567] = 977 977
[1568] = 1007 1007
[1569] = 1037 1037
[1570] = 1069 1069
[1571] = 1099 1099
[1572] = 860 860
[1573] = 889 889
[1574] = 919 919
[1575] = 948 948
[1576] = 978 978
[1577] = 1007 1007
[1578] = 1038 1038
[1579] = 1068 1068
[1580] = 1098 1098
[1581] = 4034 4034
[1582] = 4068 4068
[1583] = 4102 4102
[1584] = 4135 4135
[1585] = 4169 4169
[1586] = 4204 4204
[1587] = 4238 4238
[1588] = 4272 4272
[1589] = 4307 4307
[1590] = 4341 4341
[1591] = 4375 4375
[1592] = 4410 4410
[1593] = 4445 4445
[1594] = 4479 4479
[1595] = 4514 4514
[1596] = 4549 4549
[1597] = 4584 4584
[1598] = 4620 4620
[1599] = 4655 4655
[1600] = 4689 4689
[1601] = 4726 4726
[1602] = 4761 4761
[1603] = 4796 4796
[1604] = 4833 4833
[1605] = 4868 4868
[1606] = 4904 4904
[1607] = 4940 4940
[1608] = 4976 4976
[1609] = 5012 5012
[1610] = 5049 5049
[1611] = 5086 5086
[1612] = 5121 5121
[1613] = 5159 5159
[1614] = 5195 5195
[1615] = 5231 5231
[1616] = 5269 5269
[1617] = 5305 5305
[1618] = 5342 5342
[1619] = 5380 5380
[1620] = 5417 5417
[1621] = 5454 5454
[1622] = 5491 5491
[1623] = 5529 5529
[1624] = 5565 5565
[1625] = 5605 5605
[1626] = 5281 5281
[1627] = 5316 5316
[1628] = 5353 5353
[1629] = 5388 5388
[1630] = 5424 5424
[1631] = 5461 5461
[1632] = 5498 5498
[1633] = 5534 5534
[1634] = 5571 5571
[1635] = 2522 2522
[1636] = 2555 2555
[1637] = 2589 2589
[1638] = 2623 2623
[1639] = 2656 2656
[1640] = 2690 2690
[1641] = 2725 2725
[1642] = 2758 2758
[1643] = 2793 2793
[1644] = 2827 2827
[1645] = 2861 2861
[1646] = 2846 2846
[1647] = 2830 2830
[1648] = 2815 2815
[1649] = 2799 2799
[1650] = 2784 2784
[1651] = 2768 2768
[1652] = 2753 2753
[1653] = 2737 2737
[1654] = 2722 2722
[1655] = 2707 2707
[1656] = 2691 2691
[1657] = 2676 2676
[1658] = 2661 2661
[1659] = 2645 2645
[1660] = 2630 2630
[1661] = 2616 2616
[1662] = 2600 2600
[1663] = 2585 2585
[1664] = 2570 2570
[1665] = 2555 2555
[1666] = 2540 2540
[1667] = 2525 2525
[1668] = 2510 2510
[1669] = 2495 2495
[1670] = 2480 2480
[1671] = 2466 2466
[1672] = 2450 2450
[1673] = 2435 2435
[1674] = 2421 2421
[1675] = 2406 2406
[1676] = 2392 2392
[1677] = 2377 2377
[1678] = 2362 2362
[1679] = 2347 2347
[1680] = 2333 2333
[1681] = 1866 1866
[1682] = 1849 1849
[1683] = 1833 1833
[1684] = 1817 1817
[1685] = 1802 1802
[1686] = 1785 1785
[1687] = 1769 1769
[1688] = 1754 1754
[1689] = 1738 1738
[1690] = 4991 4991
[1691] = 4979 4979
[1692] = 4966 4966
[1693] = 4954 4954
[1694] = 4942 4942
[1695] = 4929 4929
[1696] = 4916 4916
[1697] = 4906 4906
[1698] = 4893 4893
[1699] = 4881 4881
[1700] = 4869 4869
[1701] = 4857 4857
[1702] = 4843 4843
[1703] = 4832 4832
[1704] = 4820 4820
[1705] = 4808 4808
[1706] = 4797 4797
[1707] = 4785 4785
[1708] = 4772 4772
[1709] = 4761 4761
[1710] = 4749 4749
[1711] = 4736 4736
[1712] = 4725 4725
[1713] = 4714 4714
[1714] = 4701 4701
[1715] = 4690 4690
[1716] = 4678 4678
[1717] = 4667 4667
[1718] = 4655 4655
[1719] = 4644 4644
[1720] = 4632 4632
[1721] = 4621 4621
[1722] = 4610 4610
[1723] = 4597 4597
[1724] = 4586 4586
[1725] = 4575 4575
[1726] = 4563 4563
[1727] = 4553 4553
[1728] = 4541 4541
[1729] = 4530 4530
[1730] = 4519 4519
[1731] = 4507 4507
[1732] = 4496 4496
[1733] = 4485 4485
[1734] = 4474 4474
[1735] = 3920 3920
[1736] = 3907 3907
[1737] = 3894 3894
[1738] = 3880 3880
[1739] = 3868 3868
[1740] = 3856 3856
[1741] = 3843 3843
[1742] = 3830 3830
[1743] = 3817 3817
[1744] = 356 356
[1745] = 339 339
[1746] = 324 324
[1747] = 307 307
[1748] = 292 292
[1749] = 276 276
[1750] = 260 260
[1751] = 244 244
[1752] = 229 229
[1753] = 213 213
[1754] = 198 198
[1755] = 235 235
[1756] = 273 273
[1757] = 311 311
[1758] = 349 349
[1759] = 387 387
[1760] = 425 425
[1761] = 464 464
[1762] = 502 502
[1763] = 541 541
[1764] = 579 579
[1765] = 618 618
[1766] = 657 657
[1767] = 696 696
[1768] = 734 734
[1769] = 773 773
[1770] = 812 812
[1771] = 851 851
[1772] = 891 891
[1773] = 931 931
[1774] = 970 970
[1775] = 1010 1010
[1776] = 1049 1049
[1777] = 1089 1089
[1778] = 1129 1129
[1779] = 1169 1169
[1780] = 1208 1208
[1781] = 1249 1249
[1782] = 1289 1289
[1783] = 1329 1329
[1784] = 1370 1370
[1785] = 1410 1410
[1786] = 1451 1451
[1787] = 1491 1491
[1788] = 1532 1532
[1789] = 1573 1573
[1790] = 980 980
[1791] = 1019 1019
[1792] = 1058 1058
[1793] = 1098 1098
[1794] = 1138 1138
[1795] = 1178 1178
[1796] = 1218 1218
[1797] = 1258 1258
[1798] = 1298 1298
[1799] = 4972 4972
[1800] = 5015 5015
[1801] = 5059 5059
[1802] = 5103 5103
[1803] = 5147 5147
[1804] = 5191 5191
[1805] = 5236 5236
[1806] = 5279 5279
[1807] = 5323 5323
[1808] = 5369 5369
[1809] = 5413 5413
[1810] = 5458 5458
[1811] = 5503 5503
[1812] = 5547 5547
[1813] = 5592 5592
[1814] = 5637 5637
[1815] = 5683 5683
[1816] = 5727 5727
[1817] = 5773 5773
[1818] = 5819 5819
[1819] = 5863 5863
[1820] = 5910 5910
[1821] = 5956 5956
[1822] = 6001 6001
[1823] = 6047 6047
[1824] = 6093 6093
[1825] = 6139 6139
[1826] = 6186 6186
[1827] = 6232 6232
[1828] = 6278 6278
[1829] = 6324 6324
[1830] = 6370 6370
[1831] = 6417 6417
[1832] = 6465 6465
[1833] = 6511 6511
[1834] = 6558 6558
[1835] = 6605 6605
[1836] = 6652 6652
[1837] = 6698 6698
[1838] = 6747 6747
[1839] = 6794 6794
[1840] = 6841 6841
[1841] = 6888 6888
[1842] = 6936 6936
[1843] = 6983 6983
[1844] = 6308 6308
[1845] = 6353 6353
[1846] = 6399 6399
[1847] = 6445 6445
[1848] = 6492 6492
[1849] = 6537 6537
[1850] = 6585 6585
[1851] = 6630 6630
[1852] = 6677 6677
[1853] = 2911 2911
[1854] = 2954 2954
[1855] = 2998 2998
[1856] = 3042 3042
[1857] = 3086 3086
[1858] = 3130 3130
[1859] = 3174 3174
[1860] = 3217 3217
[1861] = 3261 3261
[1862] = 3305 3305
[1863] = 3350 3350
[1864] = 3338 3338
[1865] = 3326 3326
[1866] = 3313 3313
[1867] = 3301 3301
[1868] = 3289 3289
[1869] = 3277 3277
[1870] = 3265 3265
[1871] = 3252 3252
[1872] = 3240 3240
[1873] = 3228 3228
[1874] = 3216 3216
[1875] = 3204 3204
[1876] = 3192 3192
[1877] = 3180 3180
[1878] = 3169 3169
[1879] = 3157 3157
[1880] = 3144 3144
[1881] = 3133 3133
[1882] = 3121 3121
[1883] = 3110 3110
[1884] = 3097 3097
[1885] = 3086 3086
[1886] = 3074 3074
[1887] = 3062 3062
[1888] = 3051 3051
[1889] = 3039 3039
[1890] = 3028 3028
[1891] = 3016 3016
[1892] = 3005 3005
[1893] = 2993 2993
[1894] = 2982 2982
[1895] = 2970 2970
[1896] = 2959 2959
[1897] = 2948 2948
[1898] = 2937 2937
[1899] = 2109 2109
[1900] = 2096 2096
[1901] = 2083 2083
[1902] = 2071 2071
[1903] = 2058 2058
[1904] = 2046 2046
[1905] = 2033 2033
[1906] = 2021 2021
[1907] = 2008 2008
[1908] = 5992 5992
[1909] = 5983 5983
[1910] = 5975 5975
[1911] = 5964 5964
[1912] = 5955 5955
[1913] = 5947 5947
[1914] = 5938 5938
[1915] = 5929 5929
[1916] = 5920 5920
[1917] = 5912 5912
[1918] = 5903 5903
[1919] = 5894 5894
[1920] = 5886 5886
[1921] = 5876 5876
[1922] = 5869 5869
[1923] = 5859 5859
[1924] = 5851 5851
[1925] = 5842 5842
[1926] = 5834 5834
[1927] = 5825 5825
[1928] = 5817 5817
[1929] = 5809 5809
[1930] = 5800 5800
[1931] = 5792 5792
[1932] = 5784 5784
[1933] = 5775 5775
[1934] = 5768 5768
[1935] = 5759 5759
[1936] = 5750 5750
[1937] = 5743 5743
[1938] = 5734 5734
[1939] = 5726 5726
[1940] = 5718 5718
[1941] = 5710 5710
[1942] = 5702 5702
[1943] = 5694 5694
[1944] = 5686 5686
[1945] = 5678 5678
[1946] = 5671 5671
[1947] = 5662 5662
[1948] = 5655 5655
[1949] = 5648 5648
[1950] = 5639 5639
[1951] = 5631 5631
[1952] = 5625 5625
[1953] = 4710 4710
[1954] = 4700 4700
[1955] = 4691 4691
[1956] = 4681 4681
[1957] = 4671 4671
[1958] = 4663 4663
[1959] = 4652 4652
[1960] = 4642 4642
[1961] = 4634 4634
[1962] = 448 448
[1963] = 435 435
[1964] = 423 423
[1965] = 411 411
[1966] = 398 398
[1967] = 385 385
[1968] = 373 373
[1969] = 360 360
[1970] = 347 347
[1971] = 335 335
[1972] = 324 324
[1973] = 370 370
[1974] = 419 419
[1975] = 467 467
[1976] = 515 515
[1977] = 562 562
[1978] = 610 610
[1979] = 658 658
[1980] = 707 707
[1981] = 756 756
[1982] = 804 804
[1983] = 852 852
[1984] = 902 902
[1985] = 950 950
[1986] = 999 999
[1987] = 1048 1048
[1988] = 1098 1098
[1989] = 1146 1146
[1990] = 1196 1196
[1991] = 1245 1245
[1992] = 1294 1294
[1993] = 1343 1343
[1994] = 1393 1393
[1995] = 1443 1443
[1996] = 1493 1493
[1997] = 1542 1542
[1998] = 1592 1592
[1999] = 1643 1643
[2000] = 1693 1693
[2001] = 1743 1743
[2002] = 1794 1794
[2003] = 1844 1844
[2004] = 1894 1894
[2005] = 1945 1945
[2006] = 1996 1996
[2007] = 2047 2047
[2008] = 1100 1100
[2009] = 1149 1149
[2010] = 1198 1198
[2011] = 1248 1248
[2012] = 1298 1298
[2013] = 1349 1349
[2014] = 1398 1398
[2015] = 1448 1448
[2016] = 1499 1499
[2017] = 5908 5908
[2018] = 5962 5962
[2019] = 6017 6017
[2020] = 6070 6070
[2021] = 6125 6125
[2022] = 6178 6178
[2023] = 6233 6233
[2024] = 6288 6288
[2025] = 6342 6342
[2026] = 6396 6396
[2027] = 6452 6452
[2028] = 6505 6505
[2029] = 6560 6560
[2030] = 6616 6616
[2031] = 6671 6671
[2032] = 6725 6725
[2033] = 6781 6781
[2034] = 6836 6836
[2035] = 6891 6891
[2036] = 6947 6947
[2037] = 7003 7003
[2038] = 7058 7058
[2039] = 7114 7114
[2040] = 7170 7170
[2041] = 7225 7225
[2042] = 7282 7282
[2043] = 7338 7338
[2044] = 7394 7394
[2045] = 7451 7451
[2046] = 7507 7507
[2047] = 7563 7563
[2048] = 7620 7620
[2049] = 7676 7676
[2050] = 7733 7733
[2051] = 7790 7790
[2052] = 7847 7847
[2053] = 7904 7904
[2054] = 7961 7961
[2055] = 8018 8018
[2056] = 8076 8076
[2057] = 8133 8133
[2058] = 8191 8191
[2059] = 8247 8247
[2060] = 8306 8306
[2061] = 8364 8364
[2062] = 7334 7334
[2063] = 7389 7389
[2064] = 7445 7445
[2065] = 7501 7501
[2066] = 7558 7558
[2067] = 7614 7614
[2068] = 7670 7670
[2069] = 7727 7727
[2070] = 7784 7784
[2071] = 7840 7840
[2072] = 3354 3354
[2073] = 3408 3408
[2074] = 3461 3461
[2075] = 3515 3515
[2076] = 3568 3568
[2077] = 3622 3622
[2078] = 3677 3677
[2079] = 3731 3731
[2080] = 3784 3784
[2081] = 3839 3839
[2082] = 3830 3830
[2083] = 3821 3821
[2084] = 3812 3812
[2085] = 3803 3803
[2086] = 3794 3794
[2087] = 3785 3785
[2088] = 3776 3776
[2089] = 3768 3768
[2090] = 3758 3758
[2091] = 3750 3750
[2092] = 3741 3741
[2093] = 3732 3732
[2094] = 3724 3724
[2095] = 3714 3714
[2096] = 3706 3706
[2097] = 3698 3698
[2098] = 3689 3689
[2099] = 3681 3681
[2100] = 3672 3672
[2101] = 3663 3663
[2102] = 3655 3655
[2103] = 3647 3647
[2104] = 3638 3638
[2105] = 3630 3630
[2106] = 3622 3622
[2107] = 3613 3613
[2108] = 3605 3605
[2109] = 3596 3596
[2110] = 3589 3589
[2111] = 3582 3582
[2112] = 3575 3575
[2113] = 3568 3568
[2114] = 3561 3561
[2115] = 3553 3553
[2116] = 3546 3546
[2117] = 2360 2360
[2118] = 2351 2351
[2119] = 2343 2343
[2120] = 2335 2335
[2121] = 2327 2327
[2122] = 2303 2303
[2123] = 2294 2294
[2124] = 2285 2285
[2125] = 2275 2275
[2126] = 2266 2266
[2127] = 6983 6983
[2128] = 6976 6976
[2129] = 6971 6971
[2130] = 6964 6964
[2131] = 6959 6959
[2132] = 6953 6953
[2133] = 6947 6947
[2134] = 6941 6941
[2135] = 6935 6935
[2136] = 6959 6959
[2137] = 6955 6955
[2138] = 6950 6950
[2139] = 6945 6945
[2140] = 6941 6941
[2141] = 6937 6937
[2142] = 6932 6932
[2143] = 6927 6927
[2144] = 6923 6923
[2145] = 6918 6918
[2146] = 6914 6914
[2147] = 6910 6910
[2148] = 6906 6906
[2149] = 6858 6858
[2150] = 6852 6852
[2151] = 6847 6847
[2152] = 6841 6841
[2153] = 6836 6836
[2154] = 6831 6831
[2155] = 6825 6825
[2156] = 6821 6821
[2157] = 6815 6815
[2158] = 6810 6810
[2159] = 6806 6806
[2160] = 6800 6800
[2161] = 6795 6795
[2162] = 6790 6790
[2163] = 6844 6844
[2164] = 6841 6841
[2165] = 6837 6837
[2166] = 6833 6833
[2167] = 6829 6829
[2168] = 6826 6826
[2169] = 6822 6822
[2170] = 6818 6818
[2171] = 6815 6815
[2172] = 5540 5540
[2173] = 5535 5535
[2174] = 5531 5531
[2175] = 5525 5525
[2176] = 5446 5446
[2177] = 5441 5441
[2178] = 5435 5435
[2179] = 5429 5429
[2180] = 5424 5424
[2181] = 512 512
[2182] = 503 503
[2183] = 494 494
[2184] = 485 485
[2185] = 477 477
[2186] = 468 468
[2187] = 459 459
[2188] = 450 450
[2189] = 442 442
[2190] = 522 522
[2191] = 582 582
[2192] = 641 641
[2193] = 701 701
[2194] = 759 759
[2195] = 818 818
[2196] = 878 878
[2197] = 938 938
[2198] = 998 998
[2199] = 1058 1058
[2200] = 1118 1118
[2201] = 1178 1178
[2202] = 1239 1239
[2203] = 1195 1195
[2204] = 1254 1254
[2205] = 1313 1313
[2206] = 1373 1373
[2207] = 1432 1432
[2208] = 1492 1492
[2209] = 1552 1552
[2210] = 1611 1611
[2211] = 1672 1672
[2212] = 1731 1731
[2213] = 1792 1792
[2214] = 1852 1852
[2215] = 1912 1912
[2216] = 1972 1972
[2217] = 2152 2152
[2218] = 2214 2214
[2219] = 2275 2275
[2220] = 2338 2338
[2221] = 2399 2399
[2222] = 2461 2461
[2223] = 2524 2524
[2224] = 2585 2585
[2225] = 2647 2647
[2226] = 1349 1349
[2227] = 1409 1409
[2228] = 1470 1470
[2229] = 1530 1530
[2230] = 1591 1591
[2231] = 1516 1516
[2232] = 1576 1576
[2233] = 1636 1636
[2234] = 1695 1695
[2235] = 1756 1756
[2236] = 6905 6905
[2237] = 6969 6969
[2238] = 7032 7032
[2239] = 7095 7095
[2240] = 7160 7160
[2241] = 7224 7224
[2242] = 7287 7287
[2243] = 7352 7352
[2244] = 7416 7416
[2245] = 7631 7631
[2246] = 7697 7697
[2247] = 7762 7762
[2248] = 7827 7827
[2249] = 7893 7893
[2250] = 7958 7958
[2251] = 8024 8024
[2252] = 8091 8091
[2253] = 8156 8156
[2254] = 8222 8222
[2255] = 8290 8290
[2256] = 8355 8355
[2257] = 8421 8421
[2258] = 8324 8324
[2259] = 8388 8388
[2260] = 8454 8454
[2261] = 8520 8520
[2262] = 8586 8586
[2263] = 8651 8651
[2264] = 8718 8718
[2265] = 8783 8783
[2266] = 8849 8849
[2267] = 8916 8916
[2268] = 8983 8983
[2269] = 9048 9048
[2270] = 9115 9115
[2271] = 9182 9182
[2272] = 9429 9429
[2273] = 9498 9498
[2274] = 9566 9566
[2275] = 9632 9632
[2276] = 9701 9701
[2277] = 9769 9769
[2278] = 9837 9837
[2279] = 9907 9907
[2280] = 9975 9975
[2281] = 8591 8591
[2282] = 8658 8658
[2283] = 8725 8725
[2284] = 8792 8792
[2285] = 8666 8666
[2286] = 8733 8733
[2287] = 8799 8799
[2288] = 8866 8866
[2289] = 8934 8934
[2290] = 3731 3731
[2291] = 3796 3796
[2292] = 3859 3859
[2293] = 3923 3923
[2294] = 3987 3987
[2295] = 4052 4052
[2296] = 4116 4116
[2297] = 4181 4181
[2298] = 4245 4245
[2299] = 4521 4521
[2300] = 4517 4517
[2301] = 4512 4512
[2302] = 4508 4508
[2303] = 4503 4503
[2304] = 4500 4500
[2305] = 4495 4495
[2306] = 4492 4492
[2307] = 4487 4487
[2308] = 4485 4485
[2309] = 4480 4480
[2310] = 4476 4476
[2311] = 4473 4473
[2312] = 4243 4243
[2313] = 4238 4238
[2314] = 4233 4233
[2315] = 4229 4229
[2316] = 4224 4224
[2317] = 4219 4219
[2318] = 4214 4214
[2319] = 4210 4210
[2320] = 4205 4205
[2321] = 4200 4200
[2322] = 4196 4196
[2323] = 4191 4191
[2324] = 4187 4187
[2325] = 4182 4182
[2326] = 4418 4418
[2327] = 4415 4415
[2328] = 4412 4412
[2329] = 4408 4408
[2330] = 4404 4404
[2331] = 4401 4401
[2332] = 4398 4398
[2333] = 4394 4394
[2334] = 4392 4392
[2335] = 2847 2847
[2336] = 2841 2841
[2337] = 2836 2836
[2338] = 2830 2830
[2339] = 2825 2825
[2340] = 2563 2563
[2341] = 2557 2557
[2342] = 2551 2551
[2343] = 2545 2545
[2344] = 2538 2538
[2345] = 7986 7986
[2346] = 7983 7983
[2347] = 7979 7979
[2348] = 7977 7977
[2349] = 7974 7974
[2350] = 7971 7971
[2351] = 7970 7970
[2352] = 7967 7967
[2353] = 7964 7964
[2354] = 8234 8234
[2355] = 8233 8233
[2356] = 8230 8230
[2357] = 8229 8229
[2358] = 8228 8228
[2359] = 8226 8226
[2360] = 8226 8226
[2361] = 8225 8225
[2362] = 8223 8223
[2363] = 8223 8223
[2364] = 8222 8222
[2365] = 8220 8220
[2366] = 8219 8219
[2367] = 7932 7932
[2368] = 7929 7929
[2369] = 7929 7929
[2370] = 7926 7926
[2371] = 7924 7924
[2372] = 7922 7922
[2373] = 7920 7920
[2374] = 7918 7918
[2375] = 7916 7916
[2376] = 7914 7914
[2377] = 7912 7912
[2378] = 7911 7911
[2379] = 7909 7909
[2380] = 7907 7907
[2381] = 8208 8208
[2382] = 8207 8207
[2383] = 8206 8206
[2384] = 8206 8206
[2385] = 8205 8205
[2386] = 8204 8204
[2387] = 8204 8204
[2388] = 8204 8204
[2389] = 8204 8204
[2390] = 6570 6570
[2391] = 6568 6568
[2392] = 6565 6565
[2393] = 6565 6565
[2394] = 6247 6247
[2395] = 6245 6245
[2396] = 6242 6242
[2397] = 6240 6240
[2398] = 6238 6238
[2399] = 602 602
[2400] = 597 597
[2401] = 591 591
[2402] = 586 586
[2403] = 580 580
[2404] = 575 575
[2405] = 570 570
[2406] = 565 565
[2407] = 559 559
[2408] = 886 886
[2409] = 955 955
[2410] = 1024 1024
[2411] = 1094 1094
[2412] = 1162 1162
[2413] = 1232 1232
[2414] = 1302 1302
[2415] = 1372 1372
[2416] = 1442 1442
[2417] = 1512 1512
[2418] = 1582 1582
[2419] = 1652 1652
[2420] = 1723 1723
[2421] = 1447 1447
[2422] = 1516 1516
[2423] = 1585 1585
[2424] = 1654 1654
[2425] = 1724 1724
[2426] = 1794 1794
[2427] = 1864 1864
[2428] = 1933 1933
[2429] = 2003 2003
[2430] = 2074 2074
[2431] = 2144 2144
[2432] = 2215 2215
[2433] = 2284 2284
[2434] = 2355 2355
[2435] = 2787 2787
[2436] = 2858 2858
[2437] = 2931 2931
[2438] = 3003 3003
[2439] = 3074 3074
[2440] = 3146 3146
[2441] = 3219 3219
[2442] = 3290 3290
[2443] = 3364 3364
[2444] = 1712 1712
[2445] = 1782 1782
[2446] = 1851 1851
[2447] = 1922 1922
[2448] = 1992 1992
[2449] = 1686 1686
[2450] = 1756 1756
[2451] = 1825 1825
[2452] = 1895 1895
[2453] = 1965 1965
[2454] = 7851 7851
[2455] = 7924 7924
[2456] = 7998 7998
[2457] = 8072 8072
[2458] = 8145 8145
[2459] = 8220 8220
[2460] = 8293 8293
[2461] = 8366 8366
[2462] = 8442 8442
[2463] = 8908 8908
[2464] = 8984 8984
[2465] = 9059 9059
[2466] = 9134 9134
[2467] = 9210 9210
[2468] = 9286 9286
[2469] = 9361 9361
[2470] = 9437 9437
[2471] = 9514 9514
[2472] = 9590 9590
[2473] = 9665 9665
[2474] = 9743 9743
[2475] = 9819 9819
[2476] = 9487 9487
[2477] = 9563 9563
[2478] = 9639 9639
[2479] = 9714 9714
[2480] = 9791 9791
[2481] = 9866 9866
[2482] = 9942 9942
[2483] = 10018 10018
[2484] = 10094 10094
[2485] = 10170 10170
[2486] = 10247 10247
[2487] = 10323 10323
[2488] = 10399 10399
[2489] = 10476 10476
[2490] = 10975 10975
[2491] = 11052 11052
[2492] = 11132 11132
[2493] = 11209 11209
[2494] = 11286 11286
[2495] = 11365 11365
[2496] = 11443 11443
[2497] = 11522 11522
[2498] = 11601 11601
[2499] = 9863 9863
[2500] = 9939 9939
[2501] = 10018 10018
[2502] = 10096 10096
[2503] = 9736 9736
[2504] = 9813 9813
[2505] = 9889 9889
[2506] = 9966 9966
[2507] = 10045 10045
[2508] = 4125 4125
[2509] = 4199 4199
[2510] = 4273 4273
[2511] = 4348 4348
[2512] = 4422 4422
[2513] = 4496 4496
[2514] = 4570 4570
[2515] = 4645 4645
[2516] = 4719 4719
[2517] = 5247 5247
[2518] = 5247 5247
[2519] = 5246 5246
[2520] = 5244 5244
[2521] = 5244 5244
[2522] = 5243 5243
[2523] = 5243 5243
[2524] = 5243 5243
[2525] = 5242 5242
[2526] = 5241 5241
[2527] = 5241 5241
[2528] = 5240 5240
[2529] = 5239 5239
[2530] = 5239 5239
[2531] = 4771 4771
[2532] = 4769 4769
[2533] = 4768 4768
[2534] = 4766 4766
[2535] = 4764 4764
[2536] = 4763 4763
[2537] = 4762 4762
[2538] = 4760 4760
[2539] = 4760 4760
[2540] = 4759 4759
[2541] = 4757 4757
[2542] = 4756 4756
[2543] = 4754 4754
[2544] = 4754 4754
[2545] = 5236 5236
[2546] = 5237 5237
[2547] = 5236 5236
[2548] = 5237 5237
[2549] = 5237 5237
[2550] = 5236 5236
[2551] = 5237 5237
[2552] = 5238 5238
[2553] = 3332 3332
[2554] = 3329 3329
[2555] = 3327 3327
[2556] = 3325 3325
[2557] = 3324 3324
[2558] = 2823 2823
[2559] = 2820 2820
[2560] = 2818 2818
[2561] = 2815 2815
[2562] = 2812 2812
[2563] = 8988 8988
[2564] = 8989 8989
[2565] = 8989 8989
[2566] = 8989 8989
[2567] = 8991 8991
[2568] = 8991 8991
[2569] = 8992 8992
[2570] = 8993 8993
[2571] = 8993 8993
[2572] = 9508 9508
[2573] = 9510 9510
[2574] = 9512 9512
[2575] = 9513 9513
[2576] = 9516 9516
[2577] = 9517 9517
[2578] = 9520 9520
[2579] = 9522 9522
[2580] = 9524 9524
[2581] = 9526 9526
[2582] = 9528 9528
[2583] = 9531 9531
[2584] = 9532 9532
[2585] = 9007 9007
[2586] = 9008 9008
[2587] = 9009 9009
[2588] = 9011 9011
[2589] = 9012 9012
[2590] = 9013 9013
[2591] = 9014 9014
[2592] = 9015 9015
[2593] = 9017 9017
[2594] = 9019 9019
[2595] = 9020 9020
[2596] = 9021 9021
[2597] = 9023 9023
[2598] = 9025 9025
[2599] = 9570 9570
[2600] = 9573 9573
[2601] = 9575 9575
[2602] = 9578 9578
[2603] = 9581 9581
[2604] = 9583 9583
[2605] = 9587 9587
[2606] = 9591 9591
[2607] = 9593 9593
[2608] = 7598 7598
[2609] = 7599 7599
[2610] = 7602 7602
[2611] = 7603 7603
[2612] = 7048 7048
[2613] = 7048 7048
[2614] = 7049 7049
[2615] = 7051 7051
[2616] = 7051 7051
[2617] = 693 693
[2618] = 691 691
[2619] = 689 689
[2620] = 687 687
[2621] = 685 685
[2622] = 683 683
[2623] = 680 680
[2624] = 678 678
[2625] = 676 676
[2626] = 1250 1250
[2627] = 1328 1328
[2628] = 1407 1407
[2629] = 1487 1487
[2630] = 1566 1566
[2631] = 1646 1646
[2632] = 1726 1726
[2633] = 1806 1806
[2634] = 1885 1885
[2635] = 1966 1966
[2636] = 2046 2046
[2637] = 2126 2126
[2638] = 2206 2206
[2639] = 2286 2286
[2640] = 1778 1778
[2641] = 1857 1857
[2642] = 1937 1937
[2643] = 2016 2016
[2644] = 2097 2097
[2645] = 2176 2176
[2646] = 2256 2256
[2647] = 2336 2336
[2648] = 2416 2416
[2649] = 2496 2496
[2650] = 2577 2577
[2651] = 2657 2657
[2652] = 2737 2737
[2653] = 2818 2818
[2654] = 3504 3504
[2655] = 3586 3586
[2656] = 3668 3668
[2657] = 3750 3750
[2658] = 3832 3832
[2659] = 3915 3915
[2660] = 3997 3997
[2661] = 4079 4079
[2662] = 2074 2074
[2663] = 2153 2153
[2664] = 2234 2234
[2665] = 2314 2314
[2666] = 2394 2394
[2667] = 1856 1856
[2668] = 1935 1935
[2669] = 2015 2015
[2670] = 2095 2095
[2671] = 2175 2175
[2672] = 8797 8797
[2673] = 8881 8881
[2674] = 8963 8963
[2675] = 9048 9048
[2676] = 9131 9131
[2677] = 9215 9215
[2678] = 9299 9299
[2679] = 9383 9383
[2680] = 9467 9467
[2681] = 10186 10186
[2682] = 10271 10271
[2683] = 10356 10356
[2684] = 10442 10442
[2685] = 10527 10527
[2686] = 10613 10613
[2687] = 10700 10700
[2688] = 10785 10785
[2689] = 10871 10871
[2690] = 10957 10957
[2691] = 11043 11043
[2692] = 11129 11129
[2693] = 11216 11216
[2694] = 10652 10652
[2695] = 10737 10737
[2696] = 10823 10823
[2697] = 10909 10909
[2698] = 10995 10995
[2699] = 11081 11081
[2700] = 11166 11166
[2701] = 11251 11251
[2702] = 11339 11339
[2703] = 11424 11424
[2704] = 11510 11510
[2705] = 11597 11597
[2706] = 11684 11684
[2707] = 11769 11769
[2708] = 12521 12521
[2709] = 12609 12609
[2710] = 12697 12697
[2711] = 12785 12785
[2712] = 12873 12873
[2713] = 12961 12961
[2714] = 13050 13050
[2715] = 13138 13138
[2716] = 13226 13226
[2717] = 11135 11135
[2718] = 11221 11221
[2719] = 11308 11308
[2720] = 11396 11396
[2721] = 10803 10803
[2722] = 10889 10889
[2723] = 10976 10976
[2724] = 11062 11062
[2725] = 11148 11148
[2726] = 4513 4513
[2727] = 4596 4596
[2728] = 4679 4679
[2729] = 4762 4762
[2730] = 4846 4846
[2731] = 4930 4930
[2732] = 5014 5014
[2733] = 5097 5097
[2734] = 5181 5181
[2735] = 5961 5961
[2736] = 6003 6003
[2737] = 6005 6005
[2738] = 6007 6007
[2739] = 6009 6009
[2740] = 6012 6012
[2741] = 6014 6014
[2742] = 6016 6016
[2743] = 6017 6017
[2744] = 6020 6020
[2745] = 6022 6022
[2746] = 6024 6024
[2747] = 6026 6026
[2748] = 6028 6028
[2749] = 5320 5320
[2750] = 5321 5321
[2751] = 5322 5322
[2752] = 5324 5324
[2753] = 5325 5325
[2754] = 5326 5326
[2755] = 5327 5327
[2756] = 5329 5329
[2757] = 5330 5330
[2758] = 5331 5331
[2759] = 5334 5334
[2760] = 5335 5335
[2761] = 5336 5336
[2762] = 5337 5337
[2763] = 6065 6065
[2764] = 6068 6068
[2765] = 6071 6071
[2766] = 6073 6073
[2767] = 6077 6077
[2768] = 6080 6080
[2769] = 6082 6082
[2770] = 6085 6085
[2771] = 6088 6088
[2772] = 3819 3819
[2773] = 3820 3820
[2774] = 3823 3823
[2775] = 3825 3825
[2776] = 3087 3087
[2777] = 3088 3088
[2778] = 3089 3089
[2779] = 3090 3090
[2780] = 3091 3091
[2781] = 9998 9998
[2782] = 10003 10003
[2783] = 10008 10008
[2784] = 10013 10013
[2785] = 10017 10017
[2786] = 10022 10022
[2787] = 10026 10026
[2788] = 10030 10030
[2789] = 10037 10037
[2790] = 10797 10797
[2791] = 10802 10802
[2792] = 10809 10809
[2793] = 10814 10814
[2794] = 10820 10820
[2795] = 10827 10827
[2796] = 10834 10834
[2797] = 10839 10839
[2798] = 10846 10846
[2799] = 10852 10852
[2800] = 10858 10858
[2801] = 10864 10864
[2802] = 10870 10870
[2803] = 10106 10106
[2804] = 10112 10112
[2805] = 10116 10116
[2806] = 10121 10121
[2807] = 10128 10128
[2808] = 10133 10133
[2809] = 10138 10138
[2810] = 10144 10144
[2811] = 10149 10149
[2812] = 10154 10154
[2813] = 10160 10160
[2814] = 10166 10166
[2815] = 10171 10171
[2816] = 10177 10177
[2817] = 10969 10969
[2818] = 10975 10975
[2819] = 10983 10983
[2820] = 10989 10989
[2821] = 10996 10996
[2822] = 11004 11004
[2823] = 11010 11010
[2824] = 11016 11016
[2825] = 11025 11025
[2826] = 8670 8670
[2827] = 8673 8673
[2828] = 8678 8678
[2829] = 8683 8683
[2830] = 8688 8688
[2831] = 7892 7892
[2832] = 7895 7895
[2833] = 7899 7899
[2834] = 7903 7903
[2835] = 820 820
[2836] = 820 820
[2837] = 820 820
[2838] = 821 821
[2839] = 822 822
[2840] = 822 822
[2841] = 823 823
[2842] = 823 823
[2843] = 824 824
[2844] = 825 825
[2845] = 1643 1643
[2846] = 1731 1731
[2847] = 1820 1820
[2848] = 1910 1910
[2849] = 1998 1998
[2850] = 2087 2087
[2851] = 2176 2176
[2852] = 2265 2265
[2853] = 2354 2354
[2854] = 2443 2443
[2855] = 2533 2533
[2856] = 2622 2622
[2857] = 2713 2713
[2858] = 1970 1970
[2859] = 2058 2058
[2860] = 2147 2147
[2861] = 2236 2236
[2862] = 2325 2325
[2863] = 2415 2415
[2864] = 2504 2504
[2865] = 2593 2593
[2866] = 2682 2682
[2867] = 2772 2772
[2868] = 2861 2861
[2869] = 2951 2951
[2870] = 3040 3040
[2871] = 3130 3130
[2872] = 4067 4067
[2873] = 4158 4158
[2874] = 4249 4249
[2875] = 4341 4341
[2876] = 4432 4432
[2877] = 4524 4524
[2878] = 4615 4615
[2879] = 4706 4706
[2880] = 4798 4798
[2881] = 2437 2437
[2882] = 2528 2528
[2883] = 2618 2618
[2884] = 2711 2711
[2885] = 1940 1940
[2886] = 2030 2030
[2887] = 2121 2121
[2888] = 2211 2211
[2889] = 2302 2302
[2890] = 9662 9662
[2891] = 9756 9756
[2892] = 9850 9850
[2893] = 9944 9944
[2894] = 10039 10039
[2895] = 10133 10133
[2896] = 10228 10228
[2897] = 10323 10323
[2898] = 10418 10418
[2899] = 11389 11389
[2900] = 11486 11486
[2901] = 11581 11581
[2902] = 11677 11677
[2903] = 11775 11775
[2904] = 11871 11871
[2905] = 11967 11967
[2906] = 12063 12063
[2907] = 12160 12160
[2908] = 12257 12257
[2909] = 12354 12354
[2910] = 12451 12451
[2911] = 12548 12548
[2912] = 11753 11753
[2913] = 11850 11850
[2914] = 11945 11945
[2915] = 12043 12043
[2916] = 12138 12138
[2917] = 12235 12235
[2918] = 12332 12332
[2919] = 12428 12428
[2920] = 12525 12525
[2921] = 12622 12622
[2922] = 12719 12719
[2923] = 12816 12816
[2924] = 12913 12913
[2925] = 13010 13010
[2926] = 14014 14014
[2927] = 14114 14114
[2928] = 14212 14212
[2929] = 14311 14311
[2930] = 14411 14411
[2931] = 14509 14509
[2932] = 14608 14608
[2933] = 14707 14707
[2934] = 14806 14806
[2935] = 12362 12362
[2936] = 12459 12459
[2937] = 12555 12555
[2938] = 12652 12652
[2939] = 12751 12751
[2940] = 11924 11924
[2941] = 12020 12020
[2942] = 12118 12118
[2943] = 12213 12213
[2944] = 4860 4860
[2945] = 4954 4954
[2946] = 5047 5047
[2947] = 5140 5140
[2948] = 5234 5234
[2949] = 5328 5328
[2950] = 5421 5421
[2951] = 5515 5515
[2952] = 5608 5608
[2953] = 5703 5703
[2954] = 6735 6735
[2955] = 6739 6739
[2956] = 6746 6746
[2957] = 6751 6751
[2958] = 6756 6756
[2959] = 6761 6761
[2960] = 6766 6766
[2961] = 6771 6771
[2962] = 6777 6777
[2963] = 6782 6782
[2964] = 6787 6787
[2965] = 6794 6794
[2966] = 6799 6799
[2967] = 5851 5851
[2968] = 5856 5856
[2969] = 5861 5861
[2970] = 5865 5865
[2971] = 5869 5869
[2972] = 5874 5874
[2973] = 5878 5878
[2974] = 5883 5883
[2975] = 5887 5887
[2976] = 5892 5892
[2977] = 5897 5897
[2978] = 5902 5902
[2979] = 5907 5907
[2980] = 5912 5912
[2981] = 6885 6885
[2982] = 6891 6891
[2983] = 6897 6897
[2984] = 6903 6903
[2985] = 6909 6909
[2986] = 6914 6914
[2987] = 6921 6921
[2988] = 6927 6927
[2989] = 6933 6933
[2990] = 4305 4305
[2991] = 4309 4309
[2992] = 4316 4316
[2993] = 4321 4321
[2994] = 3344 3344
[2995] = 3348 3348
[2996] = 3352 3352
[2997] = 3358 3358
[2998] = 3362 3362
[2999] = 10999 10999
[3000] = 11007 11007
[3001] = 11015 11015
[3002] = 11023 11023
[3003] = 11031 11031
[3004] = 11039 11039
[3005] = 11047 11047
[3006] = 11055 11055
[3007] = 11064 11064
[3008] = 12071 12071
[3009] = 12079 12079
[3010] = 12088 12088
[3011] = 12099 12099
[3012] = 12108 12108
[3013] = 12117 12117
[3014] = 12127 12127
[3015] = 12137 12137
[3016] = 12145 12145
[3017] = 12155 12155
[3018] = 12165 12165
[3019] = 12174 12174
[3020] = 12185 12185
[3021] = 11182 11182
[3022] = 11189 11189
[3023] = 11199 11199
[3024] = 11207 11207
[3025] = 11216 11216
[3026] = 11225 11225
[3027] = 11234 11234
[3028] = 11242 11242
[3029] = 11251 11251
[3030] = 11261 11261
[3031] = 11269 11269
[3032] = 11278 11278
[3033] = 11288 11288
[3034] = 11296 11296
[3035] = 12334 12334
[3036] = 12343 12343
[3037] = 12354 12354
[3038] = 12365 12365
[3039] = 12375 12375
[3040] = 12384 12384
[3041] = 12395 12395
[3042] = 12405 12405
[3043] = 12415 12415
[3044] = 9702 9702
[3045] = 9709 9709
[3046] = 9718 9718
[3047] = 9726 9726
[3048] = 9733 9733
[3049] = 8697 8697
[3050] = 8705 8705
[3051] = 8711 8711
[3052] = 8718 8718
[3053] = 913 913
[3054] = 916 916
[3055] = 920 920
[3056] = 924 924
[3057] = 928 928
[3058] = 932 932
[3059] = 935 935
[3060] = 939 939
[3061] = 943 943
[3062] = 947 947
[3063] = 2011 2011
[3064] = 2109 2109
[3065] = 2208 2208
[3066] = 2307 2307
[3067] = 2405 2405
[3068] = 2504 2504
[3069] = 2603 2603
[3070] = 2702 2702
[3071] = 2801 2801
[3072] = 2900 2900
[3073] = 3001 3001
[3074] = 3100 3100
[3075] = 3199 3199
[3076] = 2225 2225
[3077] = 2323 2323
[3078] = 2422 2422
[3079] = 2521 2521
[3080] = 2620 2620
[3081] = 2719 2719
[3082] = 2818 2818
[3083] = 2917 2917
[3084] = 3017 3017
[3085] = 3116 3116
[3086] = 3216 3216
[3087] = 3315 3315
[3088] = 3414 3414
[3089] = 3514 3514
[3090] = 4703 4703
[3091] = 4805 4805
[3092] = 4905 4905
[3093] = 5007 5007
[3094] = 5108 5108
[3095] = 5209 5209
[3096] = 5311 5311
[3097] = 5412 5412
[3098] = 5513 5513
[3099] = 2799 2799
[3100] = 2901 2901
[3101] = 3002 3002
[3102] = 3103 3103
[3103] = 2101 2101
[3104] = 2201 2201
[3105] = 2301 2301
[3106] = 2402 2402
[3107] = 2503 2503
[3108] = 10599 10599
[3109] = 10704 10704
[3110] = 10804 10804
[3111] = 10905 10905
[3112] = 11005 11005
[3113] = 11106 11106
[3114] = 11207 11207
[3115] = 11308 11308
[3116] = 11409 11409
[3117] = 12629 12629
[3118] = 12733 12733
[3119] = 12834 12834
[3120] = 12937 12937
[3121] = 13039 13039
[3122] = 13142 13142
[3123] = 13245 13245
[3124] = 13348 13348
[3125] = 13450 13450
[3126] = 13553 13553
[3127] = 13657 13657
[3128] = 13760 13760
[3129] = 13864 13864
[3130] = 13967 13967
[3131] = 12936 12936
[3132] = 13038 13038
[3133] = 13140 13140
[3134] = 13244 13244
[3135] = 13346 13346
[3136] = 13450 13450
[3137] = 13552 13552
[3138] = 13656 13656
[3139] = 13759 13759
[3140] = 13862 13862
[3141] = 13966 13966
[3142] = 14068 14068
[3143] = 14172 14172
[3144] = 14275 14275
[3145] = 15530 15530
[3146] = 15636 15636
[3147] = 15740 15740
[3148] = 15845 15845
[3149] = 15950 15950
[3150] = 16056 16056
[3151] = 16160 16160
[3152] = 16267 16267
[3153] = 13465 13465
[3154] = 13568 13568
[3155] = 13672 13672
[3156] = 13774 13774
[3157] = 13878 13878
[3158] = 12816 12816
[3159] = 12919 12919
[3160] = 13022 13022
[3161] = 13123 13123
[3162] = 5249 5249
[3163] = 5353 5353
[3164] = 5456 5456
[3165] = 5560 5560
[3166] = 5663 5663
[3167] = 5766 5766
[3168] = 5870 5870
[3169] = 5974 5974
[3170] = 6078 6078
[3171] = 6181 6181
[3172] = 7466 7466
[3173] = 7474 7474
[3174] = 7484 7484
[3175] = 7492 7492
[3176] = 7500 7500
[3177] = 7508 7508
[3178] = 7516 7516
[3179] = 7525 7525
[3180] = 7534 7534
[3181] = 7543 7543
[3182] = 7552 7552
[3183] = 7561 7561
[3184] = 7569 7569
[3185] = 6383 6383
[3186] = 6390 6390
[3187] = 6398 6398
[3188] = 6406 6406
[3189] = 6414 6414
[3190] = 6421 6421
[3191] = 6429 6429
[3192] = 6438 6438
[3193] = 6446 6446
[3194] = 6453 6453
[3195] = 6461 6461
[3196] = 6470 6470
[3197] = 6477 6477
[3198] = 6486 6486
[3199] = 7705 7705
[3200] = 7714 7714
[3201] = 7723 7723
[3202] = 7732 7732
[3203] = 7742 7742
[3204] = 7750 7750
[3205] = 7759 7759
[3206] = 7769 7769
[3207] = 7779 7779
[3208] = 4791 4791
[3209] = 4799 4799
[3210] = 4808 4808
[3211] = 4817 4817
[3212] = 3601 3601
[3213] = 3609 3609
[3214] = 3617 3617
[3215] = 3625 3625
[3216] = 3633 3633
[3217] = 11594 11594
[3218] = 11601 11601
[3219] = 11609 11609
[3220] = 11616 11616
[3221] = 11623 11623
[3222] = 11632 11632
[3223] = 11639 11639
[3224] = 11647 11647
[3225] = 11654 11654
[3226] = 12904 12904
[3227] = 12912 12912
[3228] = 12921 12921
[3229] = 12931 12931
[3230] = 12939 12939
[3231] = 12949 12949
[3232] = 12957 12957
[3233] = 12967 12967
[3234] = 12975 12975
[3235] = 12984 12984
[3236] = 12995 12995
[3237] = 13004 13004
[3238] = 13013 13013
[3239] = 13022 13022
[3240] = 11776 11776
[3241] = 11783 11783
[3242] = 11792 11792
[3243] = 11801 11801
[3244] = 11808 11808
[3245] = 11818 11818
[3246] = 11826 11826
[3247] = 11835 11835
[3248] = 11843 11843
[3249] = 11852 11852
[3250] = 11860 11860
[3251] = 11869 11869
[3252] = 11877 11877
[3253] = 11885 11885
[3254] = 13167 13167
[3255] = 13176 13176
[3256] = 13187 13187
[3257] = 13196 13196
[3258] = 13206 13206
[3259] = 13216 13216
[3260] = 13225 13225
[3261] = 13236 13236
[3262] = 10158 10158
[3263] = 10166 10166
[3264] = 10172 10172
[3265] = 10180 10180
[3266] = 10187 10187
[3267] = 8909 8909
[3268] = 8915 8915
[3269] = 8922 8922
[3270] = 8929 8929
[3271] = 8934 8934
[3272] = 1012 1012
[3273] = 1020 1020
[3274] = 1027 1027
[3275] = 1033 1033
[3276] = 1041 1041
[3277] = 1048 1048
[3278] = 1055 1055
[3279] = 1062 1062
[3280] = 1069 1069
[3281] = 2379 2379
[3282] = 2487 2487
[3283] = 2595 2595
[3284] = 2704 2704
[3285] = 2813 2813
[3286] = 2922 2922
[3287] = 3030 3030
[3288] = 3139 3139
[3289] = 3249 3249
[3290] = 3358 3358
[3291] = 3467 3467
[3292] = 3577 3577
[3293] = 3686 3686
[3294] = 2479 2479
[3295] = 2588 2588
[3296] = 2697 2697
[3297] = 2806 2806
[3298] = 2914 2914
[3299] = 3023 3023
[3300] = 3132 3132
[3301] = 3241 3241
[3302] = 3351 3351
[3303] = 3460 3460
[3304] = 3569 3569
[3305] = 3679 3679
[3306] = 3789 3789
[3307] = 3899 3899
[3308] = 5340 5340
[3309] = 5450 5450
[3310] = 5561 5561
[3311] = 5673 5673
[3312] = 5784 5784
[3313] = 5895 5895
[3314] = 6006 6006
[3315] = 6117 6117
[3316] = 6230 6230
[3317] = 3162 3162
[3318] = 3271 3271
[3319] = 3382 3382
[3320] = 3492 3492
[3321] = 2256 2256
[3322] = 2365 2365
[3323] = 2475 2475
[3324] = 2585 2585
[3325] = 2694 2694
[3326] = 2804 2804
[3327] = 10819 10819
[3328] = 10929 10929
[3329] = 11038 11038
[3330] = 11148 11148
[3331] = 11257 11257
[3332] = 11368 11368
[3333] = 11477 11477
[3334] = 11587 11587
[3335] = 13060 13060
[3336] = 13170 13170
[3337] = 13282 13282
[3338] = 13393 13393
[3339] = 13505 13505
[3340] = 13616 13616
[3341] = 13727 13727
[3342] = 13840 13840
[3343] = 13951 13951
[3344] = 14065 14065
[3345] = 14176 14176
[3346] = 14289 14289
[3347] = 14400 14400
[3348] = 14513 14513
[3349] = 13249 13249
[3350] = 13359 13359
[3351] = 13471 13471
[3352] = 13583 13583
[3353] = 13695 13695
[3354] = 13807 13807
[3355] = 13918 13918
[3356] = 14031 14031
[3357] = 14143 14143
[3358] = 14255 14255
[3359] = 14367 14367
[3360] = 14480 14480
[3361] = 14592 14592
[3362] = 14705 14705
[3363] = 16211 16211
[3364] = 16324 16324
[3365] = 16439 16439
[3366] = 16551 16551
[3367] = 16666 16666
[3368] = 16780 16780
[3369] = 16894 16894
[3370] = 17010 17010
[3371] = 17124 17124
[3372] = 13968 13968
[3373] = 14081 14081
[3374] = 14195 14195
[3375] = 14308 14308
[3376] = 13016 13016
[3377] = 13130 13130
[3378] = 13243 13243
[3379] = 13357 13357
[3380] = 13470 13470
[3381] = 5702 5702
[3382] = 5816 5816
[3383] = 5932 5932
[3384] = 6046 6046
[3385] = 6160 6160
[3386] = 6275 6275
[3387] = 6389 6389
[3388] = 6505 6505
[3389] = 6619 6619
[3390] = 8157 8157
[3391] = 8170 8170
[3392] = 8183 8183
[3393] = 8195 8195
[3394] = 8208 8208
[3395] = 8221 8221
[3396] = 8234 8234
[3397] = 8247 8247
[3398] = 8260 8260
[3399] = 8274 8274
[3400] = 8287 8287
[3401] = 8299 8299
[3402] = 8313 8313
[3403] = 6888 6888
[3404] = 6901 6901
[3405] = 6913 6913
[3406] = 6925 6925
[3407] = 6937 6937
[3408] = 6949 6949
[3409] = 6961 6961
[3410] = 6974 6974
[3411] = 6986 6986
[3412] = 6998 6998
[3413] = 7011 7011
[3414] = 7023 7023
[3415] = 7036 7036
[3416] = 7048 7048
[3417] = 8513 8513
[3418] = 8527 8527
[3419] = 8541 8541
[3420] = 8555 8555
[3421] = 8568 8568
[3422] = 8582 8582
[3423] = 8596 8596
[3424] = 8610 8610
[3425] = 8624 8624
[3426] = 5276 5276
[3427] = 5287 5287
[3428] = 5298 5298
[3429] = 5309 5309
[3430] = 5320 5320
[3431] = 3863 3863
[3432] = 3873 3873
[3433] = 3884 3884
[3434] = 3893 3893
[3435] = 3904 3904
[3436] = 11773 11773
[3437] = 11782 11782
[3438] = 11792 11792
[3439] = 11802 11802
[3440] = 11812 11812
[3441] = 11822 11822
[3442] = 11831 11831
[3443] = 11842 11842
[3444] = 11851 11851
[3445] = 13346 13346
[3446] = 13358 13358
[3447] = 13368 13368
[3448] = 13380 13380
[3449] = 13390 13390
[3450] = 13402 13402
[3451] = 13414 13414
[3452] = 13426 13426
[3453] = 13438 13438
[3454] = 13449 13449
[3455] = 13460 13460
[3456] = 13471 13471
[3457] = 13483 13483
[3458] = 11996 11996
[3459] = 12007 12007
[3460] = 12018 12018
[3461] = 12028 12028
[3462] = 12039 12039
[3463] = 12049 12049
[3464] = 12060 12060
[3465] = 12070 12070
[3466] = 12082 12082
[3467] = 12092 12092
[3468] = 12103 12103
[3469] = 12115 12115
[3470] = 12124 12124
[3471] = 12136 12136
[3472] = 13660 13660
[3473] = 13672 13672
[3474] = 13685 13685
[3475] = 13696 13696
[3476] = 13709 13709
[3477] = 13720 13720
[3478] = 13734 13734
[3479] = 13746 13746
[3480] = 13758 13758
[3481] = 10317 10317
[3482] = 10328 10328
[3483] = 10340 10340
[3484] = 10352 10352
[3485] = 8837 8837
[3486] = 8847 8847
[3487] = 8858 8858
[3488] = 8869 8869
[3489] = 8879 8879
[3490] = 1057 1057
[3491] = 1067 1067
[3492] = 1079 1079
[3493] = 1090 1090
[3494] = 1102 1102
[3495] = 1114 1114
[3496] = 1125 1125
[3497] = 1137 1137
[3498] = 1148 1148
[3499] = 2705 2705
[3500] = 2824 2824
[3501] = 2943 2943
[3502] = 3063 3063
[3503] = 3182 3182
[3504] = 3303 3303
[3505] = 3423 3423
[3506] = 3543 3543
[3507] = 3663 3663
[3508] = 3784 3784
[3509] = 3904 3904
[3510] = 4024 4024
[3511] = 4145 4145
[3512] = 2707 2707
[3513] = 2827 2827
[3514] = 2946 2946
[3515] = 3066 3066
[3516] = 3187 3187
[3517] = 3307 3307
[3518] = 3427 3427
[3519] = 3547 3547
[3520] = 3667 3667
[3521] = 3788 3788
[3522] = 3908 3908
[3523] = 4029 4029
[3524] = 4149 4149
[3525] = 4270 4270
[3526] = 5965 5965
[3527] = 6087 6087
[3528] = 6209 6209
[3529] = 6331 6331
[3530] = 6453 6453
[3531] = 6576 6576
[3532] = 6699 6699
[3533] = 6821 6821
[3534] = 6944 6944
[3535] = 3524 3524
[3536] = 3644 3644
[3537] = 3763 3763
[3538] = 3884 3884
[3539] = 4004 4004
[3540] = 2535 2535
[3541] = 2655 2655
[3542] = 2774 2774
[3543] = 2894 2894
[3544] = 3014 3014
[3545] = 10944 10944
[3546] = 11063 11063
[3547] = 11183 11183
[3548] = 11303 11303
[3549] = 11422 11422
[3550] = 11543 11543
[3551] = 11662 11662
[3552] = 11782 11782
[3553] = 11902 11902
[3554] = 13627 13627
[3555] = 13749 13749
[3556] = 13870 13870
[3557] = 13991 13991
[3558] = 14112 14112
[3559] = 14235 14235
[3560] = 14356 14356
[3561] = 14479 14479
[3562] = 14600 14600
[3563] = 14722 14722
[3564] = 14845 14845
[3565] = 14966 14966
[3566] = 15089 15089
[3567] = 13592 13592
[3568] = 13713 13713
[3569] = 13835 13835
[3570] = 13956 13956
[3571] = 14079 14079
[3572] = 14200 14200
[3573] = 14322 14322
[3574] = 14444 14444
[3575] = 14566 14566
[3576] = 14688 14688
[3577] = 14811 14811
[3578] = 14932 14932
[3579] = 15055 15055
[3580] = 15178 15178
[3581] = 16935 16935
[3582] = 17059 17059
[3583] = 17183 17183
[3584] = 17307 17307
[3585] = 17430 17430
[3586] = 17556 17556
[3587] = 17680 17680
[3588] = 17804 17804
[3589] = 17929 17929
[3590] = 14418 14418
[3591] = 14542 14542
[3592] = 14667 14667
[3593] = 14791 14791
[3594] = 13266 13266
[3595] = 13389 13389
[3596] = 13513 13513
[3597] = 13636 13636
[3598] = 13760 13760
[3599] = 6097 6097
[3600] = 6221 6221
[3601] = 6346 6346
[3602] = 6470 6470
[3603] = 6595 6595
[3604] = 6719 6719
[3605] = 6844 6844
[3606] = 6968 6968
[3607] = 7094 7094
[3608] = 8884 8884
[3609] = 8899 8899
[3610] = 8916 8916
[3611] = 8932 8932
[3612] = 8948 8948
[3613] = 8965 8965
[3614] = 8982 8982
[3615] = 8998 8998
[3616] = 9014 9014
[3617] = 9030 9030
[3618] = 9046 9046
[3619] = 9063 9063
[3620] = 9080 9080
[3621] = 7417 7417
[3622] = 7433 7433
[3623] = 7448 7448
[3624] = 7464 7464
[3625] = 7479 7479
[3626] = 7495 7495
[3627] = 7510 7510
[3628] = 7526 7526
[3629] = 7542 7542
[3630] = 7557 7557
[3631] = 7573 7573
[3632] = 7589 7589
[3633] = 7605 7605
[3634] = 7621 7621
[3635] = 9332 9332
[3636] = 9349 9349
[3637] = 9365 9365
[3638] = 9383 9383
[3639] = 9400 9400
[3640] = 9417 9417
[3641] = 9435 9435
[3642] = 9452 9452
[3643] = 9469 9469
[3644] = 5762 5762
[3645] = 5775 5775
[3646] = 5790 5790
[3647] = 5804 5804
[3648] = 5819 5819
[3649] = 4123 4123
[3650] = 4136 4136
[3651] = 4150 4150
[3652] = 4163 4163
[3653] = 4176 4176
[3654] = 11955 11955
[3655] = 11967 11967
[3656] = 11981 11981
[3657] = 11993 11993
[3658] = 12006 12006
[3659] = 12019 12019
[3660] = 12033 12033
[3661] = 12048 12048
[3662] = 12059 12059
[3663] = 13799 13799
[3664] = 13813 13813
[3665] = 13828 13828
[3666] = 13842 13842
[3667] = 13858 13858
[3668] = 13873 13873
[3669] = 13888 13888
[3670] = 13902 13902
[3671] = 13916 13916
[3672] = 13932 13932
[3673] = 13946 13946
[3674] = 13960 13960
[3675] = 13976 13976
[3676] = 12250 12250
[3677] = 12264 12264
[3678] = 12277 12277
[3679] = 12292 12292
[3680] = 12305 12305
[3681] = 12320 12320
[3682] = 12333 12333
[3683] = 12347 12347
[3684] = 12362 12362
[3685] = 12375 12375
[3686] = 12389 12389
[3687] = 12404 12404
[3688] = 12418 12418
[3689] = 12432 12432
[3690] = 14202 14202
[3691] = 14217 14217
[3692] = 14232 14232
[3693] = 14248 14248
[3694] = 14263 14263
[3695] = 14279 14279
[3696] = 14294 14294
[3697] = 14310 14310
[3698] = 14326 14326
[3699] = 10525 10525
[3700] = 10540 10540
[3701] = 10555 10555
[3702] = 10570 10570
[3703] = 8815 8815
[3704] = 8830 8830
[3705] = 8844 8844
[3706] = 8858 8858
[3707] = 8873 8873
[3708] = 1146 1146
[3709] = 1161 1161
[3710] = 1177 1177
[3711] = 1191 1191
[3712] = 1205 1205
[3713] = 1221 1221
[3714] = 1236 1236
[3715] = 1251 1251
[3716] = 1266 1266
[3717] = 3068 3068
[3718] = 3196 3196
[3719] = 3326 3326
[3720] = 3456 3456
[3721] = 3586 3586
[3722] = 3716 3716
[3723] = 3847 3847
[3724] = 3977 3977
[3725] = 4107 4107
[3726] = 4237 4237
[3727] = 4368 4368
[3728] = 4498 4498
[3729] = 4629 4629
[3730] = 4760 4760
[3731] = 3089 3089
[3732] = 3218 3218
[3733] = 3348 3348
[3734] = 3479 3479
[3735] = 3609 3609
[3736] = 3739 3739
[3737] = 3869 3869
[3738] = 4000 4000
[3739] = 4130 4130
[3740] = 4261 4261
[3741] = 4391 4391
[3742] = 4522 4522
[3743] = 4653 4653
[3744] = 4783 4783
[3745] = 6732 6732
[3746] = 6863 6863
[3747] = 6996 6996
[3748] = 7130 7130
[3749] = 7262 7262
[3750] = 7394 7394
[3751] = 7527 7527
[3752] = 7659 7659
[3753] = 3886 3886
[3754] = 4015 4015
[3755] = 4146 4146
[3756] = 4276 4276
[3757] = 4407 4407
[3758] = 2705 2705
[3759] = 2835 2835
[3760] = 2964 2964
[3761] = 3094 3094
[3762] = 3223 3223
[3763] = 11069 11069
[3764] = 11198 11198
[3765] = 11328 11328
[3766] = 11457 11457
[3767] = 11587 11587
[3768] = 11717 11717
[3769] = 11847 11847
[3770] = 11976 11976
[3771] = 12107 12107
[3772] = 14084 14084
[3773] = 14214 14214
[3774] = 14346 14346
[3775] = 14478 14478
[3776] = 14610 14610
[3777] = 14741 14741
[3778] = 14873 14873
[3779] = 15004 15004
[3780] = 15136 15136
[3781] = 15269 15269
[3782] = 15400 15400
[3783] = 15533 15533
[3784] = 15664 15664
[3785] = 13935 13935
[3786] = 14067 14067
[3787] = 14198 14198
[3788] = 14331 14331
[3789] = 14462 14462
[3790] = 14594 14594
[3791] = 14725 14725
[3792] = 14858 14858
[3793] = 14989 14989
[3794] = 15122 15122
[3795] = 15254 15254
[3796] = 15386 15386
[3797] = 15518 15518
[3798] = 15650 15650
[3799] = 17660 17660
[3800] = 17793 17793
[3801] = 17928 17928
[3802] = 18063 18063
[3803] = 18196 18196
[3804] = 18331 18331
[3805] = 18464 18464
[3806] = 18598 18598
[3807] = 18732 18732
[3808] = 14869 14869
[3809] = 15003 15003
[3810] = 15137 15137
[3811] = 15273 15273
[3812] = 13515 13515
[3813] = 13648 13648
[3814] = 13782 13782
[3815] = 13915 13915
[3816] = 14049 14049
[3817] = 6490 6490
[3818] = 6625 6625
[3819] = 6760 6760
[3820] = 6893 6893
[3821] = 7028 7028
[3822] = 7163 7163
[3823] = 7298 7298
[3824] = 7433 7433
[3825] = 7568 7568
[3826] = 9610 9610
[3827] = 9688 9688
[3828] = 9708 9708
[3829] = 9728 9728
[3830] = 9747 9747
[3831] = 9768 9768
[3832] = 9787 9787
[3833] = 9807 9807
[3834] = 9826 9826
[3835] = 9846 9846
[3836] = 9866 9866
[3837] = 9886 9886
[3838] = 9906 9906
[3839] = 9926 9926
[3840] = 8023 8023
[3841] = 8042 8042
[3842] = 8062 8062
[3843] = 8080 8080
[3844] = 8099 8099
[3845] = 8118 8118
[3846] = 8138 8138
[3847] = 8156 8156
[3848] = 8175 8175
[3849] = 8195 8195
[3850] = 8214 8214
[3851] = 8233 8233
[3852] = 8252 8252
[3853] = 8272 8272
[3854] = 10229 10229
[3855] = 10250 10250
[3856] = 10271 10271
[3857] = 10291 10291
[3858] = 10312 10312
[3859] = 10332 10332
[3860] = 10353 10353
[3861] = 10373 10373
[3862] = 6306 6306
[3863] = 6323 6323
[3864] = 6340 6340
[3865] = 6359 6359
[3866] = 6377 6377
[3867] = 4442 4442
[3868] = 4459 4459
[3869] = 4475 4475
[3870] = 4492 4492
[3871] = 4509 4509
[3872] = 12195 12195
[3873] = 12212 12212
[3874] = 12227 12227
[3875] = 12244 12244
[3876] = 12260 12260
[3877] = 12277 12277
[3878] = 12293 12293
[3879] = 12310 12310
[3880] = 12327 12327
[3881] = 14312 14312
[3882] = 14329 14329
[3883] = 14348 14348
[3884] = 14365 14365
[3885] = 14384 14384
[3886] = 14401 14401
[3887] = 14420 14420
[3888] = 14437 14437
[3889] = 14455 14455
[3890] = 14473 14473
[3891] = 14491 14491
[3892] = 14511 14511
[3893] = 14528 14528
[3894] = 12563 12563
[3895] = 12580 12580
[3896] = 12598 12598
[3897] = 12614 12614
[3898] = 12632 12632
[3899] = 12649 12649
[3900] = 12666 12666
[3901] = 12683 12683
[3902] = 12700 12700
[3903] = 12718 12718
[3904] = 12735 12735
[3905] = 12753 12753
[3906] = 12771 12771
[3907] = 12788 12788
[3908] = 14804 14804
[3909] = 14822 14822
[3910] = 14841 14841
[3911] = 14860 14860
[3912] = 14879 14879
[3913] = 14896 14896
[3914] = 14916 14916
[3915] = 14935 14935
[3916] = 14953 14953
[3917] = 10793 10793
[3918] = 10808 10808
[3919] = 10828 10828
[3920] = 10844 10844
[3921] = 8849 8849
[3922] = 8865 8865
[3923] = 8881 8881
[3924] = 8898 8898
[3925] = 8913 8913
[3926] = 1284 1284
[3927] = 1301 1301
[3928] = 1318 1318
[3929] = 1335 1335
[3930] = 1352 1352
[3931] = 1368 1368
[3932] = 1385 1385
[3933] = 1402 1402
[3934] = 1419 1419
[3935] = 3464 3464
[3936] = 3483 3483
[3937] = 3622 3622
[3938] = 3760 3760
[3939] = 3899 3899
[3940] = 4037 4037
[3941] = 4176 4176
[3942] = 4314 4314
[3943] = 4453 4453
[3944] = 4592 4592
[3945] = 4731 4731
[3946] = 4871 4871
[3947] = 5011 5011
[3948] = 5149 5149
[3949] = 3245 3245
[3950] = 3383 3383
[3951] = 3521 3521
[3952] = 3660 3660
[3953] = 3800 3800
[3954] = 3938 3938
[3955] = 4077 4077
[3956] = 4215 4215
[3957] = 4355 4355
[3958] = 4494 4494
[3959] = 4634 4634
[3960] = 4772 4772
[3961] = 4912 4912
[3962] = 5052 5052
[3963] = 7250 7250
[3964] = 7392 7392
[3965] = 7533 7533
[3966] = 7674 7674
[3967] = 7815 7815
[3968] = 7955 7955
[3969] = 8096 8096
[3970] = 8238 8238
[3971] = 8380 8380
[3972] = 4250 4250
[3973] = 4391 4391
[3974] = 4533 4533
[3975] = 4674 4674
[3976] = 2742 2742
[3977] = 2883 2883
[3978] = 3023 3023
[3979] = 3165 3165
[3980] = 3305 3305
[3981] = 11068 11068
[3982] = 11210 11210
[3983] = 11349 11349
[3984] = 11491 11491
[3985] = 11631 11631
[3986] = 11773 11773
[3987] = 11913 11913
[3988] = 12055 12055
[3989] = 12197 12197
[3990] = 14426 14426
[3991] = 14571 14571
[3992] = 14713 14713
[3993] = 14856 14856
[3994] = 14998 14998
[3995] = 15141 15141
[3996] = 15285 15285
[3997] = 15427 15427
[3998] = 15571 15571
[3999] = 15714 15714
[4000] = 15859 15859
[4001] = 16001 16001
[4002] = 16145 16145
[4003] = 14185 14185
[4004] = 14327 14327
[4005] = 14470 14470
[4006] = 14614 14614
[4007] = 14757 14757
[4008] = 14899 14899
[4009] = 15043 15043
[4010] = 15185 15185
[4011] = 15329 15329
[4012] = 15473 15473
[4013] = 15617 15617
[4014] = 15760 15760
[4015] = 15903 15903
[4016] = 16048 16048
[4017] = 18310 18310
[4018] = 18457 18457
[4019] = 18601 18601
[4020] = 18746 18746
[4021] = 18893 18893
[4022] = 19037 19037
[4023] = 19183 19183
[4024] = 19328 19328
[4025] = 19475 19475
[4026] = 15259 15259
[4027] = 15402 15402
[4028] = 15545 15545
[4029] = 15688 15688
[4030] = 15831 15831
[4031] = 13839 13839
[4032] = 13981 13981
[4033] = 14124 14124
[4034] = 14266 14266
[4035] = 6810 6810
[4036] = 6952 6952
[4037] = 7095 7095
[4038] = 7238 7238
[4039] = 7382 7382
[4040] = 7525 7525
[4041] = 7669 7669
[4042] = 7812 7812
[4043] = 7955 7955
[4044] = 8100 8100
[4045] = 10394 10394
[4046] = 10416 10416
[4047] = 10437 10437
[4048] = 10459 10459
[4049] = 10480 10480
[4050] = 10501 10501
[4051] = 10523 10523
[4052] = 10545 10545
[4053] = 10567 10567
[4054] = 10589 10589
[4055] = 10611 10611
[4056] = 10633 10633
[4057] = 10654 10654
[4058] = 8511 8511
[4059] = 8531 8531
[4060] = 8553 8553
[4061] = 8573 8573
[4062] = 8594 8594
[4063] = 8615 8615
[4064] = 8637 8637
[4065] = 8657 8657
[4066] = 8678 8678
[4067] = 8700 8700
[4068] = 8720 8720
[4069] = 8741 8741
[4070] = 8762 8762
[4071] = 8783 8783
[4072] = 10986 10986
[4073] = 11009 11009
[4074] = 11031 11031
[4075] = 11053 11053
[4076] = 11075 11075
[4077] = 11098 11098
[4078] = 11120 11120
[4079] = 11142 11142
[4080] = 11165 11165
[4081] = 6735 6735
[4082] = 6757 6757
[4083] = 6780 6780
[4084] = 6802 6802
[4085] = 4630 4630
[4086] = 4651 4651
[4087] = 4672 4672
[4088] = 4694 4694
[4089] = 4715 4715
[4090] = 12312 12312
[4091] = 12333 12333
[4092] = 12354 12354
[4093] = 12376 12376
[4094] = 12397 12397
[4095] = 12419 12419
[4096] = 12439 12439
[4097] = 12461 12461
[4098] = 12482 12482
[4099] = 14715 14715
[4100] = 14737 14737
[4101] = 14759 14759
[4102] = 14783 14783
[4103] = 14805 14805
[4104] = 14827 14827
[4105] = 14849 14849
[4106] = 14872 14872
[4107] = 14894 14894
[4108] = 14919 14919
[4109] = 14942 14942
[4110] = 14964 14964
[4111] = 14987 14987
[4112] = 12785 12785
[4113] = 12807 12807
[4114] = 12828 12828
[4115] = 12851 12851
[4116] = 12874 12874
[4117] = 12894 12894
[4118] = 12917 12917
[4119] = 12939 12939
[4120] = 12962 12962
[4121] = 12983 12983
[4122] = 13005 13005
[4123] = 13027 13027
[4124] = 13050 13050
[4125] = 13072 13072
[4126] = 15335 15335
[4127] = 15358 15358
[4128] = 15382 15382
[4129] = 15405 15405
[4130] = 15428 15428
[4131] = 15452 15452
[4132] = 15476 15476
[4133] = 15499 15499
[4134] = 15523 15523
[4135] = 11004 11004
[4136] = 11024 11024
[4137] = 11046 11046
[4138] = 11065 11065
[4139] = 11086 11086
[4140] = 8850 8850
[4141] = 8870 8870
[4142] = 8889 8889
[4143] = 8909 8909
[4144] = 1377 1377
[4145] = 1397 1397
[4146] = 1417 1417
[4147] = 1437 1437
[4148] = 1457 1457
[4149] = 1478 1478
[4150] = 1498 1498
[4151] = 1518 1518
[4152] = 1538 1538
[4153] = 1559 1559
[4154] = 3852 3852
[4155] = 4000 4000
[4156] = 4147 4147
[4157] = 4296 4296
[4158] = 4444 4444
[4159] = 4593 4593
[4160] = 4741 4741
[4161] = 4891 4891
[4162] = 5040 5040
[4163] = 5189 5189
[4164] = 5338 5338
[4165] = 5487 5487
[4166] = 5636 5636
[4167] = 3500 3500
[4168] = 3648 3648
[4169] = 3796 3796
[4170] = 3945 3945
[4171] = 4093 4093
[4172] = 4242 4242
[4173] = 4391 4391
[4174] = 4540 4540
[4175] = 4689 4689
[4176] = 4838 4838
[4177] = 4987 4987
[4178] = 5136 5136
[4179] = 5286 5286
[4180] = 5436 5436
[4181] = 7887 7887
[4182] = 8038 8038
[4183] = 8188 8188
[4184] = 8340 8340
[4185] = 8490 8490
[4186] = 8641 8641
[4187] = 8792 8792
[4188] = 8944 8944
[4189] = 9095 9095
[4190] = 4613 4613
[4191] = 4763 4763
[4192] = 4915 4915
[4193] = 5066 5066
[4194] = 2902 2902
[4195] = 3053 3053
[4196] = 3203 3203
[4197] = 3355 3355
[4198] = 3506 3506
[4199] = 11184 11184
[4200] = 11335 11335
[4201] = 11486 11486
[4202] = 11637 11637
[4203] = 11788 11788
[4204] = 11938 11938
[4205] = 12091 12091
[4206] = 12242 12242
[4207] = 12393 12393
[4208] = 14876 14876
[4209] = 15029 15029
[4210] = 15181 15181
[4211] = 15334 15334
[4212] = 15488 15488
[4213] = 15641 15641
[4214] = 15793 15793
[4215] = 15946 15946
[4216] = 16101 16101
[4217] = 16254 16254
[4218] = 16407 16407
[4219] = 16562 16562
[4220] = 16715 16715
[4221] = 14522 14522
[4222] = 14676 14676
[4223] = 14828 14828
[4224] = 14981 14981
[4225] = 15133 15133
[4226] = 15287 15287
[4227] = 15439 15439
[4228] = 15594 15594
[4229] = 15748 15748
[4230] = 15900 15900
[4231] = 16054 16054
[4232] = 16208 16208
[4233] = 16362 16362
[4234] = 16517 16517
[4235] = 19031 19031
[4236] = 19187 19187
[4237] = 19342 19342
[4238] = 19497 19497
[4239] = 19652 19652
[4240] = 19808 19808
[4241] = 19964 19964
[4242] = 20119 20119
[4243] = 20276 20276
[4244] = 15707 15707
[4245] = 15859 15859
[4246] = 16012 16012
[4247] = 16165 16165
[4248] = 16317 16317
[4249] = 14094 14094
[4250] = 14247 14247
[4251] = 14398 14398
[4252] = 14551 14551
[4253] = 7199 7199
[4254] = 7352 7352
[4255] = 7505 7505
[4256] = 7658 7658
[4257] = 7811 7811
[4258] = 7964 7964
[4259] = 8118 8118
[4260] = 8271 8271
[4261] = 8425 8425
[4262] = 8579 8579
[4263] = 11125 11125
[4264] = 11150 11150
[4265] = 11174 11174
[4266] = 11199 11199
[4267] = 11224 11224
[4268] = 11249 11249
[4269] = 11273 11273
[4270] = 11300 11300
[4271] = 11324 11324
[4272] = 11350 11350
[4273] = 11374 11374
[4274] = 11399 11399
[4275] = 11425 11425
[4276] = 9042 9042
[4277] = 9066 9066
[4278] = 9090 9090
[4279] = 9114 9114
[4280] = 9138 9138
[4281] = 9164 9164
[4282] = 9188 9188
[4283] = 9212 9212
[4284] = 9236 9236
[4285] = 9261 9261
[4286] = 9284 9284
[4287] = 9309 9309
[4288] = 9333 9333
[4289] = 9358 9358
[4290] = 11805 11805
[4291] = 11831 11831
[4292] = 11857 11857
[4293] = 11882 11882
[4294] = 11908 11908
[4295] = 11933 11933
[4296] = 11959 11959
[4297] = 11986 11986
[4298] = 12011 12011
[4299] = 7221 7221
[4300] = 7246 7246
[4301] = 7272 7272
[4302] = 7297 7297
[4303] = 4887 4887
[4304] = 4911 4911
[4305] = 4936 4936
[4306] = 4961 4961
[4307] = 4986 4986
[4308] = 12491 12491
[4309] = 12517 12517
[4310] = 12541 12541
[4311] = 12565 12565
[4312] = 12590 12590
[4313] = 12614 12614
[4314] = 12639 12639
[4315] = 12663 12663
[4316] = 12689 12689
[4317] = 15167 15167
[4318] = 15192 15192
[4319] = 15219 15219
[4320] = 15244 15244
[4321] = 15271 15271
[4322] = 15296 15296
[4323] = 15322 15322
[4324] = 15349 15349
[4325] = 15375 15375
[4326] = 15402 15402
[4327] = 15427 15427
[4328] = 15454 15454
[4329] = 15480 15480
[4330] = 15506 15506
[4331] = 13065 13065
[4332] = 13090 13090
[4333] = 13116 13116
[4334] = 13140 13140
[4335] = 13167 13167
[4336] = 13191 13191
[4337] = 13218 13218
[4338] = 13243 13243
[4339] = 13268 13268
[4340] = 13293 13293
[4341] = 13319 13319
[4342] = 13345 13345
[4343] = 13370 13370
[4344] = 13396 13396
[4345] = 15905 15905
[4346] = 15933 15933
[4347] = 15960 15960
[4348] = 15986 15986
[4349] = 16013 16013
[4350] = 16040 16040
[4351] = 16068 16068
[4352] = 16095 16095
[4353] = 11215 11215
[4354] = 11239 11239
[4355] = 11262 11262
[4356] = 11286 11286
[4357] = 11310 11310
[4358] = 8835 8835
[4359] = 8858 8858
[4360] = 8881 8881
[4361] = 8903 8903
[4362] = 1470 1470
[4363] = 1494 1494
[4364] = 1516 1516
[4365] = 1540 1540
[4366] = 1563 1563
[4367] = 1587 1587
[4368] = 1610 1610
[4369] = 1634 1634
[4370] = 1658 1658
[4371] = 1681 1681
[4372] = 4219 4219
[4373] = 4377 4377
[4374] = 4535 4535
[4375] = 4694 4694
[4376] = 4851 4851
[4377] = 5010 5010
[4378] = 5170 5170
[4379] = 5328 5328
[4380] = 5487 5487
[4381] = 5646 5646
[4382] = 5805 5805
[4383] = 5964 5964
[4384] = 6123 6123
[4385] = 3754 3754
[4386] = 3912 3912
[4387] = 4072 4072
[4388] = 4230 4230
[4389] = 4388 4388
[4390] = 4547 4547
[4391] = 4705 4705
[4392] = 4865 4865
[4393] = 5023 5023
[4394] = 5182 5182
[4395] = 5342 5342
[4396] = 5501 5501
[4397] = 5660 5660
[4398] = 5819 5819
[4399] = 8523 8523
[4400] = 8683 8683
[4401] = 8844 8844
[4402] = 9005 9005
[4403] = 9166 9166
[4404] = 9327 9327
[4405] = 9489 9489
[4406] = 9650 9650
[4407] = 9811 9811
[4408] = 4975 4975
[4409] = 5136 5136
[4410] = 5298 5298
[4411] = 5458 5458
[4412] = 3062 3062
[4413] = 3223 3223
[4414] = 3384 3384
[4415] = 3545 3545
[4416] = 3706 3706
[4417] = 11300 11300
[4418] = 11461 11461
[4419] = 11622 11622
[4420] = 11784 11784
[4421] = 11944 11944
[4422] = 12105 12105
[4423] = 12267 12267
[4424] = 12428 12428
[4425] = 12590 12590
[4426] = 15325 15325
[4427] = 15488 15488
[4428] = 15651 15651
[4429] = 15814 15814
[4430] = 15977 15977
[4431] = 16140 16140
[4432] = 16304 16304
[4433] = 16467 16467
[4434] = 16630 16630
[4435] = 16794 16794
[4436] = 16957 16957
[4437] = 17121 17121
[4438] = 17284 17284
[4439] = 17448 17448
[4440] = 15023 15023
[4441] = 15186 15186
[4442] = 15348 15348
[4443] = 15512 15512
[4444] = 15676 15676
[4445] = 15838 15838
[4446] = 16002 16002
[4447] = 16165 16165
[4448] = 16329 16329
[4449] = 16492 16492
[4450] = 16656 16656
[4451] = 16821 16821
[4452] = 16984 16984
[4453] = 17148 17148
[4454] = 19917 19917
[4455] = 20083 20083
[4456] = 20247 20247
[4457] = 20413 20413
[4458] = 20580 20580
[4459] = 20745 20745
[4460] = 20911 20911
[4461] = 21077 21077
[4462] = 16155 16155
[4463] = 16317 16317
[4464] = 16480 16480
[4465] = 16642 16642
[4466] = 16805 16805
[4467] = 14350 14350
[4468] = 14512 14512
[4469] = 14673 14673
[4470] = 14835 14835
[4471] = 14998 14998
[4472] = 7751 7751
[4473] = 7914 7914
[4474] = 8077 8077
[4475] = 8240 8240
[4476] = 8404 8404
[4477] = 8567 8567
[4478] = 8730 8730
[4479] = 8894 8894
[4480] = 9057 9057
[4481] = 11856 11856
[4482] = 11884 11884
[4483] = 11912 11912
[4484] = 11939 11939
[4485] = 11968 11968
[4486] = 11997 11997
[4487] = 12025 12025
[4488] = 12053 12053
[4489] = 12081 12081
[4490] = 12110 12110
[4491] = 12138 12138
[4492] = 12166 12166
[4493] = 12194 12194
[4494] = 9574 9574
[4495] = 9601 9601
[4496] = 9629 9629
[4497] = 9656 9656
[4498] = 9683 9683
[4499] = 9711 9711
[4500] = 9739 9739
[4501] = 9766 9766
[4502] = 9793 9793
[4503] = 9821 9821
[4504] = 9848 9848
[4505] = 9877 9877
[4506] = 9904 9904
[4507] = 9932 9932
[4508] = 12624 12624
[4509] = 12653 12653
[4510] = 12682 12682
[4511] = 12710 12710
[4512] = 12740 12740
[4513] = 12769 12769
[4514] = 12799 12799
[4515] = 12828 12828
[4516] = 12857 12857
[4517] = 7706 7706
[4518] = 7733 7733
[4519] = 7760 7760
[4520] = 7788 7788
[4521] = 5137 5137
[4522] = 5163 5163
[4523] = 5190 5190
[4524] = 5216 5216
[4525] = 5243 5243
[4526] = 5269 5269
[4527] = 12682 12682
[4528] = 12707 12707
[4529] = 12734 12734
[4530] = 12760 12760
[4531] = 12787 12787
[4532] = 12814 12814
[4533] = 12839 12839
[4534] = 12866 12866
[4535] = 15587 15587
[4536] = 15615 15615
[4537] = 15642 15642
[4538] = 15669 15669
[4539] = 15697 15697
[4540] = 15726 15726
[4541] = 15754 15754
[4542] = 15781 15781
[4543] = 15810 15810
[4544] = 15836 15836
[4545] = 15864 15864
[4546] = 15892 15892
[4547] = 15920 15920
[4548] = 15948 15948
[4549] = 13265 13265
[4550] = 13293 13293
[4551] = 13320 13320
[4552] = 13347 13347
[4553] = 13373 13373
[4554] = 13401 13401
[4555] = 13428 13428
[4556] = 13455 13455
[4557] = 13482 13482
[4558] = 13509 13509
[4559] = 13536 13536
[4560] = 13563 13563
[4561] = 13591 13591
[4562] = 13618 13618
[4563] = 16371 16371
[4564] = 16400 16400
[4565] = 16428 16428
[4566] = 16457 16457
[4567] = 16484 16484
[4568] = 16514 16514
[4569] = 16544 16544
[4570] = 16571 16571
[4571] = 16601 16601
[4572] = 11357 11357
[4573] = 11386 11386
[4574] = 11414 11414
[4575] = 11443 11443
[4576] = 8731 8731
[4577] = 8759 8759
[4578] = 8788 8788
[4579] = 8815 8815
[4580] = 8843 8843
[4581] = 1509 1509
[4582] = 1538 1538
[4583] = 1566 1566
[4584] = 1594 1594
[4585] = 1623 1623
[4586] = 1651 1651
[4587] = 1680 1680
[4588] = 1708 1708
[4589] = 1737 1737
[4590] = 4523 4523
[4591] = 4691 4691
[4592] = 4862 4862
[4593] = 5032 5032
[4594] = 5203 5203
[4595] = 5373 5373
[4596] = 5543 5543
[4597] = 5713 5713
[4598] = 5884 5884
[4599] = 6055 6055
[4600] = 6225 6225
[4601] = 6396 6396
[4602] = 6567 6567
[4603] = 3968 3968
[4604] = 4138 4138
[4605] = 4308 4308
[4606] = 4478 4478
[4607] = 4649 4649
[4608] = 4819 4819
[4609] = 4990 4990
[4610] = 5160 5160
[4611] = 5331 5331
[4612] = 5502 5502
[4613] = 5673 5673
[4614] = 5843 5843
[4615] = 6014 6014
[4616] = 6186 6186
[4617] = 9143 9143
[4618] = 9315 9315
[4619] = 9487 9487
[4620] = 9660 9660
[4621] = 9833 9833
[4622] = 10006 10006
[4623] = 10180 10180
[4624] = 10352 10352
[4625] = 10525 10525
[4626] = 5337 5337
[4627] = 5506 5506
[4628] = 5676 5676
[4629] = 5845 5845
[4630] = 6017 6017
[4631] = 3385 3385
[4632] = 3553 3553
[4633] = 3723 3723
[4634] = 3892 3892
[4635] = 4061 4061
[4636] = 11569 11569
[4637] = 11738 11738
[4638] = 11909 11909
[4639] = 12077 12077
[4640] = 12247 12247
[4641] = 12416 12416
[4642] = 12586 12586
[4643] = 12755 12755
[4644] = 12925 12925
[4645] = 15913 15913
[4646] = 16083 16083
[4647] = 16255 16255
[4648] = 16426 16426
[4649] = 16598 16598
[4650] = 16768 16768
[4651] = 16940 16940
[4652] = 17112 17112
[4653] = 17283 17283
[4654] = 17456 17456
[4655] = 17627 17627
[4656] = 17799 17799
[4657] = 17971 17971
[4658] = 15312 15312
[4659] = 15482 15482
[4660] = 15654 15654
[4661] = 15826 15826
[4662] = 15997 15997
[4663] = 16169 16169
[4664] = 16339 16339
[4665] = 16512 16512
[4666] = 16684 16684
[4667] = 16856 16856
[4668] = 17028 17028
[4669] = 17199 17199
[4670] = 17372 17372
[4671] = 17544 17544
[4672] = 20564 20564
[4673] = 20736 20736
[4674] = 20910 20910
[4675] = 21085 21085
[4676] = 21258 21258
[4677] = 21433 21433
[4678] = 21607 21607
[4679] = 21781 21781
[4680] = 21954 21954
[4681] = 16676 16676
[4682] = 16850 16850
[4683] = 17025 17025
[4684] = 17201 17201
[4685] = 14513 14513
[4686] = 14687 14687
[4687] = 14860 14860
[4688] = 15035 15035
[4689] = 15209 15209
[4690] = 8068 8068
[4691] = 8242 8242
[4692] = 8417 8417
[4693] = 8592 8592
[4694] = 8766 8766
[4695] = 8942 8942
[4696] = 9117 9117
[4697] = 9292 9292
[4698] = 9468 9468
[4699] = 12520 12520
[4700] = 12553 12553
[4701] = 12587 12587
[4702] = 12621 12621
[4703] = 12654 12654
[4704] = 12687 12687
[4705] = 12720 12720
[4706] = 12753 12753
[4707] = 12787 12787
[4708] = 12820 12820
[4709] = 12853 12853
[4710] = 12887 12887
[4711] = 12921 12921
[4712] = 10063 10063
[4713] = 10094 10094
[4714] = 10128 10128
[4715] = 10160 10160
[4716] = 10193 10193
[4717] = 10225 10225
[4718] = 10258 10258
[4719] = 10290 10290
[4720] = 10323 10323
[4721] = 10356 10356
[4722] = 10389 10389
[4723] = 10421 10421
[4724] = 10454 10454
[4725] = 10486 10486
[4726] = 13427 13427
[4727] = 13461 13461
[4728] = 13495 13495
[4729] = 13530 13530
[4730] = 13564 13564
[4731] = 13598 13598
[4732] = 13632 13632
[4733] = 13666 13666
[4734] = 13700 13700
[4735] = 8191 8191
[4736] = 8221 8221
[4737] = 8252 8252
[4738] = 8284 8284
[4739] = 8315 8315
[4740] = 5422 5422
[4741] = 5452 5452
[4742] = 5482 5482
[4743] = 5512 5512
[4744] = 5542 5542
[4745] = 12863 12863
[4746] = 12893 12893
[4747] = 12922 12922
[4748] = 12952 12952
[4749] = 12982 12982
[4750] = 13011 13011
[4751] = 13041 13041
[4752] = 13071 13071
[4753] = 13100 13100
[4754] = 16067 16067
[4755] = 16099 16099
[4756] = 16130 16130
[4757] = 16161 16161
[4758] = 16193 16193
[4759] = 16223 16223
[4760] = 16254 16254
[4761] = 16284 16284
[4762] = 16316 16316
[4763] = 16347 16347
[4764] = 16378 16378
[4765] = 16410 16410
[4766] = 16441 16441
[4767] = 13520 13520
[4768] = 13549 13549
[4769] = 13580 13580
[4770] = 13610 13610
[4771] = 13640 13640
[4772] = 13671 13671
[4773] = 13701 13701
[4774] = 13732 13732
[4775] = 13761 13761
[4776] = 13793 13793
[4777] = 13822 13822
[4778] = 13853 13853
[4779] = 13884 13884
[4780] = 13914 13914
[4781] = 16914 16914
[4782] = 16944 16944
[4783] = 16976 16976
[4784] = 17009 17009
[4785] = 17040 17040
[4786] = 17072 17072
[4787] = 17104 17104
[4788] = 17136 17136
[4789] = 17167 17167
[4790] = 11565 11565
[4791] = 11596 11596
[4792] = 11629 11629
[4793] = 11662 11662
[4794] = 8711 8711
[4795] = 8743 8743
[4796] = 8774 8774
[4797] = 8805 8805
[4798] = 8836 8836
[4799] = 1600 1600
[4800] = 1631 1631
[4801] = 1663 1663
[4802] = 1695 1695
[4803] = 1727 1727
[4804] = 1759 1759
[4805] = 1791 1791
[4806] = 1823 1823
[4807] = 1855 1855
[4808] = 4886 4886
[4809] = 5065 5065
[4810] = 5246 5246
[4811] = 5425 5425
[4812] = 5606 5606
[4813] = 5786 5786
[4814] = 5967 5967
[4815] = 6146 6146
[4816] = 6326 6326
[4817] = 6507 6507
[4818] = 6687 6687
[4819] = 6869 6869
[4820] = 7049 7049
[4821] = 4217 4217
[4822] = 4396 4396
[4823] = 4576 4576
[4824] = 4755 4755
[4825] = 4934 4934
[4826] = 5115 5115
[4827] = 5295 5295
[4828] = 5474 5474
[4829] = 5654 5654
[4830] = 5834 5834
[4831] = 6014 6014
[4832] = 6195 6195
[4833] = 6375 6375
[4834] = 6554 6554
[4835] = 9763 9763
[4836] = 9944 9944
[4837] = 10126 10126
[4838] = 10307 10307
[4839] = 10489 10489
[4840] = 10670 10670
[4841] = 10852 10852
[4842] = 11033 11033
[4843] = 11215 11215
[4844] = 5672 5672
[4845] = 5850 5850
[4846] = 6029 6029
[4847] = 6207 6207
[4848] = 6385 6385
[4849] = 3520 3520
[4850] = 3697 3697
[4851] = 3874 3874
[4852] = 4051 4051
[4853] = 4229 4229
[4854] = 11650 11650
[4855] = 11828 11828
[4856] = 12005 12005
[4857] = 12183 12183
[4858] = 12359 12359
[4859] = 12537 12537
[4860] = 12714 12714
[4861] = 12892 12892
[4862] = 13070 13070
[4863] = 16305 16305
[4864] = 16485 16485
[4865] = 16664 16664
[4866] = 16843 16843
[4867] = 17021 17021
[4868] = 17200 17200
[4869] = 17380 17380
[4870] = 17557 17557
[4871] = 17737 17737
[4872] = 17916 17916
[4873] = 18095 18095
[4874] = 18274 18274
[4875] = 18453 18453
[4876] = 15559 15559
[4877] = 15737 15737
[4878] = 15915 15915
[4879] = 16094 16094
[4880] = 16272 16272
[4881] = 16450 16450
[4882] = 16629 16629
[4883] = 16808 16808
[4884] = 16986 16986
[4885] = 17165 17165
[4886] = 17342 17342
[4887] = 17522 17522
[4888] = 17700 17700
[4889] = 17880 17880
[4890] = 21147 21147
[4891] = 21328 21328
[4892] = 21508 21508
[4893] = 21689 21689
[4894] = 21869 21869
[4895] = 22048 22048
[4896] = 22229 22229
[4897] = 22408 22408
[4898] = 22589 22589
[4899] = 16953 16953
[4900] = 17133 17133
[4901] = 17315 17315
[4902] = 17495 17495
[4903] = 14573 14573
[4904] = 14752 14752
[4905] = 14932 14932
[4906] = 15112 15112
[4907] = 15292 15292
[4908] = 8251 8251
[4909] = 8432 8432
[4910] = 8612 8612
[4911] = 8792 8792
[4912] = 8974 8974
[4913] = 9154 9154
[4914] = 9335 9335
[4915] = 9516 9516
[4916] = 9696 9696
[4917] = 12996 12996
[4918] = 13034 13034
[4919] = 13070 13070
[4920] = 13107 13107
[4921] = 13144 13144
[4922] = 13180 13180
[4923] = 13217 13217
[4924] = 13255 13255
[4925] = 13292 13292
[4926] = 13328 13328
[4927] = 13367 13367
[4928] = 13404 13404
[4929] = 13441 13441
[4930] = 13478 13478
[4931] = 10381 10381
[4932] = 10418 10418
[4933] = 10453 10453
[4934] = 10490 10490
[4935] = 10527 10527
[4936] = 10564 10564
[4937] = 10601 10601
[4938] = 10637 10637
[4939] = 10674 10674
[4940] = 10712 10712
[4941] = 10749 10749
[4942] = 10786 10786
[4943] = 10824 10824
[4944] = 10861 10861
[4945] = 14050 14050
[4946] = 14088 14088
[4947] = 14127 14127
[4948] = 14166 14166
[4949] = 14204 14204
[4950] = 14243 14243
[4951] = 14282 14282
[4952] = 14321 14321
[4953] = 8454 8454
[4954] = 8490 8490
[4955] = 8525 8525
[4956] = 8561 8561
[4957] = 8596 8596
[4958] = 5467 5467
[4959] = 5502 5502
[4960] = 5537 5537
[4961] = 5571 5571
[4962] = 5606 5606
[4963] = 12838 12838
[4964] = 12874 12874
[4965] = 12908 12908
[4966] = 12944 12944
[4967] = 12978 12978
[4968] = 13013 13013
[4969] = 13047 13047
[4970] = 13084 13084
[4971] = 13118 13118
[4972] = 16335 16335
[4973] = 16372 16372
[4974] = 16408 16408
[4975] = 16445 16445
[4976] = 16480 16480
[4977] = 16518 16518
[4978] = 16554 16554
[4979] = 16591 16591
[4980] = 16629 16629
[4981] = 16666 16666
[4982] = 16703 16703
[4983] = 16740 16740
[4984] = 16778 16778
[4985] = 13619 13619
[4986] = 13656 13656
[4987] = 13692 13692
[4988] = 13729 13729
[4989] = 13766 13766
[4990] = 13802 13802
[4991] = 13839 13839
[4992] = 13876 13876
[4993] = 13913 13913
[4994] = 13949 13949
[4995] = 13986 13986
[4996] = 14024 14024
[4997] = 14060 14060
[4998] = 14098 14098
[4999] = 17346 17346
[5000] = 17385 17385
[5001] = 17423 17423
[5002] = 17461 17461
[5003] = 17501 17501
[5004] = 17539 17539
[5005] = 17578 17578
[5006] = 17616 17616
[5007] = 17655 17655
[5008] = 11696 11696
[5009] = 11736 11736
[5010] = 11777 11777
[5011] = 11815 11815
[5012] = 8630 8630
[5013] = 8669 8669
[5014] = 8707 8707
[5015] = 8745 8745
[5016] = 8785 8785
[5017] = 1651 1651
[5018] = 1690 1690
[5019] = 1729 1729
[5020] = 1769 1769
[5021] = 1809 1809
[5022] = 1849 1849
[5023] = 1888 1888
[5024] = 1929 1929
[5025] = 1969 1969
[5026] = 5250 5250
[5027] = 5435 5435
[5028] = 5620 5620
[5029] = 5806 5806
[5030] = 5991 5991
[5031] = 6177 6177
[5032] = 6362 6362
[5033] = 6548 6548
[5034] = 6733 6733
[5035] = 6920 6920
[5036] = 7106 7106
[5037] = 7292 7292
[5038] = 7478 7478
[5039] = 7663 7663
[5040] = 4593 4593
[5041] = 4779 4779
[5042] = 4963 4963
[5043] = 5148 5148
[5044] = 5333 5333
[5045] = 5519 5519
[5046] = 5704 5704
[5047] = 5889 5889
[5048] = 6075 6075
[5049] = 6261 6261
[5050] = 6445 6445
[5051] = 6631 6631
[5052] = 6817 6817
[5053] = 7002 7002
[5054] = 10460 10460
[5055] = 10646 10646
[5056] = 10833 10833
[5057] = 11020 11020
[5058] = 11208 11208
[5059] = 11394 11394
[5060] = 11581 11581
[5061] = 11768 11768
[5062] = 5868 5868
[5063] = 6051 6051
[5064] = 6235 6235
[5065] = 6418 6418
[5066] = 6602 6602
[5067] = 3499 3499
[5068] = 3682 3682
[5069] = 3865 3865
[5070] = 4047 4047
[5071] = 4230 4230
[5072] = 11562 11562
[5073] = 11745 11745
[5074] = 11928 11928
[5075] = 12110 12110
[5076] = 12293 12293
[5077] = 12476 12476
[5078] = 12658 12658
[5079] = 12841 12841
[5080] = 13024 13024
[5081] = 16509 16509
[5082] = 16691 16691
[5083] = 16876 16876
[5084] = 17060 17060
[5085] = 17244 17244
[5086] = 17429 17429
[5087] = 17612 17612
[5088] = 17797 17797
[5089] = 17981 17981
[5090] = 18167 18167
[5091] = 18350 18350
[5092] = 18535 18535
[5093] = 18719 18719
[5094] = 15588 15588
[5095] = 15771 15771
[5096] = 15954 15954
[5097] = 16139 16139
[5098] = 16322 16322
[5099] = 16506 16506
[5100] = 16690 16690
[5101] = 16873 16873
[5102] = 17058 17058
[5103] = 17241 17241
[5104] = 17425 17425
[5105] = 17608 17608
[5106] = 17794 17794
[5107] = 17978 17978
[5108] = 21493 21493
[5109] = 21679 21679
[5110] = 21864 21864
[5111] = 22049 22049
[5112] = 22234 22234
[5113] = 22420 22420
[5114] = 22605 22605
[5115] = 22790 22790
[5116] = 22976 22976
[5117] = 16983 16983
[5118] = 17167 17167
[5119] = 17350 17350
[5120] = 17535 17535
[5121] = 14373 14373
[5122] = 14556 14556
[5123] = 14740 14740
[5124] = 14922 14922
[5125] = 15106 15106
[5126] = 8163 8163
[5127] = 8347 8347
[5128] = 8531 8531
[5129] = 8715 8715
[5130] = 8899 8899
[5131] = 9082 9082
[5132] = 9267 9267
[5133] = 9451 9451
[5134] = 9635 9635
[5135] = 13182 13182
[5136] = 13295 13295
[5137] = 13338 13338
[5138] = 13380 13380
[5139] = 13423 13423
[5140] = 13466 13466
[5141] = 13509 13509
[5142] = 13551 13551
[5143] = 13595 13595
[5144] = 13638 13638
[5145] = 13681 13681
[5146] = 13724 13724
[5147] = 13768 13768
[5148] = 13811 13811
[5149] = 10477 10477
[5150] = 10519 10519
[5151] = 10562 10562
[5152] = 10604 10604
[5153] = 10647 10647
[5154] = 10689 10689
[5155] = 10732 10732
[5156] = 10776 10776
[5157] = 10818 10818
[5158] = 10861 10861
[5159] = 10904 10904
[5160] = 10947 10947
[5161] = 10990 10990
[5162] = 11034 11034
[5163] = 14470 14470
[5164] = 14514 14514
[5165] = 14559 14559
[5166] = 14603 14603
[5167] = 14648 14648
[5168] = 14693 14693
[5169] = 14737 14737
[5170] = 14784 14784
[5171] = 14828 14828
[5172] = 8602 8602
[5173] = 8648 8648
[5174] = 8693 8693
[5175] = 8738 8738
[5176] = 5377 5377
[5177] = 5422 5422
[5178] = 5466 5466
[5179] = 5512 5512
[5180] = 5556 5556
[5181] = 12705 12705
[5182] = 12749 12749
[5183] = 12795 12795
[5184] = 12839 12839
[5185] = 12884 12884
[5186] = 12928 12928
[5187] = 12974 12974
[5188] = 13018 13018
[5189] = 13065 13065
[5190] = 16533 16533
[5191] = 16579 16579
[5192] = 16626 16626
[5193] = 16672 16672
[5194] = 16719 16719
[5195] = 16765 16765
[5196] = 16813 16813
[5197] = 16860 16860
[5198] = 16907 16907
[5199] = 16955 16955
[5200] = 17001 17001
[5201] = 17048 17048
[5202] = 17095 17095
[5203] = 13705 13705
[5204] = 13752 13752
[5205] = 13799 13799
[5206] = 13846 13846
[5207] = 13891 13891
[5208] = 13939 13939
[5209] = 13985 13985
[5210] = 14032 14032
[5211] = 14079 14079
[5212] = 14125 14125
[5213] = 14173 14173
[5214] = 14220 14220
[5215] = 14267 14267
[5216] = 14314 14314
[5217] = 17814 17814
[5218] = 17863 17863
[5219] = 17911 17911
[5220] = 17960 17960
[5221] = 18008 18008
[5222] = 18058 18058
[5223] = 18106 18106
[5224] = 18155 18155
[5225] = 18205 18205
[5226] = 11893 11893
[5227] = 11938 11938
[5228] = 11983 11983
[5229] = 12029 12029
[5230] = 12074 12074
[5231] = 8651 8651
[5232] = 8695 8695
[5233] = 8741 8741
[5234] = 8786 8786
[5235] = 1751 1751
[5236] = 1796 1796
[5237] = 1841 1841
[5238] = 1887 1887
[5239] = 1932 1932
[5240] = 1979 1979
[5241] = 2024 2024
[5242] = 2070 2070
[5243] = 2116 2116
[5244] = 2161 2161
[5245] = 5692 5692
[5246] = 5880 5880
[5247] = 6069 6069
[5248] = 6258 6258
[5249] = 6446 6446
[5250] = 6635 6635
[5251] = 6825 6825
[5252] = 7014 7014
[5253] = 7202 7202
[5254] = 7392 7392
[5255] = 7581 7581
[5256] = 7770 7770
[5257] = 7959 7959
[5258] = 4651 4651
[5259] = 4838 4838
[5260] = 5027 5027
[5261] = 5216 5216
[5262] = 5404 5404
[5263] = 5593 5593
[5264] = 5780 5780
[5265] = 5969 5969
[5266] = 6158 6158
[5267] = 6347 6347
[5268] = 6536 6536
[5269] = 6724 6724
[5270] = 6913 6913
[5271] = 7102 7102
[5272] = 10805 10805
[5273] = 10995 10995
[5274] = 11185 11185
[5275] = 11375 11375
[5276] = 11564 11564
[5277] = 11755 11755
[5278] = 11946 11946
[5279] = 12137 12137
[5280] = 12327 12327
[5281] = 6064 6064
[5282] = 6255 6255
[5283] = 6446 6446
[5284] = 6636 6636
[5285] = 3300 3300
[5286] = 3490 3490
[5287] = 3680 3680
[5288] = 3870 3870
[5289] = 4060 4060
[5290] = 11305 11305
[5291] = 11496 11496
[5292] = 11686 11686
[5293] = 11876 11876
[5294] = 12066 12066
[5295] = 12255 12255
[5296] = 12447 12447
[5297] = 12636 12636
[5298] = 12827 12827
[5299] = 16561 16561
[5300] = 16752 16752
[5301] = 16944 16944
[5302] = 17135 17135
[5303] = 17327 17327
[5304] = 17518 17518
[5305] = 17711 17711
[5306] = 17902 17902
[5307] = 18094 18094
[5308] = 18287 18287
[5309] = 18478 18478
[5310] = 18670 18670
[5311] = 18861 18861
[5312] = 15496 15496
[5313] = 15686 15686
[5314] = 15878 15878
[5315] = 16069 16069
[5316] = 16260 16260
[5317] = 16452 16452
[5318] = 16642 16642
[5319] = 16834 16834
[5320] = 17025 17025
[5321] = 17217 17217
[5322] = 17407 17407
[5323] = 17599 17599
[5324] = 17791 17791
[5325] = 17982 17982
[5326] = 21749 21749
[5327] = 21941 21941
[5328] = 22134 22134
[5329] = 22326 22326
[5330] = 22519 22519
[5331] = 22713 22713
[5332] = 22907 22907
[5333] = 23099 23099
[5334] = 23292 23292
[5335] = 16943 16943
[5336] = 17131 17131
[5337] = 17321 17321
[5338] = 17511 17511
[5339] = 17700 17700
[5340] = 14300 14300
[5341] = 14488 14488
[5342] = 14678 14678
[5343] = 14865 14865
[5344] = 8023 8023
[5345] = 8212 8212
[5346] = 8401 8401
[5347] = 8590 8590
[5348] = 8779 8779
[5349] = 8969 8969
[5350] = 9158 9158
[5351] = 9348 9348
[5352] = 9538 9538
[5353] = 9727 9727
[5354] = 13522 13522
[5355] = 13572 13572
[5356] = 13622 13622
[5357] = 13672 13672
[5358] = 13724 13724
[5359] = 13775 13775
[5360] = 13826 13826
[5361] = 13876 13876
[5362] = 13928 13928
[5363] = 13978 13978
[5364] = 14029 14029
[5365] = 14081 14081
[5366] = 14131 14131
[5367] = 10563 10563
[5368] = 10613 10613
[5369] = 10664 10664
[5370] = 10714 10714
[5371] = 10765 10765
[5372] = 10816 10816
[5373] = 10866 10866
[5374] = 10917 10917
[5375] = 10968 10968
[5376] = 11019 11019
[5377] = 11070 11070
[5378] = 11121 11121
[5379] = 11172 11172
[5380] = 11223 11223
[5381] = 14909 14909
[5382] = 14962 14962
[5383] = 15014 15014
[5384] = 15067 15067
[5385] = 15119 15119
[5386] = 15173 15173
[5387] = 15226 15226
[5388] = 15278 15278
[5389] = 15331 15331
[5390] = 8750 8750
[5391] = 8802 8802
[5392] = 8856 8856
[5393] = 8909 8909
[5394] = 5314 5314
[5395] = 5367 5367
[5396] = 5421 5421
[5397] = 5473 5473
[5398] = 5526 5526
[5399] = 12588 12588
[5400] = 12641 12641
[5401] = 12693 12693
[5402] = 12746 12746
[5403] = 12799 12799
[5404] = 12853 12853
[5405] = 12905 12905
[5406] = 12958 12958
[5407] = 13012 13012
[5408] = 16730 16730
[5409] = 16785 16785
[5410] = 16839 16839
[5411] = 16893 16893
[5412] = 16948 16948
[5413] = 17004 17004
[5414] = 17059 17059
[5415] = 17113 17113
[5416] = 17169 17169
[5417] = 17223 17223
[5418] = 17279 17279
[5419] = 17334 17334
[5420] = 17389 17389
[5421] = 13766 13766
[5422] = 13820 13820
[5423] = 13875 13875
[5424] = 13929 13929
[5425] = 13984 13984
[5426] = 14038 14038
[5427] = 14093 14093
[5428] = 14148 14148
[5429] = 14202 14202
[5430] = 14258 14258
[5431] = 14312 14312
[5432] = 14368 14368
[5433] = 14423 14423
[5434] = 14478 14478
[5435] = 18229 18229
[5436] = 18285 18285
[5437] = 18341 18341
[5438] = 18397 18397
[5439] = 18455 18455
[5440] = 18512 18512
[5441] = 18569 18569
[5442] = 18626 18626
[5443] = 18683 18683
[5444] = 12016 12016
[5445] = 12068 12068
[5446] = 12122 12122
[5447] = 12174 12174
[5448] = 12228 12228
[5449] = 8572 8572
[5450] = 8624 8624
[5451] = 8677 8677
[5452] = 8729 8729
[5453] = 1797 1797
[5454] = 1850 1850
[5455] = 1904 1904
[5456] = 1957 1957
[5457] = 2011 2011
[5458] = 2064 2064
[5459] = 2117 2117
[5460] = 2171 2171
[5461] = 2225 2225
[5462] = 2279 2279
[5463] = 6060 6060
[5464] = 6253 6253
[5465] = 6446 6446
[5466] = 6641 6641
[5467] = 6836 6836
[5468] = 7030 7030
[5469] = 7224 7224
[5470] = 7419 7419
[5471] = 7613 7613
[5472] = 7807 7807
[5473] = 8002 8002
[5474] = 8196 8196
[5475] = 8391 8391
[5476] = 4845 4845
[5477] = 5038 5038
[5478] = 5233 5233
[5479] = 5426 5426
[5480] = 5619 5619
[5481] = 5813 5813
[5482] = 6008 6008
[5483] = 6201 6201
[5484] = 6395 6395
[5485] = 6590 6590
[5486] = 6783 6783
[5487] = 6977 6977
[5488] = 7171 7171
[5489] = 7365 7365
[5490] = 11315 11315
[5491] = 11511 11511
[5492] = 11706 11706
[5493] = 11901 11901
[5494] = 12098 12098
[5495] = 12293 12293
[5496] = 12489 12489
[5497] = 12684 12684
[5498] = 12880 12880
[5499] = 6260 6260
[5500] = 6456 6456
[5501] = 6652 6652
[5502] = 6848 6848
[5503] = 3275 3275
[5504] = 3470 3470
[5505] = 3666 3666
[5506] = 3862 3862
[5507] = 4057 4057
[5508] = 11214 11214
[5509] = 11410 11410
[5510] = 11605 11605
[5511] = 11801 11801
[5512] = 11996 11996
[5513] = 12191 12191
[5514] = 12386 12386
[5515] = 12582 12582
[5516] = 12777 12777
[5517] = 16760 16760
[5518] = 16957 16957
[5519] = 17153 17153
[5520] = 17350 17350
[5521] = 17547 17547
[5522] = 17745 17745
[5523] = 17942 17942
[5524] = 18139 18139
[5525] = 18336 18336
[5526] = 18533 18533
[5527] = 18731 18731
[5528] = 18928 18928
[5529] = 19125 19125
[5530] = 19323 19323
[5531] = 15719 15719
[5532] = 15916 15916
[5533] = 16112 16112
[5534] = 16309 16309
[5535] = 16505 16505
[5536] = 16702 16702
[5537] = 16899 16899
[5538] = 17095 17095
[5539] = 17292 17292
[5540] = 17489 17489
[5541] = 17687 17687
[5542] = 17884 17884
[5543] = 18080 18080
[5544] = 18277 18277
[5545] = 22292 22292
[5546] = 22490 22490
[5547] = 22688 22688
[5548] = 22888 22888
[5549] = 23085 23085
[5550] = 23285 23285
[5551] = 23482 23482
[5552] = 23681 23681
[5553] = 16974 16974
[5554] = 17167 17167
[5555] = 17363 17363
[5556] = 17556 17556
[5557] = 17752 17752
[5558] = 14115 14115
[5559] = 14309 14309
[5560] = 14503 14503
[5561] = 14697 14697
[5562] = 7953 7953
[5563] = 8148 8148
[5564] = 8342 8342
[5565] = 8537 8537
[5566] = 8731 8731
[5567] = 8926 8926
[5568] = 9121 9121
[5569] = 9315 9315
[5570] = 9511 9511
[5571] = 9706 9706
[5572] = 13747 13747
[5573] = 13805 13805
[5574] = 13864 13864
[5575] = 13924 13924
[5576] = 13982 13982
[5577] = 14041 14041
[5578] = 14099 14099
[5579] = 14158 14158
[5580] = 14216 14216
[5581] = 14275 14275
[5582] = 14335 14335
[5583] = 14393 14393
[5584] = 14453 14453
[5585] = 10650 10650
[5586] = 10708 10708
[5587] = 10767 10767
[5588] = 10826 10826
[5589] = 10883 10883
[5590] = 10942 10942
[5591] = 11001 11001
[5592] = 11059 11059
[5593] = 11118 11118
[5594] = 11177 11177
[5595] = 11236 11236
[5596] = 11294 11294
[5597] = 11353 11353
[5598] = 11413 11413
[5599] = 15349 15349
[5600] = 15409 15409
[5601] = 15469 15469
[5602] = 15530 15530
[5603] = 15591 15591
[5604] = 15651 15651
[5605] = 15712 15712
[5606] = 15773 15773
[5607] = 15834 15834
[5608] = 8897 8897
[5609] = 8958 8958
[5610] = 9020 9020
[5611] = 9082 9082
[5612] = 5252 5252
[5613] = 5312 5312
[5614] = 5374 5374
[5615] = 5435 5435
[5616] = 5495 5495
[5617] = 12471 12471
[5618] = 12531 12531
[5619] = 12593 12593
[5620] = 12653 12653
[5621] = 12714 12714
[5622] = 12776 12776
[5623] = 12836 12836
[5624] = 12898 12898
[5625] = 12958 12958
[5626] = 16927 16927
[5627] = 16990 16990
[5628] = 17053 17053
[5629] = 17117 17117
[5630] = 17179 17179
[5631] = 17241 17241
[5632] = 17303 17303
[5633] = 17368 17368
[5634] = 17430 17430
[5635] = 17493 17493
[5636] = 17555 17555
[5637] = 17620 17620
[5638] = 17684 17684
[5639] = 17747 17747
[5640] = 13888 13888
[5641] = 13950 13950
[5642] = 14012 14012
[5643] = 14076 14076
[5644] = 14138 14138
[5645] = 14201 14201
[5646] = 14264 14264
[5647] = 14327 14327
[5648] = 14389 14389
[5649] = 14453 14453
[5650] = 14516 14516
[5651] = 14579 14579
[5652] = 14642 14642
[5653] = 14706 14706
[5654] = 18707 18707
[5655] = 18772 18772
[5656] = 18837 18837
[5657] = 18902 18902
[5658] = 18966 18966
[5659] = 19032 19032
[5660] = 19096 19096
[5661] = 19162 19162
[5662] = 12138 12138
[5663] = 12199 12199
[5664] = 12260 12260
[5665] = 12322 12322
[5666] = 12384 12384
[5667] = 8492 8492
[5668] = 8553 8553
[5669] = 8613 8613
[5670] = 8673 8673
[5671] = 8734 8734
[5672] = 1905 1905
[5673] = 1966 1966
[5674] = 2027 2027
[5675] = 2089 2089
[5676] = 2151 2151
[5677] = 2211 2211
[5678] = 2273 2273
[5679] = 2335 2335
[5680] = 2397 2397
[5681] = 6427 6427
[5682] = 6626 6626
[5683] = 6826 6826
[5684] = 7025 7025
[5685] = 7225 7225
[5686] = 7424 7424
[5687] = 7623 7623
[5688] = 7823 7823
[5689] = 8023 8023
[5690] = 8223 8223
[5691] = 8422 8422
[5692] = 8623 8623
[5693] = 8823 8823
[5694] = 5039 5039
[5695] = 5238 5238
[5696] = 5437 5437
[5697] = 5636 5636
[5698] = 5835 5835
[5699] = 6034 6034
[5700] = 6233 6233
[5701] = 6433 6433
[5702] = 6632 6632
[5703] = 6831 6831
[5704] = 7031 7031
[5705] = 7230 7230
[5706] = 7430 7430
[5707] = 7629 7629
[5708] = 11826 11826
[5709] = 12027 12027
[5710] = 12228 12228
[5711] = 12429 12429
[5712] = 12630 12630
[5713] = 12831 12831
[5714] = 13031 13031
[5715] = 13232 13232
[5716] = 13433 13433
[5717] = 6455 6455
[5718] = 6654 6654
[5719] = 6854 6854
[5720] = 7053 7053
[5721] = 3240 3240
[5722] = 3439 3439
[5723] = 3637 3637
[5724] = 3836 3836
[5725] = 4035 4035
[5726] = 4233 4233
[5727] = 11298 11298
[5728] = 11497 11497
[5729] = 11694 11694
[5730] = 11894 11894
[5731] = 12091 12091
[5732] = 12290 12290
[5733] = 12489 12489
[5734] = 12687 12687
[5735] = 16915 16915
[5736] = 17114 17114
[5737] = 17315 17315
[5738] = 17514 17514
[5739] = 17715 17715
[5740] = 17915 17915
[5741] = 18115 18115
[5742] = 18315 18315
[5743] = 18515 18515
[5744] = 18715 18715
[5745] = 18915 18915
[5746] = 19117 19117
[5747] = 19318 19318
[5748] = 19517 19517
[5749] = 15674 15674
[5750] = 15873 15873
[5751] = 16073 16073
[5752] = 16272 16272
[5753] = 16472 16472
[5754] = 16671 16671
[5755] = 16871 16871
[5756] = 17072 17072
[5757] = 17271 17271
[5758] = 17472 17472
[5759] = 17671 17671
[5760] = 17871 17871
[5761] = 18070 18070
[5762] = 18271 18271
[5763] = 22531 22531
[5764] = 22732 22732
[5765] = 22933 22933
[5766] = 23134 23134
[5767] = 23336 23336
[5768] = 23537 23537
[5769] = 23739 23739
[5770] = 23940 23940
[5771] = 24141 24141
[5772] = 17072 17072
[5773] = 17274 17274
[5774] = 17477 17477
[5775] = 17680 17680
[5776] = 13809 13809
[5777] = 14009 14009
[5778] = 14211 14211
[5779] = 14413 14413
[5780] = 14615 14615
[5781] = 7974 7974
[5782] = 8176 8176
[5783] = 8378 8378
[5784] = 8581 8581
[5785] = 8783 8783
[5786] = 8986 8986
[5787] = 9188 9188
[5788] = 9390 9390
[5789] = 9593 9593
[5790] = 13885 13885
[5791] = 13954 13954
[5792] = 14023 14023
[5793] = 14092 14092
[5794] = 14161 14161
[5795] = 14229 14229
[5796] = 14298 14298
[5797] = 14367 14367
[5798] = 14436 14436
[5799] = 14506 14506
[5800] = 14576 14576
[5801] = 14645 14645
[5802] = 14715 14715
[5803] = 10680 10680
[5804] = 10749 10749
[5805] = 10818 10818
[5806] = 10886 10886
[5807] = 10955 10955
[5808] = 11024 11024
[5809] = 11093 11093
[5810] = 11162 11162
[5811] = 11231 11231
[5812] = 11300 11300
[5813] = 11369 11369
[5814] = 11439 11439
[5815] = 11508 11508
[5816] = 11577 11577
[5817] = 15766 15766
[5818] = 15837 15837
[5819] = 15909 15909
[5820] = 15979 15979
[5821] = 16050 16050
[5822] = 16121 16121
[5823] = 16191 16191
[5824] = 16262 16262
[5825] = 16334 16334
[5826] = 9044 9044
[5827] = 9111 9111
[5828] = 9178 9178
[5829] = 9246 9246
[5830] = 9313 9313
[5831] = 5245 5245
[5832] = 5312 5312
[5833] = 5379 5379
[5834] = 5445 5445
[5835] = 5511 5511
[5836] = 12398 12398
[5837] = 12464 12464
[5838] = 12530 12530
[5839] = 12598 12598
[5840] = 12663 12663
[5841] = 12731 12731
[5842] = 12797 12797
[5843] = 12865 12865
[5844] = 12931 12931
[5845] = 17148 17148
[5846] = 17217 17217
[5847] = 17285 17285
[5848] = 17354 17354
[5849] = 17421 17421
[5850] = 17490 17490
[5851] = 17558 17558
[5852] = 17627 17627
[5853] = 17695 17695
[5854] = 17765 17765
[5855] = 17834 17834
[5856] = 17902 17902
[5857] = 17972 17972
[5858] = 13875 13875
[5859] = 13943 13943
[5860] = 14012 14012
[5861] = 14079 14079
[5862] = 14148 14148
[5863] = 14216 14216
[5864] = 14284 14284
[5865] = 14353 14353
[5866] = 14422 14422
[5867] = 14490 14490
[5868] = 14558 14558
[5869] = 14628 14628
[5870] = 14695 14695
[5871] = 14765 14765
[5872] = 19015 19015
[5873] = 19085 19085
[5874] = 19155 19155
[5875] = 19225 19225
[5876] = 19296 19296
[5877] = 19365 19365
[5878] = 19436 19436
[5879] = 19506 19506
[5880] = 19578 19578
[5881] = 12197 12197
[5882] = 12266 12266
[5883] = 12339 12339
[5884] = 12410 12410
[5885] = 8287 8287
[5886] = 8357 8357
[5887] = 8429 8429
[5888] = 8499 8499
[5889] = 8570 8570
[5890] = 1846 1846
[5891] = 1918 1918
[5892] = 1989 1989
[5893] = 2061 2061
[5894] = 2133 2133
[5895] = 2205 2205
[5896] = 2277 2277
[5897] = 2349 2349
[5898] = 2421 2421
[5899] = 6705 6705
[5900] = 6911 6911
[5901] = 7118 7118
[5902] = 7325 7325
[5903] = 7533 7533
[5904] = 7740 7740
[5905] = 7948 7948
[5906] = 8154 8154
[5907] = 8362 8362
[5908] = 8571 8571
[5909] = 8778 8778
[5910] = 8985 8985
[5911] = 9193 9193
[5912] = 5176 5176
[5913] = 5383 5383
[5914] = 5590 5590
[5915] = 5796 5796
[5916] = 6003 6003
[5917] = 6210 6210
[5918] = 6417 6417
[5919] = 6624 6624
[5920] = 6831 6831
[5921] = 7038 7038
[5922] = 7245 7245
[5923] = 7453 7453
[5924] = 7659 7659
[5925] = 7867 7867
[5926] = 12315 12315
[5927] = 12524 12524
[5928] = 12732 12732
[5929] = 12941 12941
[5930] = 13150 13150
[5931] = 13358 13358
[5932] = 13567 13567
[5933] = 13775 13775
[5934] = 13984 13984
[5935] = 6651 6651
[5936] = 6856 6856
[5937] = 7060 7060
[5938] = 7265 7265
[5939] = 7469 7469
[5940] = 3418 3418
[5941] = 3622 3622
[5942] = 3826 3826
[5943] = 4031 4031
[5944] = 4234 4234
[5945] = 11210 11210
[5946] = 11414 11414
[5947] = 11618 11618
[5948] = 11820 11820
[5949] = 12025 12025
[5950] = 12229 12229
[5951] = 12433 12433
[5952] = 12637 12637
[5953] = 12841 12841
[5954] = 17317 17317
[5955] = 17521 17521
[5956] = 17727 17727
[5957] = 17933 17933
[5958] = 18138 18138
[5959] = 18344 18344
[5960] = 18548 18548
[5961] = 18754 18754
[5962] = 18961 18961
[5963] = 19166 19166
[5964] = 19372 19372
[5965] = 19577 19577
[5966] = 19783 19783
[5967] = 15702 15702
[5968] = 15907 15907
[5969] = 16112 16112
[5970] = 16317 16317
[5971] = 16521 16521
[5972] = 16728 16728
[5973] = 16932 16932
[5974] = 17136 17136
[5975] = 17343 17343
[5976] = 17546 17546
[5977] = 17752 17752
[5978] = 17958 17958
[5979] = 18163 18163
[5980] = 18369 18369
[5981] = 22876 22876
[5982] = 23082 23082
[5983] = 23288 23288
[5984] = 23496 23496
[5985] = 23702 23702
[5986] = 23909 23909
[5987] = 24116 24116
[5988] = 24321 24321
[5989] = 24530 24530
[5990] = 17102 17102
[5991] = 17310 17310
[5992] = 17517 17517
[5993] = 17725 17725
[5994] = 13617 13617
[5995] = 13824 13824
[5996] = 14032 14032
[5997] = 14239 14239
[5998] = 14445 14445
[5999] = 7904 7904
[6000] = 8112 8112
[6001] = 8319 8319
[6002] = 8527 8527
[6003] = 8736 8736
[6004] = 8943 8943
[6005] = 9151 9151
[6006] = 9359 9359
[6007] = 9567 9567
[6008] = 14107 14107
[6009] = 14184 14184
[6010] = 14261 14261
[6011] = 14337 14337
[6012] = 14414 14414
[6013] = 14491 14491
[6014] = 14568 14568
[6015] = 14645 14645
[6016] = 14723 14723
[6017] = 14800 14800
[6018] = 14877 14877
[6019] = 14956 14956
[6020] = 15033 15033
[6021] = 10764 10764
[6022] = 10840 10840
[6023] = 10918 10918
[6024] = 10994 10994
[6025] = 11071 11071
[6026] = 11148 11148
[6027] = 11225 11225
[6028] = 11302 11302
[6029] = 11378 11378
[6030] = 11456 11456
[6031] = 11533 11533
[6032] = 11611 11611
[6033] = 11688 11688
[6034] = 11765 11765
[6035] = 16205 16205
[6036] = 16284 16284
[6037] = 16363 16363
[6038] = 16441 16441
[6039] = 16520 16520
[6040] = 16599 16599
[6041] = 16679 16679
[6042] = 16757 16757
[6043] = 16838 16838
[6044] = 9192 9192
[6045] = 9267 9267
[6046] = 9342 9342
[6047] = 9417 9417
[6048] = 9492 9492
[6049] = 5190 5190
[6050] = 5264 5264
[6051] = 5339 5339
[6052] = 5414 5414
[6053] = 5488 5488
[6054] = 12288 12288
[6055] = 12362 12362
[6056] = 12436 12436
[6057] = 12510 12510
[6058] = 12586 12586
[6059] = 12659 12659
[6060] = 12734 12734
[6061] = 12810 12810
[6062] = 12884 12884
[6063] = 17352 17352
[6064] = 17428 17428
[6065] = 17504 17504
[6066] = 17580 17580
[6067] = 17656 17656
[6068] = 17732 17732
[6069] = 17809 17809
[6070] = 17887 17887
[6071] = 17963 17963
[6072] = 18040 18040
[6073] = 18115 18115
[6074] = 18192 18192
[6075] = 18269 18269
[6076] = 13939 13939
[6077] = 14015 14015
[6078] = 14091 14091
[6079] = 14167 14167
[6080] = 14243 14243
[6081] = 14320 14320
[6082] = 14395 14395
[6083] = 14472 14472
[6084] = 14549 14549
[6085] = 14625 14625
[6086] = 14702 14702
[6087] = 14778 14778
[6088] = 14855 14855
[6089] = 14931 14931
[6090] = 19431 19431
[6091] = 19510 19510
[6092] = 19587 19587
[6093] = 19665 19665
[6094] = 19743 19743
[6095] = 19822 19822
[6096] = 19900 19900
[6097] = 19979 19979
[6098] = 20058 20058
[6099] = 12320 12320
[6100] = 12399 12399
[6101] = 12479 12479
[6102] = 12559 12559
[6103] = 8201 8201
[6104] = 8280 8280
[6105] = 8358 8358
[6106] = 8438 8438
[6107] = 8517 8517
[6108] = 1895 1895
[6109] = 1975 1975
[6110] = 2054 2054
[6111] = 2134 2134
[6112] = 2214 2214
[6113] = 2294 2294
[6114] = 2374 2374
[6115] = 2454 2454
[6116] = 2534 2534
[6117] = 7068 7068
[6118] = 7280 7280
[6119] = 7493 7493
[6120] = 7705 7705
[6121] = 7918 7918
[6122] = 8130 8130
[6123] = 8343 8343
[6124] = 8556 8556
[6125] = 8770 8770
[6126] = 8982 8982
[6127] = 9196 9196
[6128] = 9408 9408
[6129] = 9622 9622
[6130] = 9834 9834
[6131] = 5580 5580
[6132] = 5792 5792
[6133] = 6004 6004
[6134] = 6217 6217
[6135] = 6429 6429
[6136] = 6641 6641
[6137] = 6854 6854
[6138] = 7066 7066
[6139] = 7279 7279
[6140] = 7491 7491
[6141] = 7703 7703
[6142] = 7917 7917
[6143] = 8129 8129
[6144] = 8342 8342
[6145] = 13039 13039
[6146] = 13253 13253
[6147] = 13467 13467
[6148] = 13680 13680
[6149] = 13895 13895
[6150] = 14109 14109
[6151] = 14324 14324
[6152] = 14538 14538
[6153] = 6846 6846
[6154] = 7055 7055
[6155] = 7266 7266
[6156] = 7476 7476
[6157] = 7686 7686
[6158] = 3398 3398
[6159] = 3607 3607
[6160] = 3816 3816
[6161] = 4025 4025
[6162] = 4235 4235
[6163] = 11121 11121
[6164] = 11330 11330
[6165] = 11540 11540
[6166] = 11749 11749
[6167] = 11959 11959
[6168] = 12168 12168
[6169] = 12377 12377
[6170] = 12586 12586
[6171] = 12795 12795
[6172] = 17519 17519
[6173] = 17729 17729
[6174] = 17940 17940
[6175] = 18150 18150
[6176] = 18361 18361
[6177] = 18571 18571
[6178] = 18783 18783
[6179] = 18995 18995
[6180] = 19205 19205
[6181] = 19416 19416
[6182] = 19626 19626
[6183] = 19837 19837
[6184] = 20048 20048
[6185] = 15732 15732
[6186] = 15941 15941
[6187] = 16151 16151
[6188] = 16362 16362
[6189] = 16572 16572
[6190] = 16783 16783
[6191] = 16992 16992
[6192] = 17203 17203
[6193] = 17413 17413
[6194] = 17623 17623
[6195] = 17835 17835
[6196] = 18045 18045
[6197] = 18256 18256
[6198] = 18466 18466
[6199] = 23221 23221
[6200] = 23432 23432
[6201] = 23645 23645
[6202] = 23856 23856
[6203] = 24068 24068
[6204] = 24281 24281
[6205] = 24493 24493
[6206] = 24706 24706
[6207] = 24917 24917
[6208] = 17132 17132
[6209] = 17344 17344
[6210] = 17558 17558
[6211] = 17771 17771
[6212] = 13426 13426
[6213] = 13638 13638
[6214] = 13850 13850
[6215] = 14061 14061
[6216] = 14273 14273
[6217] = 7831 7831
[6218] = 8044 8044
[6219] = 8255 8255
[6220] = 8467 8467
[6221] = 8680 8680
[6222] = 8891 8891
[6223] = 9103 9103
[6224] = 9315 9315
[6225] = 9526 9526
[6226] = 14312 14312
[6227] = 14460 14460
[6228] = 14542 14542
[6229] = 14624 14624
[6230] = 14708 14708
[6231] = 14790 14790
[6232] = 14874 14874
[6233] = 14956 14956
[6234] = 15039 15039
[6235] = 15121 15121
[6236] = 15203 15203
[6237] = 15285 15285
[6238] = 15368 15368
[6239] = 15450 15450
[6240] = 10943 10943
[6241] = 11024 11024
[6242] = 11105 11105
[6243] = 11187 11187
[6244] = 11268 11268
[6245] = 11349 11349
[6246] = 11429 11429
[6247] = 11511 11511
[6248] = 11592 11592
[6249] = 11672 11672
[6250] = 11753 11753
[6251] = 11834 11834
[6252] = 11914 11914
[6253] = 11995 11995
[6254] = 16681 16681
[6255] = 16763 16763
[6256] = 16844 16844
[6257] = 16926 16926
[6258] = 17008 17008
[6259] = 17091 17091
[6260] = 17171 17171
[6261] = 17253 17253
[6262] = 9404 9404
[6263] = 9484 9484
[6264] = 9564 9564
[6265] = 9644 9644
[6266] = 9723 9723
[6267] = 5184 5184
[6268] = 5263 5263
[6269] = 5342 5342
[6270] = 5420 5420
[6271] = 5499 5499
[6272] = 12208 12208
[6273] = 12287 12287
[6274] = 12364 12364
[6275] = 12443 12443
[6276] = 12522 12522
[6277] = 12599 12599
[6278] = 12678 12678
[6279] = 12755 12755
[6280] = 12833 12833
[6281] = 17546 17546
[6282] = 17625 17625
[6283] = 17703 17703
[6284] = 17783 17783
[6285] = 17862 17862
[6286] = 17941 17941
[6287] = 18020 18020
[6288] = 18098 18098
[6289] = 18178 18178
[6290] = 18256 18256
[6291] = 18334 18334
[6292] = 18413 18413
[6293] = 18491 18491
[6294] = 13921 13921
[6295] = 13998 13998
[6296] = 14076 14076
[6297] = 14153 14153
[6298] = 14230 14230
[6299] = 14307 14307
[6300] = 14385 14385
[6301] = 14462 14462
[6302] = 14539 14539
[6303] = 14617 14617
[6304] = 14693 14693
[6305] = 14770 14770
[6306] = 14848 14848
[6307] = 14925 14925
[6308] = 19667 19667
[6309] = 19745 19745
[6310] = 19823 19823
[6311] = 19900 19900
[6312] = 19979 19979
[6313] = 20056 20056
[6314] = 20135 20135
[6315] = 20213 20213
[6316] = 20291 20291
[6317] = 12509 12509
[6318] = 12587 12587
[6319] = 12666 12666
[6320] = 12745 12745
[6321] = 8145 8145
[6322] = 8223 8223
[6323] = 8300 8300
[6324] = 8379 8379
[6325] = 8455 8455
[6326] = 1927 1927
[6327] = 2005 2005
[6328] = 2082 2082
[6329] = 2161 2161
[6330] = 2238 2238
[6331] = 2316 2316
[6332] = 2395 2395
[6333] = 2472 2472
[6334] = 2550 2550
[6335] = 7323 7323
[6336] = 7402 7402
[6337] = 7609 7609
[6338] = 7816 7816
[6339] = 8023 8023
[6340] = 8230 8230
[6341] = 8439 8439
[6342] = 8645 8645
[6343] = 8852 8852
[6344] = 9059 9059
[6345] = 9266 9266
[6346] = 9473 9473
[6347] = 9679 9679
[6348] = 9886 9886
[6349] = 5382 5382
[6350] = 5588 5588
[6351] = 5794 5794
[6352] = 5999 5999
[6353] = 6204 6204
[6354] = 6410 6410
[6355] = 6615 6615
[6356] = 6820 6820
[6357] = 7025 7025
[6358] = 7230 7230
[6359] = 7435 7435
[6360] = 7640 7640
[6361] = 7845 7845
[6362] = 8049 8049
[6363] = 12980 12980
[6364] = 13186 13186
[6365] = 13392 13392
[6366] = 13597 13597
[6367] = 13804 13804
[6368] = 14009 14009
[6369] = 14215 14215
[6370] = 14420 14420
[6371] = 14625 14625
[6372] = 7042 7042
[6373] = 7251 7251
[6374] = 7460 7460
[6375] = 7669 7669
[6376] = 3138 3138
[6377] = 3346 3346
[6378] = 3553 3553
[6379] = 3761 3761
[6380] = 3969 3969
[6381] = 10760 10760
[6382] = 10966 10966
[6383] = 11173 11173
[6384] = 11381 11381
[6385] = 11587 11587
[6386] = 11794 11794
[6387] = 12000 12000
[6388] = 12208 12208
[6389] = 12414 12414
[6390] = 17377 17377
[6391] = 17585 17585
[6392] = 17791 17791
[6393] = 17999 17999
[6394] = 18208 18208
[6395] = 18415 18415
[6396] = 18623 18623
[6397] = 18829 18829
[6398] = 19037 19037
[6399] = 19244 19244
[6400] = 19451 19451
[6401] = 19657 19657
[6402] = 19865 19865
[6403] = 15301 15301
[6404] = 15507 15507
[6405] = 15714 15714
[6406] = 15918 15918
[6407] = 16124 16124
[6408] = 16329 16329
[6409] = 16535 16535
[6410] = 16740 16740
[6411] = 16946 16946
[6412] = 17152 17152
[6413] = 17356 17356
[6414] = 17561 17561
[6415] = 17767 17767
[6416] = 17972 17972
[6417] = 22962 22962
[6418] = 23169 23169
[6419] = 23374 23374
[6420] = 23580 23580
[6421] = 23788 23788
[6422] = 23993 23993
[6423] = 24199 24199
[6424] = 24403 24403
[6425] = 24610 24610
[6426] = 17098 17098
[6427] = 17301 17301
[6428] = 17505 17505
[6429] = 17710 17710
[6430] = 17914 17914
[6431] = 13315 13315
[6432] = 13519 13519
[6433] = 13721 13721
[6434] = 13923 13923
[6435] = 7566 7566
[6436] = 7769 7769
[6437] = 7973 7973
[6438] = 8176 8176
[6439] = 8379 8379
[6440] = 8581 8581
[6441] = 8784 8784
[6442] = 8987 8987
[6443] = 9189 9189
[6444] = 9392 9392
[6445] = 14411 14411
[6446] = 14488 14488
[6447] = 14563 14563
[6448] = 14639 14639
[6449] = 14717 14717
[6450] = 14793 14793
[6451] = 14868 14868
[6452] = 14944 14944
[6453] = 15020 15020
[6454] = 15096 15096
[6455] = 15172 15172
[6456] = 15248 15248
[6457] = 15324 15324
[6458] = 10568 10568
[6459] = 10643 10643
[6460] = 10717 10717
[6461] = 10792 10792
[6462] = 10867 10867
[6463] = 10941 10941
[6464] = 11015 11015
[6465] = 11090 11090
[6466] = 11164 11164
[6467] = 11238 11238
[6468] = 11313 11313
[6469] = 11387 11387
[6470] = 11461 11461
[6471] = 11535 11535
[6472] = 16457 16457
[6473] = 16532 16532
[6474] = 16607 16607
[6475] = 16683 16683
[6476] = 16759 16759
[6477] = 16834 16834
[6478] = 16909 16909
[6479] = 16984 16984
[6480] = 17058 17058
[6481] = 9487 9487
[6482] = 9565 9565
[6483] = 9644 9644
[6484] = 9724 9724
[6485] = 4940 4940
[6486] = 5018 5018
[6487] = 5095 5095
[6488] = 5173 5173
[6489] = 5250 5250
[6490] = 11864 11864
[6491] = 11940 11940
[6492] = 12017 12017
[6493] = 12094 12094
[6494] = 12171 12171
[6495] = 12248 12248
[6496] = 12324 12324
[6497] = 12402 12402
[6498] = 12478 12478
[6499] = 17432 17432
[6500] = 17509 17509
[6501] = 17587 17587
[6502] = 17665 17665
[6503] = 17743 17743
[6504] = 17821 17821
[6505] = 17898 17898
[6506] = 17976 17976
[6507] = 18053 18053
[6508] = 18130 18130
[6509] = 18208 18208
[6510] = 18285 18285
[6511] = 18363 18363
[6512] = 13548 13548
[6513] = 13624 13624
[6514] = 13700 13700
[6515] = 13776 13776
[6516] = 13853 13853
[6517] = 13928 13928
[6518] = 14005 14005
[6519] = 14081 14081
[6520] = 14156 14156
[6521] = 14232 14232
[6522] = 14309 14309
[6523] = 14384 14384
[6524] = 14460 14460
[6525] = 14535 14535
[6526] = 19518 19518
[6527] = 19595 19595
[6528] = 19671 19671
[6529] = 19749 19749
[6530] = 19826 19826
[6531] = 19903 19903
[6532] = 19979 19979
[6533] = 20055 20055
[6534] = 20132 20132
[6535] = 12631 12631
[6536] = 12706 12706
[6537] = 12781 12781
[6538] = 12857 12857
[6539] = 12933 12933
[6540] = 8084 8084
[6541] = 8158 8158
[6542] = 8232 8232
[6543] = 8306 8306
[6544] = 1867 1867
[6545] = 1942 1942
[6546] = 2016 2016
[6547] = 2090 2090
[6548] = 2164 2164
[6549] = 2238 2238
[6550] = 2311 2311
[6551] = 2385 2385
[6552] = 2459 2459
[6553] = 2533 2533
[6554] = 7546 7546
[6555] = 7746 7746
[6556] = 7947 7947
[6557] = 8149 8149
[6558] = 8349 8349
[6559] = 8550 8550
[6560] = 8751 8751
[6561] = 8951 8951
[6562] = 9152 9152
[6563] = 9352 9352
[6564] = 9552 9552
[6565] = 9754 9754
[6566] = 9954 9954
[6567] = 5200 5200
[6568] = 5400 5400
[6569] = 5599 5599
[6570] = 5798 5798
[6571] = 5997 5997
[6572] = 6195 6195
[6573] = 6394 6394
[6574] = 6593 6593
[6575] = 6792 6792
[6576] = 6990 6990
[6577] = 7188 7188
[6578] = 7387 7387
[6579] = 7586 7586
[6580] = 7784 7784
[6581] = 12950 12950
[6582] = 13150 13150
[6583] = 13349 13349
[6584] = 13549 13549
[6585] = 13748 13748
[6586] = 13946 13946
[6587] = 14146 14146
[6588] = 14345 14345
[6589] = 14543 14543
[6590] = 7238 7238
[6591] = 7439 7439
[6592] = 7643 7643
[6593] = 7845 7845
[6594] = 3065 3065
[6595] = 3266 3266
[6596] = 3467 3467
[6597] = 3668 3668
[6598] = 3870 3870
[6599] = 10559 10559
[6600] = 10760 10760
[6601] = 10960 10960
[6602] = 11161 11161
[6603] = 11361 11361
[6604] = 11560 11560
[6605] = 11762 11762
[6606] = 11962 11962
[6607] = 12162 12162
[6608] = 17360 17360
[6609] = 17560 17560
[6610] = 17764 17764
[6611] = 17963 17963
[6612] = 18164 18164
[6613] = 18366 18366
[6614] = 18566 18566
[6615] = 18767 18767
[6616] = 18967 18967
[6617] = 19169 19169
[6618] = 19368 19368
[6619] = 19570 19570
[6620] = 19770 19770
[6621] = 14958 14958
[6622] = 15157 15157
[6623] = 15356 15356
[6624] = 15555 15555
[6625] = 15753 15753
[6626] = 15953 15953
[6627] = 16153 16153
[6628] = 16351 16351
[6629] = 16550 16550
[6630] = 16748 16748
[6631] = 16947 16947
[6632] = 17145 17145
[6633] = 17344 17344
[6634] = 17542 17542
[6635] = 22769 22769
[6636] = 22969 22969
[6637] = 23169 23169
[6638] = 23368 23368
[6639] = 23567 23567
[6640] = 23767 23767
[6641] = 23965 23965
[6642] = 24165 24165
[6643] = 24364 24364
[6644] = 17128 17128
[6645] = 17326 17326
[6646] = 17524 17524
[6647] = 17722 17722
[6648] = 17919 17919
[6649] = 13072 13072
[6650] = 13269 13269
[6651] = 13464 13464
[6652] = 13661 13661
[6653] = 7392 7392
[6654] = 7589 7589
[6655] = 7785 7785
[6656] = 7981 7981
[6657] = 8178 8178
[6658] = 8374 8374
[6659] = 8571 8571
[6660] = 8766 8766
[6661] = 8963 8963
[6662] = 9159 9159
[6663] = 14414 14414
[6664] = 14486 14486
[6665] = 14560 14560
[6666] = 14632 14632
[6667] = 14704 14704
[6668] = 14776 14776
[6669] = 14848 14848
[6670] = 14920 14920
[6671] = 14992 14992
[6672] = 15064 15064
[6673] = 15137 15137
[6674] = 15209 15209
[6675] = 15280 15280
[6676] = 10278 10278
[6677] = 10350 10350
[6678] = 10420 10420
[6679] = 10491 10491
[6680] = 10561 10561
[6681] = 10632 10632
[6682] = 10703 10703
[6683] = 10774 10774
[6684] = 10844 10844
[6685] = 10914 10914
[6686] = 10985 10985
[6687] = 11056 11056
[6688] = 11126 11126
[6689] = 11196 11196
[6690] = 16356 16356
[6691] = 16428 16428
[6692] = 16500 16500
[6693] = 16571 16571
[6694] = 16642 16642
[6695] = 16713 16713
[6696] = 16784 16784
[6697] = 16855 16855
[6698] = 16926 16926
[6699] = 9634 9634
[6700] = 9710 9710
[6701] = 9784 9784
[6702] = 9859 9859
[6703] = 4829 4829
[6704] = 4903 4903
[6705] = 4977 4977
[6706] = 5050 5050
[6707] = 5124 5124
[6708] = 11639 11639
[6709] = 11712 11712
[6710] = 11785 11785
[6711] = 11857 11857
[6712] = 11931 11931
[6713] = 12003 12003
[6714] = 12076 12076
[6715] = 12149 12149
[6716] = 12222 12222
[6717] = 17414 17414
[6718] = 17489 17489
[6719] = 17562 17562
[6720] = 17635 17635
[6721] = 17710 17710
[6722] = 17782 17782
[6723] = 17856 17856
[6724] = 17930 17930
[6725] = 18003 18003
[6726] = 18077 18077
[6727] = 18151 18151
[6728] = 18225 18225
[6729] = 18297 18297
[6730] = 18370 18370
[6731] = 13308 13308
[6732] = 13381 13381
[6733] = 13454 13454
[6734] = 13526 13526
[6735] = 13597 13597
[6736] = 13669 13669
[6737] = 13742 13742
[6738] = 13813 13813
[6739] = 13885 13885
[6740] = 13958 13958
[6741] = 14029 14029
[6742] = 14102 14102
[6743] = 14173 14173
[6744] = 14245 14245
[6745] = 19467 19467
[6746] = 19540 19540
[6747] = 19613 19613
[6748] = 19686 19686
[6749] = 19758 19758
[6750] = 19830 19830
[6751] = 19903 19903
[6752] = 19975 19975
[6753] = 12755 12755
[6754] = 12826 12826
[6755] = 12898 12898
[6756] = 12969 12969
[6757] = 13040 13040
[6758] = 7946 7946
[6759] = 8015 8015
[6760] = 8087 8087
[6761] = 8157 8157
[6762] = 1808 1808
[6763] = 1878 1878
[6764] = 1948 1948
[6765] = 2019 2019
[6766] = 2089 2089
[6767] = 2159 2159
[6768] = 2229 2229
[6769] = 2300 2300
[6770] = 2370 2370
[6771] = 2440 2440
[6772] = 7691 7691
[6773] = 7885 7885
[6774] = 8080 8080
[6775] = 8273 8273
[6776] = 8468 8468
[6777] = 8662 8662
[6778] = 8856 8856
[6779] = 9050 9050
[6780] = 9245 9245
[6781] = 9438 9438
[6782] = 9633 9633
[6783] = 9826 9826
[6784] = 10021 10021
[6785] = 5020 5020
[6786] = 5212 5212
[6787] = 5405 5405
[6788] = 5597 5597
[6789] = 5790 5790
[6790] = 5982 5982
[6791] = 6174 6174
[6792] = 6366 6366
[6793] = 6558 6558
[6794] = 6751 6751
[6795] = 6942 6942
[6796] = 7135 7135
[6797] = 7327 7327
[6798] = 7519 7519
[6799] = 12922 12922
[6800] = 13114 13114
[6801] = 13307 13307
[6802] = 13500 13500
[6803] = 13692 13692
[6804] = 13885 13885
[6805] = 14077 14077
[6806] = 14269 14269
[6807] = 14462 14462
[6808] = 7434 7434
[6809] = 7629 7629
[6810] = 7825 7825
[6811] = 8021 8021
[6812] = 2992 2992
[6813] = 3187 3187
[6814] = 3381 3381
[6815] = 3576 3576
[6816] = 3771 3771
[6817] = 10359 10359
[6818] = 10553 10553
[6819] = 10747 10747
[6820] = 10941 10941
[6821] = 11135 11135
[6822] = 11328 11328
[6823] = 11523 11523
[6824] = 11716 11716
[6825] = 11910 11910
[6826] = 17344 17344
[6827] = 17539 17539
[6828] = 17733 17733
[6829] = 17927 17927
[6830] = 18122 18122
[6831] = 18316 18316
[6832] = 18510 18510
[6833] = 18704 18704
[6834] = 18898 18898
[6835] = 19093 19093
[6836] = 19287 19287
[6837] = 19482 19482
[6838] = 19675 19675
[6839] = 19868 19868
[6840] = 14805 14805
[6841] = 14999 14999
[6842] = 15191 15191
[6843] = 15384 15384
[6844] = 15577 15577
[6845] = 15769 15769
[6846] = 15962 15962
[6847] = 16153 16153
[6848] = 16346 16346
[6849] = 16537 16537
[6850] = 16730 16730
[6851] = 16921 16921
[6852] = 17113 17113
[6853] = 17306 17306
[6854] = 22770 22770
[6855] = 22962 22962
[6856] = 23155 23155
[6857] = 23348 23348
[6858] = 23541 23541
[6859] = 23733 23733
[6860] = 23926 23926
[6861] = 24117 24117
[6862] = 17160 17160
[6863] = 17350 17350
[6864] = 17541 17541
[6865] = 17732 17732
[6866] = 17924 17924
[6867] = 12829 12829
[6868] = 13019 13019
[6869] = 13208 13208
[6870] = 13398 13398
[6871] = 13588 13588
[6872] = 7407 7407
[6873] = 7597 7597
[6874] = 7787 7787
[6875] = 7977 7977
[6876] = 8167 8167
[6877] = 8357 8357
[6878] = 8547 8547
[6879] = 8736 8736
[6880] = 8925 8925
[6881] = 14418 14418
[6882] = 14486 14486
[6883] = 14554 14554
[6884] = 14623 14623
[6885] = 14691 14691
[6886] = 14759 14759
[6887] = 14828 14828
[6888] = 14895 14895
[6889] = 14964 14964
[6890] = 15033 15033
[6891] = 15102 15102
[6892] = 15169 15169
[6893] = 15237 15237
[6894] = 9989 9989
[6895] = 10056 10056
[6896] = 10123 10123
[6897] = 10190 10190
[6898] = 10257 10257
[6899] = 10323 10323
[6900] = 10391 10391
[6901] = 10457 10457
[6902] = 10524 10524
[6903] = 10590 10590
[6904] = 10657 10657
[6905] = 10724 10724
[6906] = 10790 10790
[6907] = 10857 10857
[6908] = 16255 16255
[6909] = 16323 16323
[6910] = 16391 16391
[6911] = 16457 16457
[6912] = 16525 16525
[6913] = 16593 16593
[6914] = 16659 16659
[6915] = 16727 16727
[6916] = 16795 16795
[6917] = 9782 9782
[6918] = 9850 9850
[6919] = 9919 9919
[6920] = 9987 9987
[6921] = 4709 4709
[6922] = 4776 4776
[6923] = 4844 4844
[6924] = 4911 4911
[6925] = 4979 4979
[6926] = 5046 5046
[6927] = 11459 11459
[6928] = 11526 11526
[6929] = 11593 11593
[6930] = 11659 11659
[6931] = 11726 11726
[6932] = 11792 11792
[6933] = 11859 11859
[6934] = 11926 11926
[6935] = 17354 17354
[6936] = 17421 17421
[6937] = 17488 17488
[6938] = 17555 17555
[6939] = 17622 17622
[6940] = 17690 17690
[6941] = 17757 17757
[6942] = 17824 17824
[6943] = 17893 17893
[6944] = 17959 17959
[6945] = 18026 18026
[6946] = 18094 18094
[6947] = 18161 18161
[6948] = 18227 18227
[6949] = 12918 12918
[6950] = 12984 12984
[6951] = 13049 13049
[6952] = 13115 13115
[6953] = 13180 13180
[6954] = 13247 13247
[6955] = 13313 13313
[6956] = 13378 13378
[6957] = 13444 13444
[6958] = 13509 13509
[6959] = 13576 13576
[6960] = 13640 13640
[6961] = 13706 13706
[6962] = 13772 13772
[6963] = 19230 19230
[6964] = 19297 19297
[6965] = 19362 19362
[6966] = 19429 19429
[6967] = 19495 19495
[6968] = 19562 19562
[6969] = 19628 19628
[6970] = 19695 19695
[6971] = 19761 19761
[6972] = 12819 12819
[6973] = 12888 12888
[6974] = 12957 12957
[6975] = 13028 13028
[6976] = 7689 7689
[6977] = 7759 7759
[6978] = 7827 7827
[6979] = 7896 7896
[6980] = 7964 7964
[6981] = 1710 1710
[6982] = 1778 1778
[6983] = 1846 1846
[6984] = 1915 1915
[6985] = 1985 1985
[6986] = 2053 2053
[6987] = 2122 2122
[6988] = 2190 2190
[6989] = 2259 2259
[6990] = 7751 7751
[6991] = 7941 7941
[6992] = 8131 8131
[6993] = 8322 8322
[6994] = 8511 8511
[6995] = 8701 8701
[6996] = 8892 8892
[6997] = 9081 9081
[6998] = 9272 9272
[6999] = 9462 9462
[7000] = 9652 9652
[7001] = 9841 9841
[7002] = 10031 10031
[7003] = 4784 4784
[7004] = 4972 4972
[7005] = 5161 5161
[7006] = 5349 5349
[7007] = 5538 5538
[7008] = 5726 5726
[7009] = 5914 5914
[7010] = 6102 6102
[7011] = 6290 6290
[7012] = 6478 6478
[7013] = 6667 6667
[7014] = 6855 6855
[7015] = 7042 7042
[7016] = 7230 7230
[7017] = 12871 12871
[7018] = 13059 13059
[7019] = 13248 13248
[7020] = 13436 13436
[7021] = 13625 13625
[7022] = 13813 13813
[7023] = 14002 14002
[7024] = 14191 14191
[7025] = 14379 14379
[7026] = 7629 7629
[7027] = 7815 7815
[7028] = 8003 8003
[7029] = 8190 8190
[7030] = 8377 8377
[7031] = 3096 3096
[7032] = 3281 3281
[7033] = 3467 3467
[7034] = 3653 3653
[7035] = 3838 3838
[7036] = 10323 10323
[7037] = 10508 10508
[7038] = 10694 10694
[7039] = 10879 10879
[7040] = 11064 11064
[7041] = 11247 11247
[7042] = 11433 11433
[7043] = 11617 11617
[7044] = 11803 11803
[7045] = 17470 17470
[7046] = 17656 17656
[7047] = 17842 17842
[7048] = 18028 18028
[7049] = 18213 18213
[7050] = 18398 18398
[7051] = 18585 18585
[7052] = 18770 18770
[7053] = 18955 18955
[7054] = 19140 19140
[7055] = 19324 19324
[7056] = 19510 19510
[7057] = 19694 19694
[7058] = 14381 14381
[7059] = 14566 14566
[7060] = 14749 14749
[7061] = 14933 14933
[7062] = 15116 15116
[7063] = 15300 15300
[7064] = 15482 15482
[7065] = 15667 15667
[7066] = 15849 15849
[7067] = 16033 16033
[7068] = 16217 16217
[7069] = 16400 16400
[7070] = 16583 16583
[7071] = 16766 16766
[7072] = 22463 22463
[7073] = 22647 22647
[7074] = 22831 22831
[7075] = 23016 23016
[7076] = 23198 23198
[7077] = 23382 23382
[7078] = 23567 23567
[7079] = 23751 23751
[7080] = 23933 23933
[7081] = 17250 17250
[7082] = 17438 17438
[7083] = 17624 17624
[7084] = 17811 17811
[7085] = 12470 12470
[7086] = 12656 12656
[7087] = 12841 12841
[7088] = 13027 13027
[7089] = 13212 13212
[7090] = 7122 7122
[7091] = 7308 7308
[7092] = 7493 7493
[7093] = 7679 7679
[7094] = 7866 7866
[7095] = 8051 8051
[7096] = 8237 8237
[7097] = 8422 8422
[7098] = 8607 8607
[7099] = 14337 14337
[7100] = 14404 14404
[7101] = 14471 14471
[7102] = 14537 14537
[7103] = 14605 14605
[7104] = 14672 14672
[7105] = 14739 14739
[7106] = 14806 14806
[7107] = 14873 14873
[7108] = 14939 14939
[7109] = 15006 15006
[7110] = 15072 15072
[7111] = 15138 15138
[7112] = 9647 9647
[7113] = 9712 9712
[7114] = 9778 9778
[7115] = 9843 9843
[7116] = 9908 9908
[7117] = 9974 9974
[7118] = 10039 10039
[7119] = 10104 10104
[7120] = 10169 10169
[7121] = 10234 10234
[7122] = 10299 10299
[7123] = 10364 10364
[7124] = 10430 10430
[7125] = 10495 10495
[7126] = 16134 16134
[7127] = 16200 16200
[7128] = 16266 16266
[7129] = 16331 16331
[7130] = 16397 16397
[7131] = 16463 16463
[7132] = 16530 16530
[7133] = 16596 16596
[7134] = 16661 16661
[7135] = 9930 9930
[7136] = 9994 9994
[7137] = 10058 10058
[7138] = 10123 10123
[7139] = 10187 10187
[7140] = 4663 4663
[7141] = 4726 4726
[7142] = 4789 4789
[7143] = 4853 4853
[7144] = 4916 4916
[7145] = 11232 11232
[7146] = 11295 11295
[7147] = 11357 11357
[7148] = 11420 11420
[7149] = 11483 11483
[7150] = 11545 11545
[7151] = 11609 11609
[7152] = 11671 11671
[7153] = 11733 11733
[7154] = 17400 17400
[7155] = 17464 17464
[7156] = 17528 17528
[7157] = 17591 17591
[7158] = 17654 17654
[7159] = 17719 17719
[7160] = 17782 17782
[7161] = 17845 17845
[7162] = 17909 17909
[7163] = 17971 17971
[7164] = 18035 18035
[7165] = 18099 18099
[7166] = 18161 18161
[7167] = 12606 12606
[7168] = 12667 12667
[7169] = 12730 12730
[7170] = 12791 12791
[7171] = 12853 12853
[7172] = 12916 12916
[7173] = 12977 12977
[7174] = 13039 13039
[7175] = 13100 13100
[7176] = 13163 13163
[7177] = 13223 13223
[7178] = 13286 13286
[7179] = 13348 13348
[7180] = 13409 13409
[7181] = 19107 19107
[7182] = 19168 19168
[7183] = 19231 19231
[7184] = 19292 19292
[7185] = 19356 19356
[7186] = 19418 19418
[7187] = 19481 19481
[7188] = 19544 19544
[7189] = 19606 19606
[7190] = 12943 12943
[7191] = 13008 13008
[7192] = 13074 13074
[7193] = 13139 13139
[7194] = 7556 7556
[7195] = 7622 7622
[7196] = 7685 7685
[7197] = 7750 7750
[7198] = 7814 7814
[7199] = 1650 1650
[7200] = 1716 1716
[7201] = 1780 1780
[7202] = 1845 1845
[7203] = 1910 1910
[7204] = 1974 1974
[7205] = 2039 2039
[7206] = 2104 2104
[7207] = 2169 2169
[7208] = 7899 7899
[7209] = 8081 8081
[7210] = 8266 8266
[7211] = 8449 8449
[7212] = 8633 8633
[7213] = 8817 8817
[7214] = 9001 9001
[7215] = 9184 9184
[7216] = 9367 9367
[7217] = 9551 9551
[7218] = 9734 9734
[7219] = 9917 9917
[7220] = 10100 10100
[7221] = 4604 4604
[7222] = 4786 4786
[7223] = 4969 4969
[7224] = 5149 5149
[7225] = 5331 5331
[7226] = 5513 5513
[7227] = 5695 5695
[7228] = 5877 5877
[7229] = 6058 6058
[7230] = 6240 6240
[7231] = 6422 6422
[7232] = 6602 6602
[7233] = 6784 6784
[7234] = 6965 6965
[7235] = 12842 12842
[7236] = 13024 13024
[7237] = 13205 13205
[7238] = 13388 13388
[7239] = 13570 13570
[7240] = 13753 13753
[7241] = 13934 13934
[7242] = 14116 14116
[7243] = 14298 14298
[7244] = 7824 7824
[7245] = 8004 8004
[7246] = 8185 8185
[7247] = 8365 8365
[7248] = 8546 8546
[7249] = 3017 3017
[7250] = 3196 3196
[7251] = 3375 3375
[7252] = 3554 3554
[7253] = 3734 3734
[7254] = 10117 10117
[7255] = 10297 10297
[7256] = 10475 10475
[7257] = 10654 10654
[7258] = 10832 10832
[7259] = 11010 11010
[7260] = 11189 11189
[7261] = 11367 11367
[7262] = 11545 11545
[7263] = 17449 17449
[7264] = 17628 17628
[7265] = 17807 17807
[7266] = 17986 17986
[7267] = 18166 18166
[7268] = 18345 18345
[7269] = 18524 18524
[7270] = 18703 18703
[7271] = 18882 18882
[7272] = 19060 19060
[7273] = 19239 19239
[7274] = 19417 19417
[7275] = 19595 19595
[7276] = 14035 14035
[7277] = 14211 14211
[7278] = 14389 14389
[7279] = 14566 14566
[7280] = 14743 14743
[7281] = 14920 14920
[7282] = 15097 15097
[7283] = 15273 15273
[7284] = 15451 15451
[7285] = 15628 15628
[7286] = 15804 15804
[7287] = 15981 15981
[7288] = 16158 16158
[7289] = 16335 16335
[7290] = 22267 22267
[7291] = 22445 22445
[7292] = 22623 22623
[7293] = 22799 22799
[7294] = 22978 22978
[7295] = 23155 23155
[7296] = 23332 23332
[7297] = 23509 23509
[7298] = 23686 23686
[7299] = 17280 17280
[7300] = 17459 17459
[7301] = 17640 17640
[7302] = 17820 17820
[7303] = 12231 12231
[7304] = 12410 12410
[7305] = 12589 12589
[7306] = 12769 12769
[7307] = 12947 12947
[7308] = 6945 6945
[7309] = 7124 7124
[7310] = 7304 7304
[7311] = 7483 7483
[7312] = 7662 7662
[7313] = 7841 7841
[7314] = 8020 8020
[7315] = 8199 8199
[7316] = 8378 8378
[7317] = 14343 14343
[7318] = 14406 14406
[7319] = 14469 14469
[7320] = 14532 14532
[7321] = 14595 14595
[7322] = 14658 14658
[7323] = 14721 14721
[7324] = 14784 14784
[7325] = 14846 14846
[7326] = 14909 14909
[7327] = 14972 14972
[7328] = 15034 15034
[7329] = 15097 15097
[7330] = 15159 15159
[7331] = 9422 9422
[7332] = 9483 9483
[7333] = 9544 9544
[7334] = 9606 9606
[7335] = 9667 9667
[7336] = 9728 9728
[7337] = 9789 9789
[7338] = 9850 9850
[7339] = 9911 9911
[7340] = 9973 9973
[7341] = 10034 10034
[7342] = 10095 10095
[7343] = 10156 10156
[7344] = 10217 10217
[7345] = 16095 16095
[7346] = 16157 16157
[7347] = 16219 16219
[7348] = 16281 16281
[7349] = 16344 16344
[7350] = 16405 16405
[7351] = 16467 16467
[7352] = 16528 16528
[7353] = 10077 10077
[7354] = 10137 10137
[7355] = 10197 10197
[7356] = 10258 10258
[7357] = 10320 10320
[7358] = 4549 4549
[7359] = 4608 4608
[7360] = 4667 4667
[7361] = 4727 4727
[7362] = 4786 4786
[7363] = 11004 11004
[7364] = 11062 11062
[7365] = 11122 11122
[7366] = 11181 11181
[7367] = 11240 11240
[7368] = 11299 11299
[7369] = 11357 11357
[7370] = 11416 11416
[7371] = 11475 11475
[7372] = 17380 17380
[7373] = 17441 17441
[7374] = 17499 17499
[7375] = 17561 17561
[7376] = 17619 17619
[7377] = 17679 17679
[7378] = 17739 17739
[7379] = 17798 17798
[7380] = 17857 17857
[7381] = 17917 17917
[7382] = 17976 17976
[7383] = 18035 18035
[7384] = 18096 18096
[7385] = 12292 12292
[7386] = 12351 12351
[7387] = 12409 12409
[7388] = 12468 12468
[7389] = 12526 12526
[7390] = 12583 12583
[7391] = 12642 12642
[7392] = 12700 12700
[7393] = 12757 12757
[7394] = 12815 12815
[7395] = 12873 12873
[7396] = 12932 12932
[7397] = 12989 12989
[7398] = 13047 13047
[7399] = 18981 18981
[7400] = 19040 19040
[7401] = 19098 19098
[7402] = 19158 19158
[7403] = 19217 19217
[7404] = 19275 19275
[7405] = 19335 19335
[7406] = 19392 19392
[7407] = 19451 19451
[7408] = 13067 13067
[7409] = 13129 13129
[7410] = 13191 13191
[7411] = 13253 13253
[7412] = 7423 7423
[7413] = 7483 7483
[7414] = 7544 7544
[7415] = 7604 7604
[7416] = 7665 7665
[7417] = 1591 1591
[7418] = 1652 1652
[7419] = 1713 1713
[7420] = 1774 1774
[7421] = 1835 1835
[7422] = 1896 1896
[7423] = 1957 1957
[7424] = 2017 2017
[7425] = 2078 2078
[7426] = 8046 8046
[7427] = 8223 8223
[7428] = 8400 8400
[7429] = 8578 8578
[7430] = 8755 8755
[7431] = 8932 8932
[7432] = 9109 9109
[7433] = 9286 9286
[7434] = 9462 9462
[7435] = 9639 9639
[7436] = 9816 9816
[7437] = 9993 9993
[7438] = 10170 10170
[7439] = 10347 10347
[7440] = 4600 4600
[7441] = 4776 4776
[7442] = 4951 4951
[7443] = 5126 5126
[7444] = 5301 5301
[7445] = 5476 5476
[7446] = 5651 5651
[7447] = 5827 5827
[7448] = 6001 6001
[7449] = 6177 6177
[7450] = 6351 6351
[7451] = 6526 6526
[7452] = 6700 6700
[7453] = 6876 6876
[7454] = 12988 12988
[7455] = 13164 13164
[7456] = 13340 13340
[7457] = 13516 13516
[7458] = 13691 13691
[7459] = 13866 13866
[7460] = 14042 14042
[7461] = 14216 14216
[7462] = 8020 8020
[7463] = 8193 8193
[7464] = 8367 8367
[7465] = 8543 8543
[7466] = 8717 8717
[7467] = 2937 2937
[7468] = 3111 3111
[7469] = 3283 3283
[7470] = 3456 3456
[7471] = 3628 3628
[7472] = 9913 9913
[7473] = 10084 10084
[7474] = 10256 10256
[7475] = 10428 10428
[7476] = 10601 10601
[7477] = 10772 10772
[7478] = 10944 10944
[7479] = 11116 11116
[7480] = 11287 11287
[7481] = 17428 17428
[7482] = 17600 17600
[7483] = 17774 17774
[7484] = 17946 17946
[7485] = 18119 18119
[7486] = 18292 18292
[7487] = 18463 18463
[7488] = 18636 18636
[7489] = 18808 18808
[7490] = 18980 18980
[7491] = 19152 19152
[7492] = 19325 19325
[7493] = 19498 19498
[7494] = 13687 13687
[7495] = 13858 13858
[7496] = 14028 14028
[7497] = 14199 14199
[7498] = 14369 14369
[7499] = 14540 14540
[7500] = 14711 14711
[7501] = 14881 14881
[7502] = 15052 15052
[7503] = 15222 15222
[7504] = 15393 15393
[7505] = 15563 15563
[7506] = 15734 15734
[7507] = 15904 15904
[7508] = 22071 22071
[7509] = 22243 22243
[7510] = 22415 22415
[7511] = 22586 22586
[7512] = 22756 22756
[7513] = 22927 22927
[7514] = 23098 23098
[7515] = 23269 23269
[7516] = 23440 23440
[7517] = 17309 17309
[7518] = 17481 17481
[7519] = 17654 17654
[7520] = 17825 17825
[7521] = 11983 11983
[7522] = 12155 12155
[7523] = 12325 12325
[7524] = 12495 12495
[7525] = 12666 12666
[7526] = 6749 6749
[7527] = 6920 6920
[7528] = 7090 7090
[7529] = 7261 7261
[7530] = 7431 7431
[7531] = 7602 7602
[7532] = 7773 7773
[7533] = 7942 7942
[7534] = 8113 8113
[7535] = 14311 14311
[7536] = 14426 14426
[7537] = 14483 14483
[7538] = 14540 14540
[7539] = 14597 14597
[7540] = 14654 14654
[7541] = 14711 14711
[7542] = 14767 14767
[7543] = 14823 14823
[7544] = 14880 14880
[7545] = 14937 14937
[7546] = 14994 14994
[7547] = 15050 15050
[7548] = 15107 15107
[7549] = 9119 9119
[7550] = 9174 9174
[7551] = 9230 9230
[7552] = 9285 9285
[7553] = 9341 9341
[7554] = 9396 9396
[7555] = 9452 9452
[7556] = 9507 9507
[7557] = 9561 9561
[7558] = 9617 9617
[7559] = 9672 9672
[7560] = 9727 9727
[7561] = 9782 9782
[7562] = 9837 9837
[7563] = 15951 15951
[7564] = 16008 16008
[7565] = 16063 16063
[7566] = 16120 16120
[7567] = 16176 16176
[7568] = 16231 16231
[7569] = 16287 16287
[7570] = 16342 16342
[7571] = 16398 16398
[7572] = 10225 10225
[7573] = 10284 10284
[7574] = 10343 10343
[7575] = 10401 10401
[7576] = 4386 4386
[7577] = 4445 4445
[7578] = 4503 4503
[7579] = 4560 4560
[7580] = 4618 4618
[7581] = 10739 10739
[7582] = 10797 10797
[7583] = 10854 10854
[7584] = 10910 10910
[7585] = 10968 10968
[7586] = 11025 11025
[7587] = 11082 11082
[7588] = 11139 11139
[7589] = 11196 11196
[7590] = 17342 17342
[7591] = 17401 17401
[7592] = 17459 17459
[7593] = 17515 17515
[7594] = 17574 17574
[7595] = 17631 17631
[7596] = 17689 17689
[7597] = 17748 17748
[7598] = 17805 17805
[7599] = 17863 17863
[7600] = 17921 17921
[7601] = 17979 17979
[7602] = 18036 18036
[7603] = 11990 11990
[7604] = 12046 12046
[7605] = 12102 12102
[7606] = 12159 12159
[7607] = 12215 12215
[7608] = 12272 12272
[7609] = 12327 12327
[7610] = 12384 12384
[7611] = 12439 12439
[7612] = 12496 12496
[7613] = 12552 12552
[7614] = 12608 12608
[7615] = 12665 12665
[7616] = 12720 12720
[7617] = 18895 18895
[7618] = 18952 18952
[7619] = 19009 19009
[7620] = 19068 19068
[7621] = 19124 19124
[7622] = 19181 19181
[7623] = 19237 19237
[7624] = 19293 19293
[7625] = 19350 19350
[7626] = 13248 13248
[7627] = 13304 13304
[7628] = 13360 13360
[7629] = 13416 13416
[7630] = 13471 13471
[7631] = 7393 7393
[7632] = 7447 7447
[7633] = 7501 7501
[7634] = 7556 7556
[7635] = 1570 1570
[7636] = 1625 1625
[7637] = 1681 1681
[7638] = 1735 1735
[7639] = 1790 1790
[7640] = 1845 1845
[7641] = 1899 1899
[7642] = 1954 1954
[7643] = 2009 2009
[7644] = 2064 2064
[7645] = 8270 8270
[7646] = 8438 8438
[7647] = 8606 8606
[7648] = 8775 8775
[7649] = 8943 8943
[7650] = 9112 9112
[7651] = 9279 9279
[7652] = 9448 9448
[7653] = 9616 9616
[7654] = 9785 9785
[7655] = 9953 9953
[7656] = 10121 10121
[7657] = 10289 10289
[7658] = 4292 4292
[7659] = 4458 4458
[7660] = 4626 4626
[7661] = 4792 4792
[7662] = 4959 4959
[7663] = 5125 5125
[7664] = 5292 5292
[7665] = 5458 5458
[7666] = 5624 5624
[7667] = 5791 5791
[7668] = 5957 5957
[7669] = 6124 6124
[7670] = 6289 6289
[7671] = 6455 6455
[7672] = 12803 12803
[7673] = 12970 12970
[7674] = 13137 13137
[7675] = 13303 13303
[7676] = 13470 13470
[7677] = 13637 13637
[7678] = 13803 13803
[7679] = 13970 13970
[7680] = 14137 14137
[7681] = 8217 8217
[7682] = 8386 8386
[7683] = 8556 8556
[7684] = 8725 8725
[7685] = 2700 2700
[7686] = 2869 2869
[7687] = 3037 3037
[7688] = 3205 3205
[7689] = 3374 3374
[7690] = 9558 9558
[7691] = 9727 9727
[7692] = 9894 9894
[7693] = 10062 10062
[7694] = 10230 10230
[7695] = 10396 10396
[7696] = 10564 10564
[7697] = 10731 10731
[7698] = 10899 10899
[7699] = 17277 17277
[7700] = 17446 17446
[7701] = 17615 17615
[7702] = 17781 17781
[7703] = 17950 17950
[7704] = 18118 18118
[7705] = 18286 18286
[7706] = 18454 18454
[7707] = 18621 18621
[7708] = 18791 18791
[7709] = 18958 18958
[7710] = 19127 19127
[7711] = 19293 19293
[7712] = 13236 13236
[7713] = 13403 13403
[7714] = 13569 13569
[7715] = 13735 13735
[7716] = 13902 13902
[7717] = 14068 14068
[7718] = 14234 14234
[7719] = 14401 14401
[7720] = 14566 14566
[7721] = 14733 14733
[7722] = 14899 14899
[7723] = 15064 15064
[7724] = 15231 15231
[7725] = 15396 15396
[7726] = 21803 21803
[7727] = 21969 21969
[7728] = 22136 22136
[7729] = 22302 22302
[7730] = 22469 22469
[7731] = 22634 22634
[7732] = 22802 22802
[7733] = 22968 22968
[7734] = 23134 23134
[7735] = 17284 17284
[7736] = 17448 17448
[7737] = 17614 17614
[7738] = 17779 17779
[7739] = 17945 17945
[7740] = 11854 11854
[7741] = 12017 12017
[7742] = 12182 12182
[7743] = 12345 12345
[7744] = 6516 6516
[7745] = 6681 6681
[7746] = 6845 6845
[7747] = 7009 7009
[7748] = 7174 7174
[7749] = 7338 7338
[7750] = 7501 7501
[7751] = 7665 7665
[7752] = 7830 7830
[7753] = 7993 7993
[7754] = 14429 14429
[7755] = 14481 14481
[7756] = 14535 14535
[7757] = 14588 14588
[7758] = 14641 14641
[7759] = 14694 14694
[7760] = 14746 14746
[7761] = 14799 14799
[7762] = 14852 14852
[7763] = 14906 14906
[7764] = 14959 14959
[7765] = 15011 15011
[7766] = 15064 15064
[7767] = 8830 8830
[7768] = 8882 8882
[7769] = 8933 8933
[7770] = 8985 8985
[7771] = 9036 9036
[7772] = 9088 9088
[7773] = 9139 9139
[7774] = 9190 9190
[7775] = 9241 9241
[7776] = 9293 9293
[7777] = 9344 9344
[7778] = 9395 9395
[7779] = 9446 9446
[7780] = 9498 9498
[7781] = 15851 15851
[7782] = 15903 15903
[7783] = 15955 15955
[7784] = 16006 16006
[7785] = 16058 16058
[7786] = 16110 16110
[7787] = 16162 16162
[7788] = 16214 16214
[7789] = 16267 16267
[7790] = 10373 10373
[7791] = 10427 10427
[7792] = 10483 10483
[7793] = 10537 10537
[7794] = 4277 4277
[7795] = 4330 4330
[7796] = 4383 4383
[7797] = 4438 4438
[7798] = 4492 4492
[7799] = 10515 10515
[7800] = 10568 10568
[7801] = 10621 10621
[7802] = 10674 10674
[7803] = 10727 10727
[7804] = 10780 10780
[7805] = 10834 10834
[7806] = 10886 10886
[7807] = 10940 10940
[7808] = 17324 17324
[7809] = 17378 17378
[7810] = 17432 17432
[7811] = 17486 17486
[7812] = 17539 17539
[7813] = 17594 17594
[7814] = 17648 17648
[7815] = 17701 17701
[7816] = 17756 17756
[7817] = 17809 17809
[7818] = 17863 17863
[7819] = 17917 17917
[7820] = 17970 17970
[7821] = 11678 11678
[7822] = 11731 11731
[7823] = 11783 11783
[7824] = 11835 11835
[7825] = 11888 11888
[7826] = 11940 11940
[7827] = 11992 11992
[7828] = 12045 12045
[7829] = 12096 12096
[7830] = 12149 12149
[7831] = 12201 12201
[7832] = 12253 12253
[7833] = 12305 12305
[7834] = 12357 12357
[7835] = 18772 18772
[7836] = 18824 18824
[7837] = 18878 18878
[7838] = 18930 18930
[7839] = 18984 18984
[7840] = 19035 19035
[7841] = 19089 19089
[7842] = 19142 19142
[7843] = 19195 19195
[7844] = 13372 13372
[7845] = 13423 13423
[7846] = 13476 13476
[7847] = 13527 13527
[7848] = 13579 13579
[7849] = 7253 7253
[7850] = 7305 7305
[7851] = 7356 7356
[7852] = 7406 7406
[7853] = 1511 1511
[7854] = 1562 1562
[7855] = 1613 1613
[7856] = 1664 1664
[7857] = 1715 1715
[7858] = 1767 1767
[7859] = 1817 1817
[7860] = 1868 1868
[7861] = 1919 1919
[7862] = 1970 1970
[7863] = 8414 8414
[7864] = 8576 8576
[7865] = 8738 8738
[7866] = 8900 8900
[7867] = 9061 9061
[7868] = 9223 9223
[7869] = 9386 9386
[7870] = 9548 9548
[7871] = 9710 9710
[7872] = 9872 9872
[7873] = 10033 10033
[7874] = 10195 10195
[7875] = 10356 10356
[7876] = 4110 4110
[7877] = 4271 4271
[7878] = 4431 4431
[7879] = 4591 4591
[7880] = 4751 4751
[7881] = 4911 4911
[7882] = 5071 5071
[7883] = 5232 5232
[7884] = 5391 5391
[7885] = 5551 5551
[7886] = 5711 5711
[7887] = 5871 5871
[7888] = 6031 6031
[7889] = 6191 6191
[7890] = 12772 12772
[7891] = 12933 12933
[7892] = 13094 13094
[7893] = 13254 13254
[7894] = 13415 13415
[7895] = 13575 13575
[7896] = 13735 13735
[7897] = 13896 13896
[7898] = 14056 14056
[7899] = 8412 8412
[7900] = 8575 8575
[7901] = 8737 8737
[7902] = 8901 8901
[7903] = 2627 2627
[7904] = 2789 2789
[7905] = 2951 2951
[7906] = 3113 3113
[7907] = 3275 3275
[7908] = 9358 9358
[7909] = 9519 9519
[7910] = 9681 9681
[7911] = 9842 9842
[7912] = 10003 10003
[7913] = 10164 10164
[7914] = 10325 10325
[7915] = 10486 10486
[7916] = 10646 10646
[7917] = 17261 17261
[7918] = 17422 17422
[7919] = 17584 17584
[7920] = 17746 17746
[7921] = 17907 17907
[7922] = 18069 18069
[7923] = 18230 18230
[7924] = 18392 18392
[7925] = 18554 18554
[7926] = 18714 18714
[7927] = 18877 18877
[7928] = 19037 19037
[7929] = 19199 19199
[7930] = 19359 19359
[7931] = 13053 13053
[7932] = 13213 13213
[7933] = 13372 13372
[7934] = 13531 13531
[7935] = 13691 13691
[7936] = 13851 13851
[7937] = 14011 14011
[7938] = 14170 14170
[7939] = 14330 14330
[7940] = 14489 14489
[7941] = 14649 14649
[7942] = 14807 14807
[7943] = 14967 14967
[7944] = 15126 15126
[7945] = 21770 21770
[7946] = 21929 21929
[7947] = 22089 22089
[7948] = 22249 22249
[7949] = 22408 22408
[7950] = 22570 22570
[7951] = 22729 22729
[7952] = 22889 22889
[7953] = 17314 17314
[7954] = 17473 17473
[7955] = 17632 17632
[7956] = 17790 17790
[7957] = 17950 17950
[7958] = 11610 11610
[7959] = 11768 11768
[7960] = 11925 11925
[7961] = 12083 12083
[7962] = 6342 6342
[7963] = 6500 6500
[7964] = 6658 6658
[7965] = 6815 6815
[7966] = 6973 6973
[7967] = 7131 7131
[7968] = 7288 7288
[7969] = 7446 7446
[7970] = 7603 7603
[7971] = 7760 7760
[7972] = 14432 14432
[7973] = 14480 14480
[7974] = 14530 14530
[7975] = 14579 14579
[7976] = 14628 14628
[7977] = 14677 14677
[7978] = 14726 14726
[7979] = 14775 14775
[7980] = 14825 14825
[7981] = 14874 14874
[7982] = 14922 14922
[7983] = 14971 14971
[7984] = 15020 15020
[7985] = 8541 8541
[7986] = 8589 8589
[7987] = 8636 8636
[7988] = 8684 8684
[7989] = 8732 8732
[7990] = 8779 8779
[7991] = 8827 8827
[7992] = 8874 8874
[7993] = 8921 8921
[7994] = 8969 8969
[7995] = 9016 9016
[7996] = 9064 9064
[7997] = 9111 9111
[7998] = 9158 9158
[7999] = 15749 15749
[8000] = 15797 15797
[8001] = 15846 15846
[8002] = 15894 15894
[8003] = 15942 15942
[8004] = 15990 15990
[8005] = 16039 16039
[8006] = 16086 16086
[8007] = 16135 16135
[8008] = 10520 10520
[8009] = 10570 10570
[8010] = 10621 10621
[8011] = 10673 10673
[8012] = 4166 4166
[8013] = 4215 4215
[8014] = 4265 4265
[8015] = 4315 4315
[8016] = 4365 4365
[8017] = 10290 10290
[8018] = 10339 10339
[8019] = 10388 10388
[8020] = 10438 10438
[8021] = 10487 10487
[8022] = 10536 10536
[8023] = 10585 10585
[8024] = 10634 10634
[8025] = 10683 10683
[8026] = 17307 17307
[8027] = 17355 17355
[8028] = 17406 17406
[8029] = 17456 17456
[8030] = 17506 17506
[8031] = 17556 17556
[8032] = 17607 17607
[8033] = 17656 17656
[8034] = 17706 17706
[8035] = 17756 17756
[8036] = 17806 17806
[8037] = 17856 17856
[8038] = 17905 17905
[8039] = 17955 17955
[8040] = 11415 11415
[8041] = 11463 11463
[8042] = 11513 11513
[8043] = 11560 11560
[8044] = 11609 11609
[8045] = 11658 11658
[8046] = 11705 11705
[8047] = 11754 11754
[8048] = 11802 11802
[8049] = 11850 11850
[8050] = 11898 11898
[8051] = 11947 11947
[8052] = 11996 11996
[8053] = 12042 12042
[8054] = 18696 18696
[8055] = 18745 18745
[8056] = 18794 18794
[8057] = 18842 18842
[8058] = 18891 18891
[8059] = 18942 18942
[8060] = 18990 18990
[8061] = 19040 19040
[8062] = 13495 13495
[8063] = 13543 13543
[8064] = 13590 13590
[8065] = 13638 13638
[8066] = 13686 13686
[8067] = 7115 7115
[8068] = 7163 7163
[8069] = 7209 7209
[8070] = 7257 7257
[8071] = 7303 7303
[8072] = 1499 1499
[8073] = 1546 1546
[8074] = 1593 1593
[8075] = 1641 1641
[8076] = 1687 1687
[8077] = 1735 1735
[8078] = 1781 1781
[8079] = 1828 1828
[8080] = 1875 1875
[8081] = 8558 8558
[8082] = 8713 8713
[8083] = 8869 8869
[8084] = 9024 9024
[8085] = 9180 9180
[8086] = 9337 9337
[8087] = 9492 9492
[8088] = 9647 9647
[8089] = 9802 9802
[8090] = 9957 9957
[8091] = 10113 10113
[8092] = 10268 10268
[8093] = 10422 10422
[8094] = 3929 3929
[8095] = 4083 4083
[8096] = 4237 4237
[8097] = 4390 4390
[8098] = 4544 4544
[8099] = 4698 4698
[8100] = 4851 4851
[8101] = 5005 5005
[8102] = 5158 5158
[8103] = 5311 5311
[8104] = 5465 5465
[8105] = 5619 5619
[8106] = 5771 5771
[8107] = 5925 5925
[8108] = 12743 12743
[8109] = 12897 12897
[8110] = 13052 13052
[8111] = 13205 13205
[8112] = 13359 13359
[8113] = 13514 13514
[8114] = 13668 13668
[8115] = 13821 13821
[8116] = 13975 13975
[8117] = 8607 8607
[8118] = 8761 8761
[8119] = 8916 8916
[8120] = 9071 9071
[8121] = 2547 2547
[8122] = 2700 2700
[8123] = 2854 2854
[8124] = 3007 3007
[8125] = 3161 3161
[8126] = 3314 3314
[8127] = 9294 9294
[8128] = 9448 9448
[8129] = 9600 9600
[8130] = 9753 9753
[8131] = 9904 9904
[8132] = 10058 10058
[8133] = 10211 10211
[8134] = 10362 10362
[8135] = 17211 17211
[8136] = 17363 17363
[8137] = 17517 17517
[8138] = 17669 17669
[8139] = 17824 17824
[8140] = 17977 17977
[8141] = 18130 18130
[8142] = 18284 18284
[8143] = 18436 18436
[8144] = 18590 18590
[8145] = 18742 18742
[8146] = 18895 18895
[8147] = 19047 19047
[8148] = 19200 19200
[8149] = 12643 12643
[8150] = 12794 12794
[8151] = 12946 12946
[8152] = 13097 13097
[8153] = 13248 13248
[8154] = 13400 13400
[8155] = 13550 13550
[8156] = 13702 13702
[8157] = 13854 13854
[8158] = 14005 14005
[8159] = 14154 14154
[8160] = 14306 14306
[8161] = 14456 14456
[8162] = 14608 14608
[8163] = 21484 21484
[8164] = 21636 21636
[8165] = 21788 21788
[8166] = 21939 21939
[8167] = 22092 22092
[8168] = 22243 22243
[8169] = 22394 22394
[8170] = 22546 22546
[8171] = 22697 22697
[8172] = 17399 17399
[8173] = 17552 17552
[8174] = 17707 17707
[8175] = 17860 17860
[8176] = 11275 11275
[8177] = 11428 11428
[8178] = 11581 11581
[8179] = 11735 11735
[8180] = 11886 11886
[8181] = 6236 6236
[8182] = 6389 6389
[8183] = 6542 6542
[8184] = 6695 6695
[8185] = 6849 6849
[8186] = 7001 7001
[8187] = 7154 7154
[8188] = 7307 7307
[8189] = 7459 7459
[8190] = 14368 14368
[8191] = 14415 14415
[8192] = 14462 14462
[8193] = 14509 14509
[8194] = 14557 14557
[8195] = 14604 14604
[8196] = 14652 14652
[8197] = 14699 14699
[8198] = 14745 14745
[8199] = 14792 14792
[8200] = 14839 14839
[8201] = 14886 14886
[8202] = 14933 14933
[8203] = 8209 8209
[8204] = 8255 8255
[8205] = 8301 8301
[8206] = 8346 8346
[8207] = 8392 8392
[8208] = 8438 8438
[8209] = 8483 8483
[8210] = 8528 8528
[8211] = 8573 8573
[8212] = 8619 8619
[8213] = 8664 8664
[8214] = 8710 8710
[8215] = 8755 8755
[8216] = 8800 8800
[8217] = 15632 15632
[8218] = 15678 15678
[8219] = 15724 15724
[8220] = 15770 15770
[8221] = 15817 15817
[8222] = 15863 15863
[8223] = 15910 15910
[8224] = 15955 15955
[8225] = 16001 16001
[8226] = 10667 10667
[8227] = 10712 10712
[8228] = 10757 10757
[8229] = 10803 10803
[8230] = 10848 10848
[8231] = 4092 4092
[8232] = 4136 4136
[8233] = 4180 4180
[8234] = 4225 4225
[8235] = 4268 4268
[8236] = 10092 10092
[8237] = 10136 10136
[8238] = 10179 10179
[8239] = 10223 10223
[8240] = 10266 10266
[8241] = 10309 10309
[8242] = 10352 10352
[8243] = 10397 10397
[8244] = 10440 10440
[8245] = 17300 17300
[8246] = 17344 17344
[8247] = 17388 17388
[8248] = 17434 17434
[8249] = 17477 17477
[8250] = 17522 17522
[8251] = 17565 17565
[8252] = 17610 17610
[8253] = 17654 17654
[8254] = 17698 17698
[8255] = 17741 17741
[8256] = 17785 17785
[8257] = 17830 17830
[8258] = 11042 11042
[8259] = 11085 11085
[8260] = 11127 11127
[8261] = 11170 11170
[8262] = 11213 11213
[8263] = 11256 11256
[8264] = 11299 11299
[8265] = 11341 11341
[8266] = 11384 11384
[8267] = 11427 11427
[8268] = 11468 11468
[8269] = 11511 11511
[8270] = 11553 11553
[8271] = 11596 11596
[8272] = 18484 18484
[8273] = 18528 18528
[8274] = 18572 18572
[8275] = 18615 18615
[8276] = 18659 18659
[8277] = 18702 18702
[8278] = 18745 18745
[8279] = 18788 18788
[8280] = 18831 18831
[8281] = 13565 13565
[8282] = 13611 13611
[8283] = 13658 13658
[8284] = 13704 13704
[8285] = 6888 6888
[8286] = 6932 6932
[8287] = 6977 6977
[8288] = 7022 7022
[8289] = 7067 7067
[8290] = 1355 1355
[8291] = 1401 1401
[8292] = 1446 1446
[8293] = 1491 1491
[8294] = 1536 1536
[8295] = 1581 1581
[8296] = 1626 1626
[8297] = 1671 1671
[8298] = 1716 1716
[8299] = 8638 8638
[8300] = 8789 8789
[8301] = 8940 8940
[8302] = 9091 9091
[8303] = 9243 9243
[8304] = 9393 9393
[8305] = 9544 9544
[8306] = 9694 9694
[8307] = 9845 9845
[8308] = 9995 9995
[8309] = 10146 10146
[8310] = 10296 10296
[8311] = 10448 10448
[8312] = 3706 3706
[8313] = 3856 3856
[8314] = 4005 4005
[8315] = 4153 4153
[8316] = 4303 4303
[8317] = 4452 4452
[8318] = 4601 4601
[8319] = 4750 4750
[8320] = 4898 4898
[8321] = 5047 5047
[8322] = 5196 5196
[8323] = 5344 5344
[8324] = 5493 5493
[8325] = 5642 5642
[8326] = 12697 12697
[8327] = 12847 12847
[8328] = 12996 12996
[8329] = 13145 13145
[8330] = 13295 13295
[8331] = 13445 13445
[8332] = 13594 13594
[8333] = 13743 13743
[8334] = 13891 13891
[8335] = 8802 8802
[8336] = 8951 8951
[8337] = 9099 9099
[8338] = 9248 9248
[8339] = 9396 9396
[8340] = 2621 2621
[8341] = 2768 2768
[8342] = 2915 2915
[8343] = 3062 3062
[8344] = 3209 3209
[8345] = 9090 9090
[8346] = 9235 9235
[8347] = 9382 9382
[8348] = 9528 9528
[8349] = 9674 9674
[8350] = 9821 9821
[8351] = 9966 9966
[8352] = 10113 10113
[8353] = 10258 10258
[8354] = 17343 17343
[8355] = 17489 17489
[8356] = 17636 17636
[8357] = 17783 17783
[8358] = 17930 17930
[8359] = 18077 18077
[8360] = 18223 18223
[8361] = 18370 18370
[8362] = 18516 18516
[8363] = 18663 18663
[8364] = 18808 18808
[8365] = 18956 18956
[8366] = 19102 19102
[8367] = 12295 12295
[8368] = 12441 12441
[8369] = 12585 12585
[8370] = 12730 12730
[8371] = 12876 12876
[8372] = 13020 13020
[8373] = 13165 13165
[8374] = 13309 13309
[8375] = 13455 13455
[8376] = 13598 13598
[8377] = 13743 13743
[8378] = 13888 13888
[8379] = 14032 14032
[8380] = 14177 14177
[8381] = 21289 21289
[8382] = 21434 21434
[8383] = 21580 21580
[8384] = 21726 21726
[8385] = 21870 21870
[8386] = 22016 22016
[8387] = 22161 22161
[8388] = 22305 22305
[8389] = 22450 22450
[8390] = 17428 17428
[8391] = 17575 17575
[8392] = 17724 17724
[8393] = 17871 17871
[8394] = 11037 11037
[8395] = 11182 11182
[8396] = 11330 11330
[8397] = 11475 11475
[8398] = 11622 11622
[8399] = 6059 6059
[8400] = 6206 6206
[8401] = 6352 6352
[8402] = 6498 6498
[8403] = 6645 6645
[8404] = 6791 6791
[8405] = 6937 6937
[8406] = 7084 7084
[8407] = 7230 7230
[8408] = 14374 14374
[8409] = 14418 14418
[8410] = 14462 14462
[8411] = 14505 14505
[8412] = 14548 14548
[8413] = 14591 14591
[8414] = 14634 14634
[8415] = 14677 14677
[8416] = 14720 14720
[8417] = 14763 14763
[8418] = 14806 14806
[8419] = 14849 14849
[8420] = 14893 14893
[8421] = 7922 7922
[8422] = 7964 7964
[8423] = 8006 8006
[8424] = 8047 8047
[8425] = 8089 8089
[8426] = 8130 8130
[8427] = 8172 8172
[8428] = 8214 8214
[8429] = 8255 8255
[8430] = 8297 8297
[8431] = 8338 8338
[8432] = 8379 8379
[8433] = 8421 8421
[8434] = 8462 8462
[8435] = 15531 15531
[8436] = 15573 15573
[8437] = 15616 15616
[8438] = 15659 15659
[8439] = 15701 15701
[8440] = 15743 15743
[8441] = 15785 15785
[8442] = 15827 15827
[8443] = 15869 15869
[8444] = 10814 10814
[8445] = 10855 10855
[8446] = 10898 10898
[8447] = 10939 10939
[8448] = 10981 10981
[8449] = 3978 3978
[8450] = 4018 4018
[8451] = 4058 4058
[8452] = 4098 4098
[8453] = 4139 4139
[8454] = 9864 9864
[8455] = 9904 9904
[8456] = 9944 9944
[8457] = 9983 9983
[8458] = 10023 10023
[8459] = 10062 10062
[8460] = 10102 10102
[8461] = 10141 10141
[8462] = 10181 10181
[8463] = 17280 17280
[8464] = 17320 17320
[8465] = 17361 17361
[8466] = 17401 17401
[8467] = 17441 17441
[8468] = 17482 17482
[8469] = 17523 17523
[8470] = 17563 17563
[8471] = 17603 17603
[8472] = 17643 17643
[8473] = 17683 17683
[8474] = 17723 17723
[8475] = 17764 17764
[8476] = 10730 10730
[8477] = 10769 10769
[8478] = 10807 10807
[8479] = 10847 10847
[8480] = 10885 10885
[8481] = 10924 10924
[8482] = 10962 10962
[8483] = 11002 11002
[8484] = 11041 11041
[8485] = 11078 11078
[8486] = 11118 11118
[8487] = 11156 11156
[8488] = 11195 11195
[8489] = 11233 11233
[8490] = 18361 18361
[8491] = 18401 18401
[8492] = 18440 18440
[8493] = 18480 18480
[8494] = 18519 18519
[8495] = 18558 18558
[8496] = 18597 18597
[8497] = 18637 18637
[8498] = 18675 18675
[8499] = 13690 13690
[8500] = 13732 13732
[8501] = 13774 13774
[8502] = 13816 13816
[8503] = 6754 6754
[8504] = 6795 6795
[8505] = 6836 6836
[8506] = 6877 6877
[8507] = 6918 6918
[8508] = 1297 1297
[8509] = 1338 1338
[8510] = 1379 1379
[8511] = 1420 1420
[8512] = 1461 1461
[8513] = 1503 1503
[8514] = 1543 1543
[8515] = 1584 1584
[8516] = 1626 1626
[8517] = 8786 8786
[8518] = 8931 8931
[8519] = 9075 9075
[8520] = 9219 9219
[8521] = 9363 9363
[8522] = 9508 9508
[8523] = 9652 9652
[8524] = 9796 9796
[8525] = 9940 9940
[8526] = 10085 10085
[8527] = 10230 10230
[8528] = 10373 10373
[8529] = 10517 10517
[8530] = 10660 10660
[8531] = 3669 3669
[8532] = 3813 3813
[8533] = 3955 3955
[8534] = 4097 4097
[8535] = 4240 4240
[8536] = 4382 4382
[8537] = 4524 4524
[8538] = 4667 4667
[8539] = 4809 4809
[8540] = 4951 4951
[8541] = 5093 5093
[8542] = 5235 5235
[8543] = 5377 5377
[8544] = 5519 5519
[8545] = 12812 12812
[8546] = 12955 12955
[8547] = 13097 13097
[8548] = 13240 13240
[8549] = 13383 13383
[8550] = 13525 13525
[8551] = 13668 13668
[8552] = 13811 13811
[8553] = 8998 8998
[8554] = 9138 9138
[8555] = 9282 9282
[8556] = 9424 9424
[8557] = 9565 9565
[8558] = 2542 2542
[8559] = 2683 2683
[8560] = 2823 2823
[8561] = 2964 2964
[8562] = 3104 3104
[8563] = 8883 8883
[8564] = 9023 9023
[8565] = 9163 9163
[8566] = 9303 9303
[8567] = 9443 9443
[8568] = 9582 9582
[8569] = 9722 9722
[8570] = 9861 9861
[8571] = 10001 10001
[8572] = 17321 17321
[8573] = 17462 17462
[8574] = 17602 17602
[8575] = 17742 17742
[8576] = 17883 17883
[8577] = 18022 18022
[8578] = 18163 18163
[8579] = 18302 18302
[8580] = 18443 18443
[8581] = 18584 18584
[8582] = 18724 18724
[8583] = 18864 18864
[8584] = 19003 19003
[8585] = 11948 11948
[8586] = 12086 12086
[8587] = 12225 12225
[8588] = 12364 12364
[8589] = 12501 12501
[8590] = 12641 12641
[8591] = 12778 12778
[8592] = 12917 12917
[8593] = 13055 13055
[8594] = 13193 13193
[8595] = 13331 13331
[8596] = 13469 13469
[8597] = 13608 13608
[8598] = 13745 13745
[8599] = 21094 21094
[8600] = 21232 21232
[8601] = 21372 21372
[8602] = 21510 21510
[8603] = 21648 21648
[8604] = 21788 21788
[8605] = 21926 21926
[8606] = 22064 22064
[8607] = 22202 22202
[8608] = 17459 17459
[8609] = 17599 17599
[8610] = 17740 17740
[8611] = 17882 17882
[8612] = 10797 10797
[8613] = 10939 10939
[8614] = 11078 11078
[8615] = 11218 11218
[8616] = 11358 11358
[8617] = 5883 5883
[8618] = 6024 6024
[8619] = 6164 6164
[8620] = 6305 6305
[8621] = 6445 6445
[8622] = 6586 6586
[8623] = 6727 6727
[8624] = 6867 6867
[8625] = 7008 7008
[8626] = 14389 14389
[8627] = 14479 14479
[8628] = 14520 14520
[8629] = 14560 14560
[8630] = 14600 14600
[8631] = 14640 14640
[8632] = 14681 14681
[8633] = 14720 14720
[8634] = 14760 14760
[8635] = 14802 14802
[8636] = 14842 14842
[8637] = 14883 14883
[8638] = 14922 14922
[8639] = 14963 14963
[8640] = 7747 7747
[8641] = 7786 7786
[8642] = 7826 7826
[8643] = 7865 7865
[8644] = 7905 7905
[8645] = 7944 7944
[8646] = 7984 7984
[8647] = 8023 8023
[8648] = 8061 8061
[8649] = 8101 8101
[8650] = 8140 8140
[8651] = 8180 8180
[8652] = 8219 8219
[8653] = 8259 8259
[8654] = 15570 15570
[8655] = 15610 15610
[8656] = 15651 15651
[8657] = 15691 15691
[8658] = 15733 15733
[8659] = 15773 15773
[8660] = 15813 15813
[8661] = 15854 15854
[8662] = 11012 11012
[8663] = 11051 11051
[8664] = 11090 11090
[8665] = 11129 11129
[8666] = 11167 11167
[8667] = 3921 3921
[8668] = 3959 3959
[8669] = 3997 3997
[8670] = 4035 4035
[8671] = 4072 4072
[8672] = 9702 9702
[8673] = 9740 9740
[8674] = 9777 9777
[8675] = 9815 9815
[8676] = 9852 9852
[8677] = 9890 9890
[8678] = 9928 9928
[8679] = 9966 9966
[8680] = 10003 10003
[8681] = 17342 17342
[8682] = 17382 17382
[8683] = 17420 17420
[8684] = 17459 17459
[8685] = 17498 17498
[8686] = 17536 17536
[8687] = 17576 17576
[8688] = 17614 17614
[8689] = 17654 17654
[8690] = 17692 17692
[8691] = 17731 17731
[8692] = 17770 17770
[8693] = 17808 17808
[8694] = 10532 10532
[8695] = 10569 10569
[8696] = 10608 10608
[8697] = 10645 10645
[8698] = 10683 10683
[8699] = 10721 10721
[8700] = 10759 10759
[8701] = 10798 10798
[8702] = 10835 10835
[8703] = 10873 10873
[8704] = 10910 10910
[8705] = 10949 10949
[8706] = 10987 10987
[8707] = 11024 11024
[8708] = 18395 18395
[8709] = 18434 18434
[8710] = 18473 18473
[8711] = 18512 18512
[8712] = 18551 18551
[8713] = 18589 18589
[8714] = 18629 18629
[8715] = 18669 18669
[8716] = 18709 18709
[8717] = 13866 13866
[8718] = 13903 13903
[8719] = 13943 13943
[8720] = 13982 13982
[8721] = 6675 6675
[8722] = 6714 6714
[8723] = 6751 6751
[8724] = 6790 6790
[8725] = 6828 6828
[8726] = 1298 1298
[8727] = 1337 1337
[8728] = 1376 1376
[8729] = 1415 1415
[8730] = 1454 1454
[8731] = 1492 1492
[8732] = 1530 1530
[8733] = 1569 1569
[8734] = 1608 1608
[8735] = 9008 9008
[8736] = 9049 9049
[8737] = 9188 9188
[8738] = 9328 9328
[8739] = 9468 9468
[8740] = 9607 9607
[8741] = 9747 9747
[8742] = 9887 9887
[8743] = 10028 10028
[8744] = 10167 10167
[8745] = 10307 10307
[8746] = 10447 10447
[8747] = 10587 10587
[8748] = 10726 10726
[8749] = 3488 3488
[8750] = 3627 3627
[8751] = 3766 3766
[8752] = 3905 3905
[8753] = 4043 4043
[8754] = 4181 4181
[8755] = 4320 4320
[8756] = 4459 4459
[8757] = 4598 4598
[8758] = 4736 4736
[8759] = 4874 4874
[8760] = 5013 5013
[8761] = 5152 5152
[8762] = 5289 5289
[8763] = 12821 12821
[8764] = 12961 12961
[8765] = 13100 13100
[8766] = 13240 13240
[8767] = 13379 13379
[8768] = 13518 13518
[8769] = 13658 13658
[8770] = 13798 13798
[8771] = 13938 13938
[8772] = 9195 9195
[8773] = 9335 9335
[8774] = 9476 9476
[8775] = 9617 9617
[8776] = 2351 2351
[8777] = 2491 2491
[8778] = 2631 2631
[8779] = 2770 2770
[8780] = 2911 2911
[8781] = 8594 8594
[8782] = 8735 8735
[8783] = 8873 8873
[8784] = 9013 9013
[8785] = 9152 9152
[8786] = 9291 9291
[8787] = 9431 9431
[8788] = 9570 9570
[8789] = 9710 9710
[8790] = 17272 17272
[8791] = 17412 17412
[8792] = 17553 17553
[8793] = 17693 17693
[8794] = 17833 17833
[8795] = 17974 17974
[8796] = 18114 18114
[8797] = 18255 18255
[8798] = 18395 18395
[8799] = 18536 18536
[8800] = 18676 18676
[8801] = 18816 18816
[8802] = 18956 18956
[8803] = 11660 11660
[8804] = 11799 11799
[8805] = 11938 11938
[8806] = 12077 12077
[8807] = 12216 12216
[8808] = 12356 12356
[8809] = 12495 12495
[8810] = 12634 12634
[8811] = 12773 12773
[8812] = 12912 12912
[8813] = 13051 13051
[8814] = 13190 13190
[8815] = 13329 13329
[8816] = 13468 13468
[8817] = 21060 21060
[8818] = 21200 21200
[8819] = 21340 21340
[8820] = 21480 21480
[8821] = 21620 21620
[8822] = 21760 21760
[8823] = 21900 21900
[8824] = 22040 22040
[8825] = 22181 22181
[8826] = 17438 17438
[8827] = 17576 17576
[8828] = 17715 17715
[8829] = 17853 17853
[8830] = 17991 17991
[8831] = 10660 10660
[8832] = 10798 10798
[8833] = 10935 10935
[8834] = 11073 11073
[8835] = 5689 5689
[8836] = 5827 5827
[8837] = 5964 5964
[8838] = 6102 6102
[8839] = 6240 6240
[8840] = 6377 6377
[8841] = 6515 6515
[8842] = 6652 6652
[8843] = 6790 6790
[8844] = 6927 6927
[8845] = 14549 14549
[8846] = 14589 14589
[8847] = 14629 14629
[8848] = 14669 14669
[8849] = 14708 14708
[8850] = 14748 14748
[8851] = 14789 14789
[8852] = 14829 14829
[8853] = 14868 14868
[8854] = 14908 14908
[8855] = 14948 14948
[8856] = 14988 14988
[8857] = 15027 15027
[8858] = 7570 7570
[8859] = 7609 7609
[8860] = 7648 7648
[8861] = 7687 7687
[8862] = 7725 7725
[8863] = 7764 7764
[8864] = 7804 7804
[8865] = 7843 7843
[8866] = 7882 7882
[8867] = 7920 7920
[8868] = 7960 7960
[8869] = 7999 7999
[8870] = 8038 8038
[8871] = 8077 8077
[8872] = 15630 15630
[8873] = 15670 15670
[8874] = 15711 15711
[8875] = 15751 15751
[8876] = 15790 15790
[8877] = 15831 15831
[8878] = 15872 15872
[8879] = 15912 15912
[8880] = 15953 15953
[8881] = 11110 11110
[8882] = 11152 11152
[8883] = 11193 11193
[8884] = 11236 11236
[8885] = 3749 3749
[8886] = 3791 3791
[8887] = 3831 3831
[8888] = 3872 3872
[8889] = 3913 3913
[8890] = 9451 9451
[8891] = 9491 9491
[8892] = 9532 9532
[8893] = 9571 9571
[8894] = 9613 9613
[8895] = 9653 9653
[8896] = 9694 9694
[8897] = 9735 9735
[8898] = 9775 9775
[8899] = 17360 17360
[8900] = 17402 17402
[8901] = 17443 17443
[8902] = 17485 17485
[8903] = 17527 17527
[8904] = 17568 17568
[8905] = 17611 17611
[8906] = 17653 17653
[8907] = 17694 17694
[8908] = 17736 17736
[8909] = 17778 17778
[8910] = 17820 17820
[8911] = 17862 17862
[8912] = 10345 10345
[8913] = 10386 10386
[8914] = 10426 10426
[8915] = 10468 10468
[8916] = 10509 10509
[8917] = 10549 10549
[8918] = 10590 10590
[8919] = 10631 10631
[8920] = 10672 10672
[8921] = 10712 10712
[8922] = 10754 10754
[8923] = 10794 10794
[8924] = 10836 10836
[8925] = 10877 10877
[8926] = 18492 18492
[8927] = 18534 18534
[8928] = 18575 18575
[8929] = 18618 18618
[8930] = 18659 18659
[8931] = 18702 18702
[8932] = 18745 18745
[8933] = 18786 18786
[8934] = 18829 18829
[8935] = 13988 13988
[8936] = 14028 14028
[8937] = 14068 14068
[8938] = 14109 14109
[8939] = 14149 14149
[8940] = 6600 6600
[8941] = 6641 6641
[8942] = 6680 6680
[8943] = 6720 6720
[8944] = 1285 1285
[8945] = 1325 1325
[8946] = 1365 1365
[8947] = 1406 1406
[8948] = 1446 1446
[8949] = 1485 1485
[8950] = 1525 1525
[8951] = 1565 1565
[8952] = 1606 1606
[8953] = 1645 1645
[8954] = 9291 9291
[8955] = 9429 9429
[8956] = 9568 9568
[8957] = 9706 9706
[8958] = 9844 9844
[8959] = 9984 9984
[8960] = 10122 10122
[8961] = 10261 10261
[8962] = 10399 10399
[8963] = 10537 10537
[8964] = 10676 10676
[8965] = 10814 10814
[8966] = 10952 10952
[8967] = 3471 3471
[8968] = 3609 3609
[8969] = 3747 3747
[8970] = 3884 3884
[8971] = 4021 4021
[8972] = 4158 4158
[8973] = 4295 4295
[8974] = 4433 4433
[8975] = 4571 4571
[8976] = 4707 4707
[8977] = 4844 4844
[8978] = 4982 4982
[8979] = 5119 5119
[8980] = 5256 5256
[8981] = 13028 13028
[8982] = 13166 13166
[8983] = 13305 13305
[8984] = 13443 13443
[8985] = 13580 13580
[8986] = 13720 13720
[8987] = 13858 13858
[8988] = 13996 13996
[8989] = 14135 14135
[8990] = 9390 9390
[8991] = 9529 9529
[8992] = 9668 9668
[8993] = 9809 9809
[8994] = 2299 2299
[8995] = 2438 2438
[8996] = 2576 2576
[8997] = 2715 2715
[8998] = 2854 2854
[8999] = 8442 8442
[9000] = 8580 8580
[9001] = 8718 8718
[9002] = 8855 8855
[9003] = 8994 8994
[9004] = 9131 9131
[9005] = 9271 9271
[9006] = 9409 9409
[9007] = 9547 9547
[9008] = 17350 17350
[9009] = 17488 17488
[9010] = 17628 17628
[9011] = 17766 17766
[9012] = 17906 17906
[9013] = 18046 18046
[9014] = 18185 18185
[9015] = 18324 18324
[9016] = 18462 18462
[9017] = 18602 18602
[9018] = 18740 18740
[9019] = 18880 18880
[9020] = 19019 19019
[9021] = 11479 11479
[9022] = 11616 11616
[9023] = 11753 11753
[9024] = 11892 11892
[9025] = 12029 12029
[9026] = 12168 12168
[9027] = 12305 12305
[9028] = 12444 12444
[9029] = 12581 12581
[9030] = 12718 12718
[9031] = 12857 12857
[9032] = 12994 12994
[9033] = 13132 13132
[9034] = 13269 13269
[9035] = 21103 21103
[9036] = 21242 21242
[9037] = 21379 21379
[9038] = 21519 21519
[9039] = 21657 21657
[9040] = 21797 21797
[9041] = 21935 21935
[9042] = 22074 22074
[9043] = 22213 22213
[9044] = 17469 17469
[9045] = 17606 17606
[9046] = 17742 17742
[9047] = 17880 17880
[9048] = 18016 18016
[9049] = 10443 10443
[9050] = 10580 10580
[9051] = 10715 10715
[9052] = 10852 10852
[9053] = 5560 5560
[9054] = 5697 5697
[9055] = 5833 5833
[9056] = 5970 5970
[9057] = 6106 6106
[9058] = 6242 6242
[9059] = 6378 6378
[9060] = 6515 6515
[9061] = 6651 6651
[9062] = 6786 6786
[9063] = 14649 14649
[9064] = 14690 14690
[9065] = 14731 14731
[9066] = 14773 14773
[9067] = 14814 14814
[9068] = 14856 14856
[9069] = 14897 14897
[9070] = 14938 14938
[9071] = 14979 14979
[9072] = 15020 15020
[9073] = 15062 15062
[9074] = 15103 15103
[9075] = 15143 15143
[9076] = 7445 7445
[9077] = 7485 7485
[9078] = 7526 7526
[9079] = 7566 7566
[9080] = 7606 7606
[9081] = 7646 7646
[9082] = 7687 7687
[9083] = 7727 7727
[9084] = 7768 7768
[9085] = 7807 7807
[9086] = 7848 7848
[9087] = 7889 7889
[9088] = 7929 7929
[9089] = 7969 7969
[9090] = 15765 15765
[9091] = 15807 15807
[9092] = 15849 15849
[9093] = 15890 15890
[9094] = 15932 15932
[9095] = 15974 15974
[9096] = 16015 16015
[9097] = 16057 16057
[9098] = 16099 16099
[9099] = 11257 11257
[9100] = 11300 11300
[9101] = 11343 11343
[9102] = 11387 11387
[9103] = 3659 3659
[9104] = 3702 3702
[9105] = 3744 3744
[9106] = 3786 3786
[9107] = 3829 3829
[9108] = 9273 9273
[9109] = 9315 9315
[9110] = 9357 9357
[9111] = 9398 9398
[9112] = 9441 9441
[9113] = 9482 9482
[9114] = 9525 9525
[9115] = 9566 9566
[9116] = 9609 9609
[9117] = 17437 17437
[9118] = 17478 17478
[9119] = 17522 17522
[9120] = 17564 17564
[9121] = 17609 17609
[9122] = 17651 17651
[9123] = 17695 17695
[9124] = 17737 17737
[9125] = 17780 17780
[9126] = 17824 17824
[9127] = 17867 17867
[9128] = 17911 17911
[9129] = 17953 17953
[9130] = 17998 17998
[9131] = 10238 10238
[9132] = 10280 10280
[9133] = 10323 10323
[9134] = 10364 10364
[9135] = 10407 10407
[9136] = 10449 10449
[9137] = 10492 10492
[9138] = 10533 10533
[9139] = 10575 10575
[9140] = 10617 10617
[9141] = 10660 10660
[9142] = 10703 10703
[9143] = 10744 10744
[9144] = 10787 10787
[9145] = 18646 18646
[9146] = 18689 18689
[9147] = 18733 18733
[9148] = 18776 18776
[9149] = 18821 18821
[9150] = 18863 18863
[9151] = 18906 18906
[9152] = 18950 18950
[9153] = 14111 14111
[9154] = 14153 14153
[9155] = 14194 14194
[9156] = 14236 14236
[9157] = 14278 14278
[9158] = 6488 6488
[9159] = 6529 6529
[9160] = 6570 6570
[9161] = 6610 6610
[9162] = 1272 1272
[9163] = 1314 1314
[9164] = 1355 1355
[9165] = 1397 1397
[9166] = 1438 1438
[9167] = 1479 1479
[9168] = 1520 1520
[9169] = 1562 1562
[9170] = 1603 1603
[9171] = 1644 1644
[9172] = 9533 9533
[9173] = 9670 9670
[9174] = 9807 9807
[9175] = 9946 9946
[9176] = 10082 10082
[9177] = 10219 10219
[9178] = 10357 10357
[9179] = 10494 10494
[9180] = 10630 10630
[9181] = 10768 10768
[9182] = 10905 10905
[9183] = 11042 11042
[9184] = 11179 11179
[9185] = 3455 3455
[9186] = 3591 3591
[9187] = 3727 3727
[9188] = 3863 3863
[9189] = 3999 3999
[9190] = 4135 4135
[9191] = 4271 4271
[9192] = 4407 4407
[9193] = 4543 4543
[9194] = 4678 4678
[9195] = 4814 4814
[9196] = 4951 4951
[9197] = 5087 5087
[9198] = 5222 5222
[9199] = 13235 13235
[9200] = 13372 13372
[9201] = 13509 13509
[9202] = 13647 13647
[9203] = 13783 13783
[9204] = 13920 13920
[9205] = 14057 14057
[9206] = 14194 14194
[9207] = 14331 14331
[9208] = 9585 9585
[9209] = 9723 9723
[9210] = 9861 9861
[9211] = 10000 10000
[9212] = 2247 2247
[9213] = 2385 2385
[9214] = 2522 2522
[9215] = 2659 2659
[9216] = 2797 2797
[9217] = 8288 8288
[9218] = 8426 8426
[9219] = 8562 8562
[9220] = 8699 8699
[9221] = 8836 8836
[9222] = 8973 8973
[9223] = 9110 9110
[9224] = 9246 9246
[9225] = 9384 9384
[9226] = 17427 17427
[9227] = 17565 17565
[9228] = 17702 17702
[9229] = 17841 17841
[9230] = 17980 17980
[9231] = 18116 18116
[9232] = 18255 18255
[9233] = 18392 18392
[9234] = 18529 18529
[9235] = 18667 18667
[9236] = 18805 18805
[9237] = 18943 18943
[9238] = 19081 19081
[9239] = 19219 19219
[9240] = 11433 11433
[9241] = 11570 11570
[9242] = 11706 11706
[9243] = 11843 11843
[9244] = 11980 11980
[9245] = 12116 12116
[9246] = 12254 12254
[9247] = 12389 12389
[9248] = 12526 12526
[9249] = 12662 12662
[9250] = 12798 12798
[9251] = 12936 12936
[9252] = 13071 13071
[9253] = 13209 13209
[9254] = 21282 21282
[9255] = 21420 21420
[9256] = 21558 21558
[9257] = 21696 21696
[9258] = 21833 21833
[9259] = 21970 21970
[9260] = 22108 22108
[9261] = 22245 22245
[9262] = 17500 17500
[9263] = 17635 17635
[9264] = 17771 17771
[9265] = 17907 17907
[9266] = 18042 18042
[9267] = 10226 10226
[9268] = 10360 10360
[9269] = 10495 10495
[9270] = 10630 10630
[9271] = 10764 10764
[9272] = 5567 5567
[9273] = 5702 5702
[9274] = 5837 5837
[9275] = 5972 5972
[9276] = 6107 6107
[9277] = 6242 6242
[9278] = 6377 6377
[9279] = 6512 6512
[9280] = 6646 6646
[9281] = 14749 14749
[9282] = 14792 14792
[9283] = 14836 14836
[9284] = 14878 14878
[9285] = 14920 14920
[9286] = 14962 14962
[9287] = 15005 15005
[9288] = 15048 15048
[9289] = 15090 15090
[9290] = 15132 15132
[9291] = 15175 15175
[9292] = 15219 15219
[9293] = 15261 15261
[9294] = 7320 7320
[9295] = 7362 7362
[9296] = 7404 7404
[9297] = 7445 7445
[9298] = 7486 7486
[9299] = 7528 7528
[9300] = 7570 7570
[9301] = 7612 7612
[9302] = 7654 7654
[9303] = 7694 7694
[9304] = 7736 7736
[9305] = 7778 7778
[9306] = 7820 7820
[9307] = 7861 7861
[9308] = 15901 15901
[9309] = 15945 15945
[9310] = 15986 15986
[9311] = 16027 16027
[9312] = 16068 16068
[9313] = 16109 16109
[9314] = 16150 16150
[9315] = 16192 16192
[9316] = 16233 16233
[9317] = 11391 11391
[9318] = 11432 11432
[9319] = 11473 11473
[9320] = 11514 11514
[9321] = 3563 3563
[9322] = 3605 3605
[9323] = 3647 3647
[9324] = 3689 3689
[9325] = 3731 3731
[9326] = 3772 3772
[9327] = 9123 9123
[9328] = 9164 9164
[9329] = 9206 9206
[9330] = 9247 9247
[9331] = 9288 9288
[9332] = 9329 9329
[9333] = 9372 9372
[9334] = 9414 9414
[9335] = 17437 17437
[9336] = 17478 17478
[9337] = 17518 17518
[9338] = 17561 17561
[9339] = 17601 17601
[9340] = 17641 17641
[9341] = 17684 17684
[9342] = 17724 17724
[9343] = 17766 17766
[9344] = 17806 17806
[9345] = 17847 17847
[9346] = 17888 17888
[9347] = 17930 17930
[9348] = 17970 17970
[9349] = 10038 10038
[9350] = 10080 10080
[9351] = 10121 10121
[9352] = 10164 10164
[9353] = 10204 10204
[9354] = 10247 10247
[9355] = 10288 10288
[9356] = 10331 10331
[9357] = 10373 10373
[9358] = 10414 10414
[9359] = 10456 10456
[9360] = 10498 10498
[9361] = 10540 10540
[9362] = 10581 10581
[9363] = 18588 18588
[9364] = 18630 18630
[9365] = 18671 18671
[9366] = 18713 18713
[9367] = 18753 18753
[9368] = 18795 18795
[9369] = 18836 18836
[9370] = 18878 18878
[9371] = 18919 18919
[9372] = 14078 14078
[9373] = 14121 14121
[9374] = 14163 14163
[9375] = 14207 14207
[9376] = 6293 6293
[9377] = 6338 6338
[9378] = 6380 6380
[9379] = 6424 6424
[9380] = 6469 6469
[9381] = 1228 1228
[9382] = 1273 1273
[9383] = 1316 1316
[9384] = 1360 1360
[9385] = 1405 1405
[9386] = 1449 1449
[9387] = 1494 1494
[9388] = 1538 1538
[9389] = 1583 1583
[9390] = 9574 9574
[9391] = 9709 9709
[9392] = 9846 9846
[9393] = 9981 9981
[9394] = 10117 10117
[9395] = 10253 10253
[9396] = 10389 10389
[9397] = 10524 10524
[9398] = 10660 10660
[9399] = 10796 10796
[9400] = 10931 10931
[9401] = 11068 11068
[9402] = 11203 11203
[9403] = 3401 3401
[9404] = 3537 3537
[9405] = 3673 3673
[9406] = 3809 3809
[9407] = 3945 3945
[9408] = 4082 4082
[9409] = 4218 4218
[9410] = 4355 4355
[9411] = 4491 4491
[9412] = 4627 4627
[9413] = 4764 4764
[9414] = 4899 4899
[9415] = 5036 5036
[9416] = 5172 5172
[9417] = 13238 13238
[9418] = 13374 13374
[9419] = 13508 13508
[9420] = 13644 13644
[9421] = 13780 13780
[9422] = 13916 13916
[9423] = 14051 14051
[9424] = 14186 14186
[9425] = 14322 14322
[9426] = 9575 9575
[9427] = 9708 9708
[9428] = 9842 9842
[9429] = 9976 9976
[9430] = 10109 10109
[9431] = 2323 2323
[9432] = 2457 2457
[9433] = 2592 2592
[9434] = 2726 2726
[9435] = 2860 2860
[9436] = 8254 8254
[9437] = 8389 8389
[9438] = 8524 8524
[9439] = 8657 8657
[9440] = 8791 8791
[9441] = 8924 8924
[9442] = 9059 9059
[9443] = 9192 9192
[9444] = 9325 9325
[9445] = 17371 17371
[9446] = 17505 17505
[9447] = 17638 17638
[9448] = 17770 17770
[9449] = 17904 17904
[9450] = 18036 18036
[9451] = 18169 18169
[9452] = 18303 18303
[9453] = 18435 18435
[9454] = 18569 18569
[9455] = 18702 18702
[9456] = 18835 18835
[9457] = 18966 18966
[9458] = 11198 11198
[9459] = 11331 11331
[9460] = 11465 11465
[9461] = 11600 11600
[9462] = 11732 11732
[9463] = 11866 11866
[9464] = 11999 11999
[9465] = 12134 12134
[9466] = 12267 12267
[9467] = 12400 12400
[9468] = 12534 12534
[9469] = 12667 12667
[9470] = 12801 12801
[9471] = 12934 12934
[9472] = 20962 20962
[9473] = 21094 21094
[9474] = 21227 21227
[9475] = 21360 21360
[9476] = 21492 21492
[9477] = 21625 21625
[9478] = 21758 21758
[9479] = 21891 21891
[9480] = 22024 22024
[9481] = 17274 17274
[9482] = 17407 17407
[9483] = 17542 17542
[9484] = 17677 17677
[9485] = 9925 9925
[9486] = 10061 10061
[9487] = 10195 10195
[9488] = 10330 10330
[9489] = 10465 10465
[9490] = 5363 5363
[9491] = 5499 5499
[9492] = 5634 5634
[9493] = 5769 5769
[9494] = 5905 5905
[9495] = 6039 6039
[9496] = 6175 6175
[9497] = 6310 6310
[9498] = 6446 6446
[9499] = 14457 14457
[9500] = 14500 14500
[9501] = 14545 14545
[9502] = 14588 14588
[9503] = 14632 14632
[9504] = 14675 14675
[9505] = 14719 14719
[9506] = 14763 14763
[9507] = 14806 14806
[9508] = 14850 14850
[9509] = 14894 14894
[9510] = 14938 14938
[9511] = 14981 14981
[9512] = 7159 7159
[9513] = 7203 7203
[9514] = 7247 7247
[9515] = 7292 7292
[9516] = 7336 7336
[9517] = 7381 7381
[9518] = 7425 7425
[9519] = 7470 7470
[9520] = 7514 7514
[9521] = 7558 7558
[9522] = 7604 7604
[9523] = 7648 7648
[9524] = 7693 7693
[9525] = 7737 7737
[9526] = 15641 15641
[9527] = 15685 15685
[9528] = 15728 15728
[9529] = 15773 15773
[9530] = 15816 15816
[9531] = 15861 15861
[9532] = 15905 15905
[9533] = 15948 15948
[9534] = 15993 15993
[9535] = 11155 11155
[9536] = 11196 11196
[9537] = 11239 11239
[9538] = 11282 11282
[9539] = 11323 11323
[9540] = 3517 3517
[9541] = 3560 3560
[9542] = 3603 3603
[9543] = 3647 3647
[9544] = 3689 3689
[9545] = 8946 8946
[9546] = 8989 8989
[9547] = 9032 9032
[9548] = 9075 9075
[9549] = 9117 9117
[9550] = 9160 9160
[9551] = 9204 9204
[9552] = 9246 9246
[9553] = 9289 9289
[9554] = 17171 17171
[9555] = 17215 17215
[9556] = 17256 17256
[9557] = 17299 17299
[9558] = 17341 17341
[9559] = 17383 17383
[9560] = 17427 17427
[9561] = 17468 17468
[9562] = 17510 17510
[9563] = 17553 17553
[9564] = 17595 17595
[9565] = 17638 17638
[9566] = 17680 17680
[9567] = 9890 9890
[9568] = 9933 9933
[9569] = 9977 9977
[9570] = 10020 10020
[9571] = 10062 10062
[9572] = 10105 10105
[9573] = 10149 10149
[9574] = 10193 10193
[9575] = 10235 10235
[9576] = 10278 10278
[9577] = 10321 10321
[9578] = 10365 10365
[9579] = 10408 10408
[9580] = 10451 10451
[9581] = 18317 18317
[9582] = 18359 18359
[9583] = 18403 18403
[9584] = 18445 18445
[9585] = 18487 18487
[9586] = 18531 18531
[9587] = 18573 18573
[9588] = 18616 18616
[9589] = 18659 18659
[9590] = 13819 13819
[9591] = 13862 13862
[9592] = 13907 13907
[9593] = 13951 13951
[9594] = 6181 6181
[9595] = 6227 6227
[9596] = 6271 6271
[9597] = 6316 6316
[9598] = 6361 6361
[9599] = 1216 1216
[9600] = 1262 1262
[9601] = 1307 1307
[9602] = 1352 1352
[9603] = 1399 1399
[9604] = 1444 1444
[9605] = 1490 1490
[9606] = 1535 1535
[9607] = 1581 1581
[9608] = 9432 9432
[9609] = 9566 9566
[9610] = 9701 9701
[9611] = 9835 9835
[9612] = 9971 9971
[9613] = 10104 10104
[9614] = 10239 10239
[9615] = 10374 10374
[9616] = 10508 10508
[9617] = 10644 10644
[9618] = 10777 10777
[9619] = 10912 10912
[9620] = 11047 11047
[9621] = 3385 3385
[9622] = 3520 3520
[9623] = 3654 3654
[9624] = 3790 3790
[9625] = 3925 3925
[9626] = 4061 4061
[9627] = 4196 4196
[9628] = 4331 4331
[9629] = 4466 4466
[9630] = 4601 4601
[9631] = 4737 4737
[9632] = 4871 4871
[9633] = 5007 5007
[9634] = 5142 5142
[9635] = 13066 13066
[9636] = 13200 13200
[9637] = 13334 13334
[9638] = 13469 13469
[9639] = 13603 13603
[9640] = 13739 13739
[9641] = 13873 13873
[9642] = 14006 14006
[9643] = 14142 14142
[9644] = 9394 9394
[9645] = 9526 9526
[9646] = 9660 9660
[9647] = 9792 9792
[9648] = 9924 9924
[9649] = 2279 2279
[9650] = 2413 2413
[9651] = 2547 2547
[9652] = 2680 2680
[9653] = 2813 2813
[9654] = 8113 8113
[9655] = 8247 8247
[9656] = 8380 8380
[9657] = 8513 8513
[9658] = 8645 8645
[9659] = 8779 8779
[9660] = 8912 8912
[9661] = 9046 9046
[9662] = 9178 9178
[9663] = 17081 17081
[9664] = 17214 17214
[9665] = 17346 17346
[9666] = 17480 17480
[9667] = 17610 17610
[9668] = 17743 17743
[9669] = 17876 17876
[9670] = 18009 18009
[9671] = 18142 18142
[9672] = 18273 18273
[9673] = 18406 18406
[9674] = 18539 18539
[9675] = 18671 18671
[9676] = 11042 11042
[9677] = 11175 11175
[9678] = 11309 11309
[9679] = 11442 11442
[9680] = 11575 11575
[9681] = 11708 11708
[9682] = 11841 11841
[9683] = 11975 11975
[9684] = 12108 12108
[9685] = 12241 12241
[9686] = 12374 12374
[9687] = 12507 12507
[9688] = 12640 12640
[9689] = 12773 12773
[9690] = 20658 20658
[9691] = 20791 20791
[9692] = 20924 20924
[9693] = 21056 21056
[9694] = 21188 21188
[9695] = 21321 21321
[9696] = 21453 21453
[9697] = 21586 21586
[9698] = 21719 21719
[9699] = 16969 16969
[9700] = 17103 17103
[9701] = 17237 17237
[9702] = 17370 17370
[9703] = 9761 9761
[9704] = 9896 9896
[9705] = 10031 10031
[9706] = 10165 10165
[9707] = 10300 10300
[9708] = 5292 5292
[9709] = 5428 5428
[9710] = 5563 5563
[9711] = 5697 5697
[9712] = 5833 5833
[9713] = 5968 5968
[9714] = 6104 6104
[9715] = 6239 6239
[9716] = 6374 6374
[9717] = 14244 14244
[9718] = 14288 14288
[9719] = 14334 14334
[9720] = 14379 14379
[9721] = 14424 14424
[9722] = 14468 14468
[9723] = 14514 14514
[9724] = 14559 14559
[9725] = 14603 14603
[9726] = 14649 14649
[9727] = 14693 14693
[9728] = 14740 14740
[9729] = 14784 14784
[9730] = 14829 14829
[9731] = 7148 7148
[9732] = 7193 7193
[9733] = 7240 7240
[9734] = 7285 7285
[9735] = 7331 7331
[9736] = 7376 7376
[9737] = 7422 7422
[9738] = 7467 7467
[9739] = 7513 7513
[9740] = 7559 7559
[9741] = 7604 7604
[9742] = 7650 7650
[9743] = 7696 7696
[9744] = 7742 7742
[9745] = 15503 15503
[9746] = 15548 15548
[9747] = 15593 15593
[9748] = 15638 15638
[9749] = 15684 15684
[9750] = 15728 15728
[9751] = 15773 15773
[9752] = 15818 15818
[9753] = 10981 10981
[9754] = 11024 11024
[9755] = 11067 11067
[9756] = 11110 11110
[9757] = 11153 11153
[9758] = 3489 3489
[9759] = 3533 3533
[9760] = 3577 3577
[9761] = 3621 3621
[9762] = 3664 3664
[9763] = 8828 8828
[9764] = 8871 8871
[9765] = 8915 8915
[9766] = 8958 8958
[9767] = 9001 9001
[9768] = 9046 9046
[9769] = 9089 9089
[9770] = 9133 9133
[9771] = 9175 9175
[9772] = 16918 16918
[9773] = 16961 16961
[9774] = 17005 17005
[9775] = 17048 17048
[9776] = 17089 17089
[9777] = 17133 17133
[9778] = 17176 17176
[9779] = 17219 17219
[9780] = 17262 17262
[9781] = 17304 17304
[9782] = 17347 17347
[9783] = 17391 17391
[9784] = 17433 17433
[9785] = 9785 9785
[9786] = 9829 9829
[9787] = 9872 9872
[9788] = 9917 9917
[9789] = 9960 9960
[9790] = 10003 10003
[9791] = 10047 10047
[9792] = 10090 10090
[9793] = 10135 10135
[9794] = 10177 10177
[9795] = 10221 10221
[9796] = 10265 10265
[9797] = 10308 10308
[9798] = 10352 10352
[9799] = 18076 18076
[9800] = 18120 18120
[9801] = 18162 18162
[9802] = 18205 18205
[9803] = 18249 18249
[9804] = 18291 18291
[9805] = 18334 18334
[9806] = 18377 18377
[9807] = 18421 18421
[9808] = 13581 13581
[9809] = 13625 13625
[9810] = 13668 13668
[9811] = 13714 13714
[9812] = 6086 6086
[9813] = 6131 6131
[9814] = 6176 6176
[9815] = 6220 6220
[9816] = 6266 6266
[9817] = 1216 1216
[9818] = 1262 1262
[9819] = 1307 1307
[9820] = 1352 1352
[9821] = 1398 1398
[9822] = 1444 1444
[9823] = 1490 1490
[9824] = 1535 1535
[9825] = 1581 1581
[9826] = 9291 9291
[9827] = 9424 9424
[9828] = 9560 9560
[9829] = 9694 9694
[9830] = 9829 9829
[9831] = 9963 9963
[9832] = 10098 10098
[9833] = 10232 10232
[9834] = 10367 10367
[9835] = 10502 10502
[9836] = 10635 10635
[9837] = 10771 10771
[9838] = 10905 10905
[9839] = 11040 11040
[9840] = 3520 3520
[9841] = 3654 3654
[9842] = 3790 3790
[9843] = 3925 3925
[9844] = 4061 4061
[9845] = 4196 4196
[9846] = 4331 4331
[9847] = 4466 4466
[9848] = 4601 4601
[9849] = 4737 4737
[9850] = 4871 4871
[9851] = 5007 5007
[9852] = 5142 5142
[9853] = 5278 5278
[9854] = 13059 13059
[9855] = 13192 13192
[9856] = 13327 13327
[9857] = 13462 13462
[9858] = 13597 13597
[9859] = 13731 13731
[9860] = 13865 13865
[9861] = 14000 14000
[9862] = 9252 9252
[9863] = 9385 9385
[9864] = 9518 9518
[9865] = 9651 9651
[9866] = 9783 9783
[9867] = 2279 2279
[9868] = 2413 2413
[9869] = 2547 2547
[9870] = 2680 2680
[9871] = 2813 2813
[9872] = 8019 8019
[9873] = 8152 8152
[9874] = 8286 8286
[9875] = 8418 8418
[9876] = 8551 8551
[9877] = 8685 8685
[9878] = 8818 8818
[9879] = 8952 8952
[9880] = 9083 9083
[9881] = 16845 16845
[9882] = 16977 16977
[9883] = 17111 17111
[9884] = 17243 17243
[9885] = 17374 17374
[9886] = 17508 17508
[9887] = 17640 17640
[9888] = 17774 17774
[9889] = 17905 17905
[9890] = 18037 18037
[9891] = 18170 18170
[9892] = 18303 18303
[9893] = 18435 18435
[9894] = 10948 10948
[9895] = 11081 11081
[9896] = 11214 11214
[9897] = 11348 11348
[9898] = 11480 11480
[9899] = 11614 11614
[9900] = 11747 11747
[9901] = 11880 11880
[9902] = 12014 12014
[9903] = 12146 12146
[9904] = 12280 12280
[9905] = 12412 12412
[9906] = 12546 12546
[9907] = 12678 12678
[9908] = 20423 20423
[9909] = 20556 20556
[9910] = 20687 20687
[9911] = 20821 20821
[9912] = 20952 20952
[9913] = 21085 21085
[9914] = 21217 21217
[9915] = 21350 21350
[9916] = 21483 21483
[9917] = 16733 16733
[9918] = 16865 16865
[9919] = 16997 16997
[9920] = 17130 17130
[9921] = 9659 9659
[9922] = 9793 9793
[9923] = 9927 9927
[9924] = 10060 10060
[9925] = 10193 10193
[9926] = 5277 5277
[9927] = 5411 5411
[9928] = 5545 5545
[9929] = 5678 5678
[9930] = 5812 5812
[9931] = 5945 5945
[9932] = 6079 6079
[9933] = 6213 6213
[9934] = 6346 6346
[9935] = 14072 14072
[9936] = 14160 14160
[9937] = 14204 14204
[9938] = 14248 14248
[9939] = 14291 14291
[9940] = 14334 14334
[9941] = 14377 14377
[9942] = 14420 14420
[9943] = 14465 14465
[9944] = 14507 14507
[9945] = 14551 14551
[9946] = 14594 14594
[9947] = 14638 14638
[9948] = 14681 14681
[9949] = 7140 7140
[9950] = 7184 7184
[9951] = 7228 7228
[9952] = 7273 7273
[9953] = 7316 7316
[9954] = 7360 7360
[9955] = 7404 7404
[9956] = 7448 7448
[9957] = 7492 7492
[9958] = 7536 7536
[9959] = 7580 7580
[9960] = 7624 7624
[9961] = 7668 7668
[9962] = 7712 7712
[9963] = 15331 15331
[9964] = 15374 15374
[9965] = 15418 15418
[9966] = 15461 15461
[9967] = 15504 15504
[9968] = 15548 15548
[9969] = 15591 15591
[9970] = 15634 15634
[9971] = 15678 15678
[9972] = 10839 10839
[9973] = 10883 10883
[9974] = 10928 10928
[9975] = 10973 10973
[9976] = 3451 3451
[9977] = 3498 3498
[9978] = 3543 3543
[9979] = 3588 3588
[9980] = 3634 3634
[9981] = 8703 8703
[9982] = 8750 8750
[9983] = 8795 8795
[9984] = 8839 8839
[9985] = 8885 8885
[9986] = 8929 8929
[9987] = 8976 8976
[9988] = 9020 9020
[9989] = 9066 9066
[9990] = 16668 16668
[9991] = 16712 16712
[9992] = 16758 16758
[9993] = 16801 16801
[9994] = 16847 16847
[9995] = 16890 16890
[9996] = 16935 16935
[9997] = 16981 16981
[9998] = 17024 17024
[9999] = 17069 17069
[10000] = 17113 17113
[10001] = 17158 17158
[10002] = 17201 17201
[10003] = 9697 9697
[10004] = 9741 9741
[10005] = 9786 9786
[10006] = 9832 9832
[10007] = 9876 9876
[10008] = 9922 9922
[10009] = 9966 9966
[10010] = 10012 10012
[10011] = 10056 10056
[10012] = 10101 10101
[10013] = 10147 10147
[10014] = 10191 10191
[10015] = 10237 10237
[10016] = 10281 10281
[10017] = 17867 17867
[10018] = 17910 17910
[10019] = 17954 17954
[10020] = 18000 18000
[10021] = 18044 18044
[10022] = 18089 18089
[10023] = 18133 18133
[10024] = 18177 18177
[10025] = 18223 18223
[10026] = 13385 13385
[10027] = 13427 13427
[10028] = 13470 13470
[10029] = 13514 13514
[10030] = 13555 13555
[10031] = 6068 6068
[10032] = 6112 6112
[10033] = 6156 6156
[10034] = 6201 6201
[10035] = 1242 1242
[10036] = 1287 1287
[10037] = 1331 1331
[10038] = 1375 1375
[10039] = 1420 1420
[10040] = 1464 1464
[10041] = 1508 1508
[10042] = 1553 1553
[10043] = 1597 1597
[10044] = 1641 1641
[10045] = 9208 9208
[10046] = 9340 9340
[10047] = 9472 9472
[10048] = 9605 9605
[10049] = 9737 9737
[10050] = 9869 9869
[10051] = 10002 10002
[10052] = 10135 10135
[10053] = 10266 10266
[10054] = 10399 10399
[10055] = 10531 10531
[10056] = 10664 10664
[10057] = 10795 10795
[10058] = 3415 3415
[10059] = 3548 3548
[10060] = 3681 3681
[10061] = 3814 3814
[10062] = 3946 3946
[10063] = 4079 4079
[10064] = 4212 4212
[10065] = 4345 4345
[10066] = 4478 4478
[10067] = 4610 4610
[10068] = 4743 4743
[10069] = 4876 4876
[10070] = 5009 5009
[10071] = 5141 5141
[10072] = 12778 12778
[10073] = 12909 12909
[10074] = 13042 13042
[10075] = 13174 13174
[10076] = 13305 13305
[10077] = 13438 13438
[10078] = 13569 13569
[10079] = 13701 13701
[10080] = 13834 13834
[10081] = 9083 9083
[10082] = 9216 9216
[10083] = 9349 9349
[10084] = 9483 9483
[10085] = 2120 2120
[10086] = 2255 2255
[10087] = 2388 2388
[10088] = 2522 2522
[10089] = 2656 2656
[10090] = 7767 7767
[10091] = 7902 7902
[10092] = 8034 8034
[10093] = 8168 8168
[10094] = 8302 8302
[10095] = 8434 8434
[10096] = 8569 8569
[10097] = 8701 8701
[10098] = 8836 8836
[10099] = 16455 16455
[10100] = 16588 16588
[10101] = 16720 16720
[10102] = 16853 16853
[10103] = 16986 16986
[10104] = 17118 17118
[10105] = 17252 17252
[10106] = 17383 17383
[10107] = 17515 17515
[10108] = 17649 17649
[10109] = 17781 17781
[10110] = 17914 17914
[10111] = 18046 18046
[10112] = 10701 10701
[10113] = 10833 10833
[10114] = 10966 10966
[10115] = 11099 11099
[10116] = 11232 11232
[10117] = 11367 11367
[10118] = 11499 11499
[10119] = 11632 11632
[10120] = 11764 11764
[10121] = 11898 11898
[10122] = 12030 12030
[10123] = 12163 12163
[10124] = 12297 12297
[10125] = 12429 12429
[10126] = 20032 20032
[10127] = 20163 20163
[10128] = 20296 20296
[10129] = 20428 20428
[10130] = 20559 20559
[10131] = 20693 20693
[10132] = 20824 20824
[10133] = 20955 20955
[10134] = 21088 21088
[10135] = 16338 16338
[10136] = 16468 16468
[10137] = 16598 16598
[10138] = 16728 16728
[10139] = 16859 16859
[10140] = 9529 9529
[10141] = 9660 9660
[10142] = 9791 9791
[10143] = 9922 9922
[10144] = 5098 5098
[10145] = 5230 5230
[10146] = 5361 5361
[10147] = 5493 5493
[10148] = 5624 5624
[10149] = 5755 5755
[10150] = 5886 5886
[10151] = 6018 6018
[10152] = 6149 6149
[10153] = 6279 6279
[10154] = 13862 13862
[10155] = 13905 13905
[10156] = 13950 13950
[10157] = 13994 13994
[10158] = 14036 14036
[10159] = 14081 14081
[10160] = 14125 14125
[10161] = 14168 14168
[10162] = 14212 14212
[10163] = 14256 14256
[10164] = 14300 14300
[10165] = 14345 14345
[10166] = 14388 14388
[10167] = 6989 6989
[10168] = 7034 7034
[10169] = 7079 7079
[10170] = 7124 7124
[10171] = 7168 7168
[10172] = 7213 7213
[10173] = 7258 7258
[10174] = 7303 7303
[10175] = 7348 7348
[10176] = 7392 7392
[10177] = 7437 7437
[10178] = 7482 7482
[10179] = 7527 7527
[10180] = 7571 7571
[10181] = 15049 15049
[10182] = 15095 15095
[10183] = 15139 15139
[10184] = 15183 15183
[10185] = 15227 15227
[10186] = 15271 15271
[10187] = 15316 15316
[10188] = 15361 15361
[10189] = 15405 15405
[10190] = 10567 10567
[10191] = 10613 10613
[10192] = 10658 10658
[10193] = 10705 10705
[10194] = 3326 3326
[10195] = 3373 3373
[10196] = 3420 3420
[10197] = 3466 3466
[10198] = 3514 3514
[10199] = 8490 8490
[10200] = 8538 8538
[10201] = 8583 8583
[10202] = 8629 8629
[10203] = 8676 8676
[10204] = 8723 8723
[10205] = 8769 8769
[10206] = 8816 8816
[10207] = 8863 8863
[10208] = 16325 16325
[10209] = 16371 16371
[10210] = 16416 16416
[10211] = 16463 16463
[10212] = 16510 16510
[10213] = 16554 16554
[10214] = 16602 16602
[10215] = 16647 16647
[10216] = 16694 16694
[10217] = 16739 16739
[10218] = 16785 16785
[10219] = 16832 16832
[10220] = 16878 16878
[10221] = 9518 9518
[10222] = 9564 9564
[10223] = 9611 9611
[10224] = 9658 9658
[10225] = 9705 9705
[10226] = 9752 9752
[10227] = 9799 9799
[10228] = 9847 9847
[10229] = 9893 9893
[10230] = 9940 9940
[10231] = 9987 9987
[10232] = 10034 10034
[10233] = 10081 10081
[10234] = 10128 10128
[10235] = 17573 17573
[10236] = 17620 17620
[10237] = 17666 17666
[10238] = 17713 17713
[10239] = 17760 17760
[10240] = 17806 17806
[10241] = 17852 17852
[10242] = 17899 17899
[10243] = 17946 17946
[10244] = 13110 13110
[10245] = 13154 13154
[10246] = 13200 13200
[10247] = 13244 13244
[10248] = 13289 13289
[10249] = 5945 5945
[10250] = 5991 5991
[10251] = 6038 6038
[10252] = 6083 6083
[10253] = 1222 1222
[10254] = 1268 1268
[10255] = 1315 1315
[10256] = 1361 1361
[10257] = 1408 1408
[10258] = 1453 1453
[10259] = 1500 1500
[10260] = 1546 1546
[10261] = 1593 1593
[10262] = 1639 1639
[10263] = 9066 9066
[10264] = 9196 9196
[10265] = 9327 9327
[10266] = 9457 9457
[10267] = 9587 9587
[10268] = 9718 9718
[10269] = 9848 9848
[10270] = 9978 9978
[10271] = 10108 10108
[10272] = 10239 10239
[10273] = 10370 10370
[10274] = 10500 10500
[10275] = 10629 10629
[10276] = 3388 3388
[10277] = 3519 3519
[10278] = 3650 3650
[10279] = 3781 3781
[10280] = 3911 3911
[10281] = 4042 4042
[10282] = 4173 4173
[10283] = 4304 4304
[10284] = 4435 4435
[10285] = 4565 4565
[10286] = 4696 4696
[10287] = 4827 4827
[10288] = 4958 4958
[10289] = 5088 5088
[10290] = 12582 12582
[10291] = 12711 12711
[10292] = 12841 12841
[10293] = 12972 12972
[10294] = 13101 13101
[10295] = 13230 13230
[10296] = 13361 13361
[10297] = 13491 13491
[10298] = 13621 13621
[10299] = 8868 8868
[10300] = 8999 8999
[10301] = 9130 9130
[10302] = 9262 9262
[10303] = 2039 2039
[10304] = 2171 2171
[10305] = 2303 2303
[10306] = 2435 2435
[10307] = 2567 2567
[10308] = 7582 7582
[10309] = 7713 7713
[10310] = 7845 7845
[10311] = 7976 7976
[10312] = 8108 8108
[10313] = 8240 8240
[10314] = 8372 8372
[10315] = 8504 8504
[10316] = 8636 8636
[10317] = 16112 16112
[10318] = 16243 16243
[10319] = 16375 16375
[10320] = 16505 16505
[10321] = 16636 16636
[10322] = 16768 16768
[10323] = 16899 16899
[10324] = 17029 17029
[10325] = 17160 17160
[10326] = 17291 17291
[10327] = 17422 17422
[10328] = 17554 17554
[10329] = 17684 17684
[10330] = 17816 17816
[10331] = 10610 10610
[10332] = 10741 10741
[10333] = 10873 10873
[10334] = 11004 11004
[10335] = 11136 11136
[10336] = 11267 11267
[10337] = 11399 11399
[10338] = 11530 11530
[10339] = 11661 11661
[10340] = 11793 11793
[10341] = 11924 11924
[10342] = 12055 12055
[10343] = 12186 12186
[10344] = 12318 12318
[10345] = 19776 19776
[10346] = 19906 19906
[10347] = 20038 20038
[10348] = 20167 20167
[10349] = 20298 20298
[10350] = 20429 20429
[10351] = 20559 20559
[10352] = 20689 20689
[10353] = 15938 15938
[10354] = 16065 16065
[10355] = 16194 16194
[10356] = 16324 16324
[10357] = 16451 16451
[10358] = 9262 9262
[10359] = 9391 9391
[10360] = 9521 9521
[10361] = 9651 9651
[10362] = 4897 4897
[10363] = 5026 5026
[10364] = 5156 5156
[10365] = 5285 5285
[10366] = 5415 5415
[10367] = 5543 5543
[10368] = 5672 5672
[10369] = 5802 5802
[10370] = 5931 5931
[10371] = 6060 6060
[10372] = 13498 13498
[10373] = 13545 13545
[10374] = 13590 13590
[10375] = 13636 13636
[10376] = 13682 13682
[10377] = 13727 13727
[10378] = 13773 13773
[10379] = 13820 13820
[10380] = 13865 13865
[10381] = 13911 13911
[10382] = 13957 13957
[10383] = 14003 14003
[10384] = 14048 14048
[10385] = 6794 6794
[10386] = 6841 6841
[10387] = 6888 6888
[10388] = 6935 6935
[10389] = 6981 6981
[10390] = 7028 7028
[10391] = 7075 7075
[10392] = 7122 7122
[10393] = 7169 7169
[10394] = 7215 7215
[10395] = 7262 7262
[10396] = 7309 7309
[10397] = 7356 7356
[10398] = 7402 7402
[10399] = 14742 14742
[10400] = 14788 14788
[10401] = 14834 14834
[10402] = 14881 14881
[10403] = 14927 14927
[10404] = 14973 14973
[10405] = 15020 15020
[10406] = 15066 15066
[10407] = 15113 15113
[10408] = 10277 10277
[10409] = 10324 10324
[10410] = 10373 10373
[10411] = 10421 10421
[10412] = 3185 3185
[10413] = 3235 3235
[10414] = 3283 3283
[10415] = 3332 3332
[10416] = 3381 3381
[10417] = 8312 8312
[10418] = 8361 8361
[10419] = 8410 8410
[10420] = 8458 8458
[10421] = 8508 8508
[10422] = 8557 8557
[10423] = 8606 8606
[10424] = 8655 8655
[10425] = 8704 8704
[10426] = 16027 16027
[10427] = 16076 16076
[10428] = 16124 16124
[10429] = 16172 16172
[10430] = 16222 16222
[10431] = 16270 16270
[10432] = 16318 16318
[10433] = 16367 16367
[10434] = 16415 16415
[10435] = 16464 16464
[10436] = 16513 16513
[10437] = 16562 16562
[10438] = 16610 16610
[10439] = 16660 16660
[10440] = 9442 9442
[10441] = 9491 9491
[10442] = 9541 9541
[10443] = 9590 9590
[10444] = 9640 9640
[10445] = 9689 9689
[10446] = 9739 9739
[10447] = 9788 9788
[10448] = 9837 9837
[10449] = 9887 9887
[10450] = 9937 9937
[10451] = 9987 9987
[10452] = 10036 10036
[10453] = 10086 10086
[10454] = 17391 17391
[10455] = 17439 17439
[10456] = 17490 17490
[10457] = 17538 17538
[10458] = 17587 17587
[10459] = 17637 17637
[10460] = 17685 17685
[10461] = 17734 17734
[10462] = 12901 12901
[10463] = 12948 12948
[10464] = 12995 12995
[10465] = 13044 13044
[10466] = 13090 13090
[10467] = 5890 5890
[10468] = 5939 5939
[10469] = 5987 5987
[10470] = 6036 6036
[10471] = 6083 6083
[10472] = 1250 1250
[10473] = 1298 1298
[10474] = 1347 1347
[10475] = 1396 1396
[10476] = 1443 1443
[10477] = 1492 1492
[10478] = 1540 1540
[10479] = 1589 1589
[10480] = 1637 1637
[10481] = 8925 8925
[10482] = 9053 9053
[10483] = 9181 9181
[10484] = 9310 9310
[10485] = 9437 9437
[10486] = 9566 9566
[10487] = 9695 9695
[10488] = 9823 9823
[10489] = 9950 9950
[10490] = 10079 10079
[10491] = 10207 10207
[10492] = 10336 10336
[10493] = 10464 10464
[10494] = 3362 3362
[10495] = 3491 3491
[10496] = 3620 3620
[10497] = 3749 3749
[10498] = 3877 3877
[10499] = 4006 4006
[10500] = 4135 4135
[10501] = 4264 4264
[10502] = 4393 4393
[10503] = 4520 4520
[10504] = 4649 4649
[10505] = 4778 4778
[10506] = 4907 4907
[10507] = 5035 5035
[10508] = 12385 12385
[10509] = 12512 12512
[10510] = 12641 12641
[10511] = 12769 12769
[10512] = 12896 12896
[10513] = 13024 13024
[10514] = 13152 13152
[10515] = 13280 13280
[10516] = 13408 13408
[10517] = 8653 8653
[10518] = 8780 8780
[10519] = 8908 8908
[10520] = 9036 9036
[10521] = 1950 1950
[10522] = 2079 2079
[10523] = 2208 2208
[10524] = 2336 2336
[10525] = 2465 2465
[10526] = 2592 2592
[10527] = 7602 7602
[10528] = 7731 7731
[10529] = 7859 7859
[10530] = 7988 7988
[10531] = 8115 8115
[10532] = 8243 8243
[10533] = 8372 8372
[10534] = 8500 8500
[10535] = 15830 15830
[10536] = 15959 15959
[10537] = 16086 16086
[10538] = 16213 16213
[10539] = 16341 16341
[10540] = 16468 16468
[10541] = 16596 16596
[10542] = 16723 16723
[10543] = 16850 16850
[10544] = 16977 16977
[10545] = 17104 17104
[10546] = 17231 17231
[10547] = 17360 17360
[10548] = 17485 17485
[10549] = 10419 10419
[10550] = 10547 10547
[10551] = 10675 10675
[10552] = 10803 10803
[10553] = 10930 10930
[10554] = 11058 11058
[10555] = 11185 11185
[10556] = 11313 11313
[10557] = 11441 11441
[10558] = 11568 11568
[10559] = 11696 11696
[10560] = 11824 11824
[10561] = 11952 11952
[10562] = 12078 12078
[10563] = 19391 19391
[10564] = 19519 19519
[10565] = 19646 19646
[10566] = 19772 19772
[10567] = 19899 19899
[10568] = 20026 20026
[10569] = 20152 20152
[10570] = 20280 20280
[10571] = 20407 20407
[10572] = 15650 15650
[10573] = 15779 15779
[10574] = 15907 15907
[10575] = 16035 16035
[10576] = 8987 8987
[10577] = 9116 9116
[10578] = 9245 9245
[10579] = 9373 9373
[10580] = 9503 9503
[10581] = 4749 4749
[10582] = 4878 4878
[10583] = 5007 5007
[10584] = 5135 5135
[10585] = 5265 5265
[10586] = 5393 5393
[10587] = 5522 5522
[10588] = 5651 5651
[10589] = 5780 5780
[10590] = 13076 13076
[10591] = 13125 13125
[10592] = 13175 13175
[10593] = 13224 13224
[10594] = 13274 13274
[10595] = 13323 13323
[10596] = 13374 13374
[10597] = 13423 13423
[10598] = 13471 13471
[10599] = 13522 13522
[10600] = 13571 13571
[10601] = 13621 13621
[10602] = 13671 13671
[10603] = 6562 6562
[10604] = 6612 6612
[10605] = 6662 6662
[10606] = 6713 6713
[10607] = 6763 6763
[10608] = 6814 6814
[10609] = 6864 6864
[10610] = 6915 6915
[10611] = 6965 6965
[10612] = 7015 7015
[10613] = 7066 7066
[10614] = 7116 7116
[10615] = 7167 7167
[10616] = 7218 7218
[10617] = 14419 14419
[10618] = 14469 14469
[10619] = 14518 14518
[10620] = 14568 14568
[10621] = 14619 14619
[10622] = 14669 14669
[10623] = 14718 14718
[10624] = 14769 14769
[10625] = 14819 14819
[10626] = 9986 9986
[10627] = 10035 10035
[10628] = 10083 10083
[10629] = 10132 10132
[10630] = 10180 10180
[10631] = 3088 3088
[10632] = 3137 3137
[10633] = 3186 3186
[10634] = 3236 3236
[10635] = 3285 3285
[10636] = 8216 8216
[10637] = 8266 8266
[10638] = 8315 8315
[10639] = 8365 8365
[10640] = 8414 8414
[10641] = 8463 8463
[10642] = 8513 8513
[10643] = 8563 8563
[10644] = 8611 8611
[10645] = 15793 15793
[10646] = 15842 15842
[10647] = 15891 15891
[10648] = 15940 15940
[10649] = 15988 15988
[10650] = 16038 16038
[10651] = 16087 16087
[10652] = 16135 16135
[10653] = 16184 16184
[10654] = 16233 16233
[10655] = 16282 16282
[10656] = 16332 16332
[10657] = 16380 16380
[10658] = 9306 9306
[10659] = 9356 9356
[10660] = 9406 9406
[10661] = 9456 9456
[10662] = 9505 9505
[10663] = 9555 9555
[10664] = 9605 9605
[10665] = 9655 9655
[10666] = 9705 9705
[10667] = 9754 9754
[10668] = 9805 9805
[10669] = 9855 9855
[10670] = 9905 9905
[10671] = 9954 9954
[10672] = 17118 17118
[10673] = 17169 17169
[10674] = 17218 17218
[10675] = 17268 17268
[10676] = 17316 17316
[10677] = 17366 17366
[10678] = 17416 17416
[10679] = 17465 17465
[10680] = 17515 17515
[10681] = 12682 12682
[10682] = 12733 12733
[10683] = 12783 12783
[10684] = 12835 12835
[10685] = 5780 5780
[10686] = 5832 5832
[10687] = 5884 5884
[10688] = 5936 5936
[10689] = 5988 5988
[10690] = 1158 1158
[10691] = 1210 1210
[10692] = 1262 1262
[10693] = 1313 1313
[10694] = 1366 1366
[10695] = 1418 1418
[10696] = 1470 1470
[10697] = 1522 1522
[10698] = 1575 1575
[10699] = 8724 8724
[10700] = 8851 8851
[10701] = 8980 8980
[10702] = 9107 9107
[10703] = 9235 9235
[10704] = 9364 9364
[10705] = 9492 9492
[10706] = 9619 9619
[10707] = 9747 9747
[10708] = 9875 9875
[10709] = 10002 10002
[10710] = 10131 10131
[10711] = 10258 10258
[10712] = 3298 3298
[10713] = 3426 3426
[10714] = 3554 3554
[10715] = 3683 3683
[10716] = 3811 3811
[10717] = 3940 3940
[10718] = 4068 4068
[10719] = 4197 4197
[10720] = 4325 4325
[10721] = 4453 4453
[10722] = 4582 4582
[10723] = 4709 4709
[10724] = 4838 4838
[10725] = 4966 4966
[10726] = 12174 12174
[10727] = 12301 12301
[10728] = 12428 12428
[10729] = 12556 12556
[10730] = 12684 12684
[10731] = 12811 12811
[10732] = 12938 12938
[10733] = 13066 13066
[10734] = 13193 13193
[10735] = 8438 8438
[10736] = 8563 8563
[10737] = 8689 8689
[10738] = 8816 8816
[10739] = 8940 8940
[10740] = 1996 1996
[10741] = 2122 2122
[10742] = 2249 2249
[10743] = 2375 2375
[10744] = 2500 2500
[10745] = 7463 7463
[10746] = 7588 7588
[10747] = 7714 7714
[10748] = 7839 7839
[10749] = 7963 7963
[10750] = 8089 8089
[10751] = 8214 8214
[10752] = 8339 8339
[10753] = 8462 8462
[10754] = 15649 15649
[10755] = 15775 15775
[10756] = 15898 15898
[10757] = 16022 16022
[10758] = 16147 16147
[10759] = 16271 16271
[10760] = 16395 16395
[10761] = 16520 16520
[10762] = 16643 16643
[10763] = 16767 16767
[10764] = 16892 16892
[10765] = 17016 17016
[10766] = 17139 17139
[10767] = 10211 10211
[10768] = 10336 10336
[10769] = 10461 10461
[10770] = 10586 10586
[10771] = 10710 10710
[10772] = 10835 10835
[10773] = 10960 10960
[10774] = 11085 11085
[10775] = 11210 11210
[10776] = 11333 11333
[10777] = 11458 11458
[10778] = 11583 11583
[10779] = 11708 11708
[10780] = 11832 11832
[10781] = 19000 19000
[10782] = 19124 19124
[10783] = 19248 19248
[10784] = 19372 19372
[10785] = 19495 19495
[10786] = 19619 19619
[10787] = 19743 19743
[10788] = 19867 19867
[10789] = 19991 19991
[10790] = 15232 15232
[10791] = 15357 15357
[10792] = 15481 15481
[10793] = 15608 15608
[10794] = 8697 8697
[10795] = 8824 8824
[10796] = 8949 8949
[10797] = 9075 9075
[10798] = 9201 9201
[10799] = 4546 4546
[10800] = 4673 4673
[10801] = 4799 4799
[10802] = 4926 4926
[10803] = 5053 5053
[10804] = 5179 5179
[10805] = 5307 5307
[10806] = 5433 5433
[10807] = 5560 5560
[10808] = 12712 12712
[10809] = 12763 12763
[10810] = 12816 12816
[10811] = 12867 12867
[10812] = 12919 12919
[10813] = 12970 12970
[10814] = 13022 13022
[10815] = 13074 13074
[10816] = 13125 13125
[10817] = 13177 13177
[10818] = 13229 13229
[10819] = 13281 13281
[10820] = 13332 13332
[10821] = 6366 6366
[10822] = 6418 6418
[10823] = 6471 6471
[10824] = 6524 6524
[10825] = 6576 6576
[10826] = 6629 6629
[10827] = 6681 6681
[10828] = 6734 6734
[10829] = 6786 6786
[10830] = 6838 6838
[10831] = 6891 6891
[10832] = 6943 6943
[10833] = 6997 6997
[10834] = 7049 7049
[10835] = 14111 14111
[10836] = 14162 14162
[10837] = 14214 14214
[10838] = 14267 14267
[10839] = 14318 14318
[10840] = 14371 14371
[10841] = 14423 14423
[10842] = 14474 14474
[10843] = 14526 14526
[10844] = 9697 9697
[10845] = 9746 9746
[10846] = 9797 9797
[10847] = 9848 9848
[10848] = 9898 9898
[10849] = 2949 2949
[10850] = 3001 3001
[10851] = 3052 3052
[10852] = 3104 3104
[10853] = 3154 3154
[10854] = 7931 7931
[10855] = 7982 7982
[10856] = 8032 8032
[10857] = 8083 8083
[10858] = 8132 8132
[10859] = 8183 8183
[10860] = 8234 8234
[10861] = 8285 8285
[10862] = 8334 8334
[10863] = 15375 15375
[10864] = 15426 15426
[10865] = 15476 15476
[10866] = 15525 15525
[10867] = 15574 15574
[10868] = 15625 15625
[10869] = 15676 15676
[10870] = 15725 15725
[10871] = 15774 15774
[10872] = 15825 15825
[10873] = 15875 15875
[10874] = 15925 15925
[10875] = 15974 15974
[10876] = 9042 9042
[10877] = 9094 9094
[10878] = 9145 9145
[10879] = 9196 9196
[10880] = 9246 9246
[10881] = 9297 9297
[10882] = 9348 9348
[10883] = 9399 9399
[10884] = 9450 9450
[10885] = 9500 9500
[10886] = 9551 9551
[10887] = 9603 9603
[10888] = 9654 9654
[10889] = 9704 9704
[10890] = 16728 16728
[10891] = 16779 16779
[10892] = 16830 16830
[10893] = 16880 16880
[10894] = 16930 16930
[10895] = 16981 16981
[10896] = 17031 17031
[10897] = 17082 17082
[10898] = 17133 17133
[10899] = 12301 12301
[10900] = 12352 12352
[10901] = 12404 12404
[10902] = 12457 12457
[10903] = 5544 5544
[10904] = 5598 5598
[10905] = 5651 5651
[10906] = 5703 5703
[10907] = 5757 5757
[10908] = 1139 1139
[10909] = 1194 1194
[10910] = 1247 1247
[10911] = 1301 1301
[10912] = 1356 1356
[10913] = 1409 1409
[10914] = 1464 1464
[10915] = 1518 1518
[10916] = 1573 1573
[10917] = 8582 8582
[10918] = 8708 8708
[10919] = 8834 8834
[10920] = 8959 8959
[10921] = 9086 9086
[10922] = 9211 9211
[10923] = 9337 9337
[10924] = 9464 9464
[10925] = 9589 9589
[10926] = 9715 9715
[10927] = 9841 9841
[10928] = 9967 9967
[10929] = 10092 10092
[10930] = 10219 10219
[10931] = 3398 3398
[10932] = 3524 3524
[10933] = 3651 3651
[10934] = 3777 3777
[10935] = 3904 3904
[10936] = 4029 4029
[10937] = 4156 4156
[10938] = 4282 4282
[10939] = 4408 4408
[10940] = 4535 4535
[10941] = 4661 4661
[10942] = 4787 4787
[10943] = 4913 4913
[10944] = 5040 5040
[10945] = 12102 12102
[10946] = 12227 12227
[10947] = 12354 12354
[10948] = 12479 12479
[10949] = 12605 12605
[10950] = 12730 12730
[10951] = 12854 12854
[10952] = 12981 12981
[10953] = 8224 8224
[10954] = 8346 8346
[10955] = 8471 8471
[10956] = 8594 8594
[10957] = 8717 8717
[10958] = 1912 1912
[10959] = 2037 2037
[10960] = 2161 2161
[10961] = 2285 2285
[10962] = 2409 2409
[10963] = 7147 7147
[10964] = 7271 7271
[10965] = 7394 7394
[10966] = 7517 7517
[10967] = 7640 7640
[10968] = 7763 7763
[10969] = 7886 7886
[10970] = 8009 8009
[10971] = 8132 8132
[10972] = 15175 15175
[10973] = 15297 15297
[10974] = 15419 15419
[10975] = 15542 15542
[10976] = 15664 15664
[10977] = 15786 15786
[10978] = 15909 15909
[10979] = 16031 16031
[10980] = 16152 16152
[10981] = 16275 16275
[10982] = 16397 16397
[10983] = 16519 16519
[10984] = 16640 16640
[10985] = 9851 9851
[10986] = 9975 9975
[10987] = 10097 10097
[10988] = 10220 10220
[10989] = 10342 10342
[10990] = 10465 10465
[10991] = 10587 10587
[10992] = 10710 10710
[10993] = 10833 10833
[10994] = 10955 10955
[10995] = 11078 11078
[10996] = 11200 11200
[10997] = 11323 11323
[10998] = 11445 11445
[10999] = 18470 18470
[11000] = 18591 18591
[11001] = 18714 18714
[11002] = 18836 18836
[11003] = 18957 18957
[11004] = 19079 19079
[11005] = 19200 19200
[11006] = 19323 19323
[11007] = 19444 19444
[11008] = 14683 14683
[11009] = 14807 14807
[11010] = 14929 14929
[11011] = 15053 15053
[11012] = 8282 8282
[11013] = 8406 8406
[11014] = 8530 8530
[11015] = 8653 8653
[11016] = 8778 8778
[11017] = 4342 4342
[11018] = 4468 4468
[11019] = 4592 4592
[11020] = 4716 4716
[11021] = 4841 4841
[11022] = 4966 4966
[11023] = 5091 5091
[11024] = 5215 5215
[11025] = 5340 5340
[11026] = 12349 12349
[11027] = 12438 12438
[11028] = 12491 12491
[11029] = 12545 12545
[11030] = 12599 12599
[11031] = 12652 12652
[11032] = 12707 12707
[11033] = 12760 12760
[11034] = 12812 12812
[11035] = 12867 12867
[11036] = 12920 12920
[11037] = 12974 12974
[11038] = 13028 13028
[11039] = 13082 13082
[11040] = 6260 6260
[11041] = 6314 6314
[11042] = 6369 6369
[11043] = 6423 6423
[11044] = 6479 6479
[11045] = 6533 6533
[11046] = 6588 6588
[11047] = 6642 6642
[11048] = 6696 6696
[11049] = 6751 6751
[11050] = 6805 6805
[11051] = 6861 6861
[11052] = 6915 6915
[11053] = 6970 6970
[11054] = 13891 13891
[11055] = 13945 13945
[11056] = 13999 13999
[11057] = 14052 14052
[11058] = 14108 14108
[11059] = 14161 14161
[11060] = 14216 14216
[11061] = 14270 14270
[11062] = 9441 9441
[11063] = 9494 9494
[11064] = 9546 9546
[11065] = 9599 9599
[11066] = 9651 9651
[11067] = 2846 2846
[11068] = 2899 2899
[11069] = 2953 2953
[11070] = 3006 3006
[11071] = 3059 3059
[11072] = 7616 7616
[11073] = 7668 7668
[11074] = 7721 7721
[11075] = 7774 7774
[11076] = 7825 7825
[11077] = 7878 7878
[11078] = 7931 7931
[11079] = 7983 7983
[11080] = 8035 8035
[11081] = 14937 14937
[11082] = 14989 14989
[11083] = 15042 15042
[11084] = 15093 15093
[11085] = 15144 15144
[11086] = 15197 15197
[11087] = 15249 15249
[11088] = 15301 15301
[11089] = 15353 15353
[11090] = 15405 15405
[11091] = 15457 15457
[11092] = 15510 15510
[11093] = 15561 15561
[11094] = 8773 8773
[11095] = 8826 8826
[11096] = 8879 8879
[11097] = 8932 8932
[11098] = 8983 8983
[11099] = 9037 9037
[11100] = 9090 9090
[11101] = 9142 9142
[11102] = 9196 9196
[11103] = 9248 9248
[11104] = 9301 9301
[11105] = 9354 9354
[11106] = 9407 9407
[11107] = 9460 9460
[11108] = 16344 16344
[11109] = 16397 16397
[11110] = 16450 16450
[11111] = 16502 16502
[11112] = 16554 16554
[11113] = 16607 16607
[11114] = 16659 16659
[11115] = 16712 16712
[11116] = 16765 16765
[11117] = 11934 11934
[11118] = 11987 11987
[11119] = 12039 12039
[11120] = 12092 12092
[11121] = 5321 5321
[11122] = 5375 5375
[11123] = 5428 5428
[11124] = 5482 5482
[11125] = 5536 5536
[11126] = 1140 1140
[11127] = 1195 1195
[11128] = 1249 1249
[11129] = 1304 1304
[11130] = 1359 1359
[11131] = 1413 1413
[11132] = 1467 1467
[11133] = 1522 1522
[11134] = 1577 1577
[11135] = 8445 8445
[11136] = 8499 8499
[11137] = 8621 8621
[11138] = 8744 8744
[11139] = 8866 8866
[11140] = 8988 8988
[11141] = 9110 9110
[11142] = 9232 9232
[11143] = 9355 9355
[11144] = 9476 9476
[11145] = 9598 9598
[11146] = 9721 9721
[11147] = 9843 9843
[11148] = 9964 9964
[11149] = 3282 3282
[11150] = 3405 3405
[11151] = 3528 3528
[11152] = 3651 3651
[11153] = 3773 3773
[11154] = 3896 3896
[11155] = 4019 4019
[11156] = 4141 4141
[11157] = 4264 4264
[11158] = 4386 4386
[11159] = 4509 4509
[11160] = 4631 4631
[11161] = 4754 4754
[11162] = 4876 4876
[11163] = 11795 11795
[11164] = 11916 11916
[11165] = 12038 12038
[11166] = 12161 12161
[11167] = 12281 12281
[11168] = 12403 12403
[11169] = 12525 12525
[11170] = 12647 12647
[11171] = 12769 12769
[11172] = 8008 8008
[11173] = 8130 8130
[11174] = 8253 8253
[11175] = 8377 8377
[11176] = 1713 1713
[11177] = 1837 1837
[11178] = 1961 1961
[11179] = 2084 2084
[11180] = 2209 2209
[11181] = 6724 6724
[11182] = 6847 6847
[11183] = 6970 6970
[11184] = 7092 7092
[11185] = 7215 7215
[11186] = 7337 7337
[11187] = 7461 7461
[11188] = 7583 7583
[11189] = 7706 7706
[11190] = 14606 14606
[11191] = 14727 14727
[11192] = 14851 14851
[11193] = 14972 14972
[11194] = 15094 15094
[11195] = 15216 15216
[11196] = 15338 15338
[11197] = 15460 15460
[11198] = 15581 15581
[11199] = 15703 15703
[11200] = 15825 15825
[11201] = 15947 15947
[11202] = 16068 16068
[11203] = 9421 9421
[11204] = 9543 9543
[11205] = 9665 9665
[11206] = 9788 9788
[11207] = 9910 9910
[11208] = 10032 10032
[11209] = 10154 10154
[11210] = 10277 10277
[11211] = 10399 10399
[11212] = 10521 10521
[11213] = 10643 10643
[11214] = 10765 10765
[11215] = 10887 10887
[11216] = 11010 11010
[11217] = 17892 17892
[11218] = 18013 18013
[11219] = 18134 18134
[11220] = 18256 18256
[11221] = 18377 18377
[11222] = 18498 18498
[11223] = 18620 18620
[11224] = 18740 18740
[11225] = 18862 18862
[11226] = 14102 14102
[11227] = 14220 14220
[11228] = 14340 14340
[11229] = 14460 14460
[11230] = 14578 14578
[11231] = 7947 7947
[11232] = 8067 8067
[11233] = 8188 8188
[11234] = 8308 8308
[11235] = 4090 4090
[11236] = 4212 4212
[11237] = 4333 4333
[11238] = 4454 4454
[11239] = 4576 4576
[11240] = 4696 4696
[11241] = 4817 4817
[11242] = 4938 4938
[11243] = 5060 5060
[11244] = 5180 5180
[11245] = 12043 12043
[11246] = 12098 12098
[11247] = 12151 12151
[11248] = 12205 12205
[11249] = 12259 12259
[11250] = 12313 12313
[11251] = 12367 12367
[11252] = 12422 12422
[11253] = 12475 12475
[11254] = 12530 12530
[11255] = 12584 12584
[11256] = 12638 12638
[11257] = 12692 12692
[11258] = 6012 6012
[11259] = 6067 6067
[11260] = 6122 6122
[11261] = 6177 6177
[11262] = 6231 6231
[11263] = 6286 6286
[11264] = 6342 6342
[11265] = 6397 6397
[11266] = 6452 6452
[11267] = 6506 6506
[11268] = 6561 6561
[11269] = 6617 6617
[11270] = 6672 6672
[11271] = 6726 6726
[11272] = 13507 13507
[11273] = 13561 13561
[11274] = 13615 13615
[11275] = 13671 13671
[11276] = 13724 13724
[11277] = 13779 13779
[11278] = 13834 13834
[11279] = 13888 13888
[11280] = 13944 13944
[11281] = 9115 9115
[11282] = 9171 9171
[11283] = 9227 9227
[11284] = 9284 9284
[11285] = 2623 2623
[11286] = 2681 2681
[11287] = 2737 2737
[11288] = 2794 2794
[11289] = 2852 2852
[11290] = 7189 7189
[11291] = 7246 7246
[11292] = 7302 7302
[11293] = 7357 7357
[11294] = 7414 7414
[11295] = 7470 7470
[11296] = 7527 7527
[11297] = 7582 7582
[11298] = 7639 7639
[11299] = 14402 14402
[11300] = 14458 14458
[11301] = 14514 14514
[11302] = 14569 14569
[11303] = 14625 14625
[11304] = 14680 14680
[11305] = 14736 14736
[11306] = 14792 14792
[11307] = 14847 14847
[11308] = 14903 14903
[11309] = 14959 14959
[11310] = 15015 15015
[11311] = 15070 15070
[11312] = 8428 8428
[11313] = 8484 8484
[11314] = 8540 8540
[11315] = 8598 8598
[11316] = 8654 8654
[11317] = 8711 8711
[11318] = 8767 8767
[11319] = 8824 8824
[11320] = 8880 8880
[11321] = 8937 8937
[11322] = 8994 8994
[11323] = 9050 9050
[11324] = 9107 9107
[11325] = 9164 9164
[11326] = 15911 15911
[11327] = 15966 15966
[11328] = 16022 16022
[11329] = 16079 16079
[11330] = 16134 16134
[11331] = 16191 16191
[11332] = 16246 16246
[11333] = 16302 16302
[11334] = 16360 16360
[11335] = 11533 11533
[11336] = 11586 11586
[11337] = 11642 11642
[11338] = 11696 11696
[11339] = 11750 11750
[11340] = 5124 5124
[11341] = 5180 5180
[11342] = 5236 5236
[11343] = 5291 5291
[11344] = 1120 1120
[11345] = 1177 1177
[11346] = 1233 1233
[11347] = 1290 1290
[11348] = 1347 1347
[11349] = 1402 1402
[11350] = 1459 1459
[11351] = 1516 1516
[11352] = 1573 1573
[11353] = 1629 1629
[11354] = 8358 8358
[11355] = 8478 8478
[11356] = 8598 8598
[11357] = 8719 8719
[11358] = 8838 8838
[11359] = 8958 8958
[11360] = 9079 9079
[11361] = 9199 9199
[11362] = 9318 9318
[11363] = 9439 9439
[11364] = 9559 9559
[11365] = 9679 9679
[11366] = 9799 9799
[11367] = 3256 3256
[11368] = 3377 3377
[11369] = 3498 3498
[11370] = 3618 3618
[11371] = 3738 3738
[11372] = 3859 3859
[11373] = 3980 3980
[11374] = 4101 4101
[11375] = 4222 4222
[11376] = 4341 4341
[11377] = 4462 4462
[11378] = 4583 4583
[11379] = 4703 4703
[11380] = 4823 4823
[11381] = 11598 11598
[11382] = 11717 11717
[11383] = 11838 11838
[11384] = 11958 11958
[11385] = 12076 12076
[11386] = 12197 12197
[11387] = 12316 12316
[11388] = 12437 12437
[11389] = 12556 12556
[11390] = 7793 7793
[11391] = 7914 7914
[11392] = 8035 8035
[11393] = 8156 8156
[11394] = 1632 1632
[11395] = 1754 1754
[11396] = 1875 1875
[11397] = 1997 1997
[11398] = 2119 2119
[11399] = 6410 6410
[11400] = 6532 6532
[11401] = 6652 6652
[11402] = 6772 6772
[11403] = 6892 6892
[11404] = 7014 7014
[11405] = 7134 7134
[11406] = 7254 7254
[11407] = 7374 7374
[11408] = 14130 14130
[11409] = 14251 14251
[11410] = 14370 14370
[11411] = 14489 14489
[11412] = 14609 14609
[11413] = 14728 14728
[11414] = 14848 14848
[11415] = 14967 14967
[11416] = 15086 15086
[11417] = 15206 15206
[11418] = 15325 15325
[11419] = 15443 15443
[11420] = 15563 15563
[11421] = 9054 9054
[11422] = 9174 9174
[11423] = 9293 9293
[11424] = 9412 9412
[11425] = 9532 9532
[11426] = 9651 9651
[11427] = 9771 9771
[11428] = 9891 9891
[11429] = 10009 10009
[11430] = 10129 10129
[11431] = 10248 10248
[11432] = 10367 10367
[11433] = 10486 10486
[11434] = 10606 10606
[11435] = 17344 17344
[11436] = 17462 17462
[11437] = 17581 17581
[11438] = 17698 17698
[11439] = 17817 17817
[11440] = 17935 17935
[11441] = 18053 18053
[11442] = 18170 18170
[11443] = 18290 18290
[11444] = 13556 13556
[11445] = 13672 13672
[11446] = 13788 13788
[11447] = 13906 13906
[11448] = 14022 14022
[11449] = 7529 7529
[11450] = 7646 7646
[11451] = 7763 7763
[11452] = 7881 7881
[11453] = 3883 3883
[11454] = 4001 4001
[11455] = 4120 4120
[11456] = 4238 4238
[11457] = 4356 4356
[11458] = 4474 4474
[11459] = 4592 4592
[11460] = 4711 4711
[11461] = 4829 4829
[11462] = 4946 4946
[11463] = 11665 11665
[11464] = 11720 11720
[11465] = 11775 11775
[11466] = 11830 11830
[11467] = 11885 11885
[11468] = 11941 11941
[11469] = 11994 11994
[11470] = 12049 12049
[11471] = 12105 12105
[11472] = 12159 12159
[11473] = 12214 12214
[11474] = 12270 12270
[11475] = 12325 12325
[11476] = 5787 5787
[11477] = 5842 5842
[11478] = 5898 5898
[11479] = 5953 5953
[11480] = 6008 6008
[11481] = 6064 6064
[11482] = 6120 6120
[11483] = 6176 6176
[11484] = 6231 6231
[11485] = 6286 6286
[11486] = 6342 6342
[11487] = 6397 6397
[11488] = 6452 6452
[11489] = 6508 6508
[11490] = 13147 13147
[11491] = 13202 13202
[11492] = 13257 13257
[11493] = 13311 13311
[11494] = 13366 13366
[11495] = 13421 13421
[11496] = 13475 13475
[11497] = 13531 13531
[11498] = 13585 13585
[11499] = 8825 8825
[11500] = 8881 8881
[11501] = 8939 8939
[11502] = 8995 8995
[11503] = 2478 2478
[11504] = 2536 2536
[11505] = 2593 2593
[11506] = 2651 2651
[11507] = 2708 2708
[11508] = 6825 6825
[11509] = 6882 6882
[11510] = 6939 6939
[11511] = 6995 6995
[11512] = 7052 7052
[11513] = 7108 7108
[11514] = 7165 7165
[11515] = 7221 7221
[11516] = 7278 7278
[11517] = 13900 13900
[11518] = 13956 13956
[11519] = 14012 14012
[11520] = 14068 14068
[11521] = 14124 14124
[11522] = 14180 14180
[11523] = 14236 14236
[11524] = 14292 14292
[11525] = 14348 14348
[11526] = 14404 14404
[11527] = 14459 14459
[11528] = 14516 14516
[11529] = 14571 14571
[11530] = 14627 14627
[11531] = 8126 8126
[11532] = 8182 8182
[11533] = 8239 8239
[11534] = 8295 8295
[11535] = 8351 8351
[11536] = 8408 8408
[11537] = 8465 8465
[11538] = 8521 8521
[11539] = 8577 8577
[11540] = 8634 8634
[11541] = 8690 8690
[11542] = 8746 8746
[11543] = 8803 8803
[11544] = 8860 8860
[11545] = 15463 15463
[11546] = 15520 15520
[11547] = 15575 15575
[11548] = 15631 15631
[11549] = 15686 15686
[11550] = 15742 15742
[11551] = 15798 15798
[11552] = 15853 15853
[11553] = 11131 11131
[11554] = 11186 11186
[11555] = 11240 11240
[11556] = 11295 11295
[11557] = 11350 11350
[11558] = 4865 4865
[11559] = 4921 4921
[11560] = 4976 4976
[11561] = 5032 5032
[11562] = 1082 1082
[11563] = 1138 1138
[11564] = 1195 1195
[11565] = 1251 1251
[11566] = 1307 1307
[11567] = 1363 1363
[11568] = 1420 1420
[11569] = 1476 1476
[11570] = 1533 1533
[11571] = 1589 1589
[11572] = 8176 8176
[11573] = 8291 8291
[11574] = 8407 8407
[11575] = 8523 8523
[11576] = 8638 8638
[11577] = 8755 8755
[11578] = 8870 8870
[11579] = 8985 8985
[11580] = 9101 9101
[11581] = 9216 9216
[11582] = 9333 9333
[11583] = 9448 9448
[11584] = 9562 9562
[11585] = 3156 3156
[11586] = 3272 3272
[11587] = 3388 3388
[11588] = 3504 3504
[11589] = 3620 3620
[11590] = 3735 3735
[11591] = 3851 3851
[11592] = 3967 3967
[11593] = 4083 4083
[11594] = 4198 4198
[11595] = 4314 4314
[11596] = 4430 4430
[11597] = 4544 4544
[11598] = 4660 4660
[11599] = 11288 11288
[11600] = 11403 11403
[11601] = 11517 11517
[11602] = 11632 11632
[11603] = 11747 11747
[11604] = 11861 11861
[11605] = 11976 11976
[11606] = 12090 12090
[11607] = 12204 12204
[11608] = 7579 7579
[11609] = 7694 7694
[11610] = 7810 7810
[11611] = 7928 7928
[11612] = 1539 1539
[11613] = 1657 1657
[11614] = 1774 1774
[11615] = 1890 1890
[11616] = 2008 2008
[11617] = 6074 6074
[11618] = 6189 6189
[11619] = 6305 6305
[11620] = 6420 6420
[11621] = 6537 6537
[11622] = 6652 6652
[11623] = 6767 6767
[11624] = 6882 6882
[11625] = 6997 6997
[11626] = 13609 13609
[11627] = 13723 13723
[11628] = 13838 13838
[11629] = 13953 13953
[11630] = 14067 14067
[11631] = 14182 14182
[11632] = 14296 14296
[11633] = 14411 14411
[11634] = 14526 14526
[11635] = 14640 14640
[11636] = 14754 14754
[11637] = 14869 14869
[11638] = 14982 14982
[11639] = 15096 15096
[11640] = 8725 8725
[11641] = 8840 8840
[11642] = 8955 8955
[11643] = 9070 9070
[11644] = 9185 9185
[11645] = 9299 9299
[11646] = 9414 9414
[11647] = 9528 9528
[11648] = 9642 9642
[11649] = 9757 9757
[11650] = 9872 9872
[11651] = 9986 9986
[11652] = 10100 10100
[11653] = 10215 10215
[11654] = 16806 16806
[11655] = 16919 16919
[11656] = 17032 17032
[11657] = 17146 17146
[11658] = 17259 17259
[11659] = 17373 17373
[11660] = 17486 17486
[11661] = 17599 17599
[11662] = 13009 13009
[11663] = 13121 13121
[11664] = 13232 13232
[11665] = 13346 13346
[11666] = 13457 13457
[11667] = 7101 7101
[11668] = 7214 7214
[11669] = 7327 7327
[11670] = 7439 7439
[11671] = 7552 7552
[11672] = 3772 3772
[11673] = 3885 3885
[11674] = 3998 3998
[11675] = 4111 4111
[11676] = 4225 4225
[11677] = 4339 4339
[11678] = 4452 4452
[11679] = 4565 4565
[11680] = 4678 4678
[11681] = 11250 11250
[11682] = 11305 11305
[11683] = 11359 11359
[11684] = 11413 11413
[11685] = 11468 11468
[11686] = 11522 11522
[11687] = 11576 11576
[11688] = 11631 11631
[11689] = 11685 11685
[11690] = 11739 11739
[11691] = 11794 11794
[11692] = 11847 11847
[11693] = 11901 11901
[11694] = 5505 5505
[11695] = 5560 5560
[11696] = 5615 5615
[11697] = 5670 5670
[11698] = 5725 5725
[11699] = 5779 5779
[11700] = 5834 5834
[11701] = 5890 5890
[11702] = 5944 5944
[11703] = 5999 5999
[11704] = 6054 6054
[11705] = 6109 6109
[11706] = 6163 6163
[11707] = 6219 6219
[11708] = 12715 12715
[11709] = 12768 12768
[11710] = 12823 12823
[11711] = 12877 12877
[11712] = 12932 12932
[11713] = 12985 12985
[11714] = 13040 13040
[11715] = 13093 13093
[11716] = 13147 13147
[11717] = 8535 8535
[11718] = 8589 8589
[11719] = 8644 8644
[11720] = 8699 8699
[11721] = 2320 2320
[11722] = 2375 2375
[11723] = 2431 2431
[11724] = 2486 2486
[11725] = 2541 2541
[11726] = 2597 2597
[11727] = 6490 6490
[11728] = 6543 6543
[11729] = 6598 6598
[11730] = 6653 6653
[11731] = 6707 6707
[11732] = 6762 6762
[11733] = 6815 6815
[11734] = 6869 6869
[11735] = 13348 13348
[11736] = 13401 13401
[11737] = 13455 13455
[11738] = 13508 13508
[11739] = 13562 13562
[11740] = 13616 13616
[11741] = 13669 13669
[11742] = 13723 13723
[11743] = 13776 13776
[11744] = 13830 13830
[11745] = 13884 13884
[11746] = 13937 13937
[11747] = 13990 13990
[11748] = 14044 14044
[11749] = 7683 7683
[11750] = 7737 7737
[11751] = 7791 7791
[11752] = 7845 7845
[11753] = 7899 7899
[11754] = 7953 7953
[11755] = 8008 8008
[11756] = 8062 8062
[11757] = 8116 8116
[11758] = 8171 8171
[11759] = 8225 8225
[11760] = 8279 8279
[11761] = 8333 8333
[11762] = 8387 8387
[11763] = 14847 14847
[11764] = 14901 14901
[11765] = 14954 14954
[11766] = 15008 15008
[11767] = 15061 15061
[11768] = 15115 15115
[11769] = 15168 15168
[11770] = 15221 15221
[11771] = 15275 15275
[11772] = 10699 10699
[11773] = 10754 10754
[11774] = 10810 10810
[11775] = 10865 10865
[11776] = 4523 4523
[11777] = 4580 4580
[11778] = 4636 4636
[11779] = 4692 4692
[11780] = 4748 4748
[11781] = 1023 1023
[11782] = 1081 1081
[11783] = 1137 1137
[11784] = 1194 1194
[11785] = 1252 1252
[11786] = 1309 1309
[11787] = 1367 1367
[11788] = 1424 1424
[11789] = 1481 1481
[11790] = 7927 7927
[11791] = 8039 8039
[11792] = 8152 8152
[11793] = 8264 8264
[11794] = 8378 8378
[11795] = 8490 8490
[11796] = 8602 8602
[11797] = 8715 8715
[11798] = 8827 8827
[11799] = 8939 8939
[11800] = 9051 9051
[11801] = 9163 9163
[11802] = 9276 9276
[11803] = 3008 3008
[11804] = 3121 3121
[11805] = 3234 3234
[11806] = 3346 3346
[11807] = 3459 3459
[11808] = 3572 3572
[11809] = 3685 3685
[11810] = 3796 3796
[11811] = 3909 3909
[11812] = 4022 4022
[11813] = 4134 4134
[11814] = 4246 4246
[11815] = 4359 4359
[11816] = 4471 4471
[11817] = 10954 10954
[11818] = 11065 11065
[11819] = 11177 11177
[11820] = 11288 11288
[11821] = 11399 11399
[11822] = 11512 11512
[11823] = 11623 11623
[11824] = 11733 11733
[11825] = 11845 11845
[11826] = 7363 7363
[11827] = 7473 7473
[11828] = 7583 7583
[11829] = 7693 7693
[11830] = 7803 7803
[11831] = 1552 1552
[11832] = 1662 1662
[11833] = 1773 1773
[11834] = 1884 1884
[11835] = 1994 1994
[11836] = 5830 5830
[11837] = 5941 5941
[11838] = 6050 6050
[11839] = 6159 6159
[11840] = 6268 6268
[11841] = 6377 6377
[11842] = 6487 6487
[11843] = 6597 6597
[11844] = 6706 6706
[11845] = 13168 13168
[11846] = 13276 13276
[11847] = 13384 13384
[11848] = 13493 13493
[11849] = 13601 13601
[11850] = 13709 13709
[11851] = 13817 13817
[11852] = 13925 13925
[11853] = 14033 14033
[11854] = 14140 14140
[11855] = 14248 14248
[11856] = 14357 14357
[11857] = 14465 14465
[11858] = 8228 8228
[11859] = 8337 8337
[11860] = 8445 8445
[11861] = 8553 8553
[11862] = 8662 8662
[11863] = 8771 8771
[11864] = 8878 8878
[11865] = 8987 8987
[11866] = 9095 9095
[11867] = 9203 9203
[11868] = 9311 9311
[11869] = 9420 9420
[11870] = 9527 9527
[11871] = 9636 9636
[11872] = 16078 16078
[11873] = 16186 16186
[11874] = 16294 16294
[11875] = 16400 16400
[11876] = 16507 16507
[11877] = 16615 16615
[11878] = 16721 16721
[11879] = 16829 16829
[11880] = 16935 16935
[11881] = 12487 12487
[11882] = 12596 12596
[11883] = 12704 12704
[11884] = 12813 12813
[11885] = 6596 6596
[11886] = 6705 6705
[11887] = 6815 6815
[11888] = 6924 6924
[11889] = 7034 7034
[11890] = 3472 3472
[11891] = 3583 3583
[11892] = 3693 3693
[11893] = 3803 3803
[11894] = 3913 3913
[11895] = 4023 4023
[11896] = 4133 4133
[11897] = 4243 4243
[11898] = 4353 4353
[11899] = 10782 10782
[11900] = 10837 10837
[11901] = 10891 10891
[11902] = 10947 10947
[11903] = 11002 11002
[11904] = 11056 11056
[11905] = 11112 11112
[11906] = 11167 11167
[11907] = 11222 11222
[11908] = 11278 11278
[11909] = 11333 11333
[11910] = 11389 11389
[11911] = 11443 11443
[11912] = 5189 5189
[11913] = 5244 5244
[11914] = 5300 5300
[11915] = 5357 5357
[11916] = 5412 5412
[11917] = 5468 5468
[11918] = 5523 5523
[11919] = 5579 5579
[11920] = 5635 5635
[11921] = 5690 5690
[11922] = 5746 5746
[11923] = 5802 5802
[11924] = 5857 5857
[11925] = 5913 5913
[11926] = 12269 12269
[11927] = 12324 12324
[11928] = 12379 12379
[11929] = 12433 12433
[11930] = 12488 12488
[11931] = 12544 12544
[11932] = 12599 12599
[11933] = 12654 12654
[11934] = 12709 12709
[11935] = 8245 8245
[11936] = 8299 8299
[11937] = 8353 8353
[11938] = 8407 8407
[11939] = 8461 8461
[11940] = 2224 2224
[11941] = 2279 2279
[11942] = 2333 2333
[11943] = 2388 2388
[11944] = 2443 2443
[11945] = 6113 6113
[11946] = 6166 6166
[11947] = 6220 6220
[11948] = 6274 6274
[11949] = 6327 6327
[11950] = 6381 6381
[11951] = 6435 6435
[11952] = 6488 6488
[11953] = 6541 6541
[11954] = 12877 12877
[11955] = 12930 12930
[11956] = 12984 12984
[11957] = 13036 13036
[11958] = 13089 13089
[11959] = 13142 13142
[11960] = 13195 13195
[11961] = 13248 13248
[11962] = 13301 13301
[11963] = 13354 13354
[11964] = 13407 13407
[11965] = 13461 13461
[11966] = 13513 13513
[11967] = 7292 7292
[11968] = 7345 7345
[11969] = 7399 7399
[11970] = 7453 7453
[11971] = 7506 7506
[11972] = 7559 7559
[11973] = 7612 7612
[11974] = 7666 7666
[11975] = 7720 7720
[11976] = 7774 7774
[11977] = 7827 7827
[11978] = 7880 7880
[11979] = 7934 7934
[11980] = 7987 7987
[11981] = 14304 14304
[11982] = 14358 14358
[11983] = 14410 14410
[11984] = 14463 14463
[11985] = 14516 14516
[11986] = 14569 14569
[11987] = 14622 14622
[11988] = 14675 14675
[11989] = 14728 14728
[11990] = 10299 10299
[11991] = 10353 10353
[11992] = 10408 10408
[11993] = 10463 10463
[11994] = 4262 4262
[11995] = 4318 4318
[11996] = 4373 4373
[11997] = 4429 4429
[11998] = 4485 4485
[11999] = 980 980
[12000] = 1036 1036
[12001] = 1093 1093
[12002] = 1150 1150
[12003] = 1206 1206
[12004] = 1263 1263
[12005] = 1320 1320
[12006] = 1376 1376
[12007] = 1433 1433
[12008] = 7736 7736
[12009] = 7844 7844
[12010] = 7952 7952
[12011] = 8060 8060
[12012] = 8166 8166
[12013] = 8275 8275
[12014] = 8382 8382
[12015] = 8490 8490
[12016] = 8598 8598
[12017] = 8705 8705
[12018] = 8813 8813
[12019] = 8921 8921
[12020] = 9028 9028
[12021] = 2896 2896
[12022] = 3005 3005
[12023] = 3113 3113
[12024] = 3221 3221
[12025] = 3329 3329
[12026] = 3436 3436
[12027] = 3544 3544
[12028] = 3652 3652
[12029] = 3759 3759
[12030] = 3867 3867
[12031] = 3975 3975
[12032] = 4082 4082
[12033] = 4190 4190
[12034] = 4297 4297
[12035] = 10634 10634
[12036] = 10741 10741
[12037] = 10848 10848
[12038] = 10954 10954
[12039] = 11061 11061
[12040] = 11167 11167
[12041] = 11274 11274
[12042] = 11381 11381
[12043] = 11487 11487
[12044] = 7148 7148
[12045] = 7253 7253
[12046] = 7359 7359
[12047] = 7465 7465
[12048] = 7570 7570
[12049] = 1455 1455
[12050] = 1561 1561
[12051] = 1667 1667
[12052] = 1772 1772
[12053] = 1879 1879
[12054] = 5489 5489
[12055] = 5593 5593
[12056] = 5698 5698
[12057] = 5802 5802
[12058] = 5907 5907
[12059] = 6012 6012
[12060] = 6116 6116
[12061] = 6221 6221
[12062] = 6325 6325
[12063] = 12641 12641
[12064] = 12744 12744
[12065] = 12848 12848
[12066] = 12952 12952
[12067] = 13056 13056
[12068] = 13159 13159
[12069] = 13262 13262
[12070] = 13367 13367
[12071] = 13469 13469
[12072] = 13572 13572
[12073] = 13676 13676
[12074] = 13779 13779
[12075] = 13882 13882
[12076] = 7783 7783
[12077] = 7886 7886
[12078] = 7990 7990
[12079] = 8094 8094
[12080] = 8198 8198
[12081] = 8301 8301
[12082] = 8405 8405
[12083] = 8509 8509
[12084] = 8612 8612
[12085] = 8715 8715
[12086] = 8817 8817
[12087] = 8922 8922
[12088] = 9025 9025
[12089] = 9128 9128
[12090] = 15425 15425
[12091] = 15527 15527
[12092] = 15630 15630
[12093] = 15732 15732
[12094] = 15835 15835
[12095] = 15937 15937
[12096] = 16039 16039
[12097] = 16142 16142
[12098] = 16243 16243
[12099] = 11939 11939
[12100] = 10735 10735
[12101] = 10838 10838
[12102] = 10940 10940
[12103] = 6170 6170
[12104] = 6274 6274
[12105] = 6379 6379
[12106] = 6484 6484
[12107] = 6589 6589
[12108] = 3244 3244
[12109] = 3349 3349
[12110] = 3455 3455
[12111] = 3560 3560
[12112] = 3665 3665
[12113] = 3772 3772
[12114] = 3877 3877
[12115] = 3982 3982
[12116] = 4088 4088
[12117] = 9039 9039
[12118] = 9092 9092
[12119] = 9145 9145
[12120] = 9198 9198
[12121] = 9251 9251
[12122] = 9304 9304
[12123] = 9357 9357
[12124] = 9410 9410
[12125] = 9463 9463
[12126] = 9515 9515
[12127] = 9569 9569
[12128] = 9621 9621
[12129] = 9675 9675
[12130] = 9728 9728
[12131] = 4964 4964
[12132] = 5019 5019
[12133] = 5073 5073
[12134] = 5129 5129
[12135] = 5184 5184
[12136] = 5239 5239
[12137] = 5294 5294
[12138] = 5349 5349
[12139] = 5404 5404
[12140] = 5459 5459
[12141] = 5514 5514
[12142] = 5568 5568
[12143] = 5624 5624
[12144] = 5679 5679
[12145] = 10523 10523
[12146] = 10575 10575
[12147] = 10629 10629
[12148] = 10681 10681
[12149] = 10735 10735
[12150] = 10787 10787
[12151] = 10840 10840
[12152] = 10894 10894
[12153] = 6575 6575
[12154] = 6627 6627
[12155] = 6677 6677
[12156] = 6730 6730
[12157] = 6782 6782
[12158] = 2072 2072
[12159] = 2126 2126
[12160] = 2180 2180
[12161] = 2235 2235
[12162] = 2288 2288
[12163] = 5735 5735
[12164] = 5788 5788
[12165] = 5841 5841
[12166] = 5895 5895
[12167] = 5948 5948
[12168] = 6001 6001
[12169] = 6053 6053
[12170] = 6106 6106
[12171] = 6159 6159
[12172] = 10946 10946
[12173] = 10997 10997
[12174] = 11048 11048
[12175] = 11099 11099
[12176] = 11150 11150
[12177] = 11201 11201
[12178] = 11253 11253
[12179] = 11304 11304
[12180] = 11354 11354
[12181] = 11405 11405
[12182] = 11456 11456
[12183] = 11506 11506
[12184] = 11557 11557
[12185] = 6901 6901
[12186] = 6954 6954
[12187] = 7007 7007
[12188] = 7059 7059
[12189] = 7113 7113
[12190] = 7165 7165
[12191] = 7218 7218
[12192] = 7271 7271
[12193] = 7324 7324
[12194] = 7377 7377
[12195] = 7430 7430
[12196] = 7482 7482
[12197] = 7536 7536
[12198] = 7588 7588
[12199] = 12320 12320
[12200] = 12371 12371
[12201] = 12422 12422
[12202] = 12471 12471
[12203] = 12523 12523
[12204] = 12573 12573
[12205] = 12624 12624
[12206] = 12674 12674
[12207] = 12726 12726
[12208] = 8443 8443
[12209] = 8495 8495
[12210] = 8548 8548
[12211] = 8601 8601
[12212] = 4000 4000
[12213] = 4055 4055
[12214] = 4111 4111
[12215] = 4166 4166
[12216] = 4220 4220
[12217] = 937 937
[12218] = 993 993
[12219] = 1049 1049
[12220] = 1105 1105
[12221] = 1161 1161
[12222] = 1217 1217
[12223] = 1273 1273
[12224] = 1327 1327
[12225] = 1383 1383
[12226] = 6064 6064
[12227] = 6165 6165
[12228] = 6267 6267
[12229] = 6368 6368
[12230] = 6470 6470
[12231] = 6572 6572
[12232] = 6673 6673
[12233] = 6775 6775
[12234] = 6877 6877
[12235] = 6978 6978
[12236] = 7080 7080
[12237] = 7181 7181
[12238] = 7282 7282
[12239] = 7383 7383
[12240] = 2889 2889
[12241] = 2993 2993
[12242] = 3095 3095
[12243] = 3198 3198
[12244] = 3302 3302
[12245] = 3404 3404
[12246] = 3507 3507
[12247] = 3611 3611
[12248] = 3713 3713
[12249] = 3816 3816
[12250] = 3918 3918
[12251] = 4022 4022
[12252] = 4124 4124
[12253] = 4227 4227
[12254] = 8896 8896
[12255] = 8997 8997
[12256] = 9097 9097
[12257] = 9198 9198
[12258] = 9298 9298
[12259] = 9399 9399
[12260] = 9499 9499
[12261] = 9599 9599
[12262] = 5403 5403
[12263] = 5502 5502
[12264] = 5601 5601
[12265] = 5701 5701
[12266] = 5800 5800
[12267] = 1358 1358
[12268] = 1460 1460
[12269] = 1561 1561
[12270] = 1662 1662
[12271] = 1763 1763
[12272] = 5146 5146
[12273] = 5246 5246
[12274] = 5346 5346
[12275] = 5446 5446
[12276] = 5546 5546
[12277] = 5646 5646
[12278] = 5745 5745
[12279] = 5845 5845
[12280] = 5945 5945
[12281] = 10557 10557
[12282] = 10654 10654
[12283] = 10752 10752
[12284] = 10850 10850
[12285] = 10947 10947
[12286] = 11045 11045
[12287] = 11142 11142
[12288] = 11239 11239
[12289] = 11336 11336
[12290] = 11434 11434
[12291] = 11531 11531
[12292] = 11628 11628
[12293] = 11725 11725
[12294] = 7336 7336
[12295] = 7436 7436
[12296] = 7535 7535
[12297] = 7633 7633
[12298] = 7732 7732
[12299] = 7832 7832
[12300] = 7930 7930
[12301] = 8029 8029
[12302] = 8128 8128
[12303] = 8226 8226
[12304] = 8326 8326
[12305] = 8424 8424
[12306] = 8523 8523
[12307] = 8621 8621
[12308] = 13177 13177
[12309] = 13273 13273
[12310] = 13370 13370
[12311] = 13466 13466
[12312] = 13563 13563
[12313] = 13658 13658
[12314] = 13754 13754
[12315] = 13851 13851
[12316] = 13946 13946
[12317] = 9782 9782
[12318] = 9880 9880
[12319] = 9975 9975
[12320] = 10072 10072
[12321] = 5737 5737
[12322] = 5836 5836
[12323] = 5935 5935
[12324] = 6033 6033
[12325] = 6131 6131
[12326] = 3004 3004
[12327] = 3103 3103
[12328] = 3202 3202
[12329] = 3301 3301
[12330] = 3400 3400
[12331] = 3499 3499
[12332] = 3599 3599
[12333] = 3698 3698
[12334] = 3797 3797
[12335] = 8298 8298
[12336] = 8372 8372
[12337] = 8423 8423
[12338] = 8474 8474
[12339] = 8525 8525
[12340] = 8576 8576
[12341] = 8626 8626
[12342] = 8677 8677
[12343] = 8728 8728
[12344] = 8780 8780
[12345] = 8831 8831
[12346] = 8881 8881
[12347] = 8932 8932
[12348] = 8983 8983
[12349] = 4660 4660
[12350] = 4713 4713
[12351] = 4766 4766
[12352] = 4818 4818
[12353] = 4872 4872
[12354] = 4925 4925
[12355] = 4977 4977
[12356] = 5031 5031
[12357] = 5083 5083
[12358] = 5136 5136
[12359] = 5189 5189
[12360] = 5242 5242
[12361] = 5295 5295
[12362] = 5347 5347
[12363] = 9746 9746
[12364] = 9796 9796
[12365] = 9847 9847
[12366] = 9897 9897
[12367] = 9949 9949
[12368] = 9999 9999
[12369] = 10050 10050
[12370] = 10101 10101
[12371] = 10151 10151
[12372] = 5980 5980
[12373] = 6033 6033
[12374] = 6085 6085
[12375] = 6138 6138
[12376] = 1872 1872
[12377] = 1927 1927
[12378] = 1981 1981
[12379] = 2036 2036
[12380] = 2091 2091
[12381] = 5317 5317
[12382] = 5371 5371
[12383] = 5424 5424
[12384] = 5478 5478
[12385] = 5532 5532
[12386] = 5586 5586
[12387] = 5640 5640
[12388] = 5693 5693
[12389] = 5747 5747
[12390] = 10091 10091
[12391] = 10143 10143
[12392] = 10194 10194
[12393] = 10246 10246
[12394] = 10298 10298
[12395] = 10350 10350
[12396] = 10401 10401
[12397] = 10453 10453
[12398] = 10505 10505
[12399] = 10557 10557
[12400] = 10608 10608
[12401] = 10660 10660
[12402] = 10711 10711
[12403] = 6500 6500
[12404] = 6553 6553
[12405] = 6607 6607
[12406] = 6660 6660
[12407] = 6714 6714
[12408] = 6768 6768
[12409] = 6821 6821
[12410] = 6875 6875
[12411] = 6928 6928
[12412] = 6983 6983
[12413] = 7036 7036
[12414] = 7089 7089
[12415] = 7143 7143
[12416] = 7196 7196
[12417] = 11485 11485
[12418] = 11536 11536
[12419] = 11588 11588
[12420] = 11639 11639
[12421] = 11691 11691
[12422] = 11743 11743
[12423] = 11794 11794
[12424] = 11846 11846
[12425] = 11897 11897
[12426] = 7763 7763
[12427] = 7814 7814
[12428] = 7865 7865
[12429] = 7915 7915
[12430] = 7965 7965
[12431] = 3810 3810
[12432] = 3863 3863
[12433] = 3914 3914
[12434] = 3967 3967
[12435] = 903 903
[12436] = 957 957
[12437] = 1011 1011
[12438] = 1065 1065
[12439] = 1119 1119
[12440] = 1172 1172
[12441] = 1225 1225
[12442] = 1279 1279
[12443] = 1333 1333
[12444] = 1386 1386
[12445] = 5620 5620
[12446] = 5714 5714
[12447] = 5809 5809
[12448] = 5905 5905
[12449] = 6001 6001
[12450] = 6096 6096
[12451] = 6192 6192
[12452] = 6287 6287
[12453] = 6383 6383
[12454] = 6477 6477
[12455] = 6572 6572
[12456] = 6668 6668
[12457] = 6763 6763
[12458] = 2706 2706
[12459] = 2803 2803
[12460] = 2900 2900
[12461] = 2997 2997
[12462] = 3094 3094
[12463] = 3191 3191
[12464] = 3287 3287
[12465] = 3384 3384
[12466] = 3481 3481
[12467] = 3578 3578
[12468] = 3675 3675
[12469] = 3771 3771
[12470] = 3868 3868
[12471] = 3964 3964
[12472] = 8185 8185
[12473] = 8279 8279
[12474] = 8373 8373
[12475] = 8467 8467
[12476] = 8561 8561
[12477] = 8655 8655
[12478] = 8749 8749
[12479] = 8844 8844
[12480] = 8938 8938
[12481] = 4883 4883
[12482] = 4979 4979
[12483] = 5075 5075
[12484] = 5171 5171
[12485] = 1170 1170
[12486] = 1268 1268
[12487] = 1366 1366
[12488] = 1464 1464
[12489] = 1561 1561
[12490] = 4719 4719
[12491] = 4816 4816
[12492] = 4913 4913
[12493] = 5009 5009
[12494] = 5106 5106
[12495] = 5203 5203
[12496] = 5299 5299
[12497] = 5396 5396
[12498] = 5492 5492
[12499] = 9657 9657
[12500] = 9752 9752
[12501] = 9845 9845
[12502] = 9939 9939
[12503] = 10033 10033
[12504] = 10127 10127
[12505] = 10221 10221
[12506] = 10315 10315
[12507] = 10410 10410
[12508] = 10503 10503
[12509] = 10597 10597
[12510] = 10691 10691
[12511] = 10785 10785
[12512] = 6836 6836
[12513] = 6932 6932
[12514] = 7028 7028
[12515] = 7124 7124
[12516] = 7219 7219
[12517] = 7315 7315
[12518] = 7410 7410
[12519] = 7506 7506
[12520] = 7602 7602
[12521] = 7697 7697
[12522] = 7793 7793
[12523] = 7887 7887
[12524] = 7983 7983
[12525] = 8078 8078
[12526] = 12188 12188
[12527] = 12280 12280
[12528] = 12374 12374
[12529] = 12467 12467
[12530] = 12559 12559
[12531] = 12652 12652
[12532] = 12745 12745
[12533] = 12837 12837
[12534] = 12930 12930
[12535] = 8911 8911
[12536] = 9002 9002
[12537] = 9095 9095
[12538] = 9187 9187
[12539] = 9278 9278
[12540] = 5385 5385
[12541] = 5479 5479
[12542] = 5573 5573
[12543] = 5667 5667
[12544] = 2754 2754
[12545] = 2849 2849
[12546] = 2943 2943
[12547] = 3038 3038
[12548] = 3132 3132
[12549] = 3227 3227
[12550] = 3321 3321
[12551] = 3416 3416
[12552] = 3510 3510
[12553] = 3604 3604
[12554] = 7656 7656
[12555] = 7706 7706
[12556] = 7756 7756
[12557] = 7806 7806
[12558] = 7857 7857
[12559] = 7908 7908
[12560] = 7958 7958
[12561] = 8007 8007
[12562] = 8057 8057
[12563] = 8107 8107
[12564] = 8157 8157
[12565] = 8209 8209
[12566] = 8258 8258
[12567] = 4379 4379
[12568] = 4431 4431
[12569] = 4483 4483
[12570] = 4535 4535
[12571] = 4587 4587
[12572] = 4640 4640
[12573] = 4692 4692
[12574] = 4745 4745
[12575] = 4797 4797
[12576] = 4848 4848
[12577] = 4901 4901
[12578] = 4953 4953
[12579] = 5006 5006
[12580] = 5057 5057
[12581] = 9012 9012
[12582] = 9061 9061
[12583] = 9112 9112
[12584] = 9163 9163
[12585] = 9212 9212
[12586] = 9263 9263
[12587] = 9312 9312
[12588] = 9362 9362
[12589] = 9413 9413
[12590] = 5387 5387
[12591] = 5439 5439
[12592] = 5491 5491
[12593] = 5544 5544
[12594] = 1720 1720
[12595] = 1774 1774
[12596] = 1829 1829
[12597] = 1883 1883
[12598] = 1937 1937
[12599] = 4941 4941
[12600] = 4994 4994
[12601] = 5047 5047
[12602] = 5100 5100
[12603] = 5153 5153
[12604] = 5205 5205
[12605] = 5260 5260
[12606] = 5313 5313
[12607] = 5365 5365
[12608] = 9265 9265
[12609] = 9316 9316
[12610] = 9367 9367
[12611] = 9418 9418
[12612] = 9469 9469
[12613] = 9521 9521
[12614] = 9571 9571
[12615] = 9622 9622
[12616] = 9673 9673
[12617] = 9724 9724
[12618] = 9774 9774
[12619] = 9826 9826
[12620] = 9876 9876
[12621] = 6107 6107
[12622] = 6160 6160
[12623] = 6213 6213
[12624] = 6266 6266
[12625] = 6319 6319
[12626] = 6372 6372
[12627] = 6424 6424
[12628] = 6478 6478
[12629] = 6530 6530
[12630] = 6583 6583
[12631] = 6636 6636
[12632] = 6689 6689
[12633] = 6742 6742
[12634] = 6795 6795
[12635] = 10640 10640
[12636] = 10690 10690
[12637] = 10742 10742
[12638] = 10793 10793
[12639] = 10843 10843
[12640] = 10894 10894
[12641] = 10945 10945
[12642] = 10996 10996
[12643] = 11047 11047
[12644] = 7060 7060
[12645] = 7109 7109
[12646] = 7159 7159
[12647] = 7210 7210
[12648] = 7259 7259
[12649] = 3545 3545
[12650] = 3598 3598
[12651] = 3650 3650
[12652] = 3702 3702
[12653] = 859 859
[12654] = 912 912
[12655] = 966 966
[12656] = 1018 1018
[12657] = 1071 1071
[12658] = 1124 1124
[12659] = 1177 1177
[12660] = 1230 1230
[12661] = 1283 1283
[12662] = 1336 1336
[12663] = 5125 5125
[12664] = 5215 5215
[12665] = 5306 5306
[12666] = 5397 5397
[12667] = 5488 5488
[12668] = 5579 5579
[12669] = 5669 5669
[12670] = 5760 5760
[12671] = 5850 5850
[12672] = 5941 5941
[12673] = 6031 6031
[12674] = 6122 6122
[12675] = 6211 6211
[12676] = 2594 2594
[12677] = 2686 2686
[12678] = 2778 2778
[12679] = 2870 2870
[12680] = 2963 2963
[12681] = 3054 3054
[12682] = 3147 3147
[12683] = 3238 3238
[12684] = 3331 3331
[12685] = 3422 3422
[12686] = 3515 3515
[12687] = 3607 3607
[12688] = 3698 3698
[12689] = 3790 3790
[12690] = 7562 7562
[12691] = 7651 7651
[12692] = 7742 7742
[12693] = 7831 7831
[12694] = 7920 7920
[12695] = 8010 8010
[12696] = 8099 8099
[12697] = 8188 8188
[12698] = 8279 8279
[12699] = 4367 4367
[12700] = 4457 4457
[12701] = 4550 4550
[12702] = 4641 4641
[12703] = 1078 1078
[12704] = 1171 1171
[12705] = 1264 1264
[12706] = 1356 1356
[12707] = 1450 1450
[12708] = 4382 4382
[12709] = 4474 4474
[12710] = 4566 4566
[12711] = 4658 4658
[12712] = 4750 4750
[12713] = 4841 4841
[12714] = 4933 4933
[12715] = 5025 5025
[12716] = 5117 5117
[12717] = 8833 8833
[12718] = 8923 8923
[12719] = 9012 9012
[12720] = 9101 9101
[12721] = 9190 9190
[12722] = 9279 9279
[12723] = 9370 9370
[12724] = 9458 9458
[12725] = 9547 9547
[12726] = 9636 9636
[12727] = 9725 9725
[12728] = 9815 9815
[12729] = 9903 9903
[12730] = 9992 9992
[12731] = 6485 6485
[12732] = 6575 6575
[12733] = 6666 6666
[12734] = 6758 6758
[12735] = 6848 6848
[12736] = 6939 6939
[12737] = 7030 7030
[12738] = 7120 7120
[12739] = 7211 7211
[12740] = 7301 7301
[12741] = 7392 7392
[12742] = 7482 7482
[12743] = 7573 7573
[12744] = 7663 7663
[12745] = 11321 11321
[12746] = 11410 11410
[12747] = 11498 11498
[12748] = 11586 11586
[12749] = 11675 11675
[12750] = 11763 11763
[12751] = 11851 11851
[12752] = 11939 11939
[12753] = 8063 8063
[12754] = 8150 8150
[12755] = 8238 8238
[12756] = 8325 8325
[12757] = 8412 8412
[12758] = 4956 4956
[12759] = 5046 5046
[12760] = 5134 5134
[12761] = 5223 5223
[12762] = 2528 2528
[12763] = 2619 2619
[12764] = 2709 2709
[12765] = 2799 2799
[12766] = 2888 2888
[12767] = 2978 2978
[12768] = 3068 3068
[12769] = 3158 3158
[12770] = 3247 3247
[12771] = 3336 3336
[12772] = 6940 6940
[12773] = 6989 6989
[12774] = 7039 7039
[12775] = 7088 7088
[12776] = 7138 7138
[12777] = 7187 7187
[12778] = 7237 7237
[12779] = 7286 7286
[12780] = 7337 7337
[12781] = 7386 7386
[12782] = 7435 7435
[12783] = 7485 7485
[12784] = 7535 7535
[12785] = 4097 4097
[12786] = 4149 4149
[12787] = 4201 4201
[12788] = 4252 4252
[12789] = 4304 4304
[12790] = 4356 4356
[12791] = 4407 4407
[12792] = 4459 4459
[12793] = 4510 4510
[12794] = 4561 4561
[12795] = 4613 4613
[12796] = 4664 4664
[12797] = 4716 4716
[12798] = 4767 4767
[12799] = 8277 8277
[12800] = 8327 8327
[12801] = 8376 8376
[12802] = 8426 8426
[12803] = 8476 8476
[12804] = 8525 8525
[12805] = 8575 8575
[12806] = 8623 8623
[12807] = 8673 8673
[12808] = 4796 4796
[12809] = 4847 4847
[12810] = 4898 4898
[12811] = 4950 4950
[12812] = 1569 1569
[12813] = 1623 1623
[12814] = 1676 1676
[12815] = 1730 1730
[12816] = 1782 1782
[12817] = 4564 4564
[12818] = 4616 4616
[12819] = 4669 4669
[12820] = 4721 4721
[12821] = 4774 4774
[12822] = 4826 4826
[12823] = 4879 4879
[12824] = 4931 4931
[12825] = 4983 4983
[12826] = 8439 8439
[12827] = 8489 8489
[12828] = 8539 8539
[12829] = 8589 8589
[12830] = 8640 8640
[12831] = 8691 8691
[12832] = 8741 8741
[12833] = 8791 8791
[12834] = 8841 8841
[12835] = 8892 8892
[12836] = 8942 8942
[12837] = 8992 8992
[12838] = 9041 9041
[12839] = 9092 9092
[12840] = 5767 5767
[12841] = 5819 5819
[12842] = 5872 5872
[12843] = 5924 5924
[12844] = 5976 5976
[12845] = 6028 6028
[12846] = 6080 6080
[12847] = 6133 6133
[12848] = 6184 6184
[12849] = 6237 6237
[12850] = 6289 6289
[12851] = 6342 6342
[12852] = 6393 6393
[12853] = 6446 6446
[12854] = 9843 9843
[12855] = 9894 9894
[12856] = 9944 9944
[12857] = 9994 9994
[12858] = 10045 10045
[12859] = 10095 10095
[12860] = 10145 10145
[12861] = 10195 10195
[12862] = 6355 6355
[12863] = 6404 6404
[12864] = 6453 6453
[12865] = 6503 6503
[12866] = 6552 6552
[12867] = 3282 3282
[12868] = 3333 3333
[12869] = 3385 3385
[12870] = 3437 3437
[12871] = 3487 3487
[12872] = 867 867
[12873] = 919 919
[12874] = 972 972
[12875] = 1024 1024
[12876] = 1076 1076
[12877] = 1129 1129
[12878] = 1181 1181
[12879] = 1233 1233
[12880] = 1286 1286
[12881] = 4630 4630
[12882] = 4715 4715
[12883] = 4802 4802
[12884] = 4888 4888
[12885] = 4974 4974
[12886] = 5060 5060
[12887] = 5145 5145
[12888] = 5231 5231
[12889] = 5317 5317
[12890] = 5403 5403
[12891] = 5489 5489
[12892] = 5575 5575
[12893] = 5660 5660
[12894] = 2482 2482
[12895] = 2568 2568
[12896] = 2656 2656
[12897] = 2743 2743
[12898] = 2831 2831
[12899] = 2919 2919
[12900] = 3006 3006
[12901] = 3094 3094
[12902] = 3180 3180
[12903] = 3268 3268
[12904] = 3355 3355
[12905] = 3442 3442
[12906] = 3529 3529
[12907] = 3616 3616
[12908] = 6939 6939
[12909] = 7024 7024
[12910] = 7110 7110
[12911] = 7194 7194
[12912] = 7279 7279
[12913] = 7364 7364
[12914] = 7449 7449
[12915] = 7533 7533
[12916] = 7617 7617
[12917] = 3850 3850
[12918] = 3934 3934
[12919] = 4020 4020
[12920] = 4104 4104
[12921] = 980 980
[12922] = 1067 1067
[12923] = 1154 1154
[12924] = 1241 1241
[12925] = 1328 1328
[12926] = 1415 1415
[12927] = 4118 4118
[12928] = 4204 4204
[12929] = 4289 4289
[12930] = 4375 4375
[12931] = 4461 4461
[12932] = 4547 4547
[12933] = 4632 4632
[12934] = 4718 4718
[12935] = 7985 7985
[12936] = 8068 8068
[12937] = 8153 8153
[12938] = 8235 8235
[12939] = 8318 8318
[12940] = 8401 8401
[12941] = 8485 8485
[12942] = 8568 8568
[12943] = 8651 8651
[12944] = 8734 8734
[12945] = 8818 8818
[12946] = 8901 8901
[12947] = 8983 8983
[12948] = 9066 9066
[12949] = 5996 5996
[12950] = 6081 6081
[12951] = 6166 6166
[12952] = 6250 6250
[12953] = 6336 6336
[12954] = 6420 6420
[12955] = 6504 6504
[12956] = 6588 6588
[12957] = 6673 6673
[12958] = 6757 6757
[12959] = 6842 6842
[12960] = 6926 6926
[12961] = 7011 7011
[12962] = 7095 7095
[12963] = 10304 10304
[12964] = 10387 10387
[12965] = 10469 10469
[12966] = 10551 10551
[12967] = 10633 10633
[12968] = 10715 10715
[12969] = 10796 10796
[12970] = 10879 10879
[12971] = 10961 10961
[12972] = 7227 7227
[12973] = 7310 7310
[12974] = 7395 7395
[12975] = 7478 7478
[12976] = 4464 4464
[12977] = 4550 4550
[12978] = 4635 4635
[12979] = 4721 4721
[12980] = 4806 4806
[12981] = 2330 2330
[12982] = 2417 2417
[12983] = 2503 2503
[12984] = 2590 2590
[12985] = 2676 2676
[12986] = 2762 2762
[12987] = 2849 2849
[12988] = 2935 2935
[12989] = 3021 3021
[12990] = 6177 6177
[12991] = 6228 6228
[12992] = 6278 6278
[12993] = 6328 6328
[12994] = 6378 6378
[12995] = 6428 6428
[12996] = 6478 6478
[12997] = 6528 6528
[12998] = 6578 6578
[12999] = 6628 6628
[13000] = 6679 6679
[13001] = 6729 6729
[13002] = 6779 6779
[13003] = 3787 3787
[13004] = 3839 3839
[13005] = 3891 3891
[13006] = 3944 3944
[13007] = 3995 3995
[13008] = 4048 4048
[13009] = 4100 4100
[13010] = 4152 4152
[13011] = 4204 4204
[13012] = 4256 4256
[13013] = 4309 4309
[13014] = 4360 4360
[13015] = 4413 4413
[13016] = 4466 4466
[13017] = 7532 7532
[13018] = 7583 7583
[13019] = 7632 7632
[13020] = 7683 7683
[13021] = 7733 7733
[13022] = 7783 7783
[13023] = 7832 7832
[13024] = 7883 7883
[13025] = 7933 7933
[13026] = 4203 4203
[13027] = 4252 4252
[13028] = 4302 4302
[13029] = 4351 4351
[13030] = 4401 4401
[13031] = 1464 1464
[13032] = 1515 1515
[13033] = 1567 1567
[13034] = 1618 1618
[13035] = 1670 1670
[13036] = 4226 4226
[13037] = 4277 4277
[13038] = 4327 4327
[13039] = 4378 4378
[13040] = 4428 4428
[13041] = 4478 4478
[13042] = 4529 4529
[13043] = 4579 4579
[13044] = 4629 4629
[13045] = 7638 7638
[13046] = 7687 7687
[13047] = 7735 7735
[13048] = 7783 7783
[13049] = 7831 7831
[13050] = 7880 7880
[13051] = 7928 7928
[13052] = 7977 7977
[13053] = 8024 8024
[13054] = 8072 8072
[13055] = 8121 8121
[13056] = 8169 8169
[13057] = 8217 8217
[13058] = 5335 5335
[13059] = 5385 5385
[13060] = 5435 5435
[13061] = 5485 5485
[13062] = 5535 5535
[13063] = 5586 5586
[13064] = 5636 5636
[13065] = 5687 5687
[13066] = 5736 5736
[13067] = 5787 5787
[13068] = 5837 5837
[13069] = 5887 5887
[13070] = 5936 5936
[13071] = 5988 5988
[13072] = 8940 8940
[13073] = 8988 8988
[13074] = 9037 9037
[13075] = 9085 9085
[13076] = 9133 9133
[13077] = 9181 9181
[13078] = 9229 9229
[13079] = 9277 9277
[13080] = 9325 9325
[13081] = 5632 5632
[13082] = 5681 5681
[13083] = 5731 5731
[13084] = 5780 5780
[13085] = 2954 2954
[13086] = 3007 3007
[13087] = 3059 3059
[13088] = 3111 3111
[13089] = 3163 3163
[13090] = 765 765
[13091] = 818 818
[13092] = 871 871
[13093] = 924 924
[13094] = 977 977
[13095] = 1030 1030
[13096] = 1083 1083
[13097] = 1136 1136
[13098] = 1189 1189
[13099] = 4091 4091
[13100] = 4173 4173
[13101] = 4255 4255
[13102] = 4338 4338
[13103] = 4421 4421
[13104] = 4503 4503
[13105] = 4585 4585
[13106] = 4668 4668
[13107] = 4751 4751
[13108] = 4832 4832
[13109] = 4915 4915
[13110] = 4997 4997
[13111] = 5079 5079
[13112] = 2340 2340
[13113] = 2424 2424
[13114] = 2508 2508
[13115] = 2592 2592
[13116] = 2676 2676
[13117] = 2760 2760
[13118] = 2843 2843
[13119] = 2928 2928
[13120] = 3011 3011
[13121] = 3095 3095
[13122] = 3179 3179
[13123] = 3263 3263
[13124] = 3346 3346
[13125] = 3430 3430
[13126] = 6307 6307
[13127] = 6388 6388
[13128] = 6470 6470
[13129] = 6551 6551
[13130] = 6632 6632
[13131] = 6714 6714
[13132] = 6795 6795
[13133] = 6876 6876
[13134] = 6957 6957
[13135] = 3333 3333
[13136] = 3414 3414
[13137] = 3494 3494
[13138] = 3574 3574
[13139] = 3655 3655
[13140] = 970 970
[13141] = 1052 1052
[13142] = 1134 1134
[13143] = 1217 1217
[13144] = 1299 1299
[13145] = 3775 3775
[13146] = 3856 3856
[13147] = 3938 3938
[13148] = 4019 4019
[13149] = 4099 4099
[13150] = 4180 4180
[13151] = 4261 4261
[13152] = 4342 4342
[13153] = 4423 4423
[13154] = 7240 7240
[13155] = 7319 7319
[13156] = 7397 7397
[13157] = 7476 7476
[13158] = 7554 7554
[13159] = 7633 7633
[13160] = 7711 7711
[13161] = 7790 7790
[13162] = 7869 7869
[13163] = 7947 7947
[13164] = 8025 8025
[13165] = 8104 8104
[13166] = 8182 8182
[13167] = 5550 5550
[13168] = 5630 5630
[13169] = 5710 5710
[13170] = 5790 5790
[13171] = 5870 5870
[13172] = 5950 5950
[13173] = 6030 6030
[13174] = 6110 6110
[13175] = 6190 6190
[13176] = 6270 6270
[13177] = 6349 6349
[13178] = 6430 6430
[13179] = 6509 6509
[13180] = 6588 6588
[13181] = 9350 9350
[13182] = 9427 9427
[13183] = 9503 9503
[13184] = 9582 9582
[13185] = 9659 9659
[13186] = 9735 9735
[13187] = 9813 9813
[13188] = 9891 9891
[13189] = 9968 9968
[13190] = 6377 6377
[13191] = 6455 6455
[13192] = 6534 6534
[13193] = 6613 6613
[13194] = 4037 4037
[13195] = 4119 4119
[13196] = 4199 4199
[13197] = 4280 4280
[13198] = 4361 4361
[13199] = 2103 2103
[13200] = 2184 2184
[13201] = 2266 2266
[13202] = 2348 2348
[13203] = 2428 2428
[13204] = 2511 2511
[13205] = 2592 2592
[13206] = 2673 2673
[13207] = 2755 2755
[13208] = 5462 5462
[13209] = 5512 5512
[13210] = 5561 5561
[13211] = 5610 5610
[13212] = 5661 5661
[13213] = 5710 5710
[13214] = 5760 5760
[13215] = 5809 5809
[13216] = 5859 5859
[13217] = 5908 5908
[13218] = 5958 5958
[13219] = 6008 6008
[13220] = 6057 6057
[13221] = 3506 3506
[13222] = 3558 3558
[13223] = 3609 3609
[13224] = 3661 3661
[13225] = 3713 3713
[13226] = 3764 3764
[13227] = 3816 3816
[13228] = 3867 3867
[13229] = 3919 3919
[13230] = 3970 3970
[13231] = 4022 4022
[13232] = 4073 4073
[13233] = 4124 4124
[13234] = 4176 4176
[13235] = 6798 6798
[13236] = 6848 6848
[13237] = 6897 6897
[13238] = 6946 6946
[13239] = 6996 6996
[13240] = 7046 7046
[13241] = 7095 7095
[13242] = 7144 7144
[13243] = 7193 7193
[13244] = 3612 3612
[13245] = 3660 3660
[13246] = 3708 3708
[13247] = 3757 3757
[13248] = 3806 3806
[13249] = 1312 1312
[13250] = 1363 1363
[13251] = 1414 1414
[13252] = 1465 1465
[13253] = 1516 1516
[13254] = 3849 3849
[13255] = 3899 3899
[13256] = 3949 3949
[13257] = 3999 3999
[13258] = 4048 4048
[13259] = 4098 4098
[13260] = 4148 4148
[13261] = 4197 4197
[13262] = 4247 4247
[13263] = 6812 6812
[13264] = 6859 6859
[13265] = 6907 6907
[13266] = 6954 6954
[13267] = 7002 7002
[13268] = 7050 7050
[13269] = 7097 7097
[13270] = 7145 7145
[13271] = 7192 7192
[13272] = 7241 7241
[13273] = 7288 7288
[13274] = 7335 7335
[13275] = 7383 7383
[13276] = 4943 4943
[13277] = 4993 4993
[13278] = 5042 5042
[13279] = 5092 5092
[13280] = 5141 5141
[13281] = 5191 5191
[13282] = 5241 5241
[13283] = 5290 5290
[13284] = 5340 5340
[13285] = 5390 5390
[13286] = 5439 5439
[13287] = 5489 5489
[13288] = 5538 5538
[13289] = 5588 5588
[13290] = 8097 8097
[13291] = 8144 8144
[13292] = 8192 8192
[13293] = 8239 8239
[13294] = 8287 8287
[13295] = 8334 8334
[13296] = 8382 8382
[13297] = 8429 8429
[13298] = 8477 8477
[13299] = 4930 4930
[13300] = 4978 4978
[13301] = 5028 5028
[13302] = 5078 5078
[13303] = 2693 2693
[13304] = 2745 2745
[13305] = 2796 2796
[13306] = 2848 2848
[13307] = 2899 2899
[13308] = 722 722
[13309] = 775 775
[13310] = 827 827
[13311] = 879 879
[13312] = 932 932
[13313] = 984 984
[13314] = 1036 1036
[13315] = 1088 1088
[13316] = 1140 1140
[13317] = 3597 3597
[13318] = 3675 3675
[13319] = 3753 3753
[13320] = 3831 3831
[13321] = 3909 3909
[13322] = 3986 3986
[13323] = 4064 4064
[13324] = 4142 4142
[13325] = 4219 4219
[13326] = 4296 4296
[13327] = 4374 4374
[13328] = 4452 4452
[13329] = 4529 4529
[13330] = 4607 4607
[13331] = 2308 2308
[13332] = 2387 2387
[13333] = 2466 2466
[13334] = 2546 2546
[13335] = 2624 2624
[13336] = 2704 2704
[13337] = 2783 2783
[13338] = 2862 2862
[13339] = 2941 2941
[13340] = 3020 3020
[13341] = 3099 3099
[13342] = 3177 3177
[13343] = 3257 3257
[13344] = 3335 3335
[13345] = 5761 5761
[13346] = 5838 5838
[13347] = 5914 5914
[13348] = 5991 5991
[13349] = 6067 6067
[13350] = 6144 6144
[13351] = 6221 6221
[13352] = 6297 6297
[13353] = 2816 2816
[13354] = 2891 2891
[13355] = 2968 2968
[13356] = 3043 3043
[13357] = 3119 3119
[13358] = 874 874
[13359] = 951 951
[13360] = 1029 1029
[13361] = 1106 1106
[13362] = 1184 1184
[13363] = 3433 3433
[13364] = 3509 3509
[13365] = 3586 3586
[13366] = 3662 3662
[13367] = 3739 3739
[13368] = 3815 3815
[13369] = 3890 3890
[13370] = 3966 3966
[13371] = 4043 4043
[13372] = 6412 6412
[13373] = 6485 6485
[13374] = 6558 6558
[13375] = 6633 6633
[13376] = 6707 6707
[13377] = 6781 6781
[13378] = 6854 6854
[13379] = 6928 6928
[13380] = 7002 7002
[13381] = 7075 7075
[13382] = 7149 7149
[13383] = 7223 7223
[13384] = 7296 7296
[13385] = 5104 5104
[13386] = 5179 5179
[13387] = 5254 5254
[13388] = 5329 5329
[13389] = 5405 5405
[13390] = 5480 5480
[13391] = 5556 5556
[13392] = 5630 5630
[13393] = 5706 5706
[13394] = 5781 5781
[13395] = 5855 5855
[13396] = 5931 5931
[13397] = 6006 6006
[13398] = 6080 6080
[13399] = 8394 8394
[13400] = 8465 8465
[13401] = 8538 8538
[13402] = 8611 8611
[13403] = 8684 8684
[13404] = 8756 8756
[13405] = 8829 8829
[13406] = 8902 8902
[13407] = 8975 8975
[13408] = 5527 5527
[13409] = 5601 5601
[13410] = 5675 5675
[13411] = 5749 5749
[13412] = 3612 3612
[13413] = 3688 3688
[13414] = 3764 3764
[13415] = 3840 3840
[13416] = 3916 3916
[13417] = 1874 1874
[13418] = 1951 1951
[13419] = 2028 2028
[13420] = 2105 2105
[13421] = 2182 2182
[13422] = 2259 2259
[13423] = 2335 2335
[13424] = 2412 2412
[13425] = 2488 2488
[13426] = 4748 4748
[13427] = 4810 4810
[13428] = 4857 4857
[13429] = 4908 4908
[13430] = 4956 4956
[13431] = 5004 5004
[13432] = 5053 5053
[13433] = 5102 5102
[13434] = 5151 5151
[13435] = 5200 5200
[13436] = 5248 5248
[13437] = 5297 5297
[13438] = 5346 5346
[13439] = 5395 5395
[13440] = 3290 3290
[13441] = 3340 3340
[13442] = 3391 3391
[13443] = 3442 3442
[13444] = 3493 3493
[13445] = 3543 3543
[13446] = 3595 3595
[13447] = 3645 3645
[13448] = 3696 3696
[13449] = 3747 3747
[13450] = 3797 3797
[13451] = 3848 3848
[13452] = 3899 3899
[13453] = 3950 3950
[13454] = 6127 6127
[13455] = 6175 6175
[13456] = 6224 6224
[13457] = 6273 6273
[13458] = 6321 6321
[13459] = 6369 6369
[13460] = 6418 6418
[13461] = 6466 6466
[13462] = 3032 3032
[13463] = 3080 3080
[13464] = 3127 3127
[13465] = 3175 3175
[13466] = 3224 3224
[13467] = 1173 1173
[13468] = 1223 1223
[13469] = 1273 1273
[13470] = 1323 1323
[13471] = 1373 1373
[13472] = 3486 3486
[13473] = 3535 3535
[13474] = 3583 3583
[13475] = 3632 3632
[13476] = 3682 3682
[13477] = 3730 3730
[13478] = 3779 3779
[13479] = 3829 3829
[13480] = 3878 3878
[13481] = 5997 5997
[13482] = 6044 6044
[13483] = 6091 6091
[13484] = 6139 6139
[13485] = 6186 6186
[13486] = 6233 6233
[13487] = 6278 6278
[13488] = 6326 6326
[13489] = 6373 6373
[13490] = 6419 6419
[13491] = 6467 6467
[13492] = 6514 6514
[13493] = 6561 6561
[13494] = 4564 4564
[13495] = 4612 4612
[13496] = 4662 4662
[13497] = 4710 4710
[13498] = 4760 4760
[13499] = 4808 4808
[13500] = 4858 4858
[13501] = 4906 4906
[13502] = 4955 4955
[13503] = 5005 5005
[13504] = 5053 5053
[13505] = 5102 5102
[13506] = 5151 5151
[13507] = 5200 5200
[13508] = 7265 7265
[13509] = 7311 7311
[13510] = 7359 7359
[13511] = 7406 7406
[13512] = 7453 7453
[13513] = 7500 7500
[13514] = 7546 7546
[13515] = 7592 7592
[13516] = 7640 7640
[13517] = 4240 4240
[13518] = 4287 4287
[13519] = 4335 4335
[13520] = 4381 4381
[13521] = 2440 2440
[13522] = 2489 2489
[13523] = 2539 2539
[13524] = 2588 2588
[13525] = 2638 2638
[13526] = 680 680
[13527] = 731 731
[13528] = 781 781
[13529] = 832 832
[13530] = 883 883
[13531] = 933 933
[13532] = 984 984
[13533] = 1034 1034
[13534] = 1084 1084
[13535] = 3095 3095
[13536] = 3145 3145
[13537] = 3216 3216
[13538] = 3288 3288
[13539] = 3360 3360
[13540] = 3431 3431
[13541] = 3503 3503
[13542] = 3575 3575
[13543] = 3647 3647
[13544] = 3718 3718
[13545] = 3789 3789
[13546] = 3860 3860
[13547] = 3932 3932
[13548] = 4004 4004
[13549] = 2143 2143
[13550] = 2217 2217
[13551] = 2290 2290
[13552] = 2364 2364
[13553] = 2436 2436
[13554] = 2510 2510
[13555] = 2583 2583
[13556] = 2656 2656
[13557] = 2729 2729
[13558] = 2802 2802
[13559] = 2876 2876
[13560] = 2948 2948
[13561] = 3021 3021
[13562] = 3094 3094
[13563] = 5071 5071
[13564] = 5141 5141
[13565] = 5212 5212
[13566] = 5283 5283
[13567] = 5354 5354
[13568] = 5424 5424
[13569] = 5495 5495
[13570] = 5565 5565
[13571] = 5636 5636
[13572] = 2298 2298
[13573] = 2369 2369
[13574] = 2441 2441
[13575] = 2513 2513
[13576] = 708 708
[13577] = 782 782
[13578] = 856 856
[13579] = 930 930
[13580] = 1004 1004
[13581] = 3029 3029
[13582] = 3102 3102
[13583] = 3174 3174
[13584] = 3247 3247
[13585] = 3320 3320
[13586] = 3393 3393
[13587] = 3465 3465
[13588] = 3536 3536
[13589] = 3610 3610
[13590] = 5532 5532
[13591] = 5601 5601
[13592] = 5671 5671
[13593] = 5742 5742
[13594] = 5812 5812
[13595] = 5882 5882
[13596] = 5952 5952
[13597] = 6023 6023
[13598] = 6092 6092
[13599] = 6163 6163
[13600] = 6233 6233
[13601] = 6303 6303
[13602] = 6372 6372
[13603] = 4619 4619
[13604] = 4692 4692
[13605] = 4763 4763
[13606] = 4835 4835
[13607] = 4907 4907
[13608] = 4979 4979
[13609] = 5050 5050
[13610] = 5122 5122
[13611] = 5194 5194
[13612] = 5265 5265
[13613] = 5337 5337
[13614] = 5408 5408
[13615] = 5479 5479
[13616] = 5551 5551
[13617] = 7416 7416
[13618] = 7485 7485
[13619] = 7555 7555
[13620] = 7624 7624
[13621] = 7693 7693
[13622] = 7762 7762
[13623] = 7831 7831
[13624] = 7899 7899
[13625] = 7969 7969
[13626] = 4666 4666
[13627] = 4734 4734
[13628] = 4802 4802
[13629] = 4870 4870
[13630] = 4938 4938
[13631] = 3241 3241
[13632] = 3311 3311
[13633] = 3381 3381
[13634] = 3451 3451
[13635] = 1625 1625
[13636] = 1696 1696
[13637] = 1767 1767
[13638] = 1839 1839
[13639] = 1910 1910
[13640] = 1979 1979
[13641] = 2051 2051
[13642] = 2121 2121
[13643] = 2192 2192
[13644] = 2263 2263
[13645] = 4070 4070
[13646] = 4118 4118
[13647] = 4165 4165
[13648] = 4212 4212
[13649] = 4258 4258
[13650] = 4306 4306
[13651] = 4353 4353
[13652] = 4399 4399
[13653] = 4447 4447
[13654] = 4494 4494
[13655] = 4541 4541
[13656] = 4588 4588
[13657] = 4634 4634
[13658] = 2971 2971
[13659] = 3020 3020
[13660] = 3069 3069
[13661] = 3118 3118
[13662] = 3167 3167
[13663] = 3215 3215
[13664] = 3265 3265
[13665] = 3313 3313
[13666] = 3363 3363
[13667] = 3412 3412
[13668] = 3460 3460
[13669] = 3509 3509
[13670] = 3559 3559
[13671] = 3607 3607
[13672] = 5338 5338
[13673] = 5385 5385
[13674] = 5431 5431
[13675] = 5479 5479
[13676] = 5526 5526
[13677] = 5573 5573
[13678] = 5620 5620
[13679] = 5666 5666
[13680] = 5713 5713
[13681] = 2425 2425
[13682] = 2473 2473
[13683] = 2522 2522
[13684] = 2571 2571
[13685] = 963 963
[13686] = 1014 1014
[13687] = 1065 1065
[13688] = 1115 1115
[13689] = 1166 1166
[13690] = 3056 3056
[13691] = 3106 3106
[13692] = 3155 3155
[13693] = 3205 3205
[13694] = 3254 3254
[13695] = 3304 3304
[13696] = 3354 3354
[13697] = 3404 3404
[13698] = 3453 3453
[13699] = 5129 5129
[13700] = 5176 5176
[13701] = 5224 5224
[13702] = 5272 5272
[13703] = 5319 5319
[13704] = 5366 5366
[13705] = 5413 5413
[13706] = 5462 5462
[13707] = 5509 5509
[13708] = 5556 5556
[13709] = 5603 5603
[13710] = 5651 5651
[13711] = 5698 5698
[13712] = 4145 4145
[13713] = 4194 4194
[13714] = 4244 4244
[13715] = 4293 4293
[13716] = 4343 4343
[13717] = 4392 4392
[13718] = 4441 4441
[13719] = 4490 4490
[13720] = 4540 4540
[13721] = 4589 4589
[13722] = 4639 4639
[13723] = 4688 4688
[13724] = 4737 4737
[13725] = 4787 4787
[13726] = 6408 6408
[13727] = 6456 6456
[13728] = 6503 6503
[13729] = 6550 6550
[13730] = 6598 6598
[13731] = 6645 6645
[13732] = 6692 6692
[13733] = 6739 6739
[13734] = 6787 6787
[13735] = 3536 3536
[13736] = 3582 3582
[13737] = 3629 3629
[13738] = 3676 3676
[13739] = 3723 3723
[13740] = 2226 2226
[13741] = 2275 2275
[13742] = 2324 2324
[13743] = 2372 2372
[13744] = 636 636
[13745] = 686 686
[13746] = 736 736
[13747] = 785 785
[13748] = 835 835
[13749] = 885 885
[13750] = 935 935
[13751] = 985 985
[13752] = 1035 1035
[13753] = 1084 1084
[13754] = 2650 2650
[13755] = 2716 2716
[13756] = 2784 2784
[13757] = 2851 2851
[13758] = 2917 2917
[13759] = 2985 2985
[13760] = 3052 3052
[13761] = 3118 3118
[13762] = 3186 3186
[13763] = 3252 3252
[13764] = 3319 3319
[13765] = 3387 3387
[13766] = 3453 3453
[13767] = 2031 2031
[13768] = 2099 2099
[13769] = 2168 2168
[13770] = 2237 2237
[13771] = 2306 2306
[13772] = 2374 2374
[13773] = 2442 2442
[13774] = 2511 2511
[13775] = 2579 2579
[13776] = 2647 2647
[13777] = 2716 2716
[13778] = 2784 2784
[13779] = 2852 2852
[13780] = 2920 2920
[13781] = 4448 4448
[13782] = 4514 4514
[13783] = 4580 4580
[13784] = 4647 4647
[13785] = 4712 4712
[13786] = 4778 4778
[13787] = 4844 4844
[13788] = 4909 4909
[13789] = 4975 4975
[13790] = 1780 1780
[13791] = 1848 1848
[13792] = 1915 1915
[13793] = 1982 1982
[13794] = 616 616
[13795] = 685 685
[13796] = 754 754
[13797] = 824 824
[13798] = 893 893
[13799] = 2690 2690
[13800] = 2758 2758
[13801] = 2826 2826
[13802] = 2894 2894
[13803] = 2962 2962
[13804] = 3031 3031
[13805] = 3099 3099
[13806] = 3166 3166
[13807] = 3234 3234
[13808] = 4707 4707
[13809] = 4772 4772
[13810] = 4837 4837
[13811] = 4903 4903
[13812] = 4969 4969
[13813] = 5034 5034
[13814] = 5100 5100
[13815] = 5165 5165
[13816] = 5230 5230
[13817] = 5296 5296
[13818] = 5361 5361
[13819] = 5426 5426
[13820] = 5492 5492
[13821] = 4178 4178
[13822] = 4244 4244
[13823] = 4311 4311
[13824] = 4378 4378
[13825] = 4445 4445
[13826] = 4511 4511
[13827] = 4579 4579
[13828] = 4645 4645
[13829] = 4712 4712
[13830] = 4779 4779
[13831] = 4845 4845
[13832] = 4912 4912
[13833] = 4979 4979
[13834] = 5046 5046
[13835] = 6462 6462
[13836] = 6526 6526
[13837] = 6591 6591
[13838] = 6655 6655
[13839] = 6720 6720
[13840] = 6784 6784
[13841] = 6848 6848
[13842] = 6912 6912
[13843] = 6977 6977
[13844] = 3817 3817
[13845] = 3880 3880
[13846] = 3944 3944
[13847] = 4007 4007
[13848] = 4071 4071
[13849] = 2812 2812
[13850] = 2878 2878
[13851] = 2943 2943
[13852] = 3009 3009
[13853] = 1400 1400
[13854] = 1465 1465
[13855] = 1532 1532
[13856] = 1598 1598
[13857] = 1665 1665
[13858] = 1731 1731
[13859] = 1797 1797
[13860] = 1862 1862
[13861] = 1929 1929
[13862] = 1995 1995
[13863] = 3354 3354
[13864] = 3401 3401
[13865] = 3446 3446
[13866] = 3492 3492
[13867] = 3539 3539
[13868] = 3586 3586
[13869] = 3632 3632
[13870] = 3679 3679
[13871] = 3724 3724
[13872] = 3771 3771
[13873] = 3817 3817
[13874] = 3863 3863
[13875] = 3910 3910
[13876] = 2689 2689
[13877] = 2738 2738
[13878] = 2786 2786
[13879] = 2835 2835
[13880] = 2883 2883
[13881] = 2931 2931
[13882] = 2980 2980
[13883] = 3027 3027
[13884] = 3076 3076
[13885] = 3125 3125
[13886] = 3172 3172
[13887] = 3221 3221
[13888] = 3269 3269
[13889] = 3317 3317
[13890] = 4604 4604
[13891] = 4651 4651
[13892] = 4697 4697
[13893] = 4742 4742
[13894] = 4788 4788
[13895] = 4835 4835
[13896] = 4881 4881
[13897] = 4927 4927
[13898] = 4974 4974
[13899] = 1833 1833
[13900] = 1880 1880
[13901] = 1927 1927
[13902] = 1975 1975
[13903] = 811 811
[13904] = 862 862
[13905] = 911 911
[13906] = 962 962
[13907] = 1012 1012
[13908] = 2680 2680
[13909] = 2728 2728
[13910] = 2777 2777
[13911] = 2826 2826
[13912] = 2875 2875
[13913] = 2923 2923
[13914] = 2973 2973
[13915] = 3022 3022
[13916] = 3070 3070
[13917] = 4303 4303
[13918] = 4349 4349
[13919] = 4397 4397
[13920] = 4442 4442
[13921] = 4490 4490
[13922] = 4536 4536
[13923] = 4583 4583
[13924] = 4629 4629
[13925] = 4677 4677
[13926] = 4723 4723
[13927] = 4770 4770
[13928] = 4817 4817
[13929] = 4864 4864
[13930] = 4910 4910
[13931] = 3803 3803
[13932] = 3851 3851
[13933] = 3900 3900
[13934] = 3948 3948
[13935] = 3997 3997
[13936] = 4044 4044
[13937] = 4094 4094
[13938] = 4143 4143
[13939] = 4190 4190
[13940] = 4239 4239
[13941] = 4288 4288
[13942] = 4336 4336
[13943] = 4385 4385
[13944] = 4434 4434
[13945] = 5610 5610
[13946] = 5656 5656
[13947] = 5703 5703
[13948] = 5750 5750
[13949] = 5796 5796
[13950] = 5842 5842
[13951] = 5890 5890
[13952] = 5936 5936
[13953] = 2831 2831
[13954] = 2877 2877
[13955] = 2923 2923
[13956] = 2969 2969
[13957] = 3015 3015
[13958] = 1962 1962
[13959] = 2010 2010
[13960] = 2058 2058
[13961] = 2106 2106
[13962] = 592 592
[13963] = 641 641
[13964] = 690 690
[13965] = 739 739
[13966] = 788 788
[13967] = 837 837
[13968] = 887 887
[13969] = 936 936
[13970] = 985 985
[13971] = 1034 1034
[13972] = 2156 2156
[13973] = 2217 2217
[13974] = 2280 2280
[13975] = 2342 2342
[13976] = 2405 2405
[13977] = 2467 2467
[13978] = 2529 2529
[13979] = 2591 2591
[13980] = 2653 2653
[13981] = 2715 2715
[13982] = 2777 2777
[13983] = 2839 2839
[13984] = 2901 2901
[13985] = 1918 1918
[13986] = 1982 1982
[13987] = 2046 2046
[13988] = 2110 2110
[13989] = 2174 2174
[13990] = 2237 2237
[13991] = 2301 2301
[13992] = 2365 2365
[13993] = 2428 2428
[13994] = 2493 2493
[13995] = 2556 2556
[13996] = 2619 2619
[13997] = 2683 2683
[13998] = 2747 2747
[13999] = 3827 3827
[14000] = 3888 3888
[14001] = 3949 3949
[14002] = 4011 4011
[14003] = 4072 4072
[14004] = 4133 4133
[14005] = 4194 4194
[14006] = 4255 4255
[14007] = 4315 4315
[14008] = 1264 1264
[14009] = 1325 1325
[14010] = 1388 1388
[14011] = 1450 1450
[14012] = 523 523
[14013] = 587 587
[14014] = 652 652
[14015] = 716 716
[14016] = 781 781
[14017] = 2352 2352
[14018] = 2416 2416
[14019] = 2479 2479
[14020] = 2541 2541
[14021] = 2605 2605
[14022] = 2668 2668
[14023] = 2731 2731
[14024] = 2795 2795
[14025] = 2857 2857
[14026] = 3882 3882
[14027] = 3943 3943
[14028] = 4004 4004
[14029] = 4065 4065
[14030] = 4126 4126
[14031] = 4186 4186
[14032] = 4247 4247
[14033] = 4308 4308
[14034] = 4368 4368
[14035] = 4429 4429
[14036] = 4489 4489
[14037] = 4549 4549
[14038] = 4610 4610
[14039] = 4670 4670
[14040] = 3797 3797
[14041] = 3860 3860
[14042] = 3921 3921
[14043] = 3983 3983
[14044] = 4046 4046
[14045] = 4107 4107
[14046] = 4170 4170
[14047] = 4232 4232
[14048] = 4294 4294
[14049] = 4355 4355
[14050] = 4418 4418
[14051] = 4479 4479
[14052] = 4541 4541
[14053] = 4602 4602
[14054] = 5569 5569
[14055] = 5630 5630
[14056] = 5688 5688
[14057] = 5748 5748
[14058] = 5807 5807
[14059] = 5866 5866
[14060] = 5926 5926
[14061] = 5985 5985
[14062] = 2969 2969
[14063] = 3027 3027
[14064] = 3085 3085
[14065] = 3145 3145
[14066] = 3203 3203
[14067] = 2383 2383
[14068] = 2444 2444
[14069] = 2504 2504
[14070] = 2565 2565
[14071] = 2626 2626
[14072] = 1236 1236
[14073] = 1297 1297
[14074] = 1359 1359
[14075] = 1420 1420
[14076] = 1481 1481
[14077] = 1543 1543
[14078] = 1604 1604
[14079] = 1665 1665
[14080] = 1726 1726
[14081] = 2638 2638
[14082] = 2683 2683
[14083] = 2729 2729
[14084] = 2775 2775
[14085] = 2821 2821
[14086] = 2867 2867
[14087] = 2912 2912
[14088] = 2958 2958
[14089] = 3004 3004
[14090] = 3049 3049
[14091] = 3095 3095
[14092] = 3141 3141
[14093] = 3187 3187
[14094] = 2408 2408
[14095] = 2456 2456
[14096] = 2503 2503
[14097] = 2551 2551
[14098] = 2598 2598
[14099] = 2647 2647
[14100] = 2694 2694
[14101] = 2741 2741
[14102] = 2789 2789
[14103] = 2837 2837
[14104] = 2884 2884
[14105] = 2932 2932
[14106] = 2980 2980
[14107] = 3028 3028
[14108] = 3870 3870
[14109] = 3916 3916
[14110] = 3961 3961
[14111] = 4007 4007
[14112] = 4053 4053
[14113] = 4098 4098
[14114] = 4143 4143
[14115] = 4189 4189
[14116] = 4234 4234
[14117] = 1241 1241
[14118] = 1287 1287
[14119] = 1333 1333
[14120] = 1379 1379
[14121] = 656 656
[14122] = 704 704
[14123] = 753 753
[14124] = 801 801
[14125] = 849 849
[14126] = 897 897
[14127] = 2341 2341
[14128] = 2388 2388
[14129] = 2435 2435
[14130] = 2482 2482
[14131] = 2529 2529
[14132] = 2576 2576
[14133] = 2623 2623
[14134] = 2670 2670
[14135] = 3457 3457
[14136] = 3503 3503
[14137] = 3548 3548
[14138] = 3593 3593
[14139] = 3638 3638
[14140] = 3683 3683
[14141] = 3728 3728
[14142] = 3773 3773
[14143] = 3818 3818
[14144] = 3864 3864
[14145] = 3908 3908
[14146] = 3954 3954
[14147] = 3998 3998
[14148] = 4044 4044
[14149] = 3376 3376
[14150] = 3424 3424
[14151] = 3470 3470
[14152] = 3518 3518
[14153] = 3565 3565
[14154] = 3611 3611
[14155] = 3659 3659
[14156] = 3705 3705
[14157] = 3752 3752
[14158] = 3800 3800
[14159] = 3847 3847
[14160] = 3893 3893
[14161] = 3940 3940
[14162] = 3987 3987
[14163] = 4718 4718
[14164] = 4763 4763
[14165] = 4807 4807
[14166] = 4852 4852
[14167] = 4897 4897
[14168] = 4942 4942
[14169] = 4987 4987
[14170] = 5031 5031
[14171] = 5076 5076
[14172] = 2119 2119
[14173] = 2165 2165
[14174] = 2212 2212
[14175] = 2258 2258
[14176] = 1648 1648
[14177] = 1696 1696
[14178] = 1745 1745
[14179] = 1793 1793
[14180] = 1841 1841
[14181] = 550 550
[14182] = 600 600
[14183] = 649 649
[14184] = 699 699
[14185] = 748 748
[14186] = 797 797
[14187] = 848 848
[14188] = 897 897
[14189] = 946 946
[14190] = 1624 1624
[14191] = 1682 1682
[14192] = 1741 1741
[14193] = 1799 1799
[14194] = 1859 1859
[14195] = 1918 1918
[14196] = 1976 1976
[14197] = 2035 2035
[14198] = 2092 2092
[14199] = 2151 2151
[14200] = 2209 2209
[14201] = 2268 2268
[14202] = 2326 2326
[14203] = 1783 1783
[14204] = 1843 1843
[14205] = 1904 1904
[14206] = 1963 1963
[14207] = 2023 2023
[14208] = 2084 2084
[14209] = 2143 2143
[14210] = 2203 2203
[14211] = 2264 2264
[14212] = 2323 2323
[14213] = 2383 2383
[14214] = 2442 2442
[14215] = 2503 2503
[14216] = 2562 2562
[14217] = 3195 3195
[14218] = 3252 3252
[14219] = 3310 3310
[14220] = 3367 3367
[14221] = 3426 3426
[14222] = 3483 3483
[14223] = 3540 3540
[14224] = 3598 3598
[14225] = 3655 3655
[14226] = 747 747
[14227] = 803 803
[14228] = 860 860
[14229] = 917 917
[14230] = 974 974
[14231] = 486 486
[14232] = 545 545
[14233] = 603 603
[14234] = 661 661
[14235] = 720 720
[14236] = 2062 2062
[14237] = 2120 2120
[14238] = 2178 2178
[14239] = 2234 2234
[14240] = 2292 2292
[14241] = 2350 2350
[14242] = 2407 2407
[14243] = 2464 2464
[14244] = 2521 2521
[14245] = 3095 3095
[14246] = 3149 3149
[14247] = 3204 3204
[14248] = 3260 3260
[14249] = 3314 3314
[14250] = 3370 3370
[14251] = 3424 3424
[14252] = 3479 3479
[14253] = 3533 3533
[14254] = 3589 3589
[14255] = 3643 3643
[14256] = 3698 3698
[14257] = 3752 3752
[14258] = 3317 3317
[14259] = 3374 3374
[14260] = 3430 3430
[14261] = 3487 3487
[14262] = 3543 3543
[14263] = 3600 3600
[14264] = 3656 3656
[14265] = 3712 3712
[14266] = 3769 3769
[14267] = 3824 3824
[14268] = 3880 3880
[14269] = 3936 3936
[14270] = 3992 3992
[14271] = 4049 4049
[14272] = 4566 4566
[14273] = 4619 4619
[14274] = 4673 4673
[14275] = 4727 4727
[14276] = 4781 4781
[14277] = 4834 4834
[14278] = 4888 4888
[14279] = 4942 4942
[14280] = 4995 4995
[14281] = 2121 2121
[14282] = 2176 2176
[14283] = 2231 2231
[14284] = 2285 2285
[14285] = 1906 1906
[14286] = 1963 1963
[14287] = 2019 2019
[14288] = 2076 2076
[14289] = 2133 2133
[14290] = 960 960
[14291] = 1019 1019
[14292] = 1076 1076
[14293] = 1134 1134
[14294] = 1192 1192
[14295] = 1249 1249
[14296] = 1307 1307
[14297] = 1365 1365
[14298] = 1422 1422
[14299] = 1886 1886
[14300] = 1931 1931
[14301] = 1978 1978
[14302] = 2024 2024
[14303] = 2070 2070
[14304] = 2116 2116
[14305] = 2162 2162
[14306] = 2208 2208
[14307] = 2254 2254
[14308] = 2300 2300
[14309] = 2346 2346
[14310] = 2393 2393
[14311] = 2438 2438
[14312] = 2104 2104
[14313] = 2152 2152
[14314] = 2200 2200
[14315] = 2249 2249
[14316] = 2296 2296
[14317] = 2344 2344
[14318] = 2393 2393
[14319] = 2440 2440
[14320] = 2488 2488
[14321] = 2537 2537
[14322] = 2584 2584
[14323] = 2632 2632
[14324] = 2680 2680
[14325] = 2728 2728
[14326] = 3127 3127
[14327] = 3172 3172
[14328] = 3218 3218
[14329] = 3265 3265
[14330] = 3310 3310
[14331] = 3357 3357
[14332] = 3402 3402
[14333] = 3448 3448
[14334] = 3494 3494
[14335] = 649 649
[14336] = 694 694
[14337] = 739 739
[14338] = 785 785
[14339] = 831 831
[14340] = 553 553
[14341] = 600 600
[14342] = 648 648
[14343] = 695 695
[14344] = 743 743
[14345] = 1963 1963
[14346] = 2010 2010
[14347] = 2057 2057
[14348] = 2103 2103
[14349] = 2149 2149
[14350] = 2196 2196
[14351] = 2243 2243
[14352] = 2289 2289
[14353] = 2335 2335
[14354] = 2677 2677
[14355] = 2720 2720
[14356] = 2765 2765
[14357] = 2809 2809
[14358] = 2853 2853
[14359] = 2898 2898
[14360] = 2942 2942
[14361] = 2987 2987
[14362] = 3031 3031
[14363] = 3076 3076
[14364] = 3120 3120
[14365] = 3165 3165
[14366] = 3208 3208
[14367] = 2985 2985
[14368] = 3031 3031
[14369] = 3078 3078
[14370] = 3125 3125
[14371] = 3170 3170
[14372] = 3217 3217
[14373] = 3264 3264
[14374] = 3309 3309
[14375] = 3356 3356
[14376] = 3402 3402
[14377] = 3449 3449
[14378] = 3494 3494
[14379] = 3541 3541
[14380] = 3587 3587
[14381] = 3874 3874
[14382] = 3918 3918
[14383] = 3963 3963
[14384] = 4006 4006
[14385] = 4050 4050
[14386] = 4094 4094
[14387] = 4138 4138
[14388] = 4182 4182
[14389] = 4227 4227
[14390] = 1417 1417
[14391] = 1462 1462
[14392] = 1508 1508
[14393] = 1554 1554
[14394] = 1387 1387
[14395] = 1434 1434
[14396] = 1483 1483
[14397] = 1531 1531
[14398] = 1579 1579
[14399] = 507 507
[14400] = 556 556
[14401] = 604 604
[14402] = 654 654
[14403] = 702 702
[14404] = 751 751
[14405] = 800 800
[14406] = 849 849
[14407] = 897 897
[14408] = 1132 1132
[14409] = 1185 1185
[14410] = 1240 1240
[14411] = 1293 1293
[14412] = 1347 1347
[14413] = 1401 1401
[14414] = 1454 1454
[14415] = 1508 1508
[14416] = 1561 1561
[14417] = 1614 1614
[14418] = 1669 1669
[14419] = 1722 1722
[14420] = 1776 1776
[14421] = 1671 1671
[14422] = 1727 1727
[14423] = 1782 1782
[14424] = 1837 1837
[14425] = 1893 1893
[14426] = 1948 1948
[14427] = 2003 2003
[14428] = 2059 2059
[14429] = 2114 2114
[14430] = 2169 2169
[14431] = 2224 2224
[14432] = 2279 2279
[14433] = 2334 2334
[14434] = 2389 2389
[14435] = 2574 2574
[14436] = 2626 2626
[14437] = 2679 2679
[14438] = 2733 2733
[14439] = 2785 2785
[14440] = 2838 2838
[14441] = 2891 2891
[14442] = 2942 2942
[14443] = 2996 2996
[14444] = 230 230
[14445] = 282 282
[14446] = 334 334
[14447] = 386 386
[14448] = 437 437
[14449] = 388 388
[14450] = 442 442
[14451] = 496 496
[14452] = 550 550
[14453] = 604 604
[14454] = 1721 1721
[14455] = 1774 1774
[14456] = 1826 1826
[14457] = 1879 1879
[14458] = 1931 1931
[14459] = 1983 1983
[14460] = 2037 2037
[14461] = 2089 2089
[14462] = 2141 2141
[14463] = 2266 2266
[14464] = 2317 2317
[14465] = 2367 2367
[14466] = 2418 2418
[14467] = 2467 2467
[14468] = 2518 2518
[14469] = 2568 2568
[14470] = 2618 2618
[14471] = 2668 2668
[14472] = 2717 2717
[14473] = 2767 2767
[14474] = 2817 2817
[14475] = 2867 2867
[14476] = 2870 2870
[14477] = 2923 2923
[14478] = 2974 2974
[14479] = 3026 3026
[14480] = 3078 3078
[14481] = 3129 3129
[14482] = 3180 3180
[14483] = 3233 3233
[14484] = 3284 3284
[14485] = 3335 3335
[14486] = 3386 3386
[14487] = 3438 3438
[14488] = 3490 3490
[14489] = 3541 3541
[14490] = 3610 3610
[14491] = 3659 3659
[14492] = 3708 3708
[14493] = 3757 3757
[14494] = 3806 3806
[14495] = 3855 3855
[14496] = 3904 3904
[14497] = 3953 3953
[14498] = 4002 4002
[14499] = 1271 1271
[14500] = 1323 1323
[14501] = 1375 1375
[14502] = 1428 1428
[14503] = 1480 1480
[14504] = 1533 1533
[14505] = 1585 1585
[14506] = 1636 1636
[14507] = 1689 1689
[14508] = 733 733
[14509] = 786 786
[14510] = 839 839
[14511] = 891 891
[14512] = 945 945
[14513] = 998 998
[14514] = 1050 1050
[14515] = 1103 1103
[14516] = 1156 1156
[14517] = 1208 1208
[14518] = 1256 1256
[14519] = 1303 1303
[14520] = 1350 1350
[14521] = 1398 1398
[14522] = 1445 1445
[14523] = 1493 1493
[14524] = 1540 1540
[14525] = 1588 1588
[14526] = 1635 1635
[14527] = 1682 1682
[14528] = 1729 1729
[14529] = 1777 1777
[14530] = 1824 1824
[14531] = 1871 1871
[14532] = 1919 1919
[14533] = 1966 1966
[14534] = 2013 2013
[14535] = 2061 2061
[14536] = 2107 2107
[14537] = 2155 2155
[14538] = 2203 2203
[14539] = 2250 2250
[14540] = 2296 2296
[14541] = 2344 2344
[14542] = 2391 2391
[14543] = 2439 2439
[14544] = 2486 2486
[14545] = 2534 2534
[14546] = 2580 2580
[14547] = 2627 2627
[14548] = 2674 2674
[14549] = 2722 2722
[14550] = 2769 2769
[14551] = 2816 2816
[14552] = 2863 2863
[14553] = 167 167
[14554] = 213 213
[14555] = 260 260
[14556] = 307 307
[14557] = 354 354
[14558] = 401 401
[14559] = 448 448
[14560] = 495 495
[14561] = 542 542
[14562] = 588 588
[14563] = 1587 1587
[14564] = 1633 1633
[14565] = 1679 1679
[14566] = 1725 1725
[14567] = 1770 1770
[14568] = 1817 1817
[14569] = 1862 1862
[14570] = 1908 1908
[14571] = 1953 1953
[14572] = 2000 2000
[14573] = 2045 2045
[14574] = 2092 2092
[14575] = 2136 2136
[14576] = 2182 2182
[14577] = 2229 2229
[14578] = 2274 2274
[14579] = 2319 2319
[14580] = 2364 2364
[14581] = 2411 2411
[14582] = 2457 2457
[14583] = 2502 2502
[14584] = 2548 2548
[14585] = 2593 2593
[14586] = 2639 2639
[14587] = 2685 2685
[14588] = 2730 2730
[14589] = 2776 2776
[14590] = 2823 2823
[14591] = 2867 2867
[14592] = 2913 2913
[14593] = 2959 2959
[14594] = 3005 3005
[14595] = 3050 3050
[14596] = 3096 3096
[14597] = 3142 3142
[14598] = 3188 3188
[14599] = 3233 3233
[14600] = 3279 3279
[14601] = 3325 3325
[14602] = 3370 3370
[14603] = 3415 3415
[14604] = 3461 3461
[14605] = 3506 3506
[14606] = 3553 3553
[14607] = 3597 3597
[14608] = 937 937
[14609] = 985 985
[14610] = 1032 1032
[14611] = 1079 1079
[14612] = 1126 1126
[14613] = 1173 1173
[14614] = 1220 1220
[14615] = 1267 1267
[14616] = 1314 1314
[14617] = 464 464
[14618] = 512 512
[14619] = 560 560
[14620] = 609 609
[14621] = 657 657
[14622] = 705 705
[14623] = 752 752
[14624] = 801 801
[14625] = 849 849
[14626] = 898 898
[14627] = 948 948
[14628] = 1000 1000
[14629] = 1051 1051
[14630] = 1102 1102
[14631] = 1153 1153
[14632] = 1204 1204
[14633] = 1255 1255
[14634] = 1306 1306
[14635] = 1357 1357
[14636] = 1408 1408
[14637] = 1459 1459
[14638] = 1509 1509
[14639] = 1560 1560
[14640] = 1610 1610
[14641] = 1662 1662
[14642] = 1712 1712
[14643] = 1762 1762
[14644] = 1814 1814
[14645] = 1864 1864
[14646] = 1914 1914
[14647] = 1964 1964
[14648] = 2015 2015
[14649] = 2065 2065
[14650] = 2115 2115
[14651] = 2165 2165
[14652] = 2215 2215
[14653] = 2266 2266
[14654] = 2315 2315
[14655] = 2366 2366
[14656] = 2416 2416
[14657] = 2466 2466
[14658] = 2515 2515
[14659] = 2566 2566
[14660] = 2616 2616
[14661] = 2666 2666
[14662] = 46 46
[14663] = 94 94
[14664] = 143 143
[14665] = 193 193
[14666] = 242 242
[14667] = 292 292
[14668] = 341 341
[14669] = 391 391
[14670] = 439 439
[14671] = 488 488
[14672] = 1379 1379
[14673] = 1427 1427
[14674] = 1474 1474
[14675] = 1522 1522
[14676] = 1571 1571
[14677] = 1618 1618
[14678] = 1666 1666
[14679] = 1714 1714
[14680] = 1761 1761
[14681] = 1809 1809
[14682] = 1857 1857
[14683] = 1904 1904
[14684] = 1953 1953
[14685] = 2000 2000
[14686] = 2047 2047
[14687] = 2094 2094
[14688] = 2142 2142
[14689] = 2188 2188
[14690] = 2237 2237
[14691] = 2284 2284
[14692] = 2330 2330
[14693] = 2377 2377
[14694] = 2424 2424
[14695] = 2471 2471
[14696] = 2519 2519
[14697] = 2565 2565
[14698] = 2612 2612
[14699] = 2660 2660
[14700] = 2706 2706
[14701] = 2753 2753
[14702] = 2800 2800
[14703] = 2846 2846
[14704] = 2894 2894
[14705] = 2940 2940
[14706] = 2987 2987
[14707] = 3033 3033
[14708] = 3079 3079
[14709] = 3126 3126
[14710] = 3172 3172
[14711] = 3219 3219
[14712] = 3265 3265
[14713] = 3311 3311
[14714] = 3358 3358
[14715] = 3404 3404
[14716] = 3450 3450
[14717] = 864 864
[14718] = 910 910
[14719] = 957 957
[14720] = 1004 1004
[14721] = 1051 1051
[14722] = 1096 1096
[14723] = 1143 1143
[14724] = 1190 1190
[14725] = 1237 1237
[14726] = 497 497
[14727] = 544 544
[14728] = 592 592
[14729] = 639 639
[14730] = 686 686
[14731] = 733 733
[14732] = 781 781
[14733] = 827 827
[14734] = 875 875
[14735] = 922 922
[14736] = 969 969
[14737] = 1014 1014
[14738] = 1059 1059
[14739] = 1106 1106
[14740] = 1151 1151
[14741] = 1197 1197
[14742] = 1242 1242
[14743] = 1289 1289
[14744] = 1334 1334
[14745] = 1380 1380
[14746] = 1425 1425
[14747] = 1471 1471
[14748] = 1517 1517
[14749] = 1563 1563
[14750] = 1609 1609
[14751] = 1654 1654
[14752] = 1700 1700
[14753] = 1746 1746
[14754] = 1792 1792
[14755] = 1837 1837
[14756] = 1883 1883
[14757] = 1928 1928
[14758] = 1974 1974
[14759] = 2020 2020
[14760] = 2065 2065
[14761] = 2111 2111
[14762] = 2157 2157
[14763] = 2202 2202
[14764] = 2248 2248
[14765] = 2294 2294
[14766] = 2339 2339
[14767] = 2385 2385
[14768] = 2431 2431
[14769] = 2476 2476
[14770] = 2522 2522
[14771] = 2567 2567
[14772] = 18 18
[14773] = 64 64
[14774] = 111 111
[14775] = 159 159
[14776] = 206 206
[14777] = 252 252
[14778] = 300 300
[14779] = 347 347
[14780] = 394 394
[14781] = 1171 1171
[14782] = 1218 1218
[14783] = 1264 1264
[14784] = 1309 1309
[14785] = 1355 1355
[14786] = 1402 1402
[14787] = 1448 1448
[14788] = 1493 1493
[14789] = 1540 1540
[14790] = 1586 1586
[14791] = 1632 1632
[14792] = 1678 1678
[14793] = 1723 1723
[14794] = 1770 1770
[14795] = 1815 1815
[14796] = 1862 1862
[14797] = 1907 1907
[14798] = 1954 1954
[14799] = 2000 2000
[14800] = 2046 2046
[14801] = 2093 2093
[14802] = 2139 2139
[14803] = 2185 2185
[14804] = 2232 2232
[14805] = 2278 2278
[14806] = 2323 2323
[14807] = 2369 2369
[14808] = 2417 2417
[14809] = 2462 2462
[14810] = 2508 2508
[14811] = 2554 2554
[14812] = 2600 2600
[14813] = 2646 2646
[14814] = 2692 2692
[14815] = 2738 2738
[14816] = 2784 2784
[14817] = 2830 2830
[14818] = 2876 2876
[14819] = 2922 2922
[14820] = 2968 2968
[14821] = 3013 3013
[14822] = 3059 3059
[14823] = 3105 3105
[14824] = 3151 3151
[14825] = 3197 3197
[14826] = 684 684
[14827] = 729 729
[14828] = 774 774
[14829] = 820 820
[14830] = 865 865
[14831] = 911 911
[14832] = 956 956
[14833] = 1001 1001
[14834] = 1047 1047
[14835] = 417 417
[14836] = 463 463
[14837] = 510 510
[14838] = 556 556
[14839] = 602 602
[14840] = 648 648
[14841] = 694 694
[14842] = 741 741
[14843] = 787 787
[14844] = 833 833
[14845] = 879 879
[14846] = 925 925
[14847] = 971 971
[14848] = 1017 1017
[14849] = 1063 1063
[14850] = 1109 1109
[14851] = 1155 1155
[14852] = 1201 1201
[14853] = 1247 1247
[14854] = 1292 1292
[14855] = 1338 1338
[14856] = 1384 1384
[14857] = 1430 1430
[14858] = 1476 1476
[14859] = 1521 1521
[14860] = 1567 1567
[14861] = 1613 1613
[14862] = 1658 1658
[14863] = 1704 1704
[14864] = 1750 1750
[14865] = 1795 1795
[14866] = 1841 1841
[14867] = 1886 1886
[14868] = 1932 1932
[14869] = 1977 1977
[14870] = 2023 2023
[14871] = 2068 2068
[14872] = 2113 2113
[14873] = 2159 2159
[14874] = 2204 2204
[14875] = 2249 2249
[14876] = 2295 2295
[14877] = 2340 2340
[14878] = 2385 2385
[14879] = 2431 2431
[14880] = 2476 2476
[14881] = 0 0
[14882] = 46 46
[14883] = 93 93
[14884] = 139 139
[14885] = 186 186
[14886] = 233 233
[14887] = 279 279
[14888] = 326 326
[14889] = 372 372
[14890] = 1038 1038
[14891] = 1083 1083
[14892] = 1129 1129
[14893] = 1174 1174
[14894] = 1219 1219
[14895] = 1265 1265
[14896] = 1310 1310
[14897] = 1355 1355
[14898] = 1401 1401
[14899] = 1446 1446
[14900] = 1491 1491
[14901] = 1536 1536
[14902] = 1581 1581
[14903] = 1627 1627
[14904] = 1672 1672
[14905] = 1717 1717
[14906] = 1762 1762
[14907] = 1807 1807
[14908] = 1852 1852
[14909] = 1897 1897
[14910] = 1942 1942
[14911] = 1987 1987
[14912] = 2032 2032
[14913] = 2077 2077
[14914] = 2122 2122
[14915] = 2167 2167
[14916] = 2211 2211
[14917] = 2256 2256
[14918] = 2301 2301
[14919] = 2346 2346
[14920] = 2389 2389
[14921] = 2435 2435
[14922] = 2480 2480
[14923] = 2523 2523
[14924] = 2568 2568
[14925] = 2613 2613
[14926] = 2657 2657
[14927] = 2702 2702
[14928] = 2746 2746
[14929] = 2791 2791
[14930] = 2835 2835
[14931] = 2880 2880
[14932] = 2924 2924
[14933] = 2969 2969
[14934] = 3013 3013
[14935] = 573 573
[14936] = 617 617
[14937] = 661 661
[14938] = 705 705
[14939] = 749 749
[14940] = 793 793
[14941] = 837 837
[14942] = 881 881
[14943] = 925 925
[14944] = 405 405
[14945] = 450 450
[14946] = 495 495
[14947] = 540 540
[14948] = 585 585
[14949] = 630 630
[14950] = 674 674
[14951] = 719 719
[14952] = 764 764
[14953] = 809 809
[14954] = 853 853
[14955] = 898 898
[14956] = 943 943
[14957] = 987 987
[14958] = 1032 1032
[14959] = 1077 1077
[14960] = 1121 1121
[14961] = 1166 1166
[14962] = 1210 1210
[14963] = 1255 1255
[14964] = 1299 1299
[14965] = 1344 1344
[14966] = 1388 1388
[14967] = 1433 1433
[14968] = 1477 1477
[14969] = 1521 1521
[14970] = 1566 1566
[14971] = 1610 1610
[14972] = 1654 1654
[14973] = 1699 1699
[14974] = 1743 1743
[14975] = 1787 1787
[14976] = 1831 1831
[14977] = 1875 1875
[14978] = 1919 1919
[14979] = 1964 1964
[14980] = 2008 2008
[14981] = 2052 2052
[14982] = 2096 2096
[14983] = 2140 2140
[14984] = 2184 2184
[14985] = 2228 2228
[14986] = 2272 2272
[14987] = 2315 2315
[14988] = 2359 2359
[14989] = 2403 2403
[14990] = 0 0
[14991] = 45 45
[14992] = 90 90
[14993] = 135 135
[14994] = 181 181
[14995] = 226 226
[14996] = 271 271
[14997] = 316 316
[14998] = 361 361
[14999] = 914 914
[15000] = 958 958
[15001] = 1002 1002
[15002] = 1047 1047
[15003] = 1091 1091
[15004] = 1135 1135
[15005] = 1179 1179
[15006] = 1222 1222
[15007] = 1266 1266
[15008] = 1310 1310
[15009] = 1354 1354
[15010] = 1398 1398
[15011] = 1442 1442
[15012] = 1485 1485
[15013] = 1529 1529
[15014] = 1573 1573
[15015] = 1617 1617
[15016] = 1660 1660
[15017] = 1704 1704
[15018] = 1748 1748
[15019] = 1791 1791
[15020] = 1835 1835
[15021] = 1878 1878
[15022] = 1922 1922
[15023] = 1965 1965
[15024] = 2009 2009
[15025] = 2052 2052
[15026] = 2096 2096
[15027] = 2139 2139
[15028] = 2183 2183
[15029] = 2226 2226
[15030] = 2269 2269
[15031] = 2313 2313
[15032] = 2356 2356
[15033] = 2399 2399
[15034] = 2442 2442
[15035] = 2486 2486
[15036] = 2529 2529
[15037] = 2571 2571
[15038] = 2615 2615
[15039] = 2658 2658
[15040] = 2700 2700
[15041] = 2743 2743
[15042] = 2786 2786
[15043] = 2829 2829
[15044] = 462 462
[15045] = 504 504
[15046] = 547 547
[15047] = 590 590
[15048] = 633 633
[15049] = 675 675
[15050] = 718 718
[15051] = 761 761
[15052] = 803 803
[15053] = 393 393
[15054] = 437 437
[15055] = 480 480
[15056] = 524 524
[15057] = 567 567
[15058] = 611 611
[15059] = 654 654
[15060] = 698 698
[15061] = 741 741
[15062] = 784 784
[15063] = 828 828
[15064] = 871 871
[15065] = 915 915
[15066] = 958 958
[15067] = 1001 1001
[15068] = 1044 1044
[15069] = 1088 1088
[15070] = 1131 1131
[15071] = 1174 1174
[15072] = 1217 1217
[15073] = 1260 1260
[15074] = 1303 1303
[15075] = 1346 1346
[15076] = 1390 1390
[15077] = 1433 1433
[15078] = 1476 1476
[15079] = 1519 1519
[15080] = 1562 1562
[15081] = 1605 1605
[15082] = 1647 1647
[15083] = 1690 1690
[15084] = 1733 1733
[15085] = 1776 1776
[15086] = 1819 1819
[15087] = 1862 1862
[15088] = 1904 1904
[15089] = 1947 1947
[15090] = 1990 1990
[15091] = 2032 2032
[15092] = 2075 2075
[15093] = 2118 2118
[15094] = 2160 2160
[15095] = 2203 2203
[15096] = 2246 2246
[15097] = 2288 2288
[15098] = 2331 2331
[15099] = 0 0
[15100] = 43 43
[15101] = 87 87
[15102] = 131 131
[15103] = 175 175
[15104] = 219 219
[15105] = 263 263
[15106] = 307 307
[15107] = 350 350
[15108] = 791 791
[15109] = 834 834
[15110] = 876 876
[15111] = 919 919
[15112] = 962 962
[15113] = 1004 1004
[15114] = 1047 1047
[15115] = 1089 1089
[15116] = 1132 1132
[15117] = 1175 1175
[15118] = 1217 1217
[15119] = 1260 1260
[15120] = 1302 1302
[15121] = 1344 1344
[15122] = 1387 1387
[15123] = 1429 1429
[15124] = 1471 1471
[15125] = 1514 1514
[15126] = 1556 1556
[15127] = 1598 1598
[15128] = 1641 1641
[15129] = 1683 1683
[15130] = 1725 1725
[15131] = 1767 1767
[15132] = 1809 1809
[15133] = 1851 1851
[15134] = 1893 1893
[15135] = 1936 1936
[15136] = 1978 1978
[15137] = 2020 2020
[15138] = 2062 2062
[15139] = 2104 2104
[15140] = 2146 2146
[15141] = 2188 2188
[15142] = 2229 2229
[15143] = 2271 2271
[15144] = 2313 2313
[15145] = 2355 2355
[15146] = 2397 2397
[15147] = 2438 2438
[15148] = 2480 2480
[15149] = 2522 2522
[15150] = 2564 2564
[15151] = 2605 2605
[15152] = 2647 2647
[15153] = 352 352
[15154] = 392 392
[15155] = 433 433
[15156] = 476 476
[15157] = 516 516
[15158] = 558 558
[15159] = 599 599
[15160] = 640 640
[15161] = 682 682
[15162] = 381 381
[15163] = 423 423
[15164] = 465 465
[15165] = 508 508
[15166] = 550 550
[15167] = 592 592
[15168] = 634 634
[15169] = 676 676
[15170] = 718 718
[15171] = 760 760
[15172] = 802 802
[15173] = 844 844
[15174] = 886 886
[15175] = 928 928
[15176] = 970 970
[15177] = 1012 1012
[15178] = 1054 1054
[15179] = 1096 1096
[15180] = 1138 1138
[15181] = 1180 1180
[15182] = 1221 1221
[15183] = 1263 1263
[15184] = 1305 1305
[15185] = 1347 1347
[15186] = 1388 1388
[15187] = 1430 1430
[15188] = 1472 1472
[15189] = 1513 1513
[15190] = 1555 1555
[15191] = 1596 1596
[15192] = 1638 1638
[15193] = 1679 1679
[15194] = 1721 1721
[15195] = 1762 1762
[15196] = 1804 1804
[15197] = 1845 1845
[15198] = 1887 1887
[15199] = 1928 1928
[15200] = 1969 1969
[15201] = 2011 2011
[15202] = 2052 2052
[15203] = 2093 2093
[15204] = 2134 2134
[15205] = 2176 2176
[15206] = 2217 2217
[15207] = 2258 2258
[15208] = 0 0
[15209] = 42 42
[15210] = 85 85
[15211] = 127 127
[15212] = 170 170
[15213] = 212 212
[15214] = 255 255
[15215] = 297 297
[15216] = 339 339
[15217] = 668 668
[15218] = 709 709
[15219] = 750 750
[15220] = 792 792
[15221] = 833 833
[15222] = 874 874
[15223] = 915 915
[15224] = 957 957
[15225] = 998 998
[15226] = 1039 1039
[15227] = 1080 1080
[15228] = 1121 1121
[15229] = 1162 1162
[15230] = 1203 1203
[15231] = 1244 1244
[15232] = 1285 1285
[15233] = 1326 1326
[15234] = 1367 1367
[15235] = 1408 1408
[15236] = 1449 1449
[15237] = 1490 1490
[15238] = 1531 1531
[15239] = 1572 1572
[15240] = 1612 1612
[15241] = 1653 1653
[15242] = 1694 1694
[15243] = 1735 1735
[15244] = 1775 1775
[15245] = 1816 1816
[15246] = 1857 1857
[15247] = 1897 1897
[15248] = 1938 1938
[15249] = 1979 1979
[15250] = 2019 2019
[15251] = 2060 2060
[15252] = 2100 2100
[15253] = 2140 2140
[15254] = 2181 2181
[15255] = 2221 2221
[15256] = 2262 2262
[15257] = 2302 2302
[15258] = 2342 2342
[15259] = 2383 2383
[15260] = 2423 2423
[15261] = 2463 2463
[15262] = 241 241
[15263] = 281 281
[15264] = 321 321
[15265] = 361 361
[15266] = 401 401
[15267] = 441 441
[15268] = 480 480
[15269] = 521 521
[15270] = 561 561
[15271] = 600 600
[15272] = 410 410
[15273] = 451 451
[15274] = 491 491
[15275] = 532 532
[15276] = 573 573
[15277] = 614 614
[15278] = 655 655
[15279] = 695 695
[15280] = 736 736
[15281] = 777 777
[15282] = 817 817
[15283] = 858 858
[15284] = 899 899
[15285] = 939 939
[15286] = 980 980
[15287] = 1020 1020
[15288] = 1061 1061
[15289] = 1101 1101
[15290] = 1142 1142
[15291] = 1182 1182
[15292] = 1223 1223
[15293] = 1263 1263
[15294] = 1304 1304
[15295] = 1344 1344
[15296] = 1384 1384
[15297] = 1425 1425
[15298] = 1465 1465
[15299] = 1505 1505
[15300] = 1545 1545
[15301] = 1585 1585
[15302] = 1626 1626
[15303] = 1666 1666
[15304] = 1706 1706
[15305] = 1746 1746
[15306] = 1786 1786
[15307] = 1826 1826
[15308] = 1866 1866
[15309] = 1906 1906
[15310] = 1946 1946
[15311] = 1986 1986
[15312] = 2026 2026
[15313] = 2066 2066
[15314] = 2106 2106
[15315] = 2146 2146
[15316] = 2185 2185
[15317] = 0 0
[15318] = 40 40
[15319] = 80 80
[15320] = 121 121
[15321] = 161 161
[15322] = 201 201
[15323] = 242 242
[15324] = 282 282
[15325] = 322 322
[15326] = 363 363
[15327] = 578 578
[15328] = 616 616
[15329] = 655 655
[15330] = 694 694
[15331] = 734 734
[15332] = 773 773
[15333] = 812 812
[15334] = 851 851
[15335] = 890 890
[15336] = 929 929
[15337] = 968 968
[15338] = 1007 1007
[15339] = 1046 1046
[15340] = 1085 1085
[15341] = 1124 1124
[15342] = 1162 1162
[15343] = 1201 1201
[15344] = 1240 1240
[15345] = 1279 1279
[15346] = 1318 1318
[15347] = 1356 1356
[15348] = 1395 1395
[15349] = 1434 1434
[15350] = 1473 1473
[15351] = 1511 1511
[15352] = 1550 1550
[15353] = 1588 1588
[15354] = 1627 1627
[15355] = 1666 1666
[15356] = 1704 1704
[15357] = 1743 1743
[15358] = 1781 1781
[15359] = 1819 1819
[15360] = 1858 1858
[15361] = 1896 1896
[15362] = 1935 1935
[15363] = 1973 1973
[15364] = 2011 2011
[15365] = 2050 2050
[15366] = 2088 2088
[15367] = 2126 2126
[15368] = 2164 2164
[15369] = 2203 2203
[15370] = 2241 2241
[15371] = 2279 2279
[15372] = 129 129
[15373] = 168 168
[15374] = 207 207
[15375] = 247 247
[15376] = 286 286
[15377] = 326 326
[15378] = 365 365
[15379] = 404 404
[15380] = 444 444
[15381] = 363 363
[15382] = 403 403
[15383] = 444 444
[15384] = 484 484
[15385] = 524 524
[15386] = 564 564
[15387] = 604 604
[15388] = 645 645
[15389] = 685 685
[15390] = 725 725
[15391] = 765 765
[15392] = 805 805
[15393] = 845 845
[15394] = 885 885
[15395] = 925 925
[15396] = 965 965
[15397] = 1005 1005
[15398] = 1045 1045
[15399] = 1084 1084
[15400] = 1124 1124
[15401] = 1164 1164
[15402] = 1204 1204
[15403] = 1244 1244
[15404] = 1283 1283
[15405] = 1323 1323
[15406] = 1363 1363
[15407] = 1403 1403
[15408] = 1442 1442
[15409] = 1482 1482
[15410] = 1521 1521
[15411] = 1561 1561
[15412] = 1600 1600
[15413] = 1640 1640
[15414] = 1679 1679
[15415] = 1719 1719
[15416] = 1758 1758
[15417] = 1798 1798
[15418] = 1837 1837
[15419] = 1876 1876
[15420] = 1916 1916
[15421] = 1955 1955
[15422] = 1994 1994
[15423] = 2034 2034
[15424] = 2073 2073
[15425] = 2112 2112
[15426] = 0 0
[15427] = 39 39
[15428] = 78 78
[15429] = 117 117
[15430] = 156 156
[15431] = 195 195
[15432] = 234 234
[15433] = 273 273
[15434] = 312 312
[15435] = 351 351
[15436] = 453 453
[15437] = 491 491
[15438] = 529 529
[15439] = 567 567
[15440] = 605 605
[15441] = 642 642
[15442] = 679 679
[15443] = 718 718
[15444] = 756 756
[15445] = 792 792
[15446] = 830 830
[15447] = 868 868
[15448] = 905 905
[15449] = 943 943
[15450] = 980 980
[15451] = 1018 1018
[15452] = 1055 1055
[15453] = 1093 1093
[15454] = 1130 1130
[15455] = 1168 1168
[15456] = 1205 1205
[15457] = 1242 1242
[15458] = 1280 1280
[15459] = 1317 1317
[15460] = 1354 1354
[15461] = 1392 1392
[15462] = 1429 1429
[15463] = 1466 1466
[15464] = 1503 1503
[15465] = 1541 1541
[15466] = 1578 1578
[15467] = 1615 1615
[15468] = 1652 1652
[15469] = 1689 1689
[15470] = 1726 1726
[15471] = 1763 1763
[15472] = 1800 1800
[15473] = 1837 1837
[15474] = 1874 1874
[15475] = 1911 1911
[15476] = 1948 1948
[15477] = 1985 1985
[15478] = 2022 2022
[15479] = 2058 2058
[15480] = 2095 2095
[15481] = 18 18
[15482] = 56 56
[15483] = 94 94
[15484] = 132 132
[15485] = 170 170
[15486] = 208 208
[15487] = 246 246
[15488] = 284 284
[15489] = 322 322
[15490] = 351 351
[15491] = 390 390
[15492] = 429 429
[15493] = 468 468
[15494] = 506 506
[15495] = 545 545
[15496] = 584 584
[15497] = 623 623
[15498] = 661 661
[15499] = 700 700
[15500] = 739 739
[15501] = 778 778
[15502] = 816 816
[15503] = 855 855
[15504] = 893 893
[15505] = 932 932
[15506] = 971 971
[15507] = 1009 1009
[15508] = 1048 1048
[15509] = 1086 1086
[15510] = 1125 1125
[15511] = 1163 1163
[15512] = 1201 1201
[15513] = 1240 1240
[15514] = 1278 1278
[15515] = 1316 1316
[15516] = 1355 1355
[15517] = 1393 1393
[15518] = 1431 1431
[15519] = 1469 1469
[15520] = 1508 1508
[15521] = 1546 1546
[15522] = 1584 1584
[15523] = 1622 1622
[15524] = 1660 1660
[15525] = 1698 1698
[15526] = 1736 1736
[15527] = 1774 1774
[15528] = 1812 1812
[15529] = 1850 1850
[15530] = 1888 1888
[15531] = 1926 1926
[15532] = 1964 1964
[15533] = 2002 2002
[15534] = 2040 2040
[15535] = 0 0
[15536] = 37 37
[15537] = 75 75
[15538] = 113 113
[15539] = 150 150
[15540] = 188 188
[15541] = 226 226
[15542] = 263 263
[15543] = 301 301
[15544] = 338 338
[15545] = 376 376
[15546] = 414 414
[15547] = 451 451
[15548] = 489 489
[15549] = 526 526
[15550] = 563 563
[15551] = 601 601
[15552] = 638 638
[15553] = 676 676
[15554] = 713 713
[15555] = 750 750
[15556] = 787 787
[15557] = 825 825
[15558] = 862 862
[15559] = 899 899
[15560] = 936 936
[15561] = 973 973
[15562] = 1011 1011
[15563] = 1048 1048
[15564] = 1085 1085
[15565] = 1122 1122
[15566] = 1159 1159
[15567] = 1196 1196
[15568] = 1233 1233
[15569] = 1270 1270
[15570] = 1307 1307
[15571] = 1344 1344
[15572] = 1381 1381
[15573] = 1417 1417
[15574] = 1454 1454
[15575] = 1491 1491
[15576] = 1528 1528
[15577] = 1564 1564
[15578] = 1601 1601
[15579] = 1638 1638
[15580] = 1675 1675
[15581] = 1711 1711
[15582] = 1748 1748
[15583] = 1785 1785
[15584] = 1821 1821
[15585] = 1858 1858
[15586] = 1894 1894
[15587] = 1931 1931
[15588] = 1967 1967
[15589] = 2004 2004
[15590] = 0 0
[15591] = 37 37
[15592] = 75 75
[15593] = 113 113
[15594] = 150 150
[15595] = 188 188
[15596] = 226 226
[15597] = 263 263
[15598] = 301 301
[15599] = 338 338
[15600] = 376 376
[15601] = 414 414
[15602] = 451 451
[15603] = 489 489
[15604] = 526 526
[15605] = 563 563
[15606] = 601 601
[15607] = 638 638
[15608] = 676 676
[15609] = 713 713
[15610] = 750 750
[15611] = 787 787
[15612] = 825 825
[15613] = 862 862
[15614] = 899 899
[15615] = 936 936
[15616] = 974 974
[15617] = 1011 1011
[15618] = 1048 1048
[15619] = 1085 1085
[15620] = 1122 1122
[15621] = 1159 1159
[15622] = 1196 1196
[15623] = 1233 1233
[15624] = 1270 1270
[15625] = 1307 1307
[15626] = 1344 1344
[15627] = 1381 1381
[15628] = 1417 1417
[15629] = 1454 1454
[15630] = 1491 1491
[15631] = 1528 1528
[15632] = 1564 1564
[15633] = 1601 1601
[15634] = 1638 1638
[15635] = 1675 1675
[15636] = 1711 1711
[15637] = 1748 1748
[15638] = 1784 1784
[15639] = 1821 1821
[15640] = 1858 1858
[15641] = 1894 1894
[15642] = 1931 1931
[15643] = 1967 1967
[15644] = 0 0
[15645] = 36 36
[15646] = 72 72
[15647] = 109 109
[15648] = 145 145
[15649] = 181 181
[15650] = 218 218
[15651] = 254 254
[15652] = 290 290
[15653] = 326 326
[15654] = 363 363
[15655] = 399 399
[15656] = 435 435
[15657] = 471 471
[15658] = 507 507
[15659] = 543 543
[15660] = 579 579
[15661] = 615 615
[15662] = 651 651
[15663] = 687 687
[15664] = 723 723
[15665] = 759 759
[15666] = 795 795
[15667] = 831 831
[15668] = 867 867
[15669] = 903 903
[15670] = 938 938
[15671] = 974 974
[15672] = 1010 1010
[15673] = 1046 1046
[15674] = 1081 1081
[15675] = 1117 1117
[15676] = 1153 1153
[15677] = 1188 1188
[15678] = 1224 1224
[15679] = 1260 1260
[15680] = 1295 1295
[15681] = 1331 1331
[15682] = 1366 1366
[15683] = 1402 1402
[15684] = 1437 1437
[15685] = 1473 1473
[15686] = 1508 1508
[15687] = 1543 1543
[15688] = 1579 1579
[15689] = 1614 1614
[15690] = 1650 1650
[15691] = 1685 1685
[15692] = 1720 1720
[15693] = 1755 1755
[15694] = 1790 1790
[15695] = 1826 1826
[15696] = 1861 1861
[15697] = 1896 1896
[15698] = 1931 1931
[15699] = 0 0
[15700] = 36 36
[15701] = 72 72
[15702] = 109 109
[15703] = 145 145
[15704] = 181 181
[15705] = 218 218
[15706] = 254 254
[15707] = 290 290
[15708] = 326 326
[15709] = 362 362
[15710] = 399 399
[15711] = 435 435
[15712] = 471 471
[15713] = 507 507
[15714] = 543 543
[15715] = 579 579
[15716] = 615 615
[15717] = 651 651
[15718] = 687 687
[15719] = 723 723
[15720] = 759 759
[15721] = 795 795
[15722] = 830 830
[15723] = 866 866
[15724] = 902 902
[15725] = 938 938
[15726] = 974 974
[15727] = 1009 1009
[15728] = 1045 1045
[15729] = 1081 1081
[15730] = 1116 1116
[15731] = 1152 1152
[15732] = 1188 1188
[15733] = 1223 1223
[15734] = 1259 1259
[15735] = 1294 1294
[15736] = 1330 1330
[15737] = 1365 1365
[15738] = 1401 1401
[15739] = 1436 1436
[15740] = 1472 1472
[15741] = 1507 1507
[15742] = 1542 1542
[15743] = 1578 1578
[15744] = 1613 1613
[15745] = 1648 1648
[15746] = 1683 1683
[15747] = 1719 1719
[15748] = 1754 1754
[15749] = 1789 1789
[15750] = 1824 1824
[15751] = 1859 1859
[15752] = 1894 1894
[15753] = 0 0
[15754] = 35 35
[15755] = 70 70
[15756] = 105 105
[15757] = 140 140
[15758] = 175 175
[15759] = 210 210
[15760] = 244 244
[15761] = 279 279
[15762] = 314 314
[15763] = 349 349
[15764] = 384 384
[15765] = 419 419
[15766] = 454 454
[15767] = 488 488
[15768] = 523 523
[15769] = 558 558
[15770] = 592 592
[15771] = 627 627
[15772] = 662 662
[15773] = 696 696
[15774] = 731 731
[15775] = 766 766
[15776] = 800 800
[15777] = 835 835
[15778] = 869 869
[15779] = 904 904
[15780] = 938 938
[15781] = 972 972
[15782] = 1007 1007
[15783] = 1041 1041
[15784] = 1075 1075
[15785] = 1110 1110
[15786] = 1144 1144
[15787] = 1178 1178
[15788] = 1213 1213
[15789] = 1247 1247
[15790] = 1281 1281
[15791] = 1315 1315
[15792] = 1349 1349
[15793] = 1383 1383
[15794] = 1418 1418
[15795] = 1452 1452
[15796] = 1486 1486
[15797] = 1520 1520
[15798] = 1554 1554
[15799] = 1588 1588
[15800] = 1622 1622
[15801] = 1656 1656
[15802] = 1689 1689
[15803] = 1723 1723
[15804] = 1757 1757
[15805] = 1791 1791
[15806] = 1825 1825
[15807] = 1859 1859
[15808] = 0 0
[15809] = 34 34
[15810] = 69 69
[15811] = 104 104
[15812] = 139 139
[15813] = 174 174
[15814] = 209 209
[15815] = 244 244
[15816] = 279 279
[15817] = 314 314
[15818] = 349 349
[15819] = 384 384
[15820] = 418 418
[15821] = 453 453
[15822] = 488 488
[15823] = 522 522
[15824] = 557 557
[15825] = 592 592
[15826] = 626 626
[15827] = 661 661
[15828] = 695 695
[15829] = 730 730
[15830] = 765 765
[15831] = 799 799
[15832] = 833 833
[15833] = 868 868
[15834] = 902 902
[15835] = 937 937
[15836] = 971 971
[15837] = 1005 1005
[15838] = 1040 1040
[15839] = 1074 1074
[15840] = 1108 1108
[15841] = 1143 1143
[15842] = 1177 1177
[15843] = 1211 1211
[15844] = 1245 1245
[15845] = 1279 1279
[15846] = 1313 1313
[15847] = 1347 1347
[15848] = 1381 1381
[15849] = 1415 1415
[15850] = 1449 1449
[15851] = 1483 1483
[15852] = 1517 1517
[15853] = 1551 1551
[15854] = 1585 1585
[15855] = 1619 1619
[15856] = 1653 1653
[15857] = 1687 1687
[15858] = 1721 1721
[15859] = 1755 1755
[15860] = 1788 1788
[15861] = 1822 1822
[15862] = 0 0
[15863] = 33 33
[15864] = 67 67
[15865] = 101 101
[15866] = 134 134
[15867] = 168 168
[15868] = 202 202
[15869] = 235 235
[15870] = 269 269
[15871] = 302 302
[15872] = 336 336
[15873] = 369 369
[15874] = 403 403
[15875] = 436 436
[15876] = 469 469
[15877] = 503 503
[15878] = 536 536
[15879] = 570 570
[15880] = 603 603
[15881] = 636 636
[15882] = 669 669
[15883] = 703 703
[15884] = 736 736
[15885] = 769 769
[15886] = 802 802
[15887] = 835 835
[15888] = 869 869
[15889] = 902 902
[15890] = 935 935
[15891] = 968 968
[15892] = 1001 1001
[15893] = 1034 1034
[15894] = 1067 1067
[15895] = 1100 1100
[15896] = 1133 1133
[15897] = 1166 1166
[15898] = 1198 1198
[15899] = 1231 1231
[15900] = 1264 1264
[15901] = 1297 1297
[15902] = 1330 1330
[15903] = 1362 1362
[15904] = 1395 1395
[15905] = 1428 1428
[15906] = 1461 1461
[15907] = 1493 1493
[15908] = 1526 1526
[15909] = 1558 1558
[15910] = 1591 1591
[15911] = 1624 1624
[15912] = 1656 1656
[15913] = 1689 1689
[15914] = 1721 1721
[15915] = 1754 1754
[15916] = 1786 1786
[15917] = 0 0
[15918] = 32 32
[15919] = 66 66
[15920] = 99 99
[15921] = 131 131
[15922] = 164 164
[15923] = 197 197
[15924] = 230 230
[15925] = 263 263
[15926] = 296 296
[15927] = 329 329
[15928] = 362 362
[15929] = 395 395
[15930] = 427 427
[15931] = 460 460
[15932] = 493 493
[15933] = 525 525
[15934] = 558 558
[15935] = 591 591
[15936] = 623 623
[15937] = 656 656
[15938] = 688 688
[15939] = 721 721
[15940] = 754 754
[15941] = 786 786
[15942] = 818 818
[15943] = 851 851
[15944] = 883 883
[15945] = 916 916
[15946] = 948 948
[15947] = 980 980
[15948] = 1013 1013
[15949] = 1045 1045
[15950] = 1077 1077
[15951] = 1110 1110
[15952] = 1142 1142
[15953] = 1174 1174
[15954] = 1206 1206
[15955] = 1238 1238
[15956] = 1271 1271
[15957] = 1302 1302
[15958] = 1335 1335
[15959] = 1367 1367
[15960] = 1399 1399
[15961] = 1431 1431
[15962] = 1463 1463
[15963] = 1495 1495
[15964] = 1527 1527
[15965] = 1558 1558
[15966] = 1590 1590
[15967] = 1622 1622
[15968] = 1654 1654
[15969] = 1686 1686
[15970] = 1718 1718
[15971] = 1749 1749
[15972] = 0 0
[15973] = 32 32
[15974] = 65 65
[15975] = 98 98
[15976] = 131 131
[15977] = 164 164
[15978] = 197 197
[15979] = 230 230
[15980] = 263 263
[15981] = 295 295
[15982] = 328 328
[15983] = 361 361
[15984] = 394 394
[15985] = 426 426
[15986] = 459 459
[15987] = 492 492
[15988] = 524 524
[15989] = 557 557
[15990] = 589 589
[15991] = 622 622
[15992] = 654 654
[15993] = 687 687
[15994] = 719 719
[15995] = 752 752
[15996] = 784 784
[15997] = 816 816
[15998] = 849 849
[15999] = 881 881
[16000] = 913 913
[16001] = 946 946
[16002] = 978 978
[16003] = 1010 1010
[16004] = 1042 1042
[16005] = 1075 1075
[16006] = 1107 1107
[16007] = 1139 1139
[16008] = 1171 1171
[16009] = 1203 1203
[16010] = 1235 1235
[16011] = 1267 1267
[16012] = 1299 1299
[16013] = 1331 1331
[16014] = 1363 1363
[16015] = 1395 1395
[16016] = 1427 1427
[16017] = 1459 1459
[16018] = 1490 1490
[16019] = 1522 1522
[16020] = 1554 1554
[16021] = 1586 1586
[16022] = 1618 1618
[16023] = 1649 1649
[16024] = 1681 1681
[16025] = 1713 1713
[16026] = 0 0
[16027] = 31 31
[16028] = 63 63
[16029] = 94 94
[16030] = 126 126
[16031] = 158 158
[16032] = 189 189
[16033] = 221 221
[16034] = 252 252
[16035] = 284 284
[16036] = 315 315
[16037] = 347 347
[16038] = 378 378
[16039] = 410 410
[16040] = 441 441
[16041] = 473 473
[16042] = 504 504
[16043] = 535 535
[16044] = 567 567
[16045] = 598 598
[16046] = 629 629
[16047] = 660 660
[16048] = 692 692
[16049] = 723 723
[16050] = 754 754
[16051] = 785 785
[16052] = 816 816
[16053] = 847 847
[16054] = 878 878
[16055] = 909 909
[16056] = 940 940
[16057] = 971 971
[16058] = 1002 1002
[16059] = 1033 1033
[16060] = 1064 1064
[16061] = 1095 1095
[16062] = 1126 1126
[16063] = 1157 1157
[16064] = 1187 1187
[16065] = 1218 1218
[16066] = 1249 1249
[16067] = 1280 1280
[16068] = 1310 1310
[16069] = 1341 1341
[16070] = 1372 1372
[16071] = 1402 1402
[16072] = 1433 1433
[16073] = 1463 1463
[16074] = 1494 1494
[16075] = 1525 1525
[16076] = 1555 1555
[16077] = 1585 1585
[16078] = 1616 1616
[16079] = 1646 1646
[16080] = 1677 1677
[16081] = 0 0
[16082] = 31 31
[16083] = 63 63
[16084] = 94 94
[16085] = 126 126
[16086] = 157 157
[16087] = 189 189
[16088] = 220 220
[16089] = 252 252
[16090] = 283 283
[16091] = 314 314
[16092] = 346 346
[16093] = 377 377
[16094] = 408 408
[16095] = 440 440
[16096] = 471 471
[16097] = 502 502
[16098] = 533 533
[16099] = 565 565
[16100] = 596 596
[16101] = 627 627
[16102] = 658 658
[16103] = 689 689
[16104] = 720 720
[16105] = 751 751
[16106] = 782 782
[16107] = 813 813
[16108] = 844 844
[16109] = 875 875
[16110] = 906 906
[16111] = 937 937
[16112] = 968 968
[16113] = 999 999
[16114] = 1029 1029
[16115] = 1060 1060
[16116] = 1091 1091
[16117] = 1122 1122
[16118] = 1152 1152
[16119] = 1183 1183
[16120] = 1214 1214
[16121] = 1244 1244
[16122] = 1275 1275
[16123] = 1305 1305
[16124] = 1336 1336
[16125] = 1367 1367
[16126] = 1397 1397
[16127] = 1428 1428
[16128] = 1458 1458
[16129] = 1489 1489
[16130] = 1519 1519
[16131] = 1549 1549
[16132] = 1580 1580
[16133] = 1610 1610
[16134] = 1640 1640
[16135] = 0 0
[16136] = 30 30
[16137] = 60 60
[16138] = 90 90
[16139] = 121 121
[16140] = 151 151
[16141] = 181 181
[16142] = 212 212
[16143] = 242 242
[16144] = 272 272
[16145] = 302 302
[16146] = 332 332
[16147] = 362 362
[16148] = 392 392
[16149] = 422 422
[16150] = 452 452
[16151] = 482 482
[16152] = 512 512
[16153] = 542 542
[16154] = 572 572
[16155] = 602 602
[16156] = 632 632
[16157] = 662 662
[16158] = 692 692
[16159] = 722 722
[16160] = 751 751
[16161] = 781 781
[16162] = 811 811
[16163] = 840 840
[16164] = 870 870
[16165] = 900 900
[16166] = 929 929
[16167] = 959 959
[16168] = 989 989
[16169] = 1018 1018
[16170] = 1048 1048
[16171] = 1077 1077
[16172] = 1107 1107
[16173] = 1136 1136
[16174] = 1166 1166
[16175] = 1195 1195
[16176] = 1224 1224
[16177] = 1254 1254
[16178] = 1283 1283
[16179] = 1313 1313
[16180] = 1342 1342
[16181] = 1371 1371
[16182] = 1400 1400
[16183] = 1429 1429
[16184] = 1459 1459
[16185] = 1488 1488
[16186] = 1517 1517
[16187] = 1546 1546
[16188] = 1575 1575
[16189] = 1604 1604
[16190] = 0 0
[16191] = 30 30
[16192] = 60 60
[16193] = 90 90
[16194] = 120 120
[16195] = 150 150
[16196] = 181 181
[16197] = 211 211
[16198] = 241 241
[16199] = 271 271
[16200] = 301 301
[16201] = 331 331
[16202] = 361 361
[16203] = 391 391
[16204] = 421 421
[16205] = 450 450
[16206] = 480 480
[16207] = 510 510
[16208] = 540 540
[16209] = 570 570
[16210] = 599 599
[16211] = 629 629
[16212] = 659 659
[16213] = 689 689
[16214] = 718 718
[16215] = 748 748
[16216] = 778 778
[16217] = 807 807
[16218] = 837 837
[16219] = 866 866
[16220] = 896 896
[16221] = 925 925
[16222] = 955 955
[16223] = 984 984
[16224] = 1014 1014
[16225] = 1043 1043
[16226] = 1072 1072
[16227] = 1102 1102
[16228] = 1131 1131
[16229] = 1160 1160
[16230] = 1190 1190
[16231] = 1219 1219
[16232] = 1248 1248
[16233] = 1277 1277
[16234] = 1306 1306
[16235] = 1335 1335
[16236] = 1365 1365
[16237] = 1394 1394
[16238] = 1423 1423
[16239] = 1452 1452
[16240] = 1481 1481
[16241] = 1510 1510
[16242] = 1539 1539
[16243] = 1568 1568
[16244] = 0 0
[16245] = 28 28
[16246] = 57 57
[16247] = 86 86
[16248] = 115 115
[16249] = 144 144
[16250] = 173 173
[16251] = 202 202
[16252] = 231 231
[16253] = 260 260
[16254] = 289 289
[16255] = 317 317
[16256] = 346 346
[16257] = 375 375
[16258] = 404 404
[16259] = 432 432
[16260] = 461 461
[16261] = 489 489
[16262] = 518 518
[16263] = 547 547
[16264] = 575 575
[16265] = 604 604
[16266] = 632 632
[16267] = 661 661
[16268] = 689 689
[16269] = 718 718
[16270] = 746 746
[16271] = 775 775
[16272] = 803 803
[16273] = 831 831
[16274] = 859 859
[16275] = 888 888
[16276] = 916 916
[16277] = 944 944
[16278] = 973 973
[16279] = 1001 1001
[16280] = 1029 1029
[16281] = 1057 1057
[16282] = 1085 1085
[16283] = 1113 1113
[16284] = 1141 1141
[16285] = 1169 1169
[16286] = 1197 1197
[16287] = 1225 1225
[16288] = 1253 1253
[16289] = 1281 1281
[16290] = 1309 1309
[16291] = 1337 1337
[16292] = 1365 1365
[16293] = 1393 1393
[16294] = 1421 1421
[16295] = 1448 1448
[16296] = 1476 1476
[16297] = 1504 1504
[16298] = 1532 1532
[16299] = 0 0
[16300] = 28 28
[16301] = 57 57
[16302] = 86 86
[16303] = 115 115
[16304] = 144 144
[16305] = 172 172
[16306] = 201 201
[16307] = 230 230
[16308] = 258 258
[16309] = 287 287
[16310] = 316 316
[16311] = 344 344
[16312] = 373 373
[16313] = 401 401
[16314] = 430 430
[16315] = 458 458
[16316] = 487 487
[16317] = 515 515
[16318] = 544 544
[16319] = 572 572
[16320] = 600 600
[16321] = 629 629
[16322] = 657 657
[16323] = 685 685
[16324] = 714 714
[16325] = 742 742
[16326] = 770 770
[16327] = 798 798
[16328] = 827 827
[16329] = 855 855
[16330] = 883 883
[16331] = 911 911
[16332] = 939 939
[16333] = 967 967
[16334] = 995 995
[16335] = 1023 1023
[16336] = 1051 1051
[16337] = 1079 1079
[16338] = 1107 1107
[16339] = 1135 1135
[16340] = 1163 1163
[16341] = 1191 1191
[16342] = 1218 1218
[16343] = 1246 1246
[16344] = 1274 1274
[16345] = 1302 1302
[16346] = 1329 1329
[16347] = 1357 1357
[16348] = 1385 1385
[16349] = 1412 1412
[16350] = 1440 1440
[16351] = 1468 1468
[16352] = 1495 1495
[16353] = 0 0
[16354] = 27 27
[16355] = 55 55
[16356] = 82 82
[16357] = 110 110
[16358] = 138 138
[16359] = 165 165
[16360] = 193 193
[16361] = 220 220
[16362] = 248 248
[16363] = 275 275
[16364] = 303 303
[16365] = 330 330
[16366] = 357 357
[16367] = 385 385
[16368] = 412 412
[16369] = 439 439
[16370] = 467 467
[16371] = 494 494
[16372] = 521 521
[16373] = 548 548
[16374] = 576 576
[16375] = 603 603
[16376] = 630 630
[16377] = 657 657
[16378] = 684 684
[16379] = 711 711
[16380] = 738 738
[16381] = 765 765
[16382] = 792 792
[16383] = 819 819
[16384] = 846 846
[16385] = 873 873
[16386] = 900 900
[16387] = 927 927
[16388] = 954 954
[16389] = 980 980
[16390] = 1007 1007
[16391] = 1034 1034
[16392] = 1061 1061
[16393] = 1088 1088
[16394] = 1114 1114
[16395] = 1141 1141
[16396] = 1167 1167
[16397] = 1194 1194
[16398] = 1221 1221
[16399] = 1247 1247
[16400] = 1274 1274
[16401] = 1300 1300
[16402] = 1327 1327
[16403] = 1353 1353
[16404] = 1380 1380
[16405] = 1406 1406
[16406] = 1433 1433
[16407] = 1459 1459
[16408] = 0 0
[16409] = 27 27
[16410] = 54 54
[16411] = 82 82
[16412] = 109 109
[16413] = 137 137
[16414] = 164 164
[16415] = 191 191
[16416] = 219 219
[16417] = 246 246
[16418] = 273 273
[16419] = 301 301
[16420] = 328 328
[16421] = 355 355
[16422] = 382 382
[16423] = 409 409
[16424] = 437 437
[16425] = 464 464
[16426] = 491 491
[16427] = 518 518
[16428] = 545 545
[16429] = 572 572
[16430] = 599 599
[16431] = 626 626
[16432] = 653 653
[16433] = 680 680
[16434] = 706 706
[16435] = 733 733
[16436] = 760 760
[16437] = 787 787
[16438] = 814 814
[16439] = 840 840
[16440] = 867 867
[16441] = 894 894
[16442] = 921 921
[16443] = 947 947
[16444] = 974 974
[16445] = 1000 1000
[16446] = 1027 1027
[16447] = 1053 1053
[16448] = 1080 1080
[16449] = 1107 1107
[16450] = 1133 1133
[16451] = 1159 1159
[16452] = 1186 1186
[16453] = 1212 1212
[16454] = 1239 1239
[16455] = 1265 1265
[16456] = 1291 1291
[16457] = 1318 1318
[16458] = 1344 1344
[16459] = 1370 1370
[16460] = 1396 1396
[16461] = 1422 1422
[16462] = 0 0
[16463] = 26 26
[16464] = 52 52
[16465] = 78 78
[16466] = 105 105
[16467] = 131 131
[16468] = 157 157
[16469] = 183 183
[16470] = 209 209
[16471] = 236 236
[16472] = 262 262
[16473] = 288 288
[16474] = 314 314
[16475] = 340 340
[16476] = 366 366
[16477] = 392 392
[16478] = 418 418
[16479] = 444 444
[16480] = 470 470
[16481] = 496 496
[16482] = 521 521
[16483] = 547 547
[16484] = 573 573
[16485] = 599 599
[16486] = 625 625
[16487] = 651 651
[16488] = 676 676
[16489] = 702 702
[16490] = 728 728
[16491] = 753 753
[16492] = 779 779
[16493] = 804 804
[16494] = 830 830
[16495] = 856 856
[16496] = 881 881
[16497] = 907 907
[16498] = 932 932
[16499] = 958 958
[16500] = 983 983
[16501] = 1008 1008
[16502] = 1034 1034
[16503] = 1059 1059
[16504] = 1084 1084
[16505] = 1110 1110
[16506] = 1135 1135
[16507] = 1160 1160
[16508] = 1186 1186
[16509] = 1211 1211
[16510] = 1236 1236
[16511] = 1261 1261
[16512] = 1286 1286
[16513] = 1311 1311
[16514] = 1336 1336
[16515] = 1361 1361
[16516] = 1386 1386
[16517] = 0 0
[16518] = 25 25
[16519] = 51 51
[16520] = 76 76
[16521] = 102 102
[16522] = 127 127
[16523] = 153 153
[16524] = 179 179
[16525] = 204 204
[16526] = 229 229
[16527] = 255 255
[16528] = 280 280
[16529] = 306 306
[16530] = 331 331
[16531] = 356 356
[16532] = 382 382
[16533] = 407 407
[16534] = 432 432
[16535] = 458 458
[16536] = 483 483
[16537] = 508 508
[16538] = 533 533
[16539] = 558 558
[16540] = 583 583
[16541] = 609 609
[16542] = 634 634
[16543] = 659 659
[16544] = 684 684
[16545] = 709 709
[16546] = 734 734
[16547] = 759 759
[16548] = 783 783
[16549] = 808 808
[16550] = 833 833
[16551] = 858 858
[16552] = 883 883
[16553] = 908 908
[16554] = 932 932
[16555] = 957 957
[16556] = 982 982
[16557] = 1007 1007
[16558] = 1031 1031
[16559] = 1056 1056
[16560] = 1081 1081
[16561] = 1105 1105
[16562] = 1130 1130
[16563] = 1154 1154
[16564] = 1179 1179
[16565] = 1203 1203
[16566] = 1228 1228
[16567] = 1252 1252
[16568] = 1277 1277
[16569] = 1301 1301
[16570] = 1325 1325
[16571] = 1350 1350
[16572] = 0 0
[16573] = 25 25
[16574] = 50 50
[16575] = 76 76
[16576] = 101 101
[16577] = 126 126
[16578] = 152 152
[16579] = 177 177
[16580] = 202 202
[16581] = 228 228
[16582] = 253 253
[16583] = 278 278
[16584] = 303 303
[16585] = 328 328
[16586] = 353 353
[16587] = 378 378
[16588] = 404 404
[16589] = 429 429
[16590] = 454 454
[16591] = 479 479
[16592] = 504 504
[16593] = 529 529
[16594] = 553 553
[16595] = 578 578
[16596] = 603 603
[16597] = 628 628
[16598] = 653 653
[16599] = 678 678
[16600] = 702 702
[16601] = 727 727
[16602] = 752 752
[16603] = 776 776
[16604] = 801 801
[16605] = 826 826
[16606] = 850 850
[16607] = 875 875
[16608] = 900 900
[16609] = 924 924
[16610] = 949 949
[16611] = 973 973
[16612] = 998 998
[16613] = 1022 1022
[16614] = 1047 1047
[16615] = 1071 1071
[16616] = 1095 1095
[16617] = 1120 1120
[16618] = 1144 1144
[16619] = 1168 1168
[16620] = 1193 1193
[16621] = 1217 1217
[16622] = 1241 1241
[16623] = 1265 1265
[16624] = 1289 1289
[16625] = 1313 1313
[16626] = 0 0
[16627] = 24 24
[16628] = 48 48
[16629] = 72 72
[16630] = 97 97
[16631] = 121 121
[16632] = 145 145
[16633] = 169 169
[16634] = 193 193
[16635] = 217 217
[16636] = 241 241
[16637] = 266 266
[16638] = 290 290
[16639] = 314 314
[16640] = 338 338
[16641] = 362 362
[16642] = 385 385
[16643] = 409 409
[16644] = 433 433
[16645] = 457 457
[16646] = 481 481
[16647] = 505 505
[16648] = 529 529
[16649] = 552 552
[16650] = 576 576
[16651] = 600 600
[16652] = 624 624
[16653] = 647 647
[16654] = 671 671
[16655] = 695 695
[16656] = 718 718
[16657] = 742 742
[16658] = 765 765
[16659] = 789 789
[16660] = 812 812
[16661] = 836 836
[16662] = 859 859
[16663] = 883 883
[16664] = 906 906
[16665] = 930 930
[16666] = 953 953
[16667] = 976 976
[16668] = 1000 1000
[16669] = 1023 1023
[16670] = 1046 1046
[16671] = 1069 1069
[16672] = 1093 1093
[16673] = 1116 1116
[16674] = 1139 1139
[16675] = 1162 1162
[16676] = 1185 1185
[16677] = 1208 1208
[16678] = 1231 1231
[16679] = 1254 1254
[16680] = 1277 1277
[16681] = 0 0
[16682] = 24 24
[16683] = 48 48
[16684] = 72 72
[16685] = 96 96
[16686] = 120 120
[16687] = 144 144
[16688] = 167 167
[16689] = 191 191
[16690] = 215 215
[16691] = 239 239
[16692] = 263 263
[16693] = 287 287
[16694] = 310 310
[16695] = 334 334
[16696] = 358 358
[16697] = 382 382
[16698] = 405 405
[16699] = 429 429
[16700] = 453 453
[16701] = 476 476
[16702] = 500 500
[16703] = 523 523
[16704] = 547 547
[16705] = 570 570
[16706] = 594 594
[16707] = 617 617
[16708] = 641 641
[16709] = 664 664
[16710] = 687 687
[16711] = 711 711
[16712] = 734 734
[16713] = 757 757
[16714] = 781 781
[16715] = 804 804
[16716] = 827 827
[16717] = 850 850
[16718] = 874 874
[16719] = 897 897
[16720] = 920 920
[16721] = 943 943
[16722] = 966 966
[16723] = 989 989
[16724] = 1012 1012
[16725] = 1035 1035
[16726] = 1058 1058
[16727] = 1081 1081
[16728] = 1104 1104
[16729] = 1127 1127
[16730] = 1150 1150
[16731] = 1172 1172
[16732] = 1195 1195
[16733] = 1218 1218
[16734] = 1241 1241
[16735] = 0 0
[16736] = 22 22
[16737] = 45 45
[16738] = 68 68
[16739] = 91 91
[16740] = 114 114
[16741] = 137 137
[16742] = 160 160
[16743] = 182 182
[16744] = 205 205
[16745] = 228 228
[16746] = 251 251
[16747] = 273 273
[16748] = 296 296
[16749] = 319 319
[16750] = 341 341
[16751] = 364 364
[16752] = 387 387
[16753] = 409 409
[16754] = 432 432
[16755] = 454 454
[16756] = 477 477
[16757] = 499 499
[16758] = 522 522
[16759] = 544 544
[16760] = 566 566
[16761] = 589 589
[16762] = 611 611
[16763] = 633 633
[16764] = 656 656
[16765] = 678 678
[16766] = 700 700
[16767] = 722 722
[16768] = 745 745
[16769] = 767 767
[16770] = 789 789
[16771] = 811 811
[16772] = 833 833
[16773] = 855 855
[16774] = 877 877
[16775] = 899 899
[16776] = 921 921
[16777] = 943 943
[16778] = 965 965
[16779] = 987 987
[16780] = 1009 1009
[16781] = 1031 1031
[16782] = 1052 1052
[16783] = 1074 1074
[16784] = 1096 1096
[16785] = 1118 1118
[16786] = 1140 1140
[16787] = 1161 1161
[16788] = 1183 1183
[16789] = 1205 1205
[16790] = 0 0
[16791] = 22 22
[16792] = 45 45
[16793] = 67 67
[16794] = 90 90
[16795] = 113 113
[16796] = 135 135
[16797] = 158 158
[16798] = 180 180
[16799] = 203 203
[16800] = 225 225
[16801] = 248 248
[16802] = 270 270
[16803] = 293 293
[16804] = 315 315
[16805] = 337 337
[16806] = 360 360
[16807] = 382 382
[16808] = 404 404
[16809] = 427 427
[16810] = 449 449
[16811] = 471 471
[16812] = 493 493
[16813] = 515 515
[16814] = 537 537
[16815] = 560 560
[16816] = 582 582
[16817] = 604 604
[16818] = 626 626
[16819] = 648 648
[16820] = 670 670
[16821] = 692 692
[16822] = 714 714
[16823] = 735 735
[16824] = 757 757
[16825] = 779 779
[16826] = 801 801
[16827] = 823 823
[16828] = 845 845
[16829] = 866 866
[16830] = 888 888
[16831] = 910 910
[16832] = 932 932
[16833] = 953 953
[16834] = 975 975
[16835] = 996 996
[16836] = 1018 1018
[16837] = 1039 1039
[16838] = 1061 1061
[16839] = 1083 1083
[16840] = 1104 1104
[16841] = 1125 1125
[16842] = 1147 1147
[16843] = 1168 1168
[16844] = 0 0
[16845] = 21 21
[16846] = 43 43
[16847] = 64 64
[16848] = 86 86
[16849] = 107 107
[16850] = 129 129
[16851] = 150 150
[16852] = 172 172
[16853] = 193 193
[16854] = 215 215
[16855] = 236 236
[16856] = 257 257
[16857] = 279 279
[16858] = 300 300
[16859] = 321 321
[16860] = 343 343
[16861] = 364 364
[16862] = 385 385
[16863] = 406 406
[16864] = 427 427
[16865] = 448 448
[16866] = 470 470
[16867] = 491 491
[16868] = 512 512
[16869] = 533 533
[16870] = 554 554
[16871] = 575 575
[16872] = 596 596
[16873] = 617 617
[16874] = 638 638
[16875] = 658 658
[16876] = 679 679
[16877] = 700 700
[16878] = 721 721
[16879] = 742 742
[16880] = 762 762
[16881] = 783 783
[16882] = 804 804
[16883] = 825 825
[16884] = 845 845
[16885] = 866 866
[16886] = 887 887
[16887] = 907 907
[16888] = 928 928
[16889] = 948 948
[16890] = 969 969
[16891] = 989 989
[16892] = 1010 1010
[16893] = 1030 1030
[16894] = 1051 1051
[16895] = 1071 1071
[16896] = 1091 1091
[16897] = 1112 1112
[16898] = 1132 1132
[16899] = 0 0
[16900] = 21 21
[16901] = 42 42
[16902] = 63 63
[16903] = 85 85
[16904] = 106 106
[16905] = 127 127
[16906] = 148 148
[16907] = 169 169
[16908] = 191 191
[16909] = 212 212
[16910] = 233 233
[16911] = 254 254
[16912] = 275 275
[16913] = 296 296
[16914] = 317 317
[16915] = 338 338
[16916] = 359 359
[16917] = 380 380
[16918] = 401 401
[16919] = 422 422
[16920] = 442 442
[16921] = 463 463
[16922] = 484 484
[16923] = 505 505
[16924] = 525 525
[16925] = 546 546
[16926] = 567 567
[16927] = 587 587
[16928] = 608 608
[16929] = 629 629
[16930] = 649 649
[16931] = 670 670
[16932] = 690 690
[16933] = 711 711
[16934] = 731 731
[16935] = 752 752
[16936] = 772 772
[16937] = 793 793
[16938] = 813 813
[16939] = 833 833
[16940] = 854 854
[16941] = 874 874
[16942] = 894 894
[16943] = 915 915
[16944] = 935 935
[16945] = 955 955
[16946] = 975 975
[16947] = 995 995
[16948] = 1016 1016
[16949] = 1036 1036
[16950] = 1056 1056
[16951] = 1076 1076
[16952] = 1096 1096
[16953] = 0 0
[16954] = 20 20
[16955] = 40 40
[16956] = 60 60
[16957] = 80 80
[16958] = 101 101
[16959] = 121 121
[16960] = 141 141
[16961] = 161 161
[16962] = 181 181
[16963] = 201 201
[16964] = 221 221
[16965] = 241 241
[16966] = 261 261
[16967] = 281 281
[16968] = 301 301
[16969] = 321 321
[16970] = 341 341
[16971] = 361 361
[16972] = 381 381
[16973] = 400 400
[16974] = 420 420
[16975] = 440 440
[16976] = 460 460
[16977] = 479 479
[16978] = 499 499
[16979] = 519 519
[16980] = 538 538
[16981] = 558 558
[16982] = 578 578
[16983] = 597 597
[16984] = 617 617
[16985] = 636 636
[16986] = 656 656
[16987] = 675 675
[16988] = 695 695
[16989] = 714 714
[16990] = 734 734
[16991] = 753 753
[16992] = 772 772
[16993] = 792 792
[16994] = 811 811
[16995] = 830 830
[16996] = 849 849
[16997] = 869 869
[16998] = 888 888
[16999] = 907 907
[17000] = 926 926
[17001] = 945 945
[17002] = 964 964
[17003] = 983 983
[17004] = 1003 1003
[17005] = 1021 1021
[17006] = 1041 1041
[17007] = 1060 1060
[17008] = 0 0
[17009] = 19 19
[17010] = 39 39
[17011] = 59 59
[17012] = 79 79
[17013] = 99 99
[17014] = 119 119
[17015] = 139 139
[17016] = 158 158
[17017] = 178 178
[17018] = 198 198
[17019] = 218 218
[17020] = 237 237
[17021] = 257 257
[17022] = 277 277
[17023] = 296 296
[17024] = 316 316
[17025] = 336 336
[17026] = 355 355
[17027] = 375 375
[17028] = 394 394
[17029] = 414 414
[17030] = 433 433
[17031] = 452 452
[17032] = 472 472
[17033] = 491 491
[17034] = 510 510
[17035] = 530 530
[17036] = 549 549
[17037] = 568 568
[17038] = 588 588
[17039] = 607 607
[17040] = 626 626
[17041] = 645 645
[17042] = 664 664
[17043] = 683 683
[17044] = 703 703
[17045] = 722 722
[17046] = 741 741
[17047] = 760 760
[17048] = 779 779
[17049] = 798 798
[17050] = 817 817
[17051] = 835 835
[17052] = 854 854
[17053] = 873 873
[17054] = 892 892
[17055] = 911 911
[17056] = 930 930
[17057] = 948 948
[17058] = 967 967
[17059] = 986 986
[17060] = 1005 1005
[17061] = 1023 1023
[17062] = 0 0
[17063] = 18 18
[17064] = 37 37
[17065] = 56 56
[17066] = 75 75
[17067] = 94 94
[17068] = 113 113
[17069] = 131 131
[17070] = 150 150
[17071] = 169 169
[17072] = 188 188
[17073] = 206 206
[17074] = 225 225
[17075] = 244 244
[17076] = 262 262
[17077] = 281 281
[17078] = 300 300
[17079] = 318 318
[17080] = 337 337
[17081] = 355 355
[17082] = 374 374
[17083] = 392 392
[17084] = 410 410
[17085] = 429 429
[17086] = 447 447
[17087] = 466 466
[17088] = 484 484
[17089] = 502 502
[17090] = 521 521
[17091] = 539 539
[17092] = 557 557
[17093] = 575 575
[17094] = 593 593
[17095] = 611 611
[17096] = 630 630
[17097] = 648 648
[17098] = 666 666
[17099] = 684 684
[17100] = 702 702
[17101] = 720 720
[17102] = 738 738
[17103] = 756 756
[17104] = 774 774
[17105] = 792 792
[17106] = 810 810
[17107] = 827 827
[17108] = 845 845
[17109] = 863 863
[17110] = 881 881
[17111] = 899 899
[17112] = 916 916
[17113] = 934 934
[17114] = 952 952
[17115] = 969 969
[17116] = 987 987
[17117] = 0 0
[17118] = 18 18
[17119] = 36 36
[17120] = 54 54
[17121] = 72 72
[17122] = 90 90
[17123] = 109 109
[17124] = 127 127
[17125] = 145 145
[17126] = 163 163
[17127] = 181 181
[17128] = 199 199
[17129] = 217 217
[17130] = 235 235
[17131] = 253 253
[17132] = 271 271
[17133] = 289 289
[17134] = 307 307
[17135] = 324 324
[17136] = 342 342
[17137] = 360 360
[17138] = 378 378
[17139] = 396 396
[17140] = 413 413
[17141] = 431 431
[17142] = 449 449
[17143] = 466 466
[17144] = 484 484
[17145] = 501 501
[17146] = 519 519
[17147] = 537 537
[17148] = 554 554
[17149] = 572 572
[17150] = 589 589
[17151] = 607 607
[17152] = 624 624
[17153] = 641 641
[17154] = 659 659
[17155] = 676 676
[17156] = 693 693
[17157] = 711 711
[17158] = 728 728
[17159] = 745 745
[17160] = 762 762
[17161] = 780 780
[17162] = 797 797
[17163] = 814 814
[17164] = 831 831
[17165] = 848 848
[17166] = 865 865
[17167] = 882 882
[17168] = 899 899
[17169] = 916 916
[17170] = 933 933
[17171] = 950 950
[17172] = 0 0
[17173] = 17 17
[17174] = 35 35
[17175] = 53 53
[17176] = 71 71
[17177] = 89 89
[17178] = 107 107
[17179] = 124 124
[17180] = 142 142
[17181] = 160 160
[17182] = 177 177
[17183] = 195 195
[17184] = 213 213
[17185] = 230 230
[17186] = 248 248
[17187] = 265 265
[17188] = 283 283
[17189] = 301 301
[17190] = 318 318
[17191] = 335 335
[17192] = 353 353
[17193] = 370 370
[17194] = 388 388
[17195] = 405 405
[17196] = 422 422
[17197] = 440 440
[17198] = 457 457
[17199] = 474 474
[17200] = 491 491
[17201] = 509 509
[17202] = 526 526
[17203] = 543 543
[17204] = 560 560
[17205] = 577 577
[17206] = 594 594
[17207] = 611 611
[17208] = 628 628
[17209] = 645 645
[17210] = 662 662
[17211] = 679 679
[17212] = 696 696
[17213] = 713 713
[17214] = 730 730
[17215] = 747 747
[17216] = 764 764
[17217] = 781 781
[17218] = 797 797
[17219] = 814 814
[17220] = 831 831
[17221] = 848 848
[17222] = 864 864
[17223] = 881 881
[17224] = 897 897
[17225] = 914 914
[17226] = 0 0
[17227] = 16 16
[17228] = 33 33
[17229] = 50 50
[17230] = 67 67
[17231] = 84 84
[17232] = 101 101
[17233] = 117 117
[17234] = 134 134
[17235] = 151 151
[17236] = 167 167
[17237] = 184 184
[17238] = 201 201
[17239] = 217 217
[17240] = 234 234
[17241] = 251 251
[17242] = 267 267
[17243] = 284 284
[17244] = 300 300
[17245] = 317 317
[17246] = 333 333
[17247] = 350 350
[17248] = 366 366
[17249] = 382 382
[17250] = 399 399
[17251] = 415 415
[17252] = 431 431
[17253] = 448 448
[17254] = 464 464
[17255] = 480 480
[17256] = 496 496
[17257] = 512 512
[17258] = 529 529
[17259] = 545 545
[17260] = 561 561
[17261] = 577 577
[17262] = 593 593
[17263] = 609 609
[17264] = 625 625
[17265] = 641 641
[17266] = 657 657
[17267] = 673 673
[17268] = 689 689
[17269] = 705 705
[17270] = 721 721
[17271] = 736 736
[17272] = 752 752
[17273] = 768 768
[17274] = 784 784
[17275] = 799 799
[17276] = 815 815
[17277] = 831 831
[17278] = 846 846
[17279] = 862 862
[17280] = 878 878
[17281] = 0 0
[17282] = 16 16
[17283] = 32 32
[17284] = 49 49
[17285] = 65 65
[17286] = 82 82
[17287] = 98 98
[17288] = 115 115
[17289] = 131 131
[17290] = 147 147
[17291] = 164 164
[17292] = 180 180
[17293] = 196 196
[17294] = 213 213
[17295] = 229 229
[17296] = 245 245
[17297] = 261 261
[17298] = 277 277
[17299] = 293 293
[17300] = 309 309
[17301] = 326 326
[17302] = 342 342
[17303] = 358 358
[17304] = 374 374
[17305] = 390 390
[17306] = 405 405
[17307] = 421 421
[17308] = 437 437
[17309] = 453 453
[17310] = 469 469
[17311] = 485 485
[17312] = 500 500
[17313] = 516 516
[17314] = 532 532
[17315] = 548 548
[17316] = 563 563
[17317] = 579 579
[17318] = 595 595
[17319] = 610 610
[17320] = 626 626
[17321] = 641 641
[17322] = 657 657
[17323] = 672 672
[17324] = 688 688
[17325] = 703 703
[17326] = 719 719
[17327] = 734 734
[17328] = 750 750
[17329] = 765 765
[17330] = 780 780
[17331] = 796 796
[17332] = 811 811
[17333] = 826 826
[17334] = 841 841
[17335] = 0 0
[17336] = 15 15
[17337] = 31 31
[17338] = 46 46
[17339] = 62 62
[17340] = 77 77
[17341] = 93 93
[17342] = 108 108
[17343] = 123 123
[17344] = 139 139
[17345] = 154 154
[17346] = 169 169
[17347] = 185 185
[17348] = 200 200
[17349] = 215 215
[17350] = 230 230
[17351] = 246 246
[17352] = 261 261
[17353] = 276 276
[17354] = 291 291
[17355] = 306 306
[17356] = 321 321
[17357] = 336 336
[17358] = 351 351
[17359] = 366 366
[17360] = 381 381
[17361] = 396 396
[17362] = 411 411
[17363] = 426 426
[17364] = 441 441
[17365] = 456 456
[17366] = 471 471
[17367] = 486 486
[17368] = 500 500
[17369] = 515 515
[17370] = 530 530
[17371] = 545 545
[17372] = 559 559
[17373] = 574 574
[17374] = 589 589
[17375] = 603 603
[17376] = 618 618
[17377] = 632 632
[17378] = 647 647
[17379] = 661 661
[17380] = 676 676
[17381] = 690 690
[17382] = 705 705
[17383] = 719 719
[17384] = 734 734
[17385] = 748 748
[17386] = 762 762
[17387] = 777 777
[17388] = 791 791
[17389] = 805 805
[17390] = 0 0
[17391] = 15 15
[17392] = 30 30
[17393] = 45 45
[17394] = 60 60
[17395] = 75 75
[17396] = 90 90
[17397] = 105 105
[17398] = 120 120
[17399] = 135 135
[17400] = 150 150
[17401] = 165 165
[17402] = 180 180
[17403] = 195 195
[17404] = 210 210
[17405] = 224 224
[17406] = 239 239
[17407] = 254 254
[17408] = 269 269
[17409] = 283 283
[17410] = 298 298
[17411] = 313 313
[17412] = 327 327
[17413] = 342 342
[17414] = 357 357
[17415] = 371 371
[17416] = 386 386
[17417] = 400 400
[17418] = 415 415
[17419] = 429 429
[17420] = 444 444
[17421] = 458 458
[17422] = 472 472
[17423] = 487 487
[17424] = 501 501
[17425] = 515 515
[17426] = 530 530
[17427] = 544 544
[17428] = 558 558
[17429] = 573 573
[17430] = 587 587
[17431] = 601 601
[17432] = 615 615
[17433] = 629 629
[17434] = 643 643
[17435] = 657 657
[17436] = 671 671
[17437] = 685 685
[17438] = 699 699
[17439] = 713 713
[17440] = 727 727
[17441] = 741 741
[17442] = 755 755
[17443] = 769 769
[17444] = 0 0
[17445] = 14 14
[17446] = 28 28
[17447] = 42 42
[17448] = 56 56
[17449] = 70 70
[17450] = 84 84
[17451] = 99 99
[17452] = 113 113
[17453] = 127 127
[17454] = 141 141
[17455] = 155 155
[17456] = 169 169
[17457] = 182 182
[17458] = 196 196
[17459] = 210 210
[17460] = 224 224
[17461] = 238 238
[17462] = 252 252
[17463] = 266 266
[17464] = 279 279
[17465] = 293 293
[17466] = 307 307
[17467] = 320 320
[17468] = 334 334
[17469] = 348 348
[17470] = 361 361
[17471] = 375 375
[17472] = 389 389
[17473] = 402 402
[17474] = 416 416
[17475] = 429 429
[17476] = 442 442
[17477] = 456 456
[17478] = 469 469
[17479] = 483 483
[17480] = 496 496
[17481] = 510 510
[17482] = 523 523
[17483] = 536 536
[17484] = 549 549
[17485] = 563 563
[17486] = 576 576
[17487] = 589 589
[17488] = 602 602
[17489] = 615 615
[17490] = 629 629
[17491] = 642 642
[17492] = 655 655
[17493] = 668 668
[17494] = 681 681
[17495] = 694 694
[17496] = 707 707
[17497] = 720 720
[17498] = 733 733
[17499] = 0 0
[17500] = 13 13
[17501] = 27 27
[17502] = 41 41
[17503] = 54 54
[17504] = 68 68
[17505] = 82 82
[17506] = 96 96
[17507] = 109 109
[17508] = 123 123
[17509] = 136 136
[17510] = 150 150
[17511] = 163 163
[17512] = 177 177
[17513] = 190 190
[17514] = 204 204
[17515] = 217 217
[17516] = 231 231
[17517] = 244 244
[17518] = 257 257
[17519] = 271 271
[17520] = 284 284
[17521] = 297 297
[17522] = 311 311
[17523] = 324 324
[17524] = 337 337
[17525] = 350 350
[17526] = 363 363
[17527] = 376 376
[17528] = 390 390
[17529] = 403 403
[17530] = 416 416
[17531] = 429 429
[17532] = 442 442
[17533] = 455 455
[17534] = 468 468
[17535] = 481 481
[17536] = 493 493
[17537] = 506 506
[17538] = 519 519
[17539] = 532 532
[17540] = 545 545
[17541] = 557 557
[17542] = 570 570
[17543] = 583 583
[17544] = 596 596
[17545] = 608 608
[17546] = 621 621
[17547] = 634 634
[17548] = 646 646
[17549] = 659 659
[17550] = 671 671
[17551] = 684 684
[17552] = 696 696
[17553] = 0 0
[17554] = 12 12
[17555] = 25 25
[17556] = 38 38
[17557] = 51 51
[17558] = 64 64
[17559] = 76 76
[17560] = 89 89
[17561] = 102 102
[17562] = 114 114
[17563] = 127 127
[17564] = 140 140
[17565] = 152 152
[17566] = 165 165
[17567] = 178 178
[17568] = 190 190
[17569] = 203 203
[17570] = 215 215
[17571] = 228 228
[17572] = 240 240
[17573] = 252 252
[17574] = 265 265
[17575] = 277 277
[17576] = 290 290
[17577] = 302 302
[17578] = 314 314
[17579] = 326 326
[17580] = 339 339
[17581] = 351 351
[17582] = 363 363
[17583] = 375 375
[17584] = 387 387
[17585] = 400 400
[17586] = 412 412
[17587] = 424 424
[17588] = 436 436
[17589] = 448 448
[17590] = 460 460
[17591] = 472 472
[17592] = 484 484
[17593] = 496 496
[17594] = 508 508
[17595] = 519 519
[17596] = 531 531
[17597] = 543 543
[17598] = 555 555
[17599] = 567 567
[17600] = 578 578
[17601] = 590 590
[17602] = 602 602
[17603] = 614 614
[17604] = 625 625
[17605] = 637 637
[17606] = 648 648
[17607] = 660 660
[17608] = 0 0
[17609] = 12 12
[17610] = 24 24
[17611] = 37 37
[17612] = 49 49
[17613] = 61 61
[17614] = 74 74
[17615] = 86 86
[17616] = 98 98
[17617] = 110 110
[17618] = 123 123
[17619] = 135 135
[17620] = 147 147
[17621] = 159 159
[17622] = 171 171
[17623] = 183 183
[17624] = 195 195
[17625] = 207 207
[17626] = 219 219
[17627] = 231 231
[17628] = 243 243
[17629] = 255 255
[17630] = 267 267
[17631] = 279 279
[17632] = 291 291
[17633] = 303 303
[17634] = 315 315
[17635] = 326 326
[17636] = 338 338
[17637] = 350 350
[17638] = 362 362
[17639] = 373 373
[17640] = 385 385
[17641] = 396 396
[17642] = 408 408
[17643] = 420 420
[17644] = 431 431
[17645] = 443 443
[17646] = 454 454
[17647] = 466 466
[17648] = 477 477
[17649] = 489 489
[17650] = 500 500
[17651] = 511 511
[17652] = 523 523
[17653] = 534 534
[17654] = 545 545
[17655] = 557 557
[17656] = 568 568
[17657] = 579 579
[17658] = 590 590
[17659] = 602 602
[17660] = 613 613
[17661] = 624 624
[17662] = 0 0
[17663] = 11 11
[17664] = 22 22
[17665] = 34 34
[17666] = 46 46
[17667] = 57 57
[17668] = 68 68
[17669] = 80 80
[17670] = 91 91
[17671] = 102 102
[17672] = 114 114
[17673] = 125 125
[17674] = 136 136
[17675] = 148 148
[17676] = 159 159
[17677] = 170 170
[17678] = 181 181
[17679] = 192 192
[17680] = 203 203
[17681] = 214 214
[17682] = 226 226
[17683] = 237 237
[17684] = 248 248
[17685] = 259 259
[17686] = 270 270
[17687] = 281 281
[17688] = 291 291
[17689] = 302 302
[17690] = 313 313
[17691] = 324 324
[17692] = 335 335
[17693] = 346 346
[17694] = 357 357
[17695] = 367 367
[17696] = 378 378
[17697] = 389 389
[17698] = 399 399
[17699] = 410 410
[17700] = 421 421
[17701] = 431 431
[17702] = 442 442
[17703] = 452 452
[17704] = 463 463
[17705] = 474 474
[17706] = 484 484
[17707] = 494 494
[17708] = 505 505
[17709] = 515 515
[17710] = 526 526
[17711] = 536 536
[17712] = 546 546
[17713] = 557 557
[17714] = 567 567
[17715] = 577 577
[17716] = 587 587
[17717] = 0 0
[17718] = 10 10
[17719] = 21 21
[17720] = 32 32
[17721] = 43 43
[17722] = 53 53
[17723] = 64 64
[17724] = 75 75
[17725] = 86 86
[17726] = 96 96
[17727] = 107 107
[17728] = 118 118
[17729] = 128 128
[17730] = 139 139
[17731] = 149 149
[17732] = 160 160
[17733] = 170 170
[17734] = 181 181
[17735] = 191 191
[17736] = 202 202
[17737] = 212 212
[17738] = 222 222
[17739] = 233 233
[17740] = 243 243
[17741] = 253 253
[17742] = 264 264
[17743] = 274 274
[17744] = 284 284
[17745] = 294 294
[17746] = 304 304
[17747] = 315 315
[17748] = 325 325
[17749] = 335 335
[17750] = 345 345
[17751] = 355 355
[17752] = 365 365
[17753] = 375 375
[17754] = 385 385
[17755] = 395 395
[17756] = 405 405
[17757] = 415 415
[17758] = 425 425
[17759] = 434 434
[17760] = 444 444
[17761] = 454 454
[17762] = 464 464
[17763] = 474 474
[17764] = 483 483
[17765] = 493 493
[17766] = 503 503
[17767] = 512 512
[17768] = 522 522
[17769] = 532 532
[17770] = 541 541
[17771] = 551 551
[17772] = 0 0
[17773] = 10 10
[17774] = 20 20
[17775] = 31 31
[17776] = 41 41
[17777] = 51 51
[17778] = 61 61
[17779] = 72 72
[17780] = 82 82
[17781] = 92 92
[17782] = 102 102
[17783] = 112 112
[17784] = 122 122
[17785] = 132 132
[17786] = 142 142
[17787] = 152 152
[17788] = 162 162
[17789] = 172 172
[17790] = 182 182
[17791] = 192 192
[17792] = 202 202
[17793] = 212 212
[17794] = 222 222
[17795] = 232 232
[17796] = 242 242
[17797] = 251 251
[17798] = 261 261
[17799] = 271 271
[17800] = 280 280
[17801] = 290 290
[17802] = 300 300
[17803] = 309 309
[17804] = 319 319
[17805] = 329 329
[17806] = 338 338
[17807] = 348 348
[17808] = 357 357
[17809] = 367 367
[17810] = 376 376
[17811] = 385 385
[17812] = 395 395
[17813] = 404 404
[17814] = 414 414
[17815] = 423 423
[17816] = 432 432
[17817] = 441 441
[17818] = 451 451
[17819] = 460 460
[17820] = 469 469
[17821] = 478 478
[17822] = 487 487
[17823] = 497 497
[17824] = 506 506
[17825] = 515 515
[17826] = 0 0
[17827] = 9 9
[17828] = 18 18
[17829] = 28 28
[17830] = 37 37
[17831] = 47 47
[17832] = 56 56
[17833] = 66 66
[17834] = 75 75
[17835] = 84 84
[17836] = 93 93
[17837] = 103 103
[17838] = 112 112
[17839] = 121 121
[17840] = 130 130
[17841] = 140 140
[17842] = 149 149
[17843] = 158 158
[17844] = 167 167
[17845] = 176 176
[17846] = 185 185
[17847] = 194 194
[17848] = 203 203
[17849] = 212 212
[17850] = 221 221
[17851] = 230 230
[17852] = 239 239
[17853] = 248 248
[17854] = 257 257
[17855] = 265 265
[17856] = 274 274
[17857] = 283 283
[17858] = 292 292
[17859] = 301 301
[17860] = 309 309
[17861] = 318 318
[17862] = 327 327
[17863] = 335 335
[17864] = 344 344
[17865] = 352 352
[17866] = 361 361
[17867] = 370 370
[17868] = 378 378
[17869] = 387 387
[17870] = 395 395
[17871] = 403 403
[17872] = 412 412
[17873] = 420 420
[17874] = 429 429
[17875] = 437 437
[17876] = 445 445
[17877] = 454 454
[17878] = 462 462
[17879] = 470 470
[17880] = 478 478
[17881] = 0 0
[17882] = 8 8
[17883] = 17 17
[17884] = 26 26
[17885] = 35 35
[17886] = 44 44
[17887] = 53 53
[17888] = 62 62
[17889] = 71 71
[17890] = 80 80
[17891] = 88 88
[17892] = 97 97
[17893] = 106 106
[17894] = 114 114
[17895] = 123 123
[17896] = 132 132
[17897] = 140 140
[17898] = 149 149
[17899] = 158 158
[17900] = 166 166
[17901] = 175 175
[17902] = 183 183
[17903] = 192 192
[17904] = 200 200
[17905] = 209 209
[17906] = 217 217
[17907] = 225 225
[17908] = 234 234
[17909] = 242 242
[17910] = 250 250
[17911] = 259 259
[17912] = 267 267
[17913] = 275 275
[17914] = 283 283
[17915] = 291 291
[17916] = 300 300
[17917] = 308 308
[17918] = 316 316
[17919] = 324 324
[17920] = 332 332
[17921] = 340 340
[17922] = 348 348
[17923] = 356 356
[17924] = 364 364
[17925] = 372 372
[17926] = 380 380
[17927] = 388 388
[17928] = 396 396
[17929] = 403 403
[17930] = 411 411
[17931] = 419 419
[17932] = 427 427
[17933] = 434 434
[17934] = 442 442
[17935] = 0 0
[17936] = 8 8
[17937] = 16 16
[17938] = 24 24
[17939] = 32 32
[17940] = 40 40
[17941] = 48 48
[17942] = 56 56
[17943] = 64 64
[17944] = 72 72
[17945] = 80 80
[17946] = 88 88
[17947] = 96 96
[17948] = 104 104
[17949] = 112 112
[17950] = 119 119
[17951] = 127 127
[17952] = 135 135
[17953] = 143 143
[17954] = 151 151
[17955] = 158 158
[17956] = 166 166
[17957] = 174 174
[17958] = 181 181
[17959] = 189 189
[17960] = 196 196
[17961] = 204 204
[17962] = 212 212
[17963] = 219 219
[17964] = 227 227
[17965] = 234 234
[17966] = 241 241
[17967] = 249 249
[17968] = 256 256
[17969] = 264 264
[17970] = 271 271
[17971] = 278 278
[17972] = 286 286
[17973] = 293 293
[17974] = 300 300
[17975] = 307 307
[17976] = 314 314
[17977] = 322 322
[17978] = 329 329
[17979] = 336 336
[17980] = 343 343
[17981] = 350 350
[17982] = 357 357
[17983] = 364 364
[17984] = 371 371
[17985] = 378 378
[17986] = 385 385
[17987] = 392 392
[17988] = 399 399
[17989] = 406 406
[17990] = 0 0
[17991] = 7 7
[17992] = 15 15
[17993] = 22 22
[17994] = 30 30
[17995] = 37 37
[17996] = 45 45
[17997] = 52 52
[17998] = 60 60
[17999] = 67 67
[18000] = 75 75
[18001] = 82 82
[18002] = 89 89
[18003] = 97 97
[18004] = 104 104
[18005] = 111 111
[18006] = 119 119
[18007] = 126 126
[18008] = 133 133
[18009] = 140 140
[18010] = 147 147
[18011] = 155 155
[18012] = 162 162
[18013] = 169 169
[18014] = 176 176
[18015] = 183 183
[18016] = 190 190
[18017] = 197 197
[18018] = 204 204
[18019] = 211 211
[18020] = 218 218
[18021] = 224 224
[18022] = 231 231
[18023] = 238 238
[18024] = 245 245
[18025] = 252 252
[18026] = 259 259
[18027] = 265 265
[18028] = 272 272
[18029] = 279 279
[18030] = 285 285
[18031] = 292 292
[18032] = 298 298
[18033] = 305 305
[18034] = 312 312
[18035] = 318 318
[18036] = 325 325
[18037] = 331 331
[18038] = 338 338
[18039] = 344 344
[18040] = 350 350
[18041] = 357 357
[18042] = 363 363
[18043] = 370 370
[18044] = 0 0
[18045] = 6 6
[18046] = 13 13
[18047] = 20 20
[18048] = 27 27
[18049] = 33 33
[18050] = 40 40
[18051] = 47 47
[18052] = 53 53
[18053] = 60 60
[18054] = 67 67
[18055] = 73 73
[18056] = 80 80
[18057] = 86 86
[18058] = 93 93
[18059] = 99 99
[18060] = 106 106
[18061] = 112 112
[18062] = 119 119
[18063] = 125 125
[18064] = 131 131
[18065] = 138 138
[18066] = 144 144
[18067] = 150 150
[18068] = 157 157
[18069] = 163 163
[18070] = 169 169
[18071] = 175 175
[18072] = 181 181
[18073] = 188 188
[18074] = 194 194
[18075] = 200 200
[18076] = 206 206
[18077] = 212 212
[18078] = 218 218
[18079] = 224 224
[18080] = 230 230
[18081] = 236 236
[18082] = 242 242
[18083] = 248 248
[18084] = 254 254
[18085] = 259 259
[18086] = 265 265
[18087] = 271 271
[18088] = 277 277
[18089] = 282 282
[18090] = 288 288
[18091] = 294 294
[18092] = 300 300
[18093] = 305 305
[18094] = 311 311
[18095] = 316 316
[18096] = 322 322
[18097] = 328 328
[18098] = 333 333
[18099] = 0 0
[18100] = 6 6
[18101] = 12 12
[18102] = 18 18
[18103] = 24 24
[18104] = 31 31
[18105] = 37 37
[18106] = 43 43
[18107] = 49 49
[18108] = 55 55
[18109] = 61 61
[18110] = 67 67
[18111] = 73 73
[18112] = 79 79
[18113] = 85 85
[18114] = 91 91
[18115] = 97 97
[18116] = 103 103
[18117] = 108 108
[18118] = 114 114
[18119] = 120 120
[18120] = 126 126
[18121] = 132 132
[18122] = 137 137
[18123] = 143 143
[18124] = 149 149
[18125] = 154 154
[18126] = 160 160
[18127] = 166 166
[18128] = 171 171
[18129] = 177 177
[18130] = 182 182
[18131] = 187 187
[18132] = 193 193
[18133] = 198 198
[18134] = 204 204
[18135] = 209 209
[18136] = 215 215
[18137] = 220 220
[18138] = 225 225
[18139] = 231 231
[18140] = 236 236
[18141] = 241 241
[18142] = 246 246
[18143] = 251 251
[18144] = 257 257
[18145] = 262 262
[18146] = 267 267
[18147] = 272 272
[18148] = 277 277
[18149] = 282 282
[18150] = 287 287
[18151] = 292 292
[18152] = 297 297
[18153] = 0 0
[18154] = 5 5
[18155] = 10 10
[18156] = 16 16
[18157] = 21 21
[18158] = 27 27
[18159] = 32 32
[18160] = 37 37
[18161] = 43 43
[18162] = 48 48
[18163] = 53 53
[18164] = 58 58
[18165] = 64 64
[18166] = 69 69
[18167] = 74 74
[18168] = 79 79
[18169] = 84 84
[18170] = 89 89
[18171] = 94 94
[18172] = 99 99
[18173] = 104 104
[18174] = 109 109
[18175] = 114 114
[18176] = 119 119
[18177] = 124 124
[18178] = 129 129
[18179] = 134 134
[18180] = 139 139
[18181] = 144 144
[18182] = 149 149
[18183] = 153 153
[18184] = 158 158
[18185] = 163 163
[18186] = 168 168
[18187] = 172 172
[18188] = 177 177
[18189] = 182 182
[18190] = 186 186
[18191] = 191 191
[18192] = 195 195
[18193] = 200 200
[18194] = 204 204
[18195] = 209 209
[18196] = 213 213
[18197] = 218 218
[18198] = 222 222
[18199] = 226 226
[18200] = 231 231
[18201] = 235 235
[18202] = 239 239
[18203] = 244 244
[18204] = 248 248
[18205] = 252 252
[18206] = 256 256
[18207] = 260 260
[18208] = 0 0
[18209] = 4 4
[18210] = 9 9
[18211] = 14 14
[18212] = 19 19
[18213] = 24 24
[18214] = 28 28
[18215] = 33 33
[18216] = 38 38
[18217] = 43 43
[18218] = 47 47
[18219] = 52 52
[18220] = 57 57
[18221] = 61 61
[18222] = 66 66
[18223] = 70 70
[18224] = 75 75
[18225] = 79 79
[18226] = 84 84
[18227] = 88 88
[18228] = 93 93
[18229] = 97 97
[18230] = 101 101
[18231] = 106 106
[18232] = 110 110
[18233] = 114 114
[18234] = 119 119
[18235] = 123 123
[18236] = 127 127
[18237] = 131 131
[18238] = 135 135
[18239] = 140 140
[18240] = 144 144
[18241] = 148 148
[18242] = 152 152
[18243] = 156 156
[18244] = 160 160
[18245] = 164 164
[18246] = 168 168
[18247] = 172 172
[18248] = 176 176
[18249] = 180 180
[18250] = 184 184
[18251] = 187 187
[18252] = 191 191
[18253] = 195 195
[18254] = 199 199
[18255] = 203 203
[18256] = 206 206
[18257] = 210 210
[18258] = 214 214
[18259] = 217 217
[18260] = 221 221
[18261] = 224 224
[18262] = 0 0
[18263] = 4 4
[18264] = 8 8
[18265] = 12 12
[18266] = 16 16
[18267] = 20 20
[18268] = 24 24
[18269] = 28 28
[18270] = 32 32
[18271] = 36 36
[18272] = 40 40
[18273] = 44 44
[18274] = 48 48
[18275] = 51 51
[18276] = 55 55
[18277] = 59 59
[18278] = 63 63
[18279] = 67 67
[18280] = 70 70
[18281] = 74 74
[18282] = 78 78
[18283] = 81 81
[18284] = 85 85
[18285] = 88 88
[18286] = 92 92
[18287] = 96 96
[18288] = 99 99
[18289] = 103 103
[18290] = 106 106
[18291] = 110 110
[18292] = 113 113
[18293] = 116 116
[18294] = 120 120
[18295] = 123 123
[18296] = 127 127
[18297] = 130 130
[18298] = 133 133
[18299] = 136 136
[18300] = 140 140
[18301] = 143 143
[18302] = 146 146
[18303] = 149 149
[18304] = 152 152
[18305] = 155 155
[18306] = 158 158
[18307] = 161 161
[18308] = 165 165
[18309] = 168 168
[18310] = 171 171
[18311] = 173 173
[18312] = 176 176
[18313] = 179 179
[18314] = 182 182
[18315] = 185 185
[18316] = 188 188
[18317] = 0 0
[18318] = 3 3
[18319] = 6 6
[18320] = 10 10
[18321] = 13 13
[18322] = 16 16
[18323] = 20 20
[18324] = 23 23
[18325] = 26 26
[18326] = 30 30
[18327] = 33 33
[18328] = 36 36
[18329] = 39 39
[18330] = 43 43
[18331] = 46 46
[18332] = 49 49
[18333] = 52 52
[18334] = 55 55
[18335] = 58 58
[18336] = 61 61
[18337] = 64 64
[18338] = 67 67
[18339] = 70 70
[18340] = 73 73
[18341] = 76 76
[18342] = 79 79
[18343] = 82 82
[18344] = 84 84
[18345] = 87 87
[18346] = 90 90
[18347] = 93 93
[18348] = 95 95
[18349] = 98 98
[18350] = 101 101
[18351] = 103 103
[18352] = 106 106
[18353] = 109 109
[18354] = 111 111
[18355] = 114 114
[18356] = 116 116
[18357] = 119 119
[18358] = 121 121
[18359] = 124 124
[18360] = 126 126
[18361] = 129 129
[18362] = 131 131
[18363] = 133 133
[18364] = 136 136
[18365] = 138 138
[18366] = 140 140
[18367] = 142 142
[18368] = 145 145
[18369] = 147 147
[18370] = 149 149
[18371] = 151 151
[18372] = 0 0
[18373] = 2 2
[18374] = 5 5
[18375] = 8 8
[18376] = 11 11
[18377] = 13 13
[18378] = 16 16
[18379] = 19 19
[18380] = 21 21
[18381] = 24 24
[18382] = 27 27
[18383] = 29 29
[18384] = 32 32
[18385] = 34 34
[18386] = 37 37
[18387] = 39 39
[18388] = 42 42
[18389] = 44 44
[18390] = 47 47
[18391] = 49 49
[18392] = 51 51
[18393] = 54 54
[18394] = 56 56
[18395] = 58 58
[18396] = 61 61
[18397] = 63 63
[18398] = 65 65
[18399] = 67 67
[18400] = 69 69
[18401] = 72 72
[18402] = 74 74
[18403] = 76 76
[18404] = 78 78
[18405] = 80 80
[18406] = 82 82
[18407] = 84 84
[18408] = 86 86
[18409] = 88 88
[18410] = 90 90
[18411] = 92 92
[18412] = 93 93
[18413] = 95 95
[18414] = 97 97
[18415] = 99 99
[18416] = 101 101
[18417] = 102 102
[18418] = 104 104
[18419] = 106 106
[18420] = 107 107
[18421] = 109 109
[18422] = 111 111
[18423] = 112 112
[18424] = 114 114
[18425] = 115 115
[18426] = 0 0
[18427] = 2 2
[18428] = 4 4
[18429] = 6 6
[18430] = 8 8
[18431] = 10 10
[18432] = 12 12
[18433] = 14 14
[18434] = 16 16
[18435] = 18 18
[18436] = 20 20
[18437] = 21 21
[18438] = 23 23
[18439] = 25 25
[18440] = 27 27
[18441] = 29 29
[18442] = 30 30
[18443] = 32 32
[18444] = 34 34
[18445] = 36 36
[18446] = 37 37
[18447] = 39 39
[18448] = 40 40
[18449] = 42 42
[18450] = 44 44
[18451] = 45 45
[18452] = 47 47
[18453] = 48 48
[18454] = 50 50
[18455] = 51 51
[18456] = 52 52
[18457] = 54 54
[18458] = 55 55
[18459] = 56 56
[18460] = 58 58
[18461] = 59 59
[18462] = 60 60
[18463] = 62 62
[18464] = 63 63
[18465] = 64 64
[18466] = 65 65
[18467] = 66 66
[18468] = 67 67
[18469] = 68 68
[18470] = 69 69
[18471] = 71 71
[18472] = 72 72
[18473] = 72 72
[18474] = 73 73
[18475] = 74 74
[18476] = 75 75
[18477] = 76 76
[18478] = 77 77
[18479] = 78 78
[18480] = 79 79
[18481] = 0 0
[18482] = 1 1
[18483] = 2 2
[18484] = 4 4
[18485] = 5 5
[18486] = 7 7
[18487] = 8 8
[18488] = 9 9
[18489] = 10 10
[18490] = 12 12
[18491] = 13 13
[18492] = 14 14
[18493] = 15 15
[18494] = 17 17
[18495] = 18 18
[18496] = 19 19
[18497] = 20 20
[18498] = 21 21
[18499] = 22 22
[18500] = 23 23
[18501] = 24 24
[18502] = 25 25
[18503] = 26 26
[18504] = 27 27
[18505] = 28 28
[18506] = 29 29
[18507] = 30 30
[18508] = 30 30
[18509] = 31 31
[18510] = 32 32
[18511] = 33 33
[18512] = 33 33
[18513] = 34 34
[18514] = 35 35
[18515] = 35 35
[18516] = 36 36
[18517] = 37 37
[18518] = 37 37
[18519] = 38 38
[18520] = 38 38
[18521] = 39 39
[18522] = 39 39
[18523] = 40 40
[18524] = 40 40
[18525] = 40 40
[18526] = 41 41
[18527] = 41 41
[18528] = 41 41
[18529] = 42 42
[18530] = 42 42
[18531] = 42 42
[18532] = 42 42
[18533] = 43 43
[18534] = 43 43
[18535] = 0 0
[18536] = 0 0
[18537] = 1 1
[18538] = 2 2
[18539] = 2 2
[18540] = 3 3
[18541] = 4 4
[18542] = 4 4
[18543] = 5 5
[18544] = 6 6
[18545] = 6 6
[18546] = 7 7
[18547] = 7 7
[18548] = 8 8
[18549] = 8 8
[18550] = 9 9
[18551] = 9 9
[18552] = 9 9
[18553] = 10 10
[18554] = 10 10
[18555] = 10 10
[18556] = 11 11
[18557] = 11 11
[18558] = 11 11
[18559] = 11 11
[18560] = 11 11
[18561] = 12 12
[18562] = 12 12
[18563] = 12 12
[18564] = 12 12
[18565] = 12 12
[18566] = 12 12
[18567] = 12 12
[18568] = 12 12
[18569] = 12 12
[18570] = 12 12
[18571] = 12 12
[18572] = 12 12
[18573] = 12 12
[18574] = 11 11
[18575] = 11 11
[18576] = 11 11
[18577] = 11 11
[18578] = 11 11
[18579] = 10 10
[18580] = 10 10
[18581] = 10 10
[18582] = 9 9
[18583] = 9 9
[18584] = 9 9
[18585] = 8 8
[18586] = 8 8
[18587] = 7 7
[18588] = 7 7
[18589] = 6 6
[18590] = 0 0
[18591] = 0 0
[18592] = 0 0
[18593] = 0 0
[18594] = 0 0
[18595] = 0 0
[18596] = 0 0
[18597] = 0 0
[18598] = 0 0
[18599] = 0 0
[18600] = 0 0
[18601] = 0 0
[18602] = 0 0
[18603] = 0 0
[18604] = 0 0
[18605] = 0 0
[18606] = 0 0
[18607] = 0 0
[18608] = 0 0
[18609] = 0 0
[18610] = 0 0
[18611] = 0 0
[18612] = 0 0
[18613] = 0 0
[18614] = 0 0
[18615] = 0 0
[18616] = 0 0
[18617] = 0 0
[18618] = 0 0
[18619] = 0 0
[18620] = 0 0
[18621] = 0 0
[18622] = 0 0
[18623] = 0 0
[18624] = 0 0
[18625] = 0 0
[18626] = 0 0
[18627] = 0 0
[18628] = 0 0
[18629] = 0 0
[18630] = 0 0
[18631] = 0 0
[18632] = 0 0
[18633] = 0 0
[18634] = 0 0
[18635] = 0 0
[18636] = 0 0
[18637] = 0 0
[18638] = 0 0
[18639] = 0 0
[18640] = 0 0
[18641] = 0 0
[18642] = 0 0
[18643] = 0 0
[18644] = 0 0
[18645] = 0 0
[18646] = 0 0
[18647] = 0 0
[18648] = 0 0
[18649] = 0 0
[18650] = 0 0
[18651] = 0 0
[18652] = 0 0
[18653] = 0 0
[18654] = 0 0
[18655] = 0 0
[18656] = 0 0
[18657] = 0 0
[18658] = 0 0
[18659] = 0 0
[18660] = 0 0
[18661] = 0 0
[18662] = 0 0
[18663] = 0 0
[18664] = 0 0
[18665] = 0 0
[18666] = 0 0
[18667] = 0 0
[18668] = 0 0
[18669] = 0 0
[18670] = 0 0
[18671] = 0 0
[18672] = 0 0
[18673] = 0 0
[18674] = 0 0
[18675] = 0 0
[18676] = 0 0
[18677] = 0 0
[18678] = 0 0
[18679] = 0 0
[18680] = 0 0
[18681] = 0 0
[18682] = 0 0
[18683] = 0 0
[18684] = 0 0
[18685] = 0 0
[18686] = 0 0
[18687] = 0 0
[18688] = 0 0
[18689] = 0 0
[18690] = 0 0
[18691] = 0 0
[18692] = 0 0
[18693] = 0 0
[18694] = 0 0
[18695] = 0 0
[18696] = 0 0
[18697] = 0 0
[18698] = 0 0
[18699] = 0 0
[18700] = 0 0
[18701] = 0 0
[18702] = 0 0
[18703] = 0 0
[18704] = 0 0
[18705] = 0 0
[18706] = 0 0
[18707] = 0 0
[18708] = 0 0
[18709] = 0 0
[18710] = 0 0
[18711] = 0 0
[18712] = 0 0
[18713] = 0 0
[18714] = 0 0
[18715] = 0 0
[18716] = 0 0
[18717] = 0 0
[18718] = 0 0
[18719] = 0 0
[18720] = 0 0
[18721] = 0 0
[18722] = 0 0
[18723] = 0 0
[18724] = 0 0
[18725] = 0 0
[18726] = 0 0
[18727] = 0 0
[18728] = 0 0
[18729] = 0 0
[18730] = 0 0
[18731] = 0 0
[18732] = 0 0
[18733] = 0 0
[18734] = 0 0
[18735] = 0 0
[18736] = 0 0
[18737] = 0 0
[18738] = 0 0
[18739] = 0 0
[18740] = 0 0
[18741] = 0 0
[18742] = 0 0
[18743] = 0 0
[18744] = 0 0
[18745] = 0 0
[18746] = 0 0
[18747] = 0 0
[18748] = 0 0
[18749] = 0 0
[18750] = 0 0
[18751] = 0 0
[18752] = 0 0
[18753] = 0 0
[18754] = 0 0
[18755] = 0 0
[18756] = 0 0
[18757] = 0 0
[18758] = 0 0
[18759] = 0 0
[18760] = 0 0
[18761] = 0 0
[18762] = 0 0
[18763] = 0 0
[18764] = 0 0
[18765] = 0 0
[18766] = 0 0
[18767] = 0 0
[18768] = 0 0
[18769] = 0 0
[18770] = 0 0
[18771] = 0 0
[18772] = 0 0
[18773] = 0 0
[18774] = 0 0
[18775] = 0 0
[18776] = 0 0
[18777] = 0 0
[18778] = 0 0
[18779] = 0 0
[18780] = 0 0
[18781] = 0 0
[18782] = 0 0
[18783] = 0 0
[18784] = 0 0
[18785] = 0 0
[18786] = 0 0
[18787] = 0 0
[18788] = 0 0
[18789] = 0 0
[18790] = 0 0
[18791] = 0 0
[18792] = 0 0
[18793] = 0 0
[18794] = 0 0
[18795] = 0 0
[18796] = 0 0
[18797] = 0 0
[18798] = 0 0
[18799] = 0 0
[18800] = 0 0
[18801] = 0 0
[18802] = 0 0
[18803] = 0 0
[18804] = 0 0
[18805] = 0 0
[18806] = 0 0
[18807] = 0 0
[18808] = 0 0
[18809] = 0 0
[18810] = 0 0
[18811] = 0 0
[18812] = 0 0
[18813] = 0 0
[18814] = 0 0
[18815] = 0 0
[18816] = 0 0
[18817] = 0 0
[18818] = 0 0
[18819] = 0 0
[18820] = 0 0
[18821] = 0 0
[18822] = 0 0
[18823] = 0 0
[18824] = 0 0
[18825] = 0 0
[18826] = 0 0
[18827] = 0 0
[18828] = 0 0
[18829] = 0 0
[18830] = 0 0
[18831] = 0 0
[18832] = 0 0
[18833] = 0 0
[18834] = 0 0
[18835] = 0 0
[18836] = 0 0
[18837] = 0 0
[18838] = 0 0
[18839] = 0 0
[18840] = 0 0
[18841] = 0 0
[18842] = 0 0
[18843] = 0 0
[18844] = 0 0
[18845] = 0 0
[18846] = 0 0
[18847] = 0 0
[18848] = 0 0
[18849] = 0 0
[18850] = 0 0
[18851] = 0 0
[18852] = 0 0
[18853] = 0 0
[18854] = 0 0
[18855] = 0 0
[18856] = 0 0
[18857] = 0 0
[18858] = 0 0
[18859] = 0 0
[18860] = 0 0
[18861] = 0 0
[18862] = 0 0
[18863] = 0 0
[18864] = 0 0
[18865] = 0 0
[18866] = 0 0
[18867] = 0 0
[18868] = 0 0
[18869] = 0 0
[18870] = 0 0
[18871] = 0 0
[18872] = 0 0
[18873] = 0 0
[18874] = 0 0
[18875] = 0 0
[18876] = 0 0
[18877] = 0 0
[18878] = 0 0
[18879] = 0 0
[18880] = 0 0
[18881] = 0 0
[18882] = 0 0
[18883] = 0 0
[18884] = 0 0
[18885] = 0 0
[18886] = 0 0
[18887] = 0 0
[18888] = 0 0
[18889] = 0 0
[18890] = 0 0
[18891] = 0 0
[18892] = 0 0
[18893] = 0 0
[18894] = 0 0
[18895] = 0 0
[18896] = 0 0
[18897] = 0 0
[18898] = 0 0
[18899] = 0 0
[18900] = 0 0
[18901] = 0 0
[18902] = 0 0
[18903] = 0 0
[18904] = 0 0
[18905] = 0 0
[18906] = 0 0
[18907] = 0 0
[18908] = 0 0
[18909] = 0 0
[18910] = 0 0
[18911] = 0 0
[18912] = 0 0
[18913] = 0 0
[18914] = 0 0
[18915] = 0 0
[18916] = 0 0
[18917] = 0 0
[18918] = 0 0
[18919] = 0 0
[18920] = 0 0
[18921] = 0 0
[18922] = 0 0
[18923] = 0 0
[18924] = 0 0
[18925] = 0 0
[18926] = 0 0
[18927] = 0 0
[18928] = 0 0
[18929] = 0 0
[18930] = 0 0
[18931] = 0 0
[18932] = 0 0
[18933] = 0 0
[18934] = 0 0
[18935] = 0 0
[18936] = 0 0
[18937] = 0 0
[18938] = 0 0
[18939] = 0 0
[18940] = 0 0
[18941] = 0 0
[18942] = 0 0
[18943] = 0 0
[18944] = 0 0
[18945] = 0 0
[18946] = 0 0
[18947] = 0 0
[18948] = 0 0
[18949] = 0 0
[18950] = 0 0
[18951] = 0 0
[18952] = 0 0
[18953] = 0 0
[18954] = 0 0
[18955] = 0 0
[18956] = 0 0
[18957] = 0 0
[18958] = 0 0
[18959] = 0 0
[18960] = 0 0
[18961] = 0 0
[18962] = 0 0
[18963] = 0 0
[18964] = 0 0
[18965] = 0 0
[18966] = 0 0
[18967] = 0 0
[18968] = 0 0
[18969] = 0 0
[18970] = 0 0
[18971] = 0 0
[18972] = 0 0
[18973] = 0 0
[18974] = 0 0
[18975] = 0 0
[18976] = 0 0
[18977] = 0 0
[18978] = 0 0
[18979] = 0 0
[18980] = 0 0
[18981] = 0 0
[18982] = 0 0
[18983] = 0 0
[18984] = 0 0
[18985] = 0 0
[18986] = 0 0
[18987] = 0 0
[18988] = 0 0
[18989] = 0 0
[18990] = 0 0
[18991] = 0 0
[18992] = 0 0
[18993] = 0 0
[18994] = 0 0
[18995] = 0 0
[18996] = 0 0
[18997] = 0 0
[18998] = 0 0
[18999] = 0 0
[19000] = 0 0
[19001] = 0 0
[19002] = 0 0
[19003] = 0 0
[19004] = 0 0
[19005] = 0 0
[19006] = 0 0
[19007] = 0 0
[19008] = 0 0
[19009] = 0 0
[19010] = 0 0
[19011] = 0 0
[19012] = 0 0
[19013] = 0 0
[19014] = 0 0
[19015] = 0 0
[19016] = 0 0
[19017] = 0 0
[19018] = 0 0
[19019] = 0 0
[19020] = 0 0
[19021] = 0 0
[19022] = 0 0
[19023] = 0 0
[19024] = 0 0
[19025] = 0 0
[19026] = 0 0
[19027] = 0 0
[19028] = 0 0
[19029] = 0 0
[19030] = 0 0
[19031] = 0 0
[19032] = 0 0
[19033] = 0 0
[19034] = 0 0
[19035] = 0 0
[19036] = 0 0
[19037] = 0 0
[19038] = 0 0
[19039] = 0 0
[19040] = 0 0
[19041] = 0 0
[19042] = 0 0
[19043] = 0 0
[19044] = 0 0
[19045] = 0 0
[19046] = 0 0
[19047] = 0 0
[19048] = 0 0
[19049] = 0 0
[19050] = 0 0
[19051] = 0 0
[19052] = 0 0
[19053] = 0 0
[19054] = 0 0
[19055] = 0 0
[19056] = 0 0
[19057] = 0 0
[19058] = 0 0
[19059] = 0 0
[19060] = 0 0
[19061] = 0 0
[19062] = 0 0
[19063] = 0 0
[19064] = 0 0
[19065] = 0 0
[19066] = 0 0
[19067] = 0 0
[19068] = 0 0
[19069] = 0 0
[19070] = 0 0
[19071] = 0 0
[19072] = 0 0
[19073] = 0 0
[19074] = 0 0
[19075] = 0 0
[19076] = 0 0
[19077] = 0 0
[19078] = 0 0
[19079] = 0 0
[19080] = 0 0
[19081] = 0 0
[19082] = 0 0
[19083] = 0 0
[19084] = 0 0
[19085] = 0 0
[19086] = 0 0
[19087] = 0 0
[19088] = 0 0
[19089] = 0 0
[19090] = 0 0
[19091] = 0 0
[19092] = 0 0
[19093] = 0 0
[19094] = 0 0
[19095] = 0 0
[19096] = 0 0
[19097] = 0 0
[19098] = 0 0
[19099] = 0 0
[19100] = 0 0
[19101] = 0 0
[19102] = 0 0
[19103] = 0 0
[19104] = 0 0
[19105] = 0 0
[19106] = 0 0
[19107] = 0 0
[19108] = 0 0
[19109] = 0 0
[19110] = 0 0
[19111] = 0 0
[19112] = 0 0
[19113] = 0 0
[19114] = 0 0
[19115] = 0 0
[19116] = 0 0
[19117] = 0 0
[19118] = 0 0
[19119] = 0 0
[19120] = 0 0
[19121] = 0 0
[19122] = 0 0
[19123] = 0 0
[19124] = 0 0
[19125] = 0 0
[19126] = 0 0
[19127] = 0 0
[19128] = 0 0
[19129] = 0 0
[19130] = 0 0
[19131] = 0 0
[19132] = 0 0
[19133] = 0 0
[19134] = 0 0
[19135] = 0 0
[19136] = 0 0
[19137] = 0 0
[19138] = 0 0
[19139] = 0 0
[19140] = 0 0
[19141] = 0 0
[19142] = 0 0
[19143] = 0 0
[19144] = 0 0
[19145] = 0 0
[19146] = 0 0
[19147] = 0 0
[19148] = 0 0
[19149] = 0 0
[19150] = 0 0
[19151] = 0 0
[19152] = 0 0
[19153] = 0 0
[19154] = 0 0
[19155] = 0 0
[19156] = 0 0
[19157] = 0 0
[19158] = 0 0
[19159] = 0 0
[19160] = 0 0
[19161] = 0 0
[19162] = 0 0
[19163] = 0 0
[19164] = 0 0
[19165] = 0 0
[19166] = 0 0
[19167] = 0 0
[19168] = 0 0
[19169] = 0 0
[19170] = 0 0
[19171] = 0 0
[19172] = 0 0
[19173] = 0 0
[19174] = 0 0
[19175] = 0 0
[19176] = 0 0
[19177] = 0 0
[19178] = 0 0
[19179] = 0 0
[19180] = 0 0
[19181] = 0 0
[19182] = 0 0
[19183] = 0 0
[19184] = 0 0
[19185] = 0 0
[19186] = 0 0
[19187] = 0 0
[19188] = 0 0
[19189] = 0 0
[19190] = 0 0
[19191] = 0 0
[19192] = 0 0
[19193] = 0 0
[19194] = 0 0
[19195] = 0 0
[19196] = 0 0
[19197] = 0 0
[19198] = 0 0
[19199] = 0 0
[19200] = 0 0
[19201] = 0 0
[19202] = 0 0
[19203] = 0 0
[19204] = 0 0
[19205] = 0 0
[19206] = 0 0
[19207] = 0 0
[19208] = 0 0
[19209] = 0 0
[19210] = 0 0
[19211] = 0 0
[19212] = 0 0
[19213] = 0 0
[19214] = 0 0
[19215] = 0 0
[19216] = 0 0
[19217] = 0 0
[19218] = 0 0
[19219] = 0 0
[19220] = 0 0
[19221] = 0 0
[19222] = 0 0
[19223] = 0 0
[19224] = 0 0
[19225] = 0 0
[19226] = 0 0
[19227] = 0 0
[19228] = 0 0
[19229] = 0 0
[19230] = 0 0
[19231] = 0 0
[19232] = 0 0
[19233] = 0 0
[19234] = 0 0
[19235] = 0 0
[19236] = 0 0
[19237] = 0 0
[19238] = 0 0
[19239] = 0 0
[19240] = 0 0
[19241] = 0 0
[19242] = 0 0
[19243] = 0 0
[19244] = 0 0
[19245] = 0 0
[19246] = 0 0
[19247] = 0 0
[19248] = 0 0
[19249] = 0 0
[19250] = 0 0
[19251] = 0 0
[19252] = 0 0
[19253] = 0 0
[19254] = 0 0
[19255] = 0 0
[19256] = 0 0
[19257] = 0 0
[19258] = 0 0
[19259] = 0 0
[19260] = 0 0
[19261] = 0 0
[19262] = 0 0
[19263] = 0 0
[19264] = 0 0
[19265] = 0 0
[19266] = 0 0
[19267] = 0 0
[19268] = 0 0
[19269] = 0 0
[19270] = 0 0
[19271] = 0 0
[19272] = 0 0
[19273] = 0 0
[19274] = 0 0
[19275] = 0 0
[19276] = 0 0
[19277] = 0 0
[19278] = 0 0
[19279] = 0 0
[19280] = 0 0
[19281] = 0 0
[19282] = 0 0
[19283] = 0 0
[19284] = 0 0
[19285] = 0 0
[19286] = 0 0
[19287] = 0 0
[19288] = 0 0
[19289] = 0 0
[19290] = 0 0
[19291] = 0 0
[19292] = 0 0
[19293] = 0 0
[19294] = 0 0
[19295] = 0 0
[19296] = 0 0
[19297] = 0 0
[19298] = 0 0
[19299] = 0 0
[19300] = 0 0
[19301] = 0 0
[19302] = 0 0
[19303] = 0 0
[19304] = 0 0
[19305] = 0 0
[19306] = 0 0
[19307] = 0 0
[19308] = 0 0
[19309] = 0 0
[19310] = 0 0
[19311] = 0 0
[19312] = 0 0
[19313] = 0 0
[19314] = 0 0
[19315] = 0 0
[19316] = 0 0
[19317] = 0 0
[19318] = 0 0
[19319] = 0 0
[19320] = 0 0
[19321] = 0 0
[19322] = 0 0
[19323] = 0 0
[19324] = 0 0
[19325] = 0 0
[19326] = 0 0
[19327] = 0 0
[19328] = 0 0
[19329] = 0 0
[19330] = 0 0
[19331] = 0 0
[19332] = 0 0
[19333] = 0 0
[19334] = 0 0
[19335] = 0 0
[19336] = 0 0
[19337] = 0 0
[19338] = 0 0
[19339] = 0 0
[19340] = 0 0
[19341] = 0 0
[19342] = 0 0
[19343] = 0 0
[19344] = 0 0
[19345] = 0 0
[19346] = 0 0
[19347] = 0 0
[19348] = 0 0
[19349] = 0 0
[19350] = 0 0
[19351] = 0 0
[19352] = 0 0
[19353] = 0 0
[19354] = 0 0
[19355] = 0 0
[19356] = 0 0
[19357] = 0 0
[19358] = 0 0
[19359] = 0 0
[19360] = 0 0
[19361] = 0 0
[19362] = 0 0
[19363] = 0 0
[19364] = 0 0
[19365] = 0 0
[19366] = 0 0
[19367] = 0 0
[19368] = 0 0
[19369] = 0 0
[19370] = 0 0
[19371] = 0 0
[19372] = 0 0
[19373] = 0 0
[19374] = 0 0
[19375] = 0 0
[19376] = 0 0
[19377] = 0 0
[19378] = 0 0
[19379] = 0 0
[19380] = 0 0
[19381] = 0 0
[19382] = 0 0
[19383] = 0 0
[19384] = 0 0
[19385] = 0 0
[19386] = 0 0
[19387] = 0 0
[19388] = 0 0
[19389] = 0 0
[19390] = 0 0
[19391] = 0 0
[19392] = 0 0
[19393] = 0 0
[19394] = 0 0
[19395] = 0 0
[19396] = 0 0
[19397] = 0 0
[19398] = 0 0
[19399] = 0 0
[19400] = 0 0
[19401] = 0 0
[19402] = 0 0
[19403] = 0 0
[19404] = 0 0
[19405] = 0 0
[19406] = 0 0
[19407] = 0 0
[19408] = 0 0
[19409] = 0 0
[19410] = 0 0
[19411] = 0 0
[19412] = 0 0
[19413] = 0 0
[19414] = 0 0
[19415] = 0 0
[19416] = 0 0
[19417] = 0 0
[19418] = 0 0
[19419] = 0 0
[19420] = 0 0
[19421] = 0 0
[19422] = 0 0
[19423] = 0 0
[19424] = 0 0
[19425] = 0 0
[19426] = 0 0
[19427] = 0 0
[19428] = 0 0
[19429] = 0 0
[19430] = 0 0
[19431] = 0 0
[19432] = 0 0
[19433] = 0 0
[19434] = 0 0
[19435] = 0 0
[19436] = 0 0
[19437] = 0 0
[19438] = 0 0
[19439] = 0 0
[19440] = 0 0
[19441] = 0 0
[19442] = 0 0
[19443] = 0 0
[19444] = 0 0
[19445] = 0 0
[19446] = 0 0
[19447] = 0 0
[19448] = 0 0
[19449] = 0 0
[19450] = 0 0
[19451] = 0 0
[19452] = 0 0
[19453] = 0 0
[19454] = 0 0
[19455] = 0 0
[19456] = 0 0
[19457] = 0 0
[19458] = 0 0
[19459] = 0 0
[19460] = 0 0
[19461] = 0 0
[19462] = 0 0
[19463] = 0 0
[19464] = 0 0
[19465] = 0 0
[19466] = 0 0
[19467] = 0 0
[19468] = 0 0
[19469] = 0 0
[19470] = 0 0
[19471] = 0 0
[19472] = 0 0
[19473] = 0 0
[19474] = 0 0
[19475] = 0 0
[19476] = 0 0
[19477] = 0 0
[19478] = 0 0
[19479] = 0 0
[19480] = 0 0
[19481] = 0 0
[19482] = 0 0
[19483] = 0 0
[19484] = 0 0
[19485] = 0 0
[19486] = 0 0
[19487] = 0 0
[19488] = 0 0
[19489] = 0 0
[19490] = 0 0
[19491] = 0 0
[19492] = 0 0
[19493] = 0 0
[19494] = 0 0
[19495] = 0 0
[19496] = 0 0
[19497] = 0 0
[19498] = 0 0
[19499] = 0 0
[19500] = 0 0
[19501] = 0 0
[19502] = 0 0
[19503] = 0 0
[19504] = 0 0
[19505] = 0 0
[19506] = 0 0
[19507] = 0 0
[19508] = 0 0
[19509] = 0 0
[19510] = 0 0
[19511] = 0 0
[19512] = 0 0
[19513] = 0 0
[19514] = 0 0
[19515] = 0 0
[19516] = 0 0
[19517] = 0 0
[19518] = 0 0
[19519] = 0 0
[19520] = 0 0
[19521] = 0 0
[19522] = 0 0
[19523] = 0 0
[19524] = 0 0
[19525] = 0 0
[19526] = 0 0
[19527] = 0 0
[19528] = 0 0
[19529] = 0 0
[19530] = 0 0
[19531] = 0 0
[19532] = 0 0
[19533] = 0 0
[19534] = 0 0
[19535] = 0 0
[19536] = 0 0
[19537] = 0 0
[19538] = 0 0
[19539] = 0 0
[19540] = 0 0
[19541] = 0 0
[19542] = 0 0
[19543] = 0 0
[19544] = 0 0
[19545] = 0 0
[19546] = 0 0
[19547] = 0 0
[19548] = 0 0
[19549] = 0 0
[19550] = 0 0
[19551] = 0 0
[19552] = 0 0
[19553] = 0 0
[19554] = 0 0
[19555] = 0 0
[19556] = 0 0
[19557] = 0 0
[19558] = 0 0
[19559] = 0 0
[19560] = 0 0
[19561] = 0 0
[19562] = 0 0
[19563] = 0 0
[19564] = 0 0
[19565] = 0 0
[19566] = 0 0
[19567] = 0 0
[19568] = 0 0
[19569] = 0 0
[19570] = 0 0
[19571] = 0 0
[19572] = 0 0
[19573] = 0 0
[19574] = 0 0
[19575] = 0 0
[19576] = 0 0
[19577] = 0 0
[19578] = 0 0
[19579] = 0 0
[19580] = 0 0
[19581] = 0 0
[19582] = 0 0
[19583] = 0 0
[19584] = 0 0
[19585] = 0 0
[19586] = 0 0
[19587] = 0 0
[19588] = 0 0
[19589] = 0 0
[19590] = 0 0
[19591] = 0 0
[19592] = 0 0
[19593] = 0 0
[19594] = 0 0
[19595] = 0 0
[19596] = 0 0
[19597] = 0 0
[19598] = 0 0
[19599] = 0 0
[19600] = 0 0
[19601] = 0 0
[19602] = 0 0
[19603] = 0 0
[19604] = 0 0
[19605] = 0 0
[19606] = 0 0
[19607] = 0 0
[19608] = 0 0
[19609] = 0 0
[19610] = 0 0
[19611] = 0 0
[19612] = 0 0
[19613] = 0 0
[19614] = 0 0
[19615] = 0 0
[19616] = 0 0
[19617] = 0 0
[19618] = 0 0
[19619] = 0 0
[19620] = 0 0
[19621] = 0 0
[19622] = 0 0
[19623] = 0 0
[19624] = 0 0
[19625] = 0 0
[19626] = 0 0
[19627] = 0 0
[19628] = 0 0
[19629] = 0 0
[19630] = 0 0
[19631] = 0 0
[19632] = 0 0
[19633] = 0 0
[19634] = 0 0
[19635] = 0 0
[19636] = 0 0
[19637] = 0 0
[19638] = 0 0
[19639] = 0 0
[19640] = 0 0
[19641] = 0 0
[19642] = 0 0
[19643] = 0 0
[19644] = 0 0
[19645] = 0 0
[19646] = 0 0
[19647] = 0 0
[19648] = 0 0
[19649] = 0 0
[19650] = 0 0
[19651] = 0 0
[19652] = 0 0
[19653] = 0 0
[19654] = 0 0
[19655] = 0 0
[19656] = 0 0
[19657] = 0 0
[19658] = 0 0
[19659] = 0 0
[19660] = 0 0
[19661] = 0 0
[19662] = 0 0
[19663] = 0 0
[19664] = 0 0
[19665] = 0 0
[19666] = 0 0
[19667] = 0 0
[19668] = 0 0
[19669] = 0 0
[19670] = 0 0
[19671] = 0 0
[19672] = 0 0
[19673] = 0 0
[19674] = 0 0
[19675] = 0 0
[19676] = 0 0
[19677] = 0 0
[19678] = 0 0
[19679] = 0 0
[19680] = 0 0
[19681] = 0 0
[19682] = 0 0
[19683] = 0 0
[19684] = 0 0
[19685] = 0 0
[19686] = 0 0
[19687] = 0 0
[19688] = 0 0
[19689] = 0 0
[19690] = 0 0
[19691] = 0 0
[19692] = 0 0
[19693] = 0 0
[19694] = 0 0
[19695] = 0 0
[19696] = 0 0
[19697] = 0 0
[19698] = 0 0
[19699] = 0 0
[19700] = 0 0
[19701] = 0 0
[19702] = 0 0
[19703] = 0 0
[19704] = 0 0
[19705] = 0 0
[19706] = 0 0
[19707] = 0 0
[19708] = 0 0
[19709] = 0 0
[19710] = 0 0
[19711] = 0 0
[19712] = 0 0
[19713] = 0 0
[19714] = 0 0
[19715] = 0 0
[19716] = 0 0
[19717] = 0 0
[19718] = 0 0
[19719] = 0 0
[19720] = 0 0
[19721] = 0 0
[19722] = 0 0
[19723] = 0 0
[19724] = 0 0
[19725] = 0 0
[19726] = 0 0
[19727] = 0 0
[19728] = 0 0
[19729] = 0 0
[19730] = 0 0
[19731] = 0 0
[19732] = 0 0
[19733] = 0 0
[19734] = 0 0
[19735] = 0 0
[19736] = 0 0
[19737] = 0 0
[19738] = 0 0
[19739] = 0 0
[19740] = 0 0
[19741] = 0 0
[19742] = 0 0
[19743] = 0 0
[19744] = 0 0
[19745] = 0 0
[19746] = 0 0
[19747] = 0 0
[19748] = 0 0
[19749] = 0 0
[19750] = 0 0
[19751] = 0 0
[19752] = 0 0
[19753] = 0 0
[19754] = 0 0
[19755] = 0 0
[19756] = 0 0
[19757] = 0 0
[19758] = 0 0
[19759] = 0 0
[19760] = 0 0
[19761] = 0 0
[19762] = 0 0
[19763] = 0 0
[19764] = 0 0
[19765] = 0 0
[19766] = 0 0
[19767] = 0 0
[19768] = 0 0
[19769] = 0 0
[19770] = 0 0
[19771] = 0 0
[19772] = 0 0
[19773] = 0 0
[19774] = 0 0
[19775] = 0 0
[19776] = 0 0
[19777] = 0 0
[19778] = 0 0
[19779] = 0 0
[19780] = 0 0
[19781] = 0 0
[19782] = 0 0
[19783] = 0 0
[19784] = 0 0
[19785] = 0 0
[19786] = 0 0
[19787] = 0 0
[19788] = 0 0
[19789] = 0 0
[19790] = 0 0
[19791] = 0 0
[19792] = 0 0
[19793] = 0 0
[19794] = 0 0
[19795] = 0 0
[19796] = 0 0
[19797] = 0 0
[19798] = 0 0
[19799] = 0 0
[19800] = 0 0
[19801] = 0 0
[19802] = 0 0
[19803] = 0 0
[19804] = 0 0
[19805] = 0 0
[19806] = 0 0
[19807] = 0 0
[19808] = 0 0
[19809] = 0 0
[19810] = 0 0
[19811] = 0 0
[19812] = 0 0
[19813] = 0 0
[19814] = 0 0
[19815] = 0 0
[19816] = 0 0
[19817] = 0 0
[19818] = 0 0
[19819] = 0 0
[19820] = 0 0
[19821] = 0 0
[19822] = 0 0
[19823] = 0 0
[19824] = 0 0
[19825] = 0 0
[19826] = 0 0
[19827] = 0 0
[19828] = 0 0
[19829] = 0 0
[19830] = 0 0
[19831] = 0 0
[19832] = 0 0
[19833] = 0 0
[19834] = 0 0
[19835] = 0 0
[19836] = 0 0
[19837] = 0 0
[19838] = 0 0
[19839] = 0 0
[19840] = 0 0
[19841] = 0 0
[19842] = 0 0
[19843] = 0 0
[19844] = 0 0
[19845] = 0 0
[19846] = 0 0
[19847] = 0 0
[19848] = 0 0
[19849] = 0 0
[19850] = 0 0
[19851] = 0 0
[19852] = 0 0
[19853] = 0 0
[19854] = 0 0
[19855] = 0 0
[19856] = 0 0
[19857] = 0 0
[19858] = 0 0
[19859] = 0 0
[19860] = 0 0
[19861] = 0 0
[19862] = 0 0
[19863] = 0 0
[19864] = 0 0
[19865] = 0 0
[19866] = 0 0
[19867] = 0 0
[19868] = 0 0
[19869] = 0 0
[19870] = 0 0
[19871] = 0 0
[19872] = 0 0
[19873] = 0 0
[19874] = 0 0
[19875] = 0 0
[19876] = 0 0
[19877] = 0 0
[19878] = 0 0
[19879] = 0 0
[19880] = 0 0
[19881] = 0 0
[19882] = 0 0
[19883] = 0 0
[19884] = 0 0
[19885] = 0 0
[19886] = 0 0
[19887] = 0 0
[19888] = 0 0
[19889] = 0 0
[19890] = 0 0
[19891] = 0 0
[19892] = 0 0
[19893] = 0 0
[19894] = 0 0
[19895] = 0 0
[19896] = 0 0
[19897] = 0 0
[19898] = 0 0
[19899] = 0 0
[19900] = 0 0
[19901] = 0 0
[19902] = 0 0
[19903] = 0 0
[19904] = 0 0
[19905] = 0 0
[19906] = 0 0
[19907] = 0 0
[19908] = 0 0
[19909] = 0 0
[19910] = 0 0
[19911] = 0 0
[19912] = 0 0
[19913] = 0 0
[19914] = 0 0
[19915] = 0 0
[19916] = 0 0
[19917] = 0 0
[19918] = 0 0
[19919] = 0 0
[19920] = 0 0
[19921] = 0 0
[19922] = 0 0
[19923] = 0 0
[19924] = 0 0
[19925] = 0 0
[19926] = 0 0
[19927] = 0 0
[19928] = 0 0
[19929] = 0 0
[19930] = 0 0
[19931] = 0 0
[19932] = 0 0
[19933] = 0 0
[19934] = 0 0
[19935] = 0 0
[19936] = 0 0
[19937] = 0 0
[19938] = 0 0
[19939] = 0 0
[19940] = 0 0
[19941] = 0 0
[19942] = 0 0
[19943] = 0 0
[19944] = 0 0
[19945] = 0 0
[19946] = 0 0
[19947] = 0 0
[19948] = 0 0
[19949] = 0 0
[19950] = 0 0
[19951] = 0 0
[19952] = 0 0
[19953] = 0 0
[19954] = 0 0
[19955] = 0 0
[19956] = 0 0
[19957] = 0 0
[19958] = 0 0
[19959] = 0 0
[19960] = 0 0
[19961] = 0 0
[19962] = 0 0
[19963] = 0 0
[19964] = 0 0
[19965] = 0 0
[19966] = 0 0
[19967] = 0 0
[19968] = 0 0
[19969] = 0 0
[19970] = 0 0
[19971] = 0 0
[19972] = 0 0
[19973] = 0 0
[19974] = 0 0
[19975] = 0 0
[19976] = 0 0
[19977] = 0 0
[19978] = 0 0
[19979] = 0 0
[19980] = 0 0
[19981] = 0 0
[19982] = 0 0
[19983] = 0 0
[19984] = 0 0
[19985] = 0 0
[19986] = 0 0
[19987] = 0 0
[19988] = 0 0
[19989] = 0 0
[19990] = 0 0
[19991] = 0 0
[19992] = 0 0
[19993] = 0 0
[19994] = 0 0
[19995] = 0 0
[19996] = 0 0
[19997] = 0 0
[19998] = 0 0
[19999] = 0 0

