[0] = 326 326
[1] = 652 652
[2] = 979 979
[3] = 1305 1305
[4] = 1632 1632
[5] = 1959 1959
[6] = 2286 2286
[7] = 2612 2612
[8] = 2939 2939
[9] = 3265 3265
[10] = 3592 3592
[11] = 3918 3918
[12] = 4245 4245
[13] = 4572 4572
[14] = 4898 4898
[15] = 5225 5225
[16] = 5552 5552
[17] = 5878 5878
[18] = 6205 6205
[19] = 6531 6531
[20] = 6859 6859
[21] = 7185 7185
[22] = 7512 7512
[23] = 7838 7838
[24] = 8165 8165
[25] = 8492 8492
[26] = 8818 8818
[27] = 9145 9145
[28] = 9471 9471
[29] = 9799 9799
[30] = 10125 10125
[31] = 10452 10452
[32] = 10778 10778
[33] = 11105 11105
[34] = 11431 11431
[35] = 11758 11758
[36] = 12085 12085
[37] = 12411 12411
[38] = 12738 12738
[39] = 13064 13064
[40] = 13391 13391
[41] = 13718 13718
[42] = 14044 14044
[43] = 14371 14371
[44] = 14697 14697
[45] = 15024 15024
[46] = 15351 15351
[47] = 15678 15678
[48] = 16004 16004
[49] = 16331 16331
[50] = 16658 16658
[51] = 16984 16984
[52] = 17311 17311
[53] = 17637 17637
[54] = 17965 17965
[55] = 18291 18291
[56] = 18618 18618
[57] = 18944 18944
[58] = 19271 19271
[59] = 19598 19598
[60] = 19924 19924
[61] = 20251 20251
[62] = 20577 20577
[63] = 20904 20904
[64] = 21231 21231
[65] = 21557 21557
[66] = 21884 21884
[67] = 22210 22210
[68] = 22537 22537
[69] = 22863 22863
[70] = 23190 23190
[71] = 23517 23517
[72] = 23844 23844
[73] = 24170 24170
[74] = 24497 24497
[75] = 24824 24824
[76] = 25150 25150
[77] = 25477 25477
[78] = 25803 25803
[79] = 26131 26131
[80] = 26457 26457
[81] = 26784 26784
[82] = 27110 27110
[83] = 27437 27437
[84] = 27764 27764
[85] = 28090 28090
[86] = 28417 28417
[87] = 28743 28743
[88] = 29070 29070
[89] = 29397 29397
[90] = 29723 29723
[91] = 30050 30050
[92] = 30377 30377
[93] = 30703 30703
[94] = 31030 31030
[95] = 31356 31356
[96] = 31683 31683
[97] = 32010 32010
[98] = 32336 32336
[99] = 32663 32663
[100] = 32990 32990
[101] = 33316 33316
[102] = 33643 33643
[103] = 33969 33969
[104] = 34297 34297
[105] = 34623 34623
[106] = 34950 34950
[107] = 35276 35276
[108] = 0 0
[109] = 326 326
[110] = 652 652
[111] = 979 979
[112] = 1305 1305
[113] = 1632 1632
[114] = 1959 1959
[115] = 2286 2286
[116] = 2612 2612
[117] = 2939 2939
[118] = 3265 3265
[119] = 3592 3592
[120] = 3918 3918
[121] = 4245 4245
[122] = 4572 4572
[123] = 4898 4898
[124] = 5225 5225
[125] = 5552 5552
[126] = 5878 5878
[127] = 6205 6205
[128] = 6531 6531
[129] = 6859 6859
[130] = 7185 7185
[131] = 7512 7512
[132] = 7838 7838
[133] = 8165 8165
[134] = 8492 8492
[135] = 8818 8818
[136] = 9145 9145
[137] = 9471 9471
[138] = 9799 9799
[139] = 10125 10125
[140] = 10452 10452
[141] = 10778 10778
[142] = 11105 11105
[143] = 11431 11431
[144] = 11758 11758
[145] = 12085 12085
[146] = 12411 12411
[147] = 12738 12738
[148] = 13064 13064
[149] = 13391 13391
[150] = 13718 13718
[151] = 14044 14044
[152] = 14371 14371
[153] = 14697 14697
[154] = 15024 15024
[155] = 15351 15351
[156] = 15678 15678
[157] = 16004 16004
[158] = 16331 16331
[159] = 16658 16658
[160] = 16984 16984
[161] = 17311 17311
[162] = 17637 17637
[163] = 17965 17965
[164] = 18291 18291
[165] = 18618 18618
[166] = 18944 18944
[167] = 19271 19271
[168] = 19598 19598
[169] = 19924 19924
[170] = 20251 20251
[171] = 20577 20577
[172] = 20904 20904
[173] = 21231 21231
[174] = 21557 21557
[175] = 21884 21884
[176] = 22210 22210
[177] = 22537 22537
[178] = 22863 22863
[179] = 23190 23190
[180] = 23517 23517
[181] = 23844 23844
[182] = 24170 24170
[183] = 24497 24497
[184] = 24824 24824
[185] = 25150 25150
[186] = 25477 25477
[187] = 25803 25803
[188] = 26131 26131
[189] = 26457 26457
[190] = 26784 26784
[191] = 27110 27110
[192] = 27437 27437
[193] = 27764 27764
[194] = 28090 28090
[195] = 28417 28417
[196] = 28743 28743
[197] = 29070 29070
[198] = 29397 29397
[199] = 29723 29723
[200] = 30050 30050
[201] = 30377 30377
[202] = 30703 30703
[203] = 31030 31030
[204] = 31356 31356
[205] = 31683 31683
[206] = 32010 32010
[207] = 32336 32336
[208] = 32663 32663
[209] = 32990 32990
[210] = 33316 33316
[211] = 33643 33643
[212] = 33969 33969
[213] = 34297 34297
[214] = 34623 34623
[215] = 34950 34950
[216] = 35276 35276
[217] = 0 0
[218] = 326 326
[219] = 652 652
[220] = 979 979
[221] = 1305 1305
[222] = 1632 1632
[223] = 1959 1959
[224] = 2286 2286
[225] = 2612 2612
[226] = 2939 2939
[227] = 3265 3265
[228] = 3592 3592
[229] = 3918 3918
[230] = 4245 4245
[231] = 4572 4572
[232] = 4898 4898
[233] = 5225 5225
[234] = 5552 5552
[235] = 5878 5878
[236] = 6205 6205
[237] = 6531 6531
[238] = 6859 6859
[239] = 7185 7185
[240] = 7512 7512
[241] = 7838 7838
[242] = 8165 8165
[243] = 8492 8492
[244] = 8818 8818
[245] = 9145 9145
[246] = 9471 9471
[247] = 9799 9799
[248] = 10125 10125
[249] = 10452 10452
[250] = 10778 10778
[251] = 11105 11105
[252] = 11431 11431
[253] = 11758 11758
[254] = 12085 12085
[255] = 12411 12411
[256] = 12738 12738
[257] = 13064 13064
[258] = 13391 13391
[259] = 13718 13718
[260] = 14044 14044
[261] = 14371 14371
[262] = 14697 14697
[263] = 15024 15024
[264] = 15351 15351
[265] = 15678 15678
[266] = 16004 16004
[267] = 16331 16331
[268] = 16658 16658
[269] = 16984 16984
[270] = 17311 17311
[271] = 17637 17637
[272] = 17965 17965
[273] = 18291 18291
[274] = 18618 18618
[275] = 18944 18944
[276] = 19271 19271
[277] = 19598 19598
[278] = 19924 19924
[279] = 20251 20251
[280] = 20577 20577
[281] = 20904 20904
[282] = 21231 21231
[283] = 21557 21557
[284] = 21884 21884
[285] = 22210 22210
[286] = 22537 22537
[287] = 22863 22863
[288] = 23190 23190
[289] = 23517 23517
[290] = 23844 23844
[291] = 24170 24170
[292] = 24497 24497
[293] = 24824 24824
[294] = 25150 25150
[295] = 25477 25477
[296] = 25803 25803
[297] = 26131 26131
[298] = 26457 26457
[299] = 26784 26784
[300] = 27110 27110
[301] = 27437 27437
[302] = 27764 27764
[303] = 28090 28090
[304] = 28417 28417
[305] = 28743 28743
[306] = 29070 29070
[307] = 29397 29397
[308] = 29723 29723
[309] = 30050 30050
[310] = 30377 30377
[311] = 30703 30703
[312] = 31030 31030
[313] = 31356 31356
[314] = 31683 31683
[315] = 32010 32010
[316] = 32336 32336
[317] = 32663 32663
[318] = 32990 32990
[319] = 33316 33316
[320] = 33643 33643
[321] = 33969 33969
[322] = 34297 34297
[323] = 34623 34623
[324] = 34950 34950
[325] = 35276 35276
[326] = 0 0
[327] = 326 326
[328] = 652 652
[329] = 979 979
[330] = 1305 1305
[331] = 1632 1632
[332] = 1959 1959
[333] = 2286 2286
[334] = 2612 2612
[335] = 2939 2939
[336] = 3265 3265
[337] = 3592 3592
[338] = 3918 3918
[339] = 4245 4245
[340] = 4572 4572
[341] = 4898 4898
[342] = 5225 5225
[343] = 5552 5552
[344] = 5878 5878
[345] = 6205 6205
[346] = 6531 6531
[347] = 6859 6859
[348] = 7185 7185
[349] = 7512 7512
[350] = 7838 7838
[351] = 8165 8165
[352] = 8492 8492
[353] = 8818 8818
[354] = 9145 9145
[355] = 9471 9471
[356] = 9799 9799
[357] = 10125 10125
[358] = 10452 10452
[359] = 10778 10778
[360] = 11105 11105
[361] = 11431 11431
[362] = 11758 11758
[363] = 12085 12085
[364] = 12411 12411
[365] = 12738 12738
[366] = 13064 13064
[367] = 13391 13391
[368] = 13718 13718
[369] = 14044 14044
[370] = 14371 14371
[371] = 14697 14697
[372] = 15024 15024
[373] = 15351 15351
[374] = 15678 15678
[375] = 16004 16004
[376] = 16331 16331
[377] = 16658 16658
[378] = 16984 16984
[379] = 17311 17311
[380] = 17637 17637
[381] = 17965 17965
[382] = 18291 18291
[383] = 18618 18618
[384] = 18944 18944
[385] = 19271 19271
[386] = 19598 19598
[387] = 19924 19924
[388] = 20251 20251
[389] = 20577 20577
[390] = 20904 20904
[391] = 21231 21231
[392] = 21557 21557
[393] = 21884 21884
[394] = 22210 22210
[395] = 22537 22537
[396] = 22863 22863
[397] = 23190 23190
[398] = 23517 23517
[399] = 23844 23844
[400] = 24170 24170
[401] = 24497 24497
[402] = 24824 24824
[403] = 25150 25150
[404] = 25477 25477
[405] = 25803 25803
[406] = 26131 26131
[407] = 26457 26457
[408] = 26784 26784
[409] = 27110 27110
[410] = 27437 27437
[411] = 27764 27764
[412] = 28090 28090
[413] = 28417 28417
[414] = 28743 28743
[415] = 29070 29070
[416] = 29397 29397
[417] = 29723 29723
[418] = 30050 30050
[419] = 30377 30377
[420] = 30703 30703
[421] = 31030 31030
[422] = 31356 31356
[423] = 31683 31683
[424] = 32010 32010
[425] = 32336 32336
[426] = 32663 32663
[427] = 32990 32990
[428] = 33316 33316
[429] = 33643 33643
[430] = 33969 33969
[431] = 34297 34297
[432] = 34623 34623
[433] = 34950 34950
[434] = 35276 35276
[435] = 0 0
[436] = 326 326
[437] = 652 652
[438] = 979 979
[439] = 1305 1305
[440] = 1632 1632
[441] = 1959 1959
[442] = 2286 2286
[443] = 2612 2612
[444] = 2939 2939
[445] = 3265 3265
[446] = 3592 3592
[447] = 3918 3918
[448] = 4245 4245
[449] = 4572 4572
[450] = 4898 4898
[451] = 5225 5225
[452] = 5552 5552
[453] = 5878 5878
[454] = 6205 6205
[455] = 6531 6531
[456] = 6859 6859
[457] = 7185 7185
[458] = 7512 7512
[459] = 7838 7838
[460] = 8165 8165
[461] = 8492 8492
[462] = 8818 8818
[463] = 9145 9145
[464] = 9471 9471
[465] = 9799 9799
[466] = 10125 10125
[467] = 10452 10452
[468] = 10778 10778
[469] = 11105 11105
[470] = 11431 11431
[471] = 11758 11758
[472] = 12085 12085
[473] = 12411 12411
[474] = 12738 12738
[475] = 13064 13064
[476] = 13391 13391
[477] = 13718 13718
[478] = 14044 14044
[479] = 14371 14371
[480] = 14697 14697
[481] = 15024 15024
[482] = 15351 15351
[483] = 15678 15678
[484] = 16004 16004
[485] = 16331 16331
[486] = 16658 16658
[487] = 16984 16984
[488] = 17311 17311
[489] = 17637 17637
[490] = 17965 17965
[491] = 18291 18291
[492] = 18618 18618
[493] = 18944 18944
[494] = 19271 19271
[495] = 19598 19598
[496] = 19924 19924
[497] = 20251 20251
[498] = 20577 20577
[499] = 20904 20904
[500] = 21231 21231
[501] = 21557 21557
[502] = 21884 21884
[503] = 22210 22210
[504] = 22537 22537
[505] = 22863 22863
[506] = 23190 23190
[507] = 23517 23517
[508] = 23844 23844
[509] = 24170 24170
[510] = 24497 24497
[511] = 24824 24824
[512] = 25150 25150
[513] = 25477 25477
[514] = 25803 25803
[515] = 26131 26131
[516] = 26457 26457
[517] = 26784 26784
[518] = 27110 27110
[519] = 27437 27437
[520] = 27764 27764
[521] = 28090 28090
[522] = 28417 28417
[523] = 28743 28743
[524] = 29070 29070
[525] = 29397 29397
[526] = 29723 29723
[527] = 30050 30050
[528] = 30377 30377
[529] = 30703 30703
[530] = 31030 31030
[531] = 31356 31356
[532] = 31683 31683
[533] = 32010 32010
[534] = 32336 32336
[535] = 32663 32663
[536] = 32990 32990
[537] = 33316 33316
[538] = 33643 33643
[539] = 33969 33969
[540] = 34297 34297
[541] = 34623 34623
[542] = 34950 34950
[543] = 35276 35276
[544] = 0 0
[545] = 326 326
[546] = 652 652
[547] = 979 979
[548] = 1305 1305
[549] = 1632 1632
[550] = 1959 1959
[551] = 2286 2286
[552] = 2612 2612
[553] = 2939 2939
[554] = 3265 3265
[555] = 3592 3592
[556] = 3918 3918
[557] = 4245 4245
[558] = 4572 4572
[559] = 4898 4898
[560] = 5225 5225
[561] = 5552 5552
[562] = 5878 5878
[563] = 6205 6205
[564] = 6531 6531
[565] = 6859 6859
[566] = 7185 7185
[567] = 7512 7512
[568] = 7838 7838
[569] = 8165 8165
[570] = 8492 8492
[571] = 8818 8818
[572] = 9145 9145
[573] = 9471 9471
[574] = 9799 9799
[575] = 10125 10125
[576] = 10452 10452
[577] = 10778 10778
[578] = 11105 11105
[579] = 11431 11431
[580] = 11758 11758
[581] = 12085 12085
[582] = 12411 12411
[583] = 12738 12738
[584] = 13064 13064
[585] = 13391 13391
[586] = 13718 13718
[587] = 14044 14044
[588] = 14371 14371
[589] = 14697 14697
[590] = 15024 15024
[591] = 15351 15351
[592] = 15678 15678
[593] = 16004 16004
[594] = 16331 16331
[595] = 16658 16658
[596] = 16984 16984
[597] = 17311 17311
[598] = 17637 17637
[599] = 17965 17965
[600] = 18291 18291
[601] = 18618 18618
[602] = 18944 18944
[603] = 19271 19271
[604] = 19598 19598
[605] = 19924 19924
[606] = 20251 20251
[607] = 20577 20577
[608] = 20904 20904
[609] = 21231 21231
[610] = 21557 21557
[611] = 21884 21884
[612] = 22210 22210
[613] = 22537 22537
[614] = 22863 22863
[615] = 23190 23190
[616] = 23517 23517
[617] = 23844 23844
[618] = 24170 24170
[619] = 24497 24497
[620] = 24824 24824
[621] = 25150 25150
[622] = 25477 25477
[623] = 25803 25803
[624] = 26131 26131
[625] = 26457 26457
[626] = 26784 26784
[627] = 27110 27110
[628] = 27437 27437
[629] = 27764 27764
[630] = 28090 28090
[631] = 28417 28417
[632] = 28743 28743
[633] = 29070 29070
[634] = 29397 29397
[635] = 29723 29723
[636] = 30050 30050
[637] = 30377 30377
[638] = 30703 30703
[639] = 31030 31030
[640] = 31356 31356
[641] = 31683 31683
[642] = 32010 32010
[643] = 32336 32336
[644] = 32663 32663
[645] = 32990 32990
[646] = 33316 33316
[647] = 33643 33643
[648] = 33969 33969
[649] = 34297 34297
[650] = 34623 34623
[651] = 34950 34950
[652] = 35276 35276
[653] = 0 0
[654] = 326 326
[655] = 652 652
[656] = 979 979
[657] = 1305 1305
[658] = 1632 1632
[659] = 1959 1959
[660] = 2286 2286
[661] = 2612 2612
[662] = 2939 2939
[663] = 3265 3265
[664] = 3592 3592
[665] = 3918 3918
[666] = 4245 4245
[667] = 4572 4572
[668] = 4898 4898
[669] = 5225 5225
[670] = 5552 5552
[671] = 5878 5878
[672] = 6205 6205
[673] = 6531 6531
[674] = 6859 6859
[675] = 7185 7185
[676] = 7512 7512
[677] = 7838 7838
[678] = 8165 8165
[679] = 8492 8492
[680] = 8818 8818
[681] = 9145 9145
[682] = 9471 9471
[683] = 9799 9799
[684] = 10125 10125
[685] = 10452 10452
[686] = 10778 10778
[687] = 11105 11105
[688] = 11431 11431
[689] = 11758 11758
[690] = 12085 12085
[691] = 12411 12411
[692] = 12738 12738
[693] = 13064 13064
[694] = 13391 13391
[695] = 13718 13718
[696] = 14044 14044
[697] = 14371 14371
[698] = 14697 14697
[699] = 15024 15024
[700] = 15351 15351
[701] = 15678 15678
[702] = 16004 16004
[703] = 16331 16331
[704] = 16658 16658
[705] = 16984 16984
[706] = 17311 17311
[707] = 17637 17637
[708] = 17965 17965
[709] = 18291 18291
[710] = 18618 18618
[711] = 18944 18944
[712] = 19271 19271
[713] = 19598 19598
[714] = 19924 19924
[715] = 20251 20251
[716] = 20577 20577
[717] = 20904 20904
[718] = 21231 21231
[719] = 21557 21557
[720] = 21884 21884
[721] = 22210 22210
[722] = 22537 22537
[723] = 22863 22863
[724] = 23190 23190
[725] = 23517 23517
[726] = 23844 23844
[727] = 24170 24170
[728] = 24497 24497
[729] = 24824 24824
[730] = 25150 25150
[731] = 25477 25477
[732] = 25803 25803
[733] = 26131 26131
[734] = 26457 26457
[735] = 26784 26784
[736] = 27110 27110
[737] = 27437 27437
[738] = 27764 27764
[739] = 28090 28090
[740] = 28417 28417
[741] = 28743 28743
[742] = 29070 29070
[743] = 29397 29397
[744] = 29723 29723
[745] = 30050 30050
[746] = 30377 30377
[747] = 30703 30703
[748] = 31030 31030
[749] = 31356 31356
[750] = 31683 31683
[751] = 32010 32010
[752] = 32336 32336
[753] = 32663 32663
[754] = 32990 32990
[755] = 33316 33316
[756] = 33643 33643
[757] = 33969 33969
[758] = 34297 34297
[759] = 34623 34623
[760] = 34950 34950
[761] = 35276 35276
[762] = 0 0
[763] = 326 326
[764] = 652 652
[765] = 979 979
[766] = 1305 1305
[767] = 1632 1632
[768] = 1959 1959
[769] = 2286 2286
[770] = 2612 2612
[771] = 2939 2939
[772] = 3265 3265
[773] = 3592 3592
[774] = 3918 3918
[775] = 4245 4245
[776] = 4572 4572
[777] = 4898 4898
[778] = 5225 5225
[779] = 5552 5552
[780] = 5878 5878
[781] = 6205 6205
[782] = 6531 6531
[783] = 6859 6859
[784] = 7185 7185
[785] = 7512 7512
[786] = 7838 7838
[787] = 8165 8165
[788] = 8492 8492
[789] = 8818 8818
[790] = 9145 9145
[791] = 9471 9471
[792] = 9799 9799
[793] = 10125 10125
[794] = 10452 10452
[795] = 10778 10778
[796] = 11105 11105
[797] = 11431 11431
[798] = 11758 11758
[799] = 12085 12085
[800] = 12411 12411
[801] = 12738 12738
[802] = 13064 13064
[803] = 13391 13391
[804] = 13718 13718
[805] = 14044 14044
[806] = 14371 14371
[807] = 14697 14697
[808] = 15024 15024
[809] = 15351 15351
[810] = 15678 15678
[811] = 16004 16004
[812] = 16331 16331
[813] = 16658 16658
[814] = 16984 16984
[815] = 17311 17311
[816] = 17637 17637
[817] = 17965 17965
[818] = 18291 18291
[819] = 18618 18618
[820] = 18944 18944
[821] = 19271 19271
[822] = 19598 19598
[823] = 19924 19924
[824] = 20251 20251
[825] = 20577 20577
[826] = 20904 20904
[827] = 21231 21231
[828] = 21557 21557
[829] = 21884 21884
[830] = 22210 22210
[831] = 22537 22537
[832] = 22863 22863
[833] = 23190 23190
[834] = 23517 23517
[835] = 23844 23844
[836] = 24170 24170
[837] = 24497 24497
[838] = 24824 24824
[839] = 25150 25150
[840] = 25477 25477
[841] = 25803 25803
[842] = 26131 26131
[843] = 26457 26457
[844] = 26784 26784
[845] = 27110 27110
[846] = 27437 27437
[847] = 27764 27764
[848] = 28090 28090
[849] = 28417 28417
[850] = 28743 28743
[851] = 29070 29070
[852] = 29397 29397
[853] = 29723 29723
[854] = 30050 30050
[855] = 30377 30377
[856] = 30703 30703
[857] = 31030 31030
[858] = 31356 31356
[859] = 31683 31683
[860] = 32010 32010
[861] = 32336 32336
[862] = 32663 32663
[863] = 32990 32990
[864] = 33316 33316
[865] = 33643 33643
[866] = 33969 33969
[867] = 34297 34297
[868] = 34623 34623
[869] = 34950 34950
[870] = 35276 35276
[871] = 0 0
[872] = 326 326
[873] = 652 652
[874] = 979 979
[875] = 1305 1305
[876] = 1632 1632
[877] = 1959 1959
[878] = 2286 2286
[879] = 2612 2612
[880] = 2939 2939
[881] = 3265 3265
[882] = 3592 3592
[883] = 3918 3918
[884] = 4245 4245
[885] = 4572 4572
[886] = 4898 4898
[887] = 5225 5225
[888] = 5552 5552
[889] = 5878 5878
[890] = 6205 6205
[891] = 6531 6531
[892] = 6859 6859
[893] = 7185 7185
[894] = 7512 7512
[895] = 7838 7838
[896] = 8165 8165
[897] = 8492 8492
[898] = 8818 8818
[899] = 9145 9145
[900] = 9471 9471
[901] = 9799 9799
[902] = 10125 10125
[903] = 10452 10452
[904] = 10778 10778
[905] = 11105 11105
[906] = 11431 11431
[907] = 11758 11758
[908] = 12085 12085
[909] = 12411 12411
[910] = 12738 12738
[911] = 13064 13064
[912] = 13391 13391
[913] = 13718 13718
[914] = 14044 14044
[915] = 14371 14371
[916] = 14697 14697
[917] = 15024 15024
[918] = 15351 15351
[919] = 15678 15678
[920] = 16004 16004
[921] = 16331 16331
[922] = 16658 16658
[923] = 16984 16984
[924] = 17311 17311
[925] = 17637 17637
[926] = 17965 17965
[927] = 18291 18291
[928] = 18618 18618
[929] = 18944 18944
[930] = 19271 19271
[931] = 19598 19598
[932] = 19924 19924
[933] = 20251 20251
[934] = 20577 20577
[935] = 20904 20904
[936] = 21231 21231
[937] = 21557 21557
[938] = 21884 21884
[939] = 22210 22210
[940] = 22537 22537
[941] = 22863 22863
[942] = 23190 23190
[943] = 23517 23517
[944] = 23844 23844
[945] = 24170 24170
[946] = 24497 24497
[947] = 24824 24824
[948] = 25150 25150
[949] = 25477 25477
[950] = 25803 25803
[951] = 26131 26131
[952] = 26457 26457
[953] = 26784 26784
[954] = 27110 27110
[955] = 27437 27437
[956] = 27764 27764
[957] = 28090 28090
[958] = 28417 28417
[959] = 28743 28743
[960] = 29070 29070
[961] = 29397 29397
[962] = 29723 29723
[963] = 30050 30050
[964] = 30377 30377
[965] = 30703 30703
[966] = 31030 31030
[967] = 31356 31356
[968] = 31683 31683
[969] = 32010 32010
[970] = 32336 32336
[971] = 32663 32663
[972] = 32990 32990
[973] = 33316 33316
[974] = 33643 33643
[975] = 33969 33969
[976] = 34297 34297
[977] = 34623 34623
[978] = 34950 34950
[979] = 35276 35276
[980] = 0 0
[981] = 326 326
[982] = 652 652
[983] = 979 979
[984] = 1305 1305
[985] = 1632 1632
[986] = 1959 1959
[987] = 2286 2286
[988] = 2612 2612
[989] = 2939 2939
[990] = 3265 3265
[991] = 3592 3592
[992] = 3918 3918
[993] = 4245 4245
[994] = 4572 4572
[995] = 4898 4898
[996] = 5225 5225
[997] = 5552 5552
[998] = 5878 5878
[999] = 6205 6205
[1000] = 6531 6531
[1001] = 6859 6859
[1002] = 7185 7185
[1003] = 7512 7512
[1004] = 7838 7838
[1005] = 8165 8165
[1006] = 8492 8492
[1007] = 8818 8818
[1008] = 9145 9145
[1009] = 9471 9471
[1010] = 9799 9799
[1011] = 10125 10125
[1012] = 10452 10452
[1013] = 10778 10778
[1014] = 11105 11105
[1015] = 11431 11431
[1016] = 11758 11758
[1017] = 12085 12085
[1018] = 12411 12411
[1019] = 12738 12738
[1020] = 13064 13064
[1021] = 13391 13391
[1022] = 13718 13718
[1023] = 14044 14044
[1024] = 14371 14371
[1025] = 14697 14697
[1026] = 15024 15024
[1027] = 15351 15351
[1028] = 15678 15678
[1029] = 16004 16004
[1030] = 16331 16331
[1031] = 16658 16658
[1032] = 16984 16984
[1033] = 17311 17311
[1034] = 17637 17637
[1035] = 17965 17965
[1036] = 18291 18291
[1037] = 18618 18618
[1038] = 18944 18944
[1039] = 19271 19271
[1040] = 19598 19598
[1041] = 19924 19924
[1042] = 20251 20251
[1043] = 20577 20577
[1044] = 20904 20904
[1045] = 21231 21231
[1046] = 21557 21557
[1047] = 21884 21884
[1048] = 22210 22210
[1049] = 22537 22537
[1050] = 22863 22863
[1051] = 23190 23190
[1052] = 23517 23517
[1053] = 23844 23844
[1054] = 24170 24170
[1055] = 24497 24497
[1056] = 24824 24824
[1057] = 25150 25150
[1058] = 25477 25477
[1059] = 25803 25803
[1060] = 26131 26131
[1061] = 26457 26457
[1062] = 26784 26784
[1063] = 27110 27110
[1064] = 27437 27437
[1065] = 27764 27764
[1066] = 28090 28090
[1067] = 28417 28417
[1068] = 28743 28743
[1069] = 29070 29070
[1070] = 29397 29397
[1071] = 29723 29723
[1072] = 30050 30050
[1073] = 30377 30377
[1074] = 30703 30703
[1075] = 31030 31030
[1076] = 31356 31356
[1077] = 31683 31683
[1078] = 32010 32010
[1079] = 32336 32336
[1080] = 32663 32663
[1081] = 32990 32990
[1082] = 33316 33316
[1083] = 33643 33643
[1084] = 33969 33969
[1085] = 34297 34297
[1086] = 34623 34623
[1087] = 34950 34950
[1088] = 35276 35276
[1089] = 0 0
[1090] = 326 326
[1091] = 652 652
[1092] = 979 979
[1093] = 1305 1305
[1094] = 1632 1632
[1095] = 1959 1959
[1096] = 2286 2286
[1097] = 2612 2612
[1098] = 2939 2939
[1099] = 3265 3265
[1100] = 3592 3592
[1101] = 3918 3918
[1102] = 4245 4245
[1103] = 4572 4572
[1104] = 4898 4898
[1105] = 5225 5225
[1106] = 5552 5552
[1107] = 5878 5878
[1108] = 6205 6205
[1109] = 6531 6531
[1110] = 6859 6859
[1111] = 7185 7185
[1112] = 7512 7512
[1113] = 7838 7838
[1114] = 8165 8165
[1115] = 8492 8492
[1116] = 8818 8818
[1117] = 9145 9145
[1118] = 9471 9471
[1119] = 9799 9799
[1120] = 10125 10125
[1121] = 10452 10452
[1122] = 10778 10778
[1123] = 11105 11105
[1124] = 11431 11431
[1125] = 11758 11758
[1126] = 12085 12085
[1127] = 12411 12411
[1128] = 12738 12738
[1129] = 13064 13064
[1130] = 13391 13391
[1131] = 13718 13718
[1132] = 14044 14044
[1133] = 14371 14371
[1134] = 14697 14697
[1135] = 15024 15024
[1136] = 15351 15351
[1137] = 15678 15678
[1138] = 16004 16004
[1139] = 16331 16331
[1140] = 16658 16658
[1141] = 16984 16984
[1142] = 17311 17311
[1143] = 17637 17637
[1144] = 17965 17965
[1145] = 18291 18291
[1146] = 18618 18618
[1147] = 18944 18944
[1148] = 19271 19271
[1149] = 19598 19598
[1150] = 19924 19924
[1151] = 20251 20251
[1152] = 20577 20577
[1153] = 20904 20904
[1154] = 21231 21231
[1155] = 21557 21557
[1156] = 21884 21884
[1157] = 22210 22210
[1158] = 22537 22537
[1159] = 22863 22863
[1160] = 23190 23190
[1161] = 23517 23517
[1162] = 23844 23844
[1163] = 24170 24170
[1164] = 24497 24497
[1165] = 24824 24824
[1166] = 25150 25150
[1167] = 25477 25477
[1168] = 25803 25803
[1169] = 26131 26131
[1170] = 26457 26457
[1171] = 26784 26784
[1172] = 27110 27110
[1173] = 27437 27437
[1174] = 27764 27764
[1175] = 28090 28090
[1176] = 28417 28417
[1177] = 28743 28743
[1178] = 29070 29070
[1179] = 29397 29397
[1180] = 29723 29723
[1181] = 30050 30050
[1182] = 30377 30377
[1183] = 30703 30703
[1184] = 31030 31030
[1185] = 31356 31356
[1186] = 31683 31683
[1187] = 32010 32010
[1188] = 32336 32336
[1189] = 32663 32663
[1190] = 32990 32990
[1191] = 33316 33316
[1192] = 33643 33643
[1193] = 33969 33969
[1194] = 34297 34297
[1195] = 34623 34623
[1196] = 34950 34950
[1197] = 35276 35276
[1198] = 0 0
[1199] = 326 326
[1200] = 652 652
[1201] = 979 979
[1202] = 1305 1305
[1203] = 1632 1632
[1204] = 1959 1959
[1205] = 2286 2286
[1206] = 2612 2612
[1207] = 2939 2939
[1208] = 3265 3265
[1209] = 3592 3592
[1210] = 3918 3918
[1211] = 4245 4245
[1212] = 4572 4572
[1213] = 4898 4898
[1214] = 5225 5225
[1215] = 5552 5552
[1216] = 5878 5878
[1217] = 6205 6205
[1218] = 6531 6531
[1219] = 6859 6859
[1220] = 7185 7185
[1221] = 7512 7512
[1222] = 7838 7838
[1223] = 8165 8165
[1224] = 8492 8492
[1225] = 8818 8818
[1226] = 9145 9145
[1227] = 9471 9471
[1228] = 9799 9799
[1229] = 10125 10125
[1230] = 10452 10452
[1231] = 10778 10778
[1232] = 11105 11105
[1233] = 11431 11431
[1234] = 11758 11758
[1235] = 12085 12085
[1236] = 12411 12411
[1237] = 12738 12738
[1238] = 13064 13064
[1239] = 13391 13391
[1240] = 13718 13718
[1241] = 14044 14044
[1242] = 14371 14371
[1243] = 14697 14697
[1244] = 15024 15024
[1245] = 15351 15351
[1246] = 15678 15678
[1247] = 16004 16004
[1248] = 16331 16331
[1249] = 16658 16658
[1250] = 16984 16984
[1251] = 17311 17311
[1252] = 17637 17637
[1253] = 17965 17965
[1254] = 18291 18291
[1255] = 18618 18618
[1256] = 18944 18944
[1257] = 19271 19271
[1258] = 19598 19598
[1259] = 19924 19924
[1260] = 20251 20251
[1261] = 20577 20577
[1262] = 20904 20904
[1263] = 21231 21231
[1264] = 21557 21557
[1265] = 21884 21884
[1266] = 22210 22210
[1267] = 22537 22537
[1268] = 22863 22863
[1269] = 23190 23190
[1270] = 23517 23517
[1271] = 23844 23844
[1272] = 24170 24170
[1273] = 24497 24497
[1274] = 24824 24824
[1275] = 25150 25150
[1276] = 25477 25477
[1277] = 25803 25803
[1278] = 26131 26131
[1279] = 26457 26457
[1280] = 26784 26784
[1281] = 27110 27110
[1282] = 27437 27437
[1283] = 27764 27764
[1284] = 28090 28090
[1285] = 28417 28417
[1286] = 28743 28743
[1287] = 29070 29070
[1288] = 29397 29397
[1289] = 29723 29723
[1290] = 30050 30050
[1291] = 30377 30377
[1292] = 30703 30703
[1293] = 31030 31030
[1294] = 31356 31356
[1295] = 31683 31683
[1296] = 32010 32010
[1297] = 32336 32336
[1298] = 32663 32663
[1299] = 32990 32990
[1300] = 33316 33316
[1301] = 33643 33643
[1302] = 33969 33969
[1303] = 34297 34297
[1304] = 34623 34623
[1305] = 34950 34950
[1306] = 35276 35276
[1307] = 0 0
[1308] = 323 323
[1309] = 646 646
[1310] = 970 970
[1311] = 1294 1294
[1312] = 1617 1617
[1313] = 1941 1941
[1314] = 2264 2264
[1315] = 2589 2589
[1316] = 2912 2912
[1317] = 3235 3235
[1318] = 3560 3560
[1319] = 3883 3883
[1320] = 4207 4207
[1321] = 4530 4530
[1322] = 4854 4854
[1323] = 5178 5178
[1324] = 5501 5501
[1325] = 5825 5825
[1326] = 6149 6149
[1327] = 6472 6472
[1328] = 6796 6796
[1329] = 7120 7120
[1330] = 7443 7443
[1331] = 7767 7767
[1332] = 8091 8091
[1333] = 8415 8415
[1334] = 8738 8738
[1335] = 9062 9062
[1336] = 9385 9385
[1337] = 9709 9709
[1338] = 10032 10032
[1339] = 10356 10356
[1340] = 10680 10680
[1341] = 11004 11004
[1342] = 11328 11328
[1343] = 11651 11651
[1344] = 11975 11975
[1345] = 12299 12299
[1346] = 12622 12622
[1347] = 12946 12946
[1348] = 13270 13270
[1349] = 13593 13593
[1350] = 13917 13917
[1351] = 14241 14241
[1352] = 14564 14564
[1353] = 14888 14888
[1354] = 15211 15211
[1355] = 15536 15536
[1356] = 15859 15859
[1357] = 16182 16182
[1358] = 16506 16506
[1359] = 16830 16830
[1360] = 17153 17153
[1361] = 17477 17477
[1362] = 17801 17801
[1363] = 18125 18125
[1364] = 18448 18448
[1365] = 18771 18771
[1366] = 19096 19096
[1367] = 19419 19419
[1368] = 19743 19743
[1369] = 20067 20067
[1370] = 20390 20390
[1371] = 20714 20714
[1372] = 21038 21038
[1373] = 21362 21362
[1374] = 21685 21685
[1375] = 22009 22009
[1376] = 22332 22332
[1377] = 22656 22656
[1378] = 22979 22979
[1379] = 23303 23303
[1380] = 23627 23627
[1381] = 23951 23951
[1382] = 24274 24274
[1383] = 24598 24598
[1384] = 24922 24922
[1385] = 25246 25246
[1386] = 25569 25569
[1387] = 25892 25892
[1388] = 26217 26217
[1389] = 26540 26540
[1390] = 26864 26864
[1391] = 27188 27188
[1392] = 27511 27511
[1393] = 27835 27835
[1394] = 28158 28158
[1395] = 28483 28483
[1396] = 28806 28806
[1397] = 29129 29129
[1398] = 29453 29453
[1399] = 29777 29777
[1400] = 30100 30100
[1401] = 30424 30424
[1402] = 30748 30748
[1403] = 31072 31072
[1404] = 31395 31395
[1405] = 31719 31719
[1406] = 32043 32043
[1407] = 32366 32366
[1408] = 32690 32690
[1409] = 33013 33013
[1410] = 33337 33337
[1411] = 33661 33661
[1412] = 33985 33985
[1413] = 34308 34308
[1414] = 34632 34632
[1415] = 34956 34956
[1416] = 35279 35279
[1417] = 0 0
[1418] = 326 326
[1419] = 652 652
[1420] = 979 979
[1421] = 1305 1305
[1422] = 1632 1632
[1423] = 1959 1959
[1424] = 2286 2286
[1425] = 2612 2612
[1426] = 2939 2939
[1427] = 3265 3265
[1428] = 3592 3592
[1429] = 3918 3918
[1430] = 4245 4245
[1431] = 4572 4572
[1432] = 4898 4898
[1433] = 5225 5225
[1434] = 5552 5552
[1435] = 5878 5878
[1436] = 6205 6205
[1437] = 6531 6531
[1438] = 6859 6859
[1439] = 7185 7185
[1440] = 7512 7512
[1441] = 7838 7838
[1442] = 8165 8165
[1443] = 8492 8492
[1444] = 8818 8818
[1445] = 9145 9145
[1446] = 9471 9471
[1447] = 9799 9799
[1448] = 10125 10125
[1449] = 10452 10452
[1450] = 10778 10778
[1451] = 11105 11105
[1452] = 11431 11431
[1453] = 11758 11758
[1454] = 12085 12085
[1455] = 12411 12411
[1456] = 12738 12738
[1457] = 13064 13064
[1458] = 13391 13391
[1459] = 13718 13718
[1460] = 14044 14044
[1461] = 14371 14371
[1462] = 14697 14697
[1463] = 15024 15024
[1464] = 15351 15351
[1465] = 15678 15678
[1466] = 16004 16004
[1467] = 16331 16331
[1468] = 16658 16658
[1469] = 16984 16984
[1470] = 17311 17311
[1471] = 17637 17637
[1472] = 17965 17965
[1473] = 18291 18291
[1474] = 18618 18618
[1475] = 18944 18944
[1476] = 19271 19271
[1477] = 19598 19598
[1478] = 19924 19924
[1479] = 20251 20251
[1480] = 20577 20577
[1481] = 20904 20904
[1482] = 21231 21231
[1483] = 21557 21557
[1484] = 21884 21884
[1485] = 22210 22210
[1486] = 22537 22537
[1487] = 22863 22863
[1488] = 23190 23190
[1489] = 23517 23517
[1490] = 23844 23844
[1491] = 24170 24170
[1492] = 24497 24497
[1493] = 24824 24824
[1494] = 25150 25150
[1495] = 25477 25477
[1496] = 25803 25803
[1497] = 26131 26131
[1498] = 26457 26457
[1499] = 26784 26784
[1500] = 27110 27110
[1501] = 27437 27437
[1502] = 27764 27764
[1503] = 28090 28090
[1504] = 28417 28417
[1505] = 28743 28743
[1506] = 29070 29070
[1507] = 29397 29397
[1508] = 29723 29723
[1509] = 30050 30050
[1510] = 30377 30377
[1511] = 30703 30703
[1512] = 31030 31030
[1513] = 31356 31356
[1514] = 31683 31683
[1515] = 32010 32010
[1516] = 32336 32336
[1517] = 32663 32663
[1518] = 32990 32990
[1519] = 33316 33316
[1520] = 33643 33643
[1521] = 33969 33969
[1522] = 34297 34297
[1523] = 34623 34623
[1524] = 34950 34950
[1525] = 35276 35276
[1526] = 0 0
[1527] = 326 326
[1528] = 652 652
[1529] = 979 979
[1530] = 1305 1305
[1531] = 1632 1632
[1532] = 1959 1959
[1533] = 2286 2286
[1534] = 2612 2612
[1535] = 2939 2939
[1536] = 3265 3265
[1537] = 3592 3592
[1538] = 3918 3918
[1539] = 4245 4245
[1540] = 4572 4572
[1541] = 4898 4898
[1542] = 5225 5225
[1543] = 5552 5552
[1544] = 5878 5878
[1545] = 6205 6205
[1546] = 6531 6531
[1547] = 6859 6859
[1548] = 7185 7185
[1549] = 7512 7512
[1550] = 7838 7838
[1551] = 8165 8165
[1552] = 8492 8492
[1553] = 8818 8818
[1554] = 9145 9145
[1555] = 9471 9471
[1556] = 9799 9799
[1557] = 10125 10125
[1558] = 10452 10452
[1559] = 10778 10778
[1560] = 11105 11105
[1561] = 11431 11431
[1562] = 11758 11758
[1563] = 12085 12085
[1564] = 12411 12411
[1565] = 12738 12738
[1566] = 13064 13064
[1567] = 13391 13391
[1568] = 13718 13718
[1569] = 14044 14044
[1570] = 14371 14371
[1571] = 14697 14697
[1572] = 15024 15024
[1573] = 15351 15351
[1574] = 15678 15678
[1575] = 16004 16004
[1576] = 16331 16331
[1577] = 16658 16658
[1578] = 16984 16984
[1579] = 17311 17311
[1580] = 17637 17637
[1581] = 17965 17965
[1582] = 18291 18291
[1583] = 18618 18618
[1584] = 18944 18944
[1585] = 19271 19271
[1586] = 19598 19598
[1587] = 19924 19924
[1588] = 20251 20251
[1589] = 20577 20577
[1590] = 20904 20904
[1591] = 21231 21231
[1592] = 21557 21557
[1593] = 21884 21884
[1594] = 22210 22210
[1595] = 22537 22537
[1596] = 22863 22863
[1597] = 23190 23190
[1598] = 23517 23517
[1599] = 23844 23844
[1600] = 24170 24170
[1601] = 24497 24497
[1602] = 24824 24824
[1603] = 25150 25150
[1604] = 25477 25477
[1605] = 25803 25803
[1606] = 26131 26131
[1607] = 26457 26457
[1608] = 26784 26784
[1609] = 27110 27110
[1610] = 27437 27437
[1611] = 27764 27764
[1612] = 28090 28090
[1613] = 28417 28417
[1614] = 28743 28743
[1615] = 29070 29070
[1616] = 29397 29397
[1617] = 29723 29723
[1618] = 30050 30050
[1619] = 30377 30377
[1620] = 30703 30703
[1621] = 31030 31030
[1622] = 31356 31356
[1623] = 31683 31683
[1624] = 32010 32010
[1625] = 32336 32336
[1626] = 32663 32663
[1627] = 32990 32990
[1628] = 33316 33316
[1629] = 33643 33643
[1630] = 33969 33969
[1631] = 34297 34297
[1632] = 34623 34623
[1633] = 34950 34950
[1634] = 35276 35276
[1635] = 0 0
[1636] = 326 326
[1637] = 652 652
[1638] = 979 979
[1639] = 1305 1305
[1640] = 1632 1632
[1641] = 1959 1959
[1642] = 2286 2286
[1643] = 2612 2612
[1644] = 2939 2939
[1645] = 3265 3265
[1646] = 3592 3592
[1647] = 3918 3918
[1648] = 4245 4245
[1649] = 4572 4572
[1650] = 4898 4898
[1651] = 5225 5225
[1652] = 5552 5552
[1653] = 5878 5878
[1654] = 6205 6205
[1655] = 6531 6531
[1656] = 6859 6859
[1657] = 7185 7185
[1658] = 7512 7512
[1659] = 7838 7838
[1660] = 8165 8165
[1661] = 8492 8492
[1662] = 8818 8818
[1663] = 9145 9145
[1664] = 9471 9471
[1665] = 9799 9799
[1666] = 10125 10125
[1667] = 10452 10452
[1668] = 10778 10778
[1669] = 11105 11105
[1670] = 11431 11431
[1671] = 11758 11758
[1672] = 12085 12085
[1673] = 12411 12411
[1674] = 12738 12738
[1675] = 13064 13064
[1676] = 13391 13391
[1677] = 13718 13718
[1678] = 14044 14044
[1679] = 14371 14371
[1680] = 14697 14697
[1681] = 15024 15024
[1682] = 15351 15351
[1683] = 15678 15678
[1684] = 16004 16004
[1685] = 16331 16331
[1686] = 16658 16658
[1687] = 16984 16984
[1688] = 17311 17311
[1689] = 17637 17637
[1690] = 17965 17965
[1691] = 18291 18291
[1692] = 18618 18618
[1693] = 18944 18944
[1694] = 19271 19271
[1695] = 19598 19598
[1696] = 19924 19924
[1697] = 20251 20251
[1698] = 20577 20577
[1699] = 20904 20904
[1700] = 21231 21231
[1701] = 21557 21557
[1702] = 21884 21884
[1703] = 22210 22210
[1704] = 22537 22537
[1705] = 22863 22863
[1706] = 23190 23190
[1707] = 23517 23517
[1708] = 23844 23844
[1709] = 24170 24170
[1710] = 24497 24497
[1711] = 24824 24824
[1712] = 25150 25150
[1713] = 25477 25477
[1714] = 25803 25803
[1715] = 26131 26131
[1716] = 26457 26457
[1717] = 26784 26784
[1718] = 27110 27110
[1719] = 27437 27437
[1720] = 27764 27764
[1721] = 28090 28090
[1722] = 28417 28417
[1723] = 28743 28743
[1724] = 29070 29070
[1725] = 29397 29397
[1726] = 29723 29723
[1727] = 30050 30050
[1728] = 30377 30377
[1729] = 30703 30703
[1730] = 31030 31030
[1731] = 31356 31356
[1732] = 31683 31683
[1733] = 32010 32010
[1734] = 32336 32336
[1735] = 32663 32663
[1736] = 32990 32990
[1737] = 33316 33316
[1738] = 33643 33643
[1739] = 33969 33969
[1740] = 34297 34297
[1741] = 34623 34623
[1742] = 34950 34950
[1743] = 35276 35276
[1744] = 0 0
[1745] = 326 326
[1746] = 652 652
[1747] = 979 979
[1748] = 1305 1305
[1749] = 1632 1632
[1750] = 1959 1959
[1751] = 2286 2286
[1752] = 2612 2612
[1753] = 2939 2939
[1754] = 3265 3265
[1755] = 3592 3592
[1756] = 3918 3918
[1757] = 4245 4245
[1758] = 4572 4572
[1759] = 4898 4898
[1760] = 5225 5225
[1761] = 5552 5552
[1762] = 5878 5878
[1763] = 6205 6205
[1764] = 6531 6531
[1765] = 6859 6859
[1766] = 7185 7185
[1767] = 7512 7512
[1768] = 7838 7838
[1769] = 8165 8165
[1770] = 8492 8492
[1771] = 8818 8818
[1772] = 9145 9145
[1773] = 9471 9471
[1774] = 9799 9799
[1775] = 10125 10125
[1776] = 10452 10452
[1777] = 10778 10778
[1778] = 11105 11105
[1779] = 11431 11431
[1780] = 11758 11758
[1781] = 12085 12085
[1782] = 12411 12411
[1783] = 12738 12738
[1784] = 13064 13064
[1785] = 13391 13391
[1786] = 13718 13718
[1787] = 14044 14044
[1788] = 14371 14371
[1789] = 14697 14697
[1790] = 15024 15024
[1791] = 15351 15351
[1792] = 15678 15678
[1793] = 16004 16004
[1794] = 16331 16331
[1795] = 16658 16658
[1796] = 16984 16984
[1797] = 17311 17311
[1798] = 17637 17637
[1799] = 17965 17965
[1800] = 18291 18291
[1801] = 18618 18618
[1802] = 18944 18944
[1803] = 19271 19271
[1804] = 19598 19598
[1805] = 19924 19924
[1806] = 20251 20251
[1807] = 20577 20577
[1808] = 20904 20904
[1809] = 21231 21231
[1810] = 21557 21557
[1811] = 21884 21884
[1812] = 22210 22210
[1813] = 22537 22537
[1814] = 22863 22863
[1815] = 23190 23190
[1816] = 23517 23517
[1817] = 23844 23844
[1818] = 24170 24170
[1819] = 24497 24497
[1820] = 24824 24824
[1821] = 25150 25150
[1822] = 25477 25477
[1823] = 25803 25803
[1824] = 26131 26131
[1825] = 26457 26457
[1826] = 26784 26784
[1827] = 27110 27110
[1828] = 27437 27437
[1829] = 27764 27764
[1830] = 28090 28090
[1831] = 28417 28417
[1832] = 28743 28743
[1833] = 29070 29070
[1834] = 29397 29397
[1835] = 29723 29723
[1836] = 30050 30050
[1837] = 30377 30377
[1838] = 30703 30703
[1839] = 31030 31030
[1840] = 31356 31356
[1841] = 31683 31683
[1842] = 32010 32010
[1843] = 32336 32336
[1844] = 32663 32663
[1845] = 32990 32990
[1846] = 33316 33316
[1847] = 33643 33643
[1848] = 33969 33969
[1849] = 34297 34297
[1850] = 34623 34623
[1851] = 34950 34950
[1852] = 35276 35276
[1853] = 0 0
[1854] = 326 326
[1855] = 652 652
[1856] = 979 979
[1857] = 1305 1305
[1858] = 1632 1632
[1859] = 1959 1959
[1860] = 2286 2286
[1861] = 2612 2612
[1862] = 2939 2939
[1863] = 3265 3265
[1864] = 3592 3592
[1865] = 3918 3918
[1866] = 4245 4245
[1867] = 4572 4572
[1868] = 4898 4898
[1869] = 5225 5225
[1870] = 5552 5552
[1871] = 5878 5878
[1872] = 6205 6205
[1873] = 6531 6531
[1874] = 6859 6859
[1875] = 7185 7185
[1876] = 7512 7512
[1877] = 7838 7838
[1878] = 8165 8165
[1879] = 8492 8492
[1880] = 8818 8818
[1881] = 9145 9145
[1882] = 9471 9471
[1883] = 9799 9799
[1884] = 10125 10125
[1885] = 10452 10452
[1886] = 10778 10778
[1887] = 11105 11105
[1888] = 11431 11431
[1889] = 11758 11758
[1890] = 12085 12085
[1891] = 12411 12411
[1892] = 12738 12738
[1893] = 13064 13064
[1894] = 13391 13391
[1895] = 13718 13718
[1896] = 14044 14044
[1897] = 14371 14371
[1898] = 14697 14697
[1899] = 15024 15024
[1900] = 15351 15351
[1901] = 15678 15678
[1902] = 16004 16004
[1903] = 16331 16331
[1904] = 16658 16658
[1905] = 16984 16984
[1906] = 17311 17311
[1907] = 17637 17637
[1908] = 17965 17965
[1909] = 18291 18291
[1910] = 18618 18618
[1911] = 18944 18944
[1912] = 19271 19271
[1913] = 19598 19598
[1914] = 19924 19924
[1915] = 20251 20251
[1916] = 20577 20577
[1917] = 20904 20904
[1918] = 21231 21231
[1919] = 21557 21557
[1920] = 21884 21884
[1921] = 22210 22210
[1922] = 22537 22537
[1923] = 22863 22863
[1924] = 23190 23190
[1925] = 23517 23517
[1926] = 23844 23844
[1927] = 24170 24170
[1928] = 24497 24497
[1929] = 24824 24824
[1930] = 25150 25150
[1931] = 25477 25477
[1932] = 25803 25803
[1933] = 26131 26131
[1934] = 26457 26457
[1935] = 26784 26784
[1936] = 27110 27110
[1937] = 27437 27437
[1938] = 27764 27764
[1939] = 28090 28090
[1940] = 28417 28417
[1941] = 28743 28743
[1942] = 29070 29070
[1943] = 29397 29397
[1944] = 29723 29723
[1945] = 30050 30050
[1946] = 30377 30377
[1947] = 30703 30703
[1948] = 31030 31030
[1949] = 31356 31356
[1950] = 31683 31683
[1951] = 32010 32010
[1952] = 32336 32336
[1953] = 32663 32663
[1954] = 32990 32990
[1955] = 33316 33316
[1956] = 33643 33643
[1957] = 33969 33969
[1958] = 34297 34297
[1959] = 34623 34623
[1960] = 34950 34950
[1961] = 35276 35276
[1962] = 0 0
[1963] = 326 326
[1964] = 652 652
[1965] = 979 979
[1966] = 1305 1305
[1967] = 1632 1632
[1968] = 1959 1959
[1969] = 2286 2286
[1970] = 2612 2612
[1971] = 2939 2939
[1972] = 3265 3265
[1973] = 3592 3592
[1974] = 3918 3918
[1975] = 4245 4245
[1976] = 4572 4572
[1977] = 4898 4898
[1978] = 5225 5225
[1979] = 5552 5552
[1980] = 5878 5878
[1981] = 6205 6205
[1982] = 6531 6531
[1983] = 6859 6859
[1984] = 7185 7185
[1985] = 7512 7512
[1986] = 7838 7838
[1987] = 8165 8165
[1988] = 8492 8492
[1989] = 8818 8818
[1990] = 9145 9145
[1991] = 9471 9471
[1992] = 9799 9799
[1993] = 10125 10125
[1994] = 10452 10452
[1995] = 10778 10778
[1996] = 11105 11105
[1997] = 11431 11431
[1998] = 11758 11758
[1999] = 12085 12085
[2000] = 12411 12411
[2001] = 12738 12738
[2002] = 13064 13064
[2003] = 13391 13391
[2004] = 13718 13718
[2005] = 14044 14044
[2006] = 14371 14371
[2007] = 14697 14697
[2008] = 15024 15024
[2009] = 15351 15351
[2010] = 15678 15678
[2011] = 16004 16004
[2012] = 16331 16331
[2013] = 16658 16658
[2014] = 16984 16984
[2015] = 17311 17311
[2016] = 17637 17637
[2017] = 17965 17965
[2018] = 18291 18291
[2019] = 18618 18618
[2020] = 18944 18944
[2021] = 19271 19271
[2022] = 19598 19598
[2023] = 19924 19924
[2024] = 20251 20251
[2025] = 20577 20577
[2026] = 20904 20904
[2027] = 21231 21231
[2028] = 21557 21557
[2029] = 21884 21884
[2030] = 22210 22210
[2031] = 22537 22537
[2032] = 22863 22863
[2033] = 23190 23190
[2034] = 23517 23517
[2035] = 23844 23844
[2036] = 24170 24170
[2037] = 24497 24497
[2038] = 24824 24824
[2039] = 25150 25150
[2040] = 25477 25477
[2041] = 25803 25803
[2042] = 26131 26131
[2043] = 26457 26457
[2044] = 26784 26784
[2045] = 27110 27110
[2046] = 27437 27437
[2047] = 27764 27764
[2048] = 28090 28090
[2049] = 28417 28417
[2050] = 28743 28743
[2051] = 29070 29070
[2052] = 29397 29397
[2053] = 29723 29723
[2054] = 30050 30050
[2055] = 30377 30377
[2056] = 30703 30703
[2057] = 31030 31030
[2058] = 31356 31356
[2059] = 31683 31683
[2060] = 32010 32010
[2061] = 32336 32336
[2062] = 32663 32663
[2063] = 32990 32990
[2064] = 33316 33316
[2065] = 33643 33643
[2066] = 33969 33969
[2067] = 34297 34297
[2068] = 34623 34623
[2069] = 34950 34950
[2070] = 35276 35276
[2071] = 0 0
[2072] = 326 326
[2073] = 652 652
[2074] = 979 979
[2075] = 1305 1305
[2076] = 1632 1632
[2077] = 1959 1959
[2078] = 2286 2286
[2079] = 2612 2612
[2080] = 2939 2939
[2081] = 3265 3265
[2082] = 3592 3592
[2083] = 3918 3918
[2084] = 4245 4245
[2085] = 4572 4572
[2086] = 4898 4898
[2087] = 5225 5225
[2088] = 5552 5552
[2089] = 5878 5878
[2090] = 6205 6205
[2091] = 6531 6531
[2092] = 6859 6859
[2093] = 7185 7185
[2094] = 7512 7512
[2095] = 7838 7838
[2096] = 8165 8165
[2097] = 8492 8492
[2098] = 8818 8818
[2099] = 9145 9145
[2100] = 9471 9471
[2101] = 9799 9799
[2102] = 10125 10125
[2103] = 10452 10452
[2104] = 10778 10778
[2105] = 11105 11105
[2106] = 11431 11431
[2107] = 11758 11758
[2108] = 12085 12085
[2109] = 12411 12411
[2110] = 12738 12738
[2111] = 13064 13064
[2112] = 13391 13391
[2113] = 13718 13718
[2114] = 14044 14044
[2115] = 14371 14371
[2116] = 14697 14697
[2117] = 15024 15024
[2118] = 15351 15351
[2119] = 15678 15678
[2120] = 16004 16004
[2121] = 16331 16331
[2122] = 16658 16658
[2123] = 16984 16984
[2124] = 17311 17311
[2125] = 17637 17637
[2126] = 17965 17965
[2127] = 18291 18291
[2128] = 18618 18618
[2129] = 18944 18944
[2130] = 19271 19271
[2131] = 19598 19598
[2132] = 19924 19924
[2133] = 20251 20251
[2134] = 20577 20577
[2135] = 20904 20904
[2136] = 21231 21231
[2137] = 21557 21557
[2138] = 21884 21884
[2139] = 22210 22210
[2140] = 22537 22537
[2141] = 22863 22863
[2142] = 23190 23190
[2143] = 23517 23517
[2144] = 23844 23844
[2145] = 24170 24170
[2146] = 24497 24497
[2147] = 24824 24824
[2148] = 25150 25150
[2149] = 25477 25477
[2150] = 25803 25803
[2151] = 26131 26131
[2152] = 26457 26457
[2153] = 26784 26784
[2154] = 27110 27110
[2155] = 27437 27437
[2156] = 27764 27764
[2157] = 28090 28090
[2158] = 28417 28417
[2159] = 28743 28743
[2160] = 29070 29070
[2161] = 29397 29397
[2162] = 29723 29723
[2163] = 30050 30050
[2164] = 30377 30377
[2165] = 30703 30703
[2166] = 31030 31030
[2167] = 31356 31356
[2168] = 31683 31683
[2169] = 32010 32010
[2170] = 32336 32336
[2171] = 32663 32663
[2172] = 32990 32990
[2173] = 33316 33316
[2174] = 33643 33643
[2175] = 33969 33969
[2176] = 34297 34297
[2177] = 34623 34623
[2178] = 34950 34950
[2179] = 35276 35276
[2180] = 0 0
[2181] = 326 326
[2182] = 652 652
[2183] = 979 979
[2184] = 1305 1305
[2185] = 1632 1632
[2186] = 1959 1959
[2187] = 2286 2286
[2188] = 2612 2612
[2189] = 2939 2939
[2190] = 3265 3265
[2191] = 3592 3592
[2192] = 3918 3918
[2193] = 4245 4245
[2194] = 4572 4572
[2195] = 4898 4898
[2196] = 5225 5225
[2197] = 5552 5552
[2198] = 5878 5878
[2199] = 6205 6205
[2200] = 6531 6531
[2201] = 6859 6859
[2202] = 7185 7185
[2203] = 7512 7512
[2204] = 7838 7838
[2205] = 8165 8165
[2206] = 8492 8492
[2207] = 8818 8818
[2208] = 9145 9145
[2209] = 9471 9471
[2210] = 9799 9799
[2211] = 10125 10125
[2212] = 10452 10452
[2213] = 10778 10778
[2214] = 11105 11105
[2215] = 11431 11431
[2216] = 11758 11758
[2217] = 12085 12085
[2218] = 12411 12411
[2219] = 12738 12738
[2220] = 13064 13064
[2221] = 13391 13391
[2222] = 13718 13718
[2223] = 14044 14044
[2224] = 14371 14371
[2225] = 14697 14697
[2226] = 15024 15024
[2227] = 15351 15351
[2228] = 15678 15678
[2229] = 16004 16004
[2230] = 16331 16331
[2231] = 16658 16658
[2232] = 16984 16984
[2233] = 17311 17311
[2234] = 17637 17637
[2235] = 17965 17965
[2236] = 18291 18291
[2237] = 18618 18618
[2238] = 18944 18944
[2239] = 19271 19271
[2240] = 19598 19598
[2241] = 19924 19924
[2242] = 20251 20251
[2243] = 20577 20577
[2244] = 20904 20904
[2245] = 21231 21231
[2246] = 21557 21557
[2247] = 21884 21884
[2248] = 22210 22210
[2249] = 22537 22537
[2250] = 22863 22863
[2251] = 23190 23190
[2252] = 23517 23517
[2253] = 23844 23844
[2254] = 24170 24170
[2255] = 24497 24497
[2256] = 24824 24824
[2257] = 25150 25150
[2258] = 25477 25477
[2259] = 25803 25803
[2260] = 26131 26131
[2261] = 26457 26457
[2262] = 26784 26784
[2263] = 27110 27110
[2264] = 27437 27437
[2265] = 27764 27764
[2266] = 28090 28090
[2267] = 28417 28417
[2268] = 28743 28743
[2269] = 29070 29070
[2270] = 29397 29397
[2271] = 29723 29723
[2272] = 30050 30050
[2273] = 30377 30377
[2274] = 30703 30703
[2275] = 31030 31030
[2276] = 31356 31356
[2277] = 31683 31683
[2278] = 32010 32010
[2279] = 32336 32336
[2280] = 32663 32663
[2281] = 32990 32990
[2282] = 33316 33316
[2283] = 33643 33643
[2284] = 33969 33969
[2285] = 34297 34297
[2286] = 34623 34623
[2287] = 34950 34950
[2288] = 35276 35276
[2289] = 0 0
[2290] = 326 326
[2291] = 652 652
[2292] = 979 979
[2293] = 1305 1305
[2294] = 1632 1632
[2295] = 1959 1959
[2296] = 2286 2286
[2297] = 2612 2612
[2298] = 2939 2939
[2299] = 3265 3265
[2300] = 3592 3592
[2301] = 3918 3918
[2302] = 4245 4245
[2303] = 4572 4572
[2304] = 4898 4898
[2305] = 5225 5225
[2306] = 5552 5552
[2307] = 5878 5878
[2308] = 6205 6205
[2309] = 6531 6531
[2310] = 6859 6859
[2311] = 7185 7185
[2312] = 7512 7512
[2313] = 7838 7838
[2314] = 8165 8165
[2315] = 8492 8492
[2316] = 8818 8818
[2317] = 9145 9145
[2318] = 9471 9471
[2319] = 9799 9799
[2320] = 10125 10125
[2321] = 10452 10452
[2322] = 10778 10778
[2323] = 11105 11105
[2324] = 11431 11431
[2325] = 11758 11758
[2326] = 12085 12085
[2327] = 12411 12411
[2328] = 12738 12738
[2329] = 13064 13064
[2330] = 13391 13391
[2331] = 13718 13718
[2332] = 14044 14044
[2333] = 14371 14371
[2334] = 14697 14697
[2335] = 15024 15024
[2336] = 15351 15351
[2337] = 15678 15678
[2338] = 16004 16004
[2339] = 16331 16331
[2340] = 16658 16658
[2341] = 16984 16984
[2342] = 17311 17311
[2343] = 17637 17637
[2344] = 17965 17965
[2345] = 18291 18291
[2346] = 18618 18618
[2347] = 18944 18944
[2348] = 19271 19271
[2349] = 19598 19598
[2350] = 19924 19924
[2351] = 20251 20251
[2352] = 20577 20577
[2353] = 20904 20904
[2354] = 21231 21231
[2355] = 21557 21557
[2356] = 21884 21884
[2357] = 22210 22210
[2358] = 22537 22537
[2359] = 22863 22863
[2360] = 23190 23190
[2361] = 23517 23517
[2362] = 23844 23844
[2363] = 24170 24170
[2364] = 24497 24497
[2365] = 24824 24824
[2366] = 25150 25150
[2367] = 25477 25477
[2368] = 25803 25803
[2369] = 26131 26131
[2370] = 26457 26457
[2371] = 26784 26784
[2372] = 27110 27110
[2373] = 27437 27437
[2374] = 27764 27764
[2375] = 28090 28090
[2376] = 28417 28417
[2377] = 28743 28743
[2378] = 29070 29070
[2379] = 29397 29397
[2380] = 29723 29723
[2381] = 30050 30050
[2382] = 30377 30377
[2383] = 30703 30703
[2384] = 31030 31030
[2385] = 31356 31356
[2386] = 31683 31683
[2387] = 32010 32010
[2388] = 32336 32336
[2389] = 32663 32663
[2390] = 32990 32990
[2391] = 33316 33316
[2392] = 33643 33643
[2393] = 33969 33969
[2394] = 34297 34297
[2395] = 34623 34623
[2396] = 34950 34950
[2397] = 35276 35276
[2398] = 0 0
[2399] = 326 326
[2400] = 652 652
[2401] = 979 979
[2402] = 1305 1305
[2403] = 1632 1632
[2404] = 1959 1959
[2405] = 2286 2286
[2406] = 2612 2612
[2407] = 2939 2939
[2408] = 3265 3265
[2409] = 3592 3592
[2410] = 3918 3918
[2411] = 4245 4245
[2412] = 4572 4572
[2413] = 4898 4898
[2414] = 5225 5225
[2415] = 5552 5552
[2416] = 5878 5878
[2417] = 6205 6205
[2418] = 6531 6531
[2419] = 6859 6859
[2420] = 7185 7185
[2421] = 7512 7512
[2422] = 7838 7838
[2423] = 8165 8165
[2424] = 8492 8492
[2425] = 8818 8818
[2426] = 9145 9145
[2427] = 9471 9471
[2428] = 9799 9799
[2429] = 10125 10125
[2430] = 10452 10452
[2431] = 10778 10778
[2432] = 11105 11105
[2433] = 11431 11431
[2434] = 11758 11758
[2435] = 12085 12085
[2436] = 12411 12411
[2437] = 12738 12738
[2438] = 13064 13064
[2439] = 13391 13391
[2440] = 13718 13718
[2441] = 14044 14044
[2442] = 14371 14371
[2443] = 14697 14697
[2444] = 15024 15024
[2445] = 15351 15351
[2446] = 15678 15678
[2447] = 16004 16004
[2448] = 16331 16331
[2449] = 16658 16658
[2450] = 16984 16984
[2451] = 17311 17311
[2452] = 17637 17637
[2453] = 17965 17965
[2454] = 18291 18291
[2455] = 18618 18618
[2456] = 18944 18944
[2457] = 19271 19271
[2458] = 19598 19598
[2459] = 19924 19924
[2460] = 20251 20251
[2461] = 20577 20577
[2462] = 20904 20904
[2463] = 21231 21231
[2464] = 21557 21557
[2465] = 21884 21884
[2466] = 22210 22210
[2467] = 22537 22537
[2468] = 22863 22863
[2469] = 23190 23190
[2470] = 23517 23517
[2471] = 23844 23844
[2472] = 24170 24170
[2473] = 24497 24497
[2474] = 24824 24824
[2475] = 25150 25150
[2476] = 25477 25477
[2477] = 25803 25803
[2478] = 26131 26131
[2479] = 26457 26457
[2480] = 26784 26784
[2481] = 27110 27110
[2482] = 27437 27437
[2483] = 27764 27764
[2484] = 28090 28090
[2485] = 28417 28417
[2486] = 28743 28743
[2487] = 29070 29070
[2488] = 29397 29397
[2489] = 29723 29723
[2490] = 30050 30050
[2491] = 30377 30377
[2492] = 30703 30703
[2493] = 31030 31030
[2494] = 31356 31356
[2495] = 31683 31683
[2496] = 32010 32010
[2497] = 32336 32336
[2498] = 32663 32663
[2499] = 32990 32990
[2500] = 33316 33316
[2501] = 33643 33643
[2502] = 33969 33969
[2503] = 34297 34297
[2504] = 34623 34623
[2505] = 34950 34950
[2506] = 35276 35276
[2507] = 0 0
[2508] = 323 323
[2509] = 646 646
[2510] = 970 970
[2511] = 1294 1294
[2512] = 1617 1617
[2513] = 1941 1941
[2514] = 2264 2264
[2515] = 2589 2589
[2516] = 2912 2912
[2517] = 3235 3235
[2518] = 3560 3560
[2519] = 3883 3883
[2520] = 4207 4207
[2521] = 4530 4530
[2522] = 4854 4854
[2523] = 5178 5178
[2524] = 5501 5501
[2525] = 5825 5825
[2526] = 6149 6149
[2527] = 6472 6472
[2528] = 6796 6796
[2529] = 7120 7120
[2530] = 7443 7443
[2531] = 7767 7767
[2532] = 8091 8091
[2533] = 8415 8415
[2534] = 8738 8738
[2535] = 9062 9062
[2536] = 9385 9385
[2537] = 9709 9709
[2538] = 10032 10032
[2539] = 10356 10356
[2540] = 10680 10680
[2541] = 11004 11004
[2542] = 11328 11328
[2543] = 11651 11651
[2544] = 11975 11975
[2545] = 12299 12299
[2546] = 12622 12622
[2547] = 12946 12946
[2548] = 13270 13270
[2549] = 13593 13593
[2550] = 13917 13917
[2551] = 14241 14241
[2552] = 14564 14564
[2553] = 14888 14888
[2554] = 15211 15211
[2555] = 15536 15536
[2556] = 15859 15859
[2557] = 16182 16182
[2558] = 16506 16506
[2559] = 16830 16830
[2560] = 17153 17153
[2561] = 17477 17477
[2562] = 17801 17801
[2563] = 18125 18125
[2564] = 18448 18448
[2565] = 18771 18771
[2566] = 19096 19096
[2567] = 19419 19419
[2568] = 19743 19743
[2569] = 20067 20067
[2570] = 20390 20390
[2571] = 20714 20714
[2572] = 21038 21038
[2573] = 21362 21362
[2574] = 21685 21685
[2575] = 22009 22009
[2576] = 22332 22332
[2577] = 22656 22656
[2578] = 22979 22979
[2579] = 23303 23303
[2580] = 23627 23627
[2581] = 23951 23951
[2582] = 24274 24274
[2583] = 24598 24598
[2584] = 24922 24922
[2585] = 25246 25246
[2586] = 25569 25569
[2587] = 25892 25892
[2588] = 26217 26217
[2589] = 26540 26540
[2590] = 26864 26864
[2591] = 27188 27188
[2592] = 27511 27511
[2593] = 27835 27835
[2594] = 28158 28158
[2595] = 28483 28483
[2596] = 28806 28806
[2597] = 29129 29129
[2598] = 29453 29453
[2599] = 29777 29777
[2600] = 30100 30100
[2601] = 30424 30424
[2602] = 30748 30748
[2603] = 31072 31072
[2604] = 31395 31395
[2605] = 31719 31719
[2606] = 32043 32043
[2607] = 32366 32366
[2608] = 32690 32690
[2609] = 33013 33013
[2610] = 33337 33337
[2611] = 33661 33661
[2612] = 33985 33985
[2613] = 34308 34308
[2614] = 34632 34632
[2615] = 34956 34956
[2616] = 35279 35279
[2617] = 0 0
[2618] = 326 326
[2619] = 652 652
[2620] = 979 979
[2621] = 1305 1305
[2622] = 1632 1632
[2623] = 1959 1959
[2624] = 2286 2286
[2625] = 2612 2612
[2626] = 2939 2939
[2627] = 3265 3265
[2628] = 3592 3592
[2629] = 3918 3918
[2630] = 4245 4245
[2631] = 4572 4572
[2632] = 4898 4898
[2633] = 5225 5225
[2634] = 5552 5552
[2635] = 5878 5878
[2636] = 6205 6205
[2637] = 6531 6531
[2638] = 6859 6859
[2639] = 7185 7185
[2640] = 7512 7512
[2641] = 7838 7838
[2642] = 8165 8165
[2643] = 8492 8492
[2644] = 8818 8818
[2645] = 9145 9145
[2646] = 9471 9471
[2647] = 9799 9799
[2648] = 10125 10125
[2649] = 10452 10452
[2650] = 10778 10778
[2651] = 11105 11105
[2652] = 11431 11431
[2653] = 11758 11758
[2654] = 12085 12085
[2655] = 12411 12411
[2656] = 12738 12738
[2657] = 13064 13064
[2658] = 13391 13391
[2659] = 13718 13718
[2660] = 14044 14044
[2661] = 14371 14371
[2662] = 14697 14697
[2663] = 15024 15024
[2664] = 15351 15351
[2665] = 15678 15678
[2666] = 16004 16004
[2667] = 16331 16331
[2668] = 16658 16658
[2669] = 16984 16984
[2670] = 17311 17311
[2671] = 17637 17637
[2672] = 17965 17965
[2673] = 18291 18291
[2674] = 18618 18618
[2675] = 18944 18944
[2676] = 19271 19271
[2677] = 19598 19598
[2678] = 19924 19924
[2679] = 20251 20251
[2680] = 20577 20577
[2681] = 20904 20904
[2682] = 21231 21231
[2683] = 21557 21557
[2684] = 21884 21884
[2685] = 22210 22210
[2686] = 22537 22537
[2687] = 22863 22863
[2688] = 23190 23190
[2689] = 23517 23517
[2690] = 23844 23844
[2691] = 24170 24170
[2692] = 24497 24497
[2693] = 24824 24824
[2694] = 25150 25150
[2695] = 25477 25477
[2696] = 25803 25803
[2697] = 26131 26131
[2698] = 26457 26457
[2699] = 26784 26784
[2700] = 27110 27110
[2701] = 27437 27437
[2702] = 27764 27764
[2703] = 28090 28090
[2704] = 28417 28417
[2705] = 28743 28743
[2706] = 29070 29070
[2707] = 29397 29397
[2708] = 29723 29723
[2709] = 30050 30050
[2710] = 30377 30377
[2711] = 30703 30703
[2712] = 31030 31030
[2713] = 31356 31356
[2714] = 31683 31683
[2715] = 32010 32010
[2716] = 32336 32336
[2717] = 32663 32663
[2718] = 32990 32990
[2719] = 33316 33316
[2720] = 33643 33643
[2721] = 33969 33969
[2722] = 34297 34297
[2723] = 34623 34623
[2724] = 34950 34950
[2725] = 35276 35276
[2726] = 0 0
[2727] = 326 326
[2728] = 652 652
[2729] = 979 979
[2730] = 1305 1305
[2731] = 1632 1632
[2732] = 1959 1959
[2733] = 2286 2286
[2734] = 2612 2612
[2735] = 2939 2939
[2736] = 3265 3265
[2737] = 3592 3592
[2738] = 3918 3918
[2739] = 4245 4245
[2740] = 4572 4572
[2741] = 4898 4898
[2742] = 5225 5225
[2743] = 5552 5552
[2744] = 5878 5878
[2745] = 6205 6205
[2746] = 6531 6531
[2747] = 6859 6859
[2748] = 7185 7185
[2749] = 7512 7512
[2750] = 7838 7838
[2751] = 8165 8165
[2752] = 8492 8492
[2753] = 8818 8818
[2754] = 9145 9145
[2755] = 9471 9471
[2756] = 9799 9799
[2757] = 10125 10125
[2758] = 10452 10452
[2759] = 10778 10778
[2760] = 11105 11105
[2761] = 11431 11431
[2762] = 11758 11758
[2763] = 12085 12085
[2764] = 12411 12411
[2765] = 12738 12738
[2766] = 13064 13064
[2767] = 13391 13391
[2768] = 13718 13718
[2769] = 14044 14044
[2770] = 14371 14371
[2771] = 14697 14697
[2772] = 15024 15024
[2773] = 15351 15351
[2774] = 15678 15678
[2775] = 16004 16004
[2776] = 16331 16331
[2777] = 16658 16658
[2778] = 16984 16984
[2779] = 17311 17311
[2780] = 17637 17637
[2781] = 17965 17965
[2782] = 18291 18291
[2783] = 18618 18618
[2784] = 18944 18944
[2785] = 19271 19271
[2786] = 19598 19598
[2787] = 19924 19924
[2788] = 20251 20251
[2789] = 20577 20577
[2790] = 20904 20904
[2791] = 21231 21231
[2792] = 21557 21557
[2793] = 21884 21884
[2794] = 22210 22210
[2795] = 22537 22537
[2796] = 22863 22863
[2797] = 23190 23190
[2798] = 23517 23517
[2799] = 23844 23844
[2800] = 24170 24170
[2801] = 24497 24497
[2802] = 24824 24824
[2803] = 25150 25150
[2804] = 25477 25477
[2805] = 25803 25803
[2806] = 26131 26131
[2807] = 26457 26457
[2808] = 26784 26784
[2809] = 27110 27110
[2810] = 27437 27437
[2811] = 27764 27764
[2812] = 28090 28090
[2813] = 28417 28417
[2814] = 28743 28743
[2815] = 29070 29070
[2816] = 29397 29397
[2817] = 29723 29723
[2818] = 30050 30050
[2819] = 30377 30377
[2820] = 30703 30703
[2821] = 31030 31030
[2822] = 31356 31356
[2823] = 31683 31683
[2824] = 32010 32010
[2825] = 32336 32336
[2826] = 32663 32663
[2827] = 32990 32990
[2828] = 33316 33316
[2829] = 33643 33643
[2830] = 33969 33969
[2831] = 34297 34297
[2832] = 34623 34623
[2833] = 34950 34950
[2834] = 35276 35276
[2835] = 0 0
[2836] = 326 326
[2837] = 652 652
[2838] = 979 979
[2839] = 1305 1305
[2840] = 1632 1632
[2841] = 1959 1959
[2842] = 2286 2286
[2843] = 2612 2612
[2844] = 2939 2939
[2845] = 3265 3265
[2846] = 3592 3592
[2847] = 3918 3918
[2848] = 4245 4245
[2849] = 4572 4572
[2850] = 4898 4898
[2851] = 5225 5225
[2852] = 5552 5552
[2853] = 5878 5878
[2854] = 6205 6205
[2855] = 6531 6531
[2856] = 6859 6859
[2857] = 7185 7185
[2858] = 7512 7512
[2859] = 7838 7838
[2860] = 8165 8165
[2861] = 8492 8492
[2862] = 8818 8818
[2863] = 9145 9145
[2864] = 9471 9471
[2865] = 9799 9799
[2866] = 10125 10125
[2867] = 10452 10452
[2868] = 10778 10778
[2869] = 11105 11105
[2870] = 11431 11431
[2871] = 11758 11758
[2872] = 12085 12085
[2873] = 12411 12411
[2874] = 12738 12738
[2875] = 13064 13064
[2876] = 13391 13391
[2877] = 13718 13718
[2878] = 14044 14044
[2879] = 14371 14371
[2880] = 14697 14697
[2881] = 15024 15024
[2882] = 15351 15351
[2883] = 15678 15678
[2884] = 16004 16004
[2885] = 16331 16331
[2886] = 16658 16658
[2887] = 16984 16984
[2888] = 17311 17311
[2889] = 17637 17637
[2890] = 17965 17965
[2891] = 18291 18291
[2892] = 18618 18618
[2893] = 18944 18944
[2894] = 19271 19271
[2895] = 19598 19598
[2896] = 19924 19924
[2897] = 20251 20251
[2898] = 20577 20577
[2899] = 20904 20904
[2900] = 21231 21231
[2901] = 21557 21557
[2902] = 21884 21884
[2903] = 22210 22210
[2904] = 22537 22537
[2905] = 22863 22863
[2906] = 23190 23190
[2907] = 23517 23517
[2908] = 23844 23844
[2909] = 24170 24170
[2910] = 24497 24497
[2911] = 24824 24824
[2912] = 25150 25150
[2913] = 25477 25477
[2914] = 25803 25803
[2915] = 26131 26131
[2916] = 26457 26457
[2917] = 26784 26784
[2918] = 27110 27110
[2919] = 27437 27437
[2920] = 27764 27764
[2921] = 28090 28090
[2922] = 28417 28417
[2923] = 28743 28743
[2924] = 29070 29070
[2925] = 29397 29397
[2926] = 29723 29723
[2927] = 30050 30050
[2928] = 30377 30377
[2929] = 30703 30703
[2930] = 31030 31030
[2931] = 31356 31356
[2932] = 31683 31683
[2933] = 32010 32010
[2934] = 32336 32336
[2935] = 32663 32663
[2936] = 32990 32990
[2937] = 33316 33316
[2938] = 33643 33643
[2939] = 33969 33969
[2940] = 34297 34297
[2941] = 34623 34623
[2942] = 34950 34950
[2943] = 35276 35276
[2944] = 0 0
[2945] = 326 326
[2946] = 652 652
[2947] = 979 979
[2948] = 1305 1305
[2949] = 1632 1632
[2950] = 1959 1959
[2951] = 2286 2286
[2952] = 2612 2612
[2953] = 2939 2939
[2954] = 3265 3265
[2955] = 3592 3592
[2956] = 3918 3918
[2957] = 4245 4245
[2958] = 4572 4572
[2959] = 4898 4898
[2960] = 5225 5225
[2961] = 5552 5552
[2962] = 5878 5878
[2963] = 6205 6205
[2964] = 6531 6531
[2965] = 6859 6859
[2966] = 7185 7185
[2967] = 7512 7512
[2968] = 7838 7838
[2969] = 8165 8165
[2970] = 8492 8492
[2971] = 8818 8818
[2972] = 9145 9145
[2973] = 9471 9471
[2974] = 9799 9799
[2975] = 10125 10125
[2976] = 10452 10452
[2977] = 10778 10778
[2978] = 11105 11105
[2979] = 11431 11431
[2980] = 11758 11758
[2981] = 12085 12085
[2982] = 12411 12411
[2983] = 12738 12738
[2984] = 13064 13064
[2985] = 13391 13391
[2986] = 13718 13718
[2987] = 14044 14044
[2988] = 14371 14371
[2989] = 14697 14697
[2990] = 15024 15024
[2991] = 15351 15351
[2992] = 15678 15678
[2993] = 16004 16004
[2994] = 16331 16331
[2995] = 16658 16658
[2996] = 16984 16984
[2997] = 17311 17311
[2998] = 17637 17637
[2999] = 17965 17965
[3000] = 18291 18291
[3001] = 18618 18618
[3002] = 18944 18944
[3003] = 19271 19271
[3004] = 19598 19598
[3005] = 19924 19924
[3006] = 20251 20251
[3007] = 20577 20577
[3008] = 20904 20904
[3009] = 21231 21231
[3010] = 21557 21557
[3011] = 21884 21884
[3012] = 22210 22210
[3013] = 22537 22537
[3014] = 22863 22863
[3015] = 23190 23190
[3016] = 23517 23517
[3017] = 23844 23844
[3018] = 24170 24170
[3019] = 24497 24497
[3020] = 24824 24824
[3021] = 25150 25150
[3022] = 25477 25477
[3023] = 25803 25803
[3024] = 26131 26131
[3025] = 26457 26457
[3026] = 26784 26784
[3027] = 27110 27110
[3028] = 27437 27437
[3029] = 27764 27764
[3030] = 28090 28090
[3031] = 28417 28417
[3032] = 28743 28743
[3033] = 29070 29070
[3034] = 29397 29397
[3035] = 29723 29723
[3036] = 30050 30050
[3037] = 30377 30377
[3038] = 30703 30703
[3039] = 31030 31030
[3040] = 31356 31356
[3041] = 31683 31683
[3042] = 32010 32010
[3043] = 32336 32336
[3044] = 32663 32663
[3045] = 32990 32990
[3046] = 33316 33316
[3047] = 33643 33643
[3048] = 33969 33969
[3049] = 34297 34297
[3050] = 34623 34623
[3051] = 34950 34950
[3052] = 35276 35276
[3053] = 0 0
[3054] = 326 326
[3055] = 652 652
[3056] = 979 979
[3057] = 1305 1305
[3058] = 1632 1632
[3059] = 1959 1959
[3060] = 2286 2286
[3061] = 2612 2612
[3062] = 2939 2939
[3063] = 3265 3265
[3064] = 3592 3592
[3065] = 3918 3918
[3066] = 4245 4245
[3067] = 4572 4572
[3068] = 4898 4898
[3069] = 5225 5225
[3070] = 5552 5552
[3071] = 5878 5878
[3072] = 6205 6205
[3073] = 6531 6531
[3074] = 6859 6859
[3075] = 7185 7185
[3076] = 7512 7512
[3077] = 7838 7838
[3078] = 8165 8165
[3079] = 8492 8492
[3080] = 8818 8818
[3081] = 9145 9145
[3082] = 9471 9471
[3083] = 9799 9799
[3084] = 10125 10125
[3085] = 10452 10452
[3086] = 10778 10778
[3087] = 11105 11105
[3088] = 11431 11431
[3089] = 11758 11758
[3090] = 12085 12085
[3091] = 12411 12411
[3092] = 12738 12738
[3093] = 13064 13064
[3094] = 13391 13391
[3095] = 13718 13718
[3096] = 14044 14044
[3097] = 14371 14371
[3098] = 14697 14697
[3099] = 15024 15024
[3100] = 15351 15351
[3101] = 15678 15678
[3102] = 16004 16004
[3103] = 16331 16331
[3104] = 16658 16658
[3105] = 16984 16984
[3106] = 17311 17311
[3107] = 17637 17637
[3108] = 17965 17965
[3109] = 18291 18291
[3110] = 18618 18618
[3111] = 18944 18944
[3112] = 19271 19271
[3113] = 19598 19598
[3114] = 19924 19924
[3115] = 20251 20251
[3116] = 20577 20577
[3117] = 20904 20904
[3118] = 21231 21231
[3119] = 21557 21557
[3120] = 21884 21884
[3121] = 22210 22210
[3122] = 22537 22537
[3123] = 22863 22863
[3124] = 23190 23190
[3125] = 23517 23517
[3126] = 23844 23844
[3127] = 24170 24170
[3128] = 24497 24497
[3129] = 24824 24824
[3130] = 25150 25150
[3131] = 25477 25477
[3132] = 25803 25803
[3133] = 26131 26131
[3134] = 26457 26457
[3135] = 26784 26784
[3136] = 27110 27110
[3137] = 27437 27437
[3138] = 27764 27764
[3139] = 28090 28090
[3140] = 28417 28417
[3141] = 28743 28743
[3142] = 29070 29070
[3143] = 29397 29397
[3144] = 29723 29723
[3145] = 30050 30050
[3146] = 30377 30377
[3147] = 30703 30703
[3148] = 31030 31030
[3149] = 31356 31356
[3150] = 31683 31683
[3151] = 32010 32010
[3152] = 32336 32336
[3153] = 32663 32663
[3154] = 32990 32990
[3155] = 33316 33316
[3156] = 33643 33643
[3157] = 33969 33969
[3158] = 34297 34297
[3159] = 34623 34623
[3160] = 34950 34950
[3161] = 35276 35276
[3162] = 0 0
[3163] = 326 326
[3164] = 652 652
[3165] = 979 979
[3166] = 1305 1305
[3167] = 1632 1632
[3168] = 1959 1959
[3169] = 2286 2286
[3170] = 2612 2612
[3171] = 2939 2939
[3172] = 3265 3265
[3173] = 3592 3592
[3174] = 3918 3918
[3175] = 4245 4245
[3176] = 4572 4572
[3177] = 4898 4898
[3178] = 5225 5225
[3179] = 5552 5552
[3180] = 5878 5878
[3181] = 6205 6205
[3182] = 6531 6531
[3183] = 6859 6859
[3184] = 7185 7185
[3185] = 7512 7512
[3186] = 7838 7838
[3187] = 8165 8165
[3188] = 8492 8492
[3189] = 8818 8818
[3190] = 9145 9145
[3191] = 9471 9471
[3192] = 9799 9799
[3193] = 10125 10125
[3194] = 10452 10452
[3195] = 10778 10778
[3196] = 11105 11105
[3197] = 11431 11431
[3198] = 11758 11758
[3199] = 12085 12085
[3200] = 12411 12411
[3201] = 12738 12738
[3202] = 13064 13064
[3203] = 13391 13391
[3204] = 13718 13718
[3205] = 14044 14044
[3206] = 14371 14371
[3207] = 14697 14697
[3208] = 15024 15024
[3209] = 15351 15351
[3210] = 15678 15678
[3211] = 16004 16004
[3212] = 16331 16331
[3213] = 16658 16658
[3214] = 16984 16984
[3215] = 17311 17311
[3216] = 17637 17637
[3217] = 17965 17965
[3218] = 18291 18291
[3219] = 18618 18618
[3220] = 18944 18944
[3221] = 19271 19271
[3222] = 19598 19598
[3223] = 19924 19924
[3224] = 20251 20251
[3225] = 20577 20577
[3226] = 20904 20904
[3227] = 21231 21231
[3228] = 21557 21557
[3229] = 21884 21884
[3230] = 22210 22210
[3231] = 22537 22537
[3232] = 22863 22863
[3233] = 23190 23190
[3234] = 23517 23517
[3235] = 23844 23844
[3236] = 24170 24170
[3237] = 24497 24497
[3238] = 24824 24824
[3239] = 25150 25150
[3240] = 25477 25477
[3241] = 25803 25803
[3242] = 26131 26131
[3243] = 26457 26457
[3244] = 26784 26784
[3245] = 27110 27110
[3246] = 27437 27437
[3247] = 27764 27764
[3248] = 28090 28090
[3249] = 28417 28417
[3250] = 28743 28743
[3251] = 29070 29070
[3252] = 29397 29397
[3253] = 29723 29723
[3254] = 30050 30050
[3255] = 30377 30377
[3256] = 30703 30703
[3257] = 31030 31030
[3258] = 31356 31356
[3259] = 31683 31683
[3260] = 32010 32010
[3261] = 32336 32336
[3262] = 32663 32663
[3263] = 32990 32990
[3264] = 33316 33316
[3265] = 33643 33643
[3266] = 33969 33969
[3267] = 34297 34297
[3268] = 34623 34623
[3269] = 34950 34950
[3270] = 35276 35276
[3271] = 0 0
[3272] = 326 326
[3273] = 652 652
[3274] = 979 979
[3275] = 1305 1305
[3276] = 1632 1632
[3277] = 1959 1959
[3278] = 2286 2286
[3279] = 2612 2612
[3280] = 2939 2939
[3281] = 3265 3265
[3282] = 3592 3592
[3283] = 3918 3918
[3284] = 4245 4245
[3285] = 4572 4572
[3286] = 4898 4898
[3287] = 5225 5225
[3288] = 5552 5552
[3289] = 5878 5878
[3290] = 6205 6205
[3291] = 6531 6531
[3292] = 6859 6859
[3293] = 7185 7185
[3294] = 7512 7512
[3295] = 7838 7838
[3296] = 8165 8165
[3297] = 8492 8492
[3298] = 8818 8818
[3299] = 9145 9145
[3300] = 9471 9471
[3301] = 9799 9799
[3302] = 10125 10125
[3303] = 10452 10452
[3304] = 10778 10778
[3305] = 11105 11105
[3306] = 11431 11431
[3307] = 11758 11758
[3308] = 12085 12085
[3309] = 12411 12411
[3310] = 12738 12738
[3311] = 13064 13064
[3312] = 13391 13391
[3313] = 13718 13718
[3314] = 14044 14044
[3315] = 14371 14371
[3316] = 14697 14697
[3317] = 15024 15024
[3318] = 15351 15351
[3319] = 15678 15678
[3320] = 16004 16004
[3321] = 16331 16331
[3322] = 16658 16658
[3323] = 16984 16984
[3324] = 17311 17311
[3325] = 17637 17637
[3326] = 17965 17965
[3327] = 18291 18291
[3328] = 18618 18618
[3329] = 18944 18944
[3330] = 19271 19271
[3331] = 19598 19598
[3332] = 19924 19924
[3333] = 20251 20251
[3334] = 20577 20577
[3335] = 20904 20904
[3336] = 21231 21231
[3337] = 21557 21557
[3338] = 21884 21884
[3339] = 22210 22210
[3340] = 22537 22537
[3341] = 22863 22863
[3342] = 23190 23190
[3343] = 23517 23517
[3344] = 23844 23844
[3345] = 24170 24170
[3346] = 24497 24497
[3347] = 24824 24824
[3348] = 25150 25150
[3349] = 25477 25477
[3350] = 25803 25803
[3351] = 26131 26131
[3352] = 26457 26457
[3353] = 26784 26784
[3354] = 27110 27110
[3355] = 27437 27437
[3356] = 27764 27764
[3357] = 28090 28090
[3358] = 28417 28417
[3359] = 28743 28743
[3360] = 29070 29070
[3361] = 29397 29397
[3362] = 29723 29723
[3363] = 30050 30050
[3364] = 30377 30377
[3365] = 30703 30703
[3366] = 31030 31030
[3367] = 31356 31356
[3368] = 31683 31683
[3369] = 32010 32010
[3370] = 32336 32336
[3371] = 32663 32663
[3372] = 32990 32990
[3373] = 33316 33316
[3374] = 33643 33643
[3375] = 33969 33969
[3376] = 34297 34297
[3377] = 34623 34623
[3378] = 34950 34950
[3379] = 35276 35276
[3380] = 0 0
[3381] = 326 326
[3382] = 652 652
[3383] = 979 979
[3384] = 1305 1305
[3385] = 1632 1632
[3386] = 1959 1959
[3387] = 2286 2286
[3388] = 2612 2612
[3389] = 2939 2939
[3390] = 3265 3265
[3391] = 3592 3592
[3392] = 3918 3918
[3393] = 4245 4245
[3394] = 4572 4572
[3395] = 4898 4898
[3396] = 5225 5225
[3397] = 5552 5552
[3398] = 5878 5878
[3399] = 6205 6205
[3400] = 6531 6531
[3401] = 6859 6859
[3402] = 7185 7185
[3403] = 7512 7512
[3404] = 7838 7838
[3405] = 8165 8165
[3406] = 8492 8492
[3407] = 8818 8818
[3408] = 9145 9145
[3409] = 9471 9471
[3410] = 9799 9799
[3411] = 10125 10125
[3412] = 10452 10452
[3413] = 10778 10778
[3414] = 11105 11105
[3415] = 11431 11431
[3416] = 11758 11758
[3417] = 12085 12085
[3418] = 12411 12411
[3419] = 12738 12738
[3420] = 13064 13064
[3421] = 13391 13391
[3422] = 13718 13718
[3423] = 14044 14044
[3424] = 14371 14371
[3425] = 14697 14697
[3426] = 15024 15024
[3427] = 15351 15351
[3428] = 15678 15678
[3429] = 16004 16004
[3430] = 16331 16331
[3431] = 16658 16658
[3432] = 16984 16984
[3433] = 17311 17311
[3434] = 17637 17637
[3435] = 17965 17965
[3436] = 18291 18291
[3437] = 18618 18618
[3438] = 18944 18944
[3439] = 19271 19271
[3440] = 19598 19598
[3441] = 19924 19924
[3442] = 20251 20251
[3443] = 20577 20577
[3444] = 20904 20904
[3445] = 21231 21231
[3446] = 21557 21557
[3447] = 21884 21884
[3448] = 22210 22210
[3449] = 22537 22537
[3450] = 22863 22863
[3451] = 23190 23190
[3452] = 23517 23517
[3453] = 23844 23844
[3454] = 24170 24170
[3455] = 24497 24497
[3456] = 24824 24824
[3457] = 25150 25150
[3458] = 25477 25477
[3459] = 25803 25803
[3460] = 26131 26131
[3461] = 26457 26457
[3462] = 26784 26784
[3463] = 27110 27110
[3464] = 27437 27437
[3465] = 27764 27764
[3466] = 28090 28090
[3467] = 28417 28417
[3468] = 28743 28743
[3469] = 29070 29070
[3470] = 29397 29397
[3471] = 29723 29723
[3472] = 30050 30050
[3473] = 30377 30377
[3474] = 30703 30703
[3475] = 31030 31030
[3476] = 31356 31356
[3477] = 31683 31683
[3478] = 32010 32010
[3479] = 32336 32336
[3480] = 32663 32663
[3481] = 32990 32990
[3482] = 33316 33316
[3483] = 33643 33643
[3484] = 33969 33969
[3485] = 34297 34297
[3486] = 34623 34623
[3487] = 34950 34950
[3488] = 35276 35276
[3489] = 0 0
[3490] = 326 326
[3491] = 652 652
[3492] = 979 979
[3493] = 1305 1305
[3494] = 1632 1632
[3495] = 1959 1959
[3496] = 2286 2286
[3497] = 2612 2612
[3498] = 2939 2939
[3499] = 3265 3265
[3500] = 3592 3592
[3501] = 3918 3918
[3502] = 4245 4245
[3503] = 4572 4572
[3504] = 4898 4898
[3505] = 5225 5225
[3506] = 5552 5552
[3507] = 5878 5878
[3508] = 6205 6205
[3509] = 6531 6531
[3510] = 6859 6859
[3511] = 7185 7185
[3512] = 7512 7512
[3513] = 7838 7838
[3514] = 8165 8165
[3515] = 8492 8492
[3516] = 8818 8818
[3517] = 9145 9145
[3518] = 9471 9471
[3519] = 9799 9799
[3520] = 10125 10125
[3521] = 10452 10452
[3522] = 10778 10778
[3523] = 11105 11105
[3524] = 11431 11431
[3525] = 11758 11758
[3526] = 12085 12085
[3527] = 12411 12411
[3528] = 12738 12738
[3529] = 13064 13064
[3530] = 13391 13391
[3531] = 13718 13718
[3532] = 14044 14044
[3533] = 14371 14371
[3534] = 14697 14697
[3535] = 15024 15024
[3536] = 15351 15351
[3537] = 15678 15678
[3538] = 16004 16004
[3539] = 16331 16331
[3540] = 16658 16658
[3541] = 16984 16984
[3542] = 17311 17311
[3543] = 17637 17637
[3544] = 17965 17965
[3545] = 18291 18291
[3546] = 18618 18618
[3547] = 18944 18944
[3548] = 19271 19271
[3549] = 19598 19598
[3550] = 19924 19924
[3551] = 20251 20251
[3552] = 20577 20577
[3553] = 20904 20904
[3554] = 21231 21231
[3555] = 21557 21557
[3556] = 21884 21884
[3557] = 22210 22210
[3558] = 22537 22537
[3559] = 22863 22863
[3560] = 23190 23190
[3561] = 23517 23517
[3562] = 23844 23844
[3563] = 24170 24170
[3564] = 24497 24497
[3565] = 24824 24824
[3566] = 25150 25150
[3567] = 25477 25477
[3568] = 25803 25803
[3569] = 26131 26131
[3570] = 26457 26457
[3571] = 26784 26784
[3572] = 27110 27110
[3573] = 27437 27437
[3574] = 27764 27764
[3575] = 28090 28090
[3576] = 28417 28417
[3577] = 28743 28743
[3578] = 29070 29070
[3579] = 29397 29397
[3580] = 29723 29723
[3581] = 30050 30050
[3582] = 30377 30377
[3583] = 30703 30703
[3584] = 31030 31030
[3585] = 31356 31356
[3586] = 31683 31683
[3587] = 32010 32010
[3588] = 32336 32336
[3589] = 32663 32663
[3590] = 32990 32990
[3591] = 33316 33316
[3592] = 33643 33643
[3593] = 33969 33969
[3594] = 34297 34297
[3595] = 34623 34623
[3596] = 34950 34950
[3597] = 35276 35276
[3598] = 0 0
[3599] = 326 326
[3600] = 652 652
[3601] = 979 979
[3602] = 1305 1305
[3603] = 1632 1632
[3604] = 1959 1959
[3605] = 2286 2286
[3606] = 2612 2612
[3607] = 2939 2939
[3608] = 3265 3265
[3609] = 3592 3592
[3610] = 3918 3918
[3611] = 4245 4245
[3612] = 4572 4572
[3613] = 4898 4898
[3614] = 5225 5225
[3615] = 5552 5552
[3616] = 5878 5878
[3617] = 6205 6205
[3618] = 6531 6531
[3619] = 6859 6859
[3620] = 7185 7185
[3621] = 7512 7512
[3622] = 7838 7838
[3623] = 8165 8165
[3624] = 8492 8492
[3625] = 8818 8818
[3626] = 9145 9145
[3627] = 9471 9471
[3628] = 9799 9799
[3629] = 10125 10125
[3630] = 10452 10452
[3631] = 10778 10778
[3632] = 11105 11105
[3633] = 11431 11431
[3634] = 11758 11758
[3635] = 12085 12085
[3636] = 12411 12411
[3637] = 12738 12738
[3638] = 13064 13064
[3639] = 13391 13391
[3640] = 13718 13718
[3641] = 14044 14044
[3642] = 14371 14371
[3643] = 14697 14697
[3644] = 15024 15024
[3645] = 15351 15351
[3646] = 15678 15678
[3647] = 16004 16004
[3648] = 16331 16331
[3649] = 16658 16658
[3650] = 16984 16984
[3651] = 17311 17311
[3652] = 17637 17637
[3653] = 17965 17965
[3654] = 18291 18291
[3655] = 18618 18618
[3656] = 18944 18944
[3657] = 19271 19271
[3658] = 19598 19598
[3659] = 19924 19924
[3660] = 20251 20251
[3661] = 20577 20577
[3662] = 20904 20904
[3663] = 21231 21231
[3664] = 21557 21557
[3665] = 21884 21884
[3666] = 22210 22210
[3667] = 22537 22537
[3668] = 22863 22863
[3669] = 23190 23190
[3670] = 23517 23517
[3671] = 23844 23844
[3672] = 24170 24170
[3673] = 24497 24497
[3674] = 24824 24824
[3675] = 25150 25150
[3676] = 25477 25477
[3677] = 25803 25803
[3678] = 26131 26131
[3679] = 26457 26457
[3680] = 26784 26784
[3681] = 27110 27110
[3682] = 27437 27437
[3683] = 27764 27764
[3684] = 28090 28090
[3685] = 28417 28417
[3686] = 28743 28743
[3687] = 29070 29070
[3688] = 29397 29397
[3689] = 29723 29723
[3690] = 30050 30050
[3691] = 30377 30377
[3692] = 30703 30703
[3693] = 31030 31030
[3694] = 31356 31356
[3695] = 31683 31683
[3696] = 32010 32010
[3697] = 32336 32336
[3698] = 32663 32663
[3699] = 32990 32990
[3700] = 33316 33316
[3701] = 33643 33643
[3702] = 33969 33969
[3703] = 34297 34297
[3704] = 34623 34623
[3705] = 34950 34950
[3706] = 35276 35276
[3707] = 0 0
[3708] = 323 323
[3709] = 646 646
[3710] = 970 970
[3711] = 1294 1294
[3712] = 1617 1617
[3713] = 1941 1941
[3714] = 2264 2264
[3715] = 2589 2589
[3716] = 2912 2912
[3717] = 3235 3235
[3718] = 3560 3560
[3719] = 3883 3883
[3720] = 4207 4207
[3721] = 4530 4530
[3722] = 4854 4854
[3723] = 5178 5178
[3724] = 5501 5501
[3725] = 5825 5825
[3726] = 6149 6149
[3727] = 6472 6472
[3728] = 6796 6796
[3729] = 7120 7120
[3730] = 7443 7443
[3731] = 7767 7767
[3732] = 8091 8091
[3733] = 8415 8415
[3734] = 8738 8738
[3735] = 9062 9062
[3736] = 9385 9385
[3737] = 9709 9709
[3738] = 10032 10032
[3739] = 10356 10356
[3740] = 10680 10680
[3741] = 11004 11004
[3742] = 11328 11328
[3743] = 11651 11651
[3744] = 11975 11975
[3745] = 12299 12299
[3746] = 12622 12622
[3747] = 12946 12946
[3748] = 13270 13270
[3749] = 13593 13593
[3750] = 13917 13917
[3751] = 14241 14241
[3752] = 14564 14564
[3753] = 14888 14888
[3754] = 15211 15211
[3755] = 15536 15536
[3756] = 15859 15859
[3757] = 16182 16182
[3758] = 16506 16506
[3759] = 16830 16830
[3760] = 17153 17153
[3761] = 17477 17477
[3762] = 17801 17801
[3763] = 18125 18125
[3764] = 18448 18448
[3765] = 18771 18771
[3766] = 19096 19096
[3767] = 19419 19419
[3768] = 19743 19743
[3769] = 20067 20067
[3770] = 20390 20390
[3771] = 20714 20714
[3772] = 21038 21038
[3773] = 21362 21362
[3774] = 21685 21685
[3775] = 22009 22009
[3776] = 22332 22332
[3777] = 22656 22656
[3778] = 22979 22979
[3779] = 23303 23303
[3780] = 23627 23627
[3781] = 23951 23951
[3782] = 24274 24274
[3783] = 24598 24598
[3784] = 24922 24922
[3785] = 25246 25246
[3786] = 25569 25569
[3787] = 25892 25892
[3788] = 26217 26217
[3789] = 26540 26540
[3790] = 26864 26864
[3791] = 27188 27188
[3792] = 27511 27511
[3793] = 27835 27835
[3794] = 28158 28158
[3795] = 28483 28483
[3796] = 28806 28806
[3797] = 29129 29129
[3798] = 29453 29453
[3799] = 29777 29777
[3800] = 30100 30100
[3801] = 30424 30424
[3802] = 30748 30748
[3803] = 31072 31072
[3804] = 31395 31395
[3805] = 31719 31719
[3806] = 32043 32043
[3807] = 32366 32366
[3808] = 32690 32690
[3809] = 33013 33013
[3810] = 33337 33337
[3811] = 33661 33661
[3812] = 33985 33985
[3813] = 34308 34308
[3814] = 34632 34632
[3815] = 34956 34956
[3816] = 35279 35279
[3817] = 0 0
[3818] = 326 326
[3819] = 652 652
[3820] = 979 979
[3821] = 1305 1305
[3822] = 1632 1632
[3823] = 1959 1959
[3824] = 2286 2286
[3825] = 2612 2612
[3826] = 2939 2939
[3827] = 3265 3265
[3828] = 3592 3592
[3829] = 3918 3918
[3830] = 4245 4245
[3831] = 4572 4572
[3832] = 4898 4898
[3833] = 5225 5225
[3834] = 5552 5552
[3835] = 5878 5878
[3836] = 6205 6205
[3837] = 6531 6531
[3838] = 6859 6859
[3839] = 7185 7185
[3840] = 7512 7512
[3841] = 7838 7838
[3842] = 8165 8165
[3843] = 8492 8492
[3844] = 8818 8818
[3845] = 9145 9145
[3846] = 9471 9471
[3847] = 9799 9799
[3848] = 10125 10125
[3849] = 10452 10452
[3850] = 10778 10778
[3851] = 11105 11105
[3852] = 11431 11431
[3853] = 11758 11758
[3854] = 12085 12085
[3855] = 12411 12411
[3856] = 12738 12738
[3857] = 13064 13064
[3858] = 13391 13391
[3859] = 13718 13718
[3860] = 14044 14044
[3861] = 14371 14371
[3862] = 14697 14697
[3863] = 15024 15024
[3864] = 15351 15351
[3865] = 15678 15678
[3866] = 16004 16004
[3867] = 16331 16331
[3868] = 16658 16658
[3869] = 16984 16984
[3870] = 17311 17311
[3871] = 17637 17637
[3872] = 17965 17965
[3873] = 18291 18291
[3874] = 18618 18618
[3875] = 18944 18944
[3876] = 19271 19271
[3877] = 19598 19598
[3878] = 19924 19924
[3879] = 20251 20251
[3880] = 20577 20577
[3881] = 20904 20904
[3882] = 21231 21231
[3883] = 21557 21557
[3884] = 21884 21884
[3885] = 22210 22210
[3886] = 22537 22537
[3887] = 22863 22863
[3888] = 23190 23190
[3889] = 23517 23517
[3890] = 23844 23844
[3891] = 24170 24170
[3892] = 24497 24497
[3893] = 24824 24824
[3894] = 25150 25150
[3895] = 25477 25477
[3896] = 25803 25803
[3897] = 26131 26131
[3898] = 26457 26457
[3899] = 26784 26784
[3900] = 27110 27110
[3901] = 27437 27437
[3902] = 27764 27764
[3903] = 28090 28090
[3904] = 28417 28417
[3905] = 28743 28743
[3906] = 29070 29070
[3907] = 29397 29397
[3908] = 29723 29723
[3909] = 30050 30050
[3910] = 30377 30377
[3911] = 30703 30703
[3912] = 31030 31030
[3913] = 31356 31356
[3914] = 31683 31683
[3915] = 32010 32010
[3916] = 32336 32336
[3917] = 32663 32663
[3918] = 32990 32990
[3919] = 33316 33316
[3920] = 33643 33643
[3921] = 33969 33969
[3922] = 34297 34297
[3923] = 34623 34623
[3924] = 34950 34950
[3925] = 35276 35276
[3926] = 0 0
[3927] = 326 326
[3928] = 652 652
[3929] = 979 979
[3930] = 1305 1305
[3931] = 1632 1632
[3932] = 1959 1959
[3933] = 2286 2286
[3934] = 2612 2612
[3935] = 2939 2939
[3936] = 3265 3265
[3937] = 3592 3592
[3938] = 3918 3918
[3939] = 4245 4245
[3940] = 4572 4572
[3941] = 4898 4898
[3942] = 5225 5225
[3943] = 5552 5552
[3944] = 5878 5878
[3945] = 6205 6205
[3946] = 6531 6531
[3947] = 6859 6859
[3948] = 7185 7185
[3949] = 7512 7512
[3950] = 7838 7838
[3951] = 8165 8165
[3952] = 8492 8492
[3953] = 8818 8818
[3954] = 9145 9145
[3955] = 9471 9471
[3956] = 9799 9799
[3957] = 10125 10125
[3958] = 10452 10452
[3959] = 10778 10778
[3960] = 11105 11105
[3961] = 11431 11431
[3962] = 11758 11758
[3963] = 12085 12085
[3964] = 12411 12411
[3965] = 12738 12738
[3966] = 13064 13064
[3967] = 13391 13391
[3968] = 13718 13718
[3969] = 14044 14044
[3970] = 14371 14371
[3971] = 14697 14697
[3972] = 15024 15024
[3973] = 15351 15351
[3974] = 15678 15678
[3975] = 16004 16004
[3976] = 16331 16331
[3977] = 16658 16658
[3978] = 16984 16984
[3979] = 17311 17311
[3980] = 17637 17637
[3981] = 17965 17965
[3982] = 18291 18291
[3983] = 18618 18618
[3984] = 18944 18944
[3985] = 19271 19271
[3986] = 19598 19598
[3987] = 19924 19924
[3988] = 20251 20251
[3989] = 20577 20577
[3990] = 20904 20904
[3991] = 21231 21231
[3992] = 21557 21557
[3993] = 21884 21884
[3994] = 22210 22210
[3995] = 22537 22537
[3996] = 22863 22863
[3997] = 23190 23190
[3998] = 23517 23517
[3999] = 23844 23844
[4000] = 24170 24170
[4001] = 24497 24497
[4002] = 24824 24824
[4003] = 25150 25150
[4004] = 25477 25477
[4005] = 25803 25803
[4006] = 26131 26131
[4007] = 26457 26457
[4008] = 26784 26784
[4009] = 27110 27110
[4010] = 27437 27437
[4011] = 27764 27764
[4012] = 28090 28090
[4013] = 28417 28417
[4014] = 28743 28743
[4015] = 29070 29070
[4016] = 29397 29397
[4017] = 29723 29723
[4018] = 30050 30050
[4019] = 30377 30377
[4020] = 30703 30703
[4021] = 31030 31030
[4022] = 31356 31356
[4023] = 31683 31683
[4024] = 32010 32010
[4025] = 32336 32336
[4026] = 32663 32663
[4027] = 32990 32990
[4028] = 33316 33316
[4029] = 33643 33643
[4030] = 33969 33969
[4031] = 34297 34297
[4032] = 34623 34623
[4033] = 34950 34950
[4034] = 35276 35276
[4035] = 0 0
[4036] = 326 326
[4037] = 652 652
[4038] = 979 979
[4039] = 1305 1305
[4040] = 1632 1632
[4041] = 1959 1959
[4042] = 2286 2286
[4043] = 2612 2612
[4044] = 2939 2939
[4045] = 3265 3265
[4046] = 3592 3592
[4047] = 3918 3918
[4048] = 4245 4245
[4049] = 4572 4572
[4050] = 4898 4898
[4051] = 5225 5225
[4052] = 5552 5552
[4053] = 5878 5878
[4054] = 6205 6205
[4055] = 6531 6531
[4056] = 6859 6859
[4057] = 7185 7185
[4058] = 7512 7512
[4059] = 7838 7838
[4060] = 8165 8165
[4061] = 8492 8492
[4062] = 8818 8818
[4063] = 9145 9145
[4064] = 9471 9471
[4065] = 9799 9799
[4066] = 10125 10125
[4067] = 10452 10452
[4068] = 10778 10778
[4069] = 11105 11105
[4070] = 11431 11431
[4071] = 11758 11758
[4072] = 12085 12085
[4073] = 12411 12411
[4074] = 12738 12738
[4075] = 13064 13064
[4076] = 13391 13391
[4077] = 13718 13718
[4078] = 14044 14044
[4079] = 14371 14371
[4080] = 14697 14697
[4081] = 15024 15024
[4082] = 15351 15351
[4083] = 15678 15678
[4084] = 16004 16004
[4085] = 16331 16331
[4086] = 16658 16658
[4087] = 16984 16984
[4088] = 17311 17311
[4089] = 17637 17637
[4090] = 17965 17965
[4091] = 18291 18291
[4092] = 18618 18618
[4093] = 18944 18944
[4094] = 19271 19271
[4095] = 19598 19598
[4096] = 19924 19924
[4097] = 20251 20251
[4098] = 20577 20577
[4099] = 20904 20904
[4100] = 21231 21231
[4101] = 21557 21557
[4102] = 21884 21884
[4103] = 22210 22210
[4104] = 22537 22537
[4105] = 22863 22863
[4106] = 23190 23190
[4107] = 23517 23517
[4108] = 23844 23844
[4109] = 24170 24170
[4110] = 24497 24497
[4111] = 24824 24824
[4112] = 25150 25150
[4113] = 25477 25477
[4114] = 25803 25803
[4115] = 26131 26131
[4116] = 26457 26457
[4117] = 26784 26784
[4118] = 27110 27110
[4119] = 27437 27437
[4120] = 27764 27764
[4121] = 28090 28090
[4122] = 28417 28417
[4123] = 28743 28743
[4124] = 29070 29070
[4125] = 29397 29397
[4126] = 29723 29723
[4127] = 30050 30050
[4128] = 30377 30377
[4129] = 30703 30703
[4130] = 31030 31030
[4131] = 31356 31356
[4132] = 31683 31683
[4133] = 32010 32010
[4134] = 32336 32336
[4135] = 32663 32663
[4136] = 32990 32990
[4137] = 33316 33316
[4138] = 33643 33643
[4139] = 33969 33969
[4140] = 34297 34297
[4141] = 34623 34623
[4142] = 34950 34950
[4143] = 35276 35276
[4144] = 0 0
[4145] = 326 326
[4146] = 652 652
[4147] = 979 979
[4148] = 1305 1305
[4149] = 1632 1632
[4150] = 1959 1959
[4151] = 2286 2286
[4152] = 2612 2612
[4153] = 2939 2939
[4154] = 3265 3265
[4155] = 3592 3592
[4156] = 3918 3918
[4157] = 4245 4245
[4158] = 4572 4572
[4159] = 4898 4898
[4160] = 5225 5225
[4161] = 5552 5552
[4162] = 5878 5878
[4163] = 6205 6205
[4164] = 6531 6531
[4165] = 6859 6859
[4166] = 7185 7185
[4167] = 7512 7512
[4168] = 7838 7838
[4169] = 8165 8165
[4170] = 8492 8492
[4171] = 8818 8818
[4172] = 9145 9145
[4173] = 9471 9471
[4174] = 9799 9799
[4175] = 10125 10125
[4176] = 10452 10452
[4177] = 10778 10778
[4178] = 11105 11105
[4179] = 11431 11431
[4180] = 11758 11758
[4181] = 12085 12085
[4182] = 12411 12411
[4183] = 12738 12738
[4184] = 13064 13064
[4185] = 13391 13391
[4186] = 13718 13718
[4187] = 14044 14044
[4188] = 14371 14371
[4189] = 14697 14697
[4190] = 15024 15024
[4191] = 15351 15351
[4192] = 15678 15678
[4193] = 16004 16004
[4194] = 16331 16331
[4195] = 16658 16658
[4196] = 16984 16984
[4197] = 17311 17311
[4198] = 17637 17637
[4199] = 17965 17965
[4200] = 18291 18291
[4201] = 18618 18618
[4202] = 18944 18944
[4203] = 19271 19271
[4204] = 19598 19598
[4205] = 19924 19924
[4206] = 20251 20251
[4207] = 20577 20577
[4208] = 20904 20904
[4209] = 21231 21231
[4210] = 21557 21557
[4211] = 21884 21884
[4212] = 22210 22210
[4213] = 22537 22537
[4214] = 22863 22863
[4215] = 23190 23190
[4216] = 23517 23517
[4217] = 23844 23844
[4218] = 24170 24170
[4219] = 24497 24497
[4220] = 24824 24824
[4221] = 25150 25150
[4222] = 25477 25477
[4223] = 25803 25803
[4224] = 26131 26131
[4225] = 26457 26457
[4226] = 26784 26784
[4227] = 27110 27110
[4228] = 27437 27437
[4229] = 27764 27764
[4230] = 28090 28090
[4231] = 28417 28417
[4232] = 28743 28743
[4233] = 29070 29070
[4234] = 29397 29397
[4235] = 29723 29723
[4236] = 30050 30050
[4237] = 30377 30377
[4238] = 30703 30703
[4239] = 31030 31030
[4240] = 31356 31356
[4241] = 31683 31683
[4242] = 32010 32010
[4243] = 32336 32336
[4244] = 32663 32663
[4245] = 32990 32990
[4246] = 33316 33316
[4247] = 33643 33643
[4248] = 33969 33969
[4249] = 34297 34297
[4250] = 34623 34623
[4251] = 34950 34950
[4252] = 35276 35276
[4253] = 0 0
[4254] = 326 326
[4255] = 652 652
[4256] = 979 979
[4257] = 1305 1305
[4258] = 1632 1632
[4259] = 1959 1959
[4260] = 2286 2286
[4261] = 2612 2612
[4262] = 2939 2939
[4263] = 3265 3265
[4264] = 3592 3592
[4265] = 3918 3918
[4266] = 4245 4245
[4267] = 4572 4572
[4268] = 4898 4898
[4269] = 5225 5225
[4270] = 5552 5552
[4271] = 5878 5878
[4272] = 6205 6205
[4273] = 6531 6531
[4274] = 6859 6859
[4275] = 7185 7185
[4276] = 7512 7512
[4277] = 7838 7838
[4278] = 8165 8165
[4279] = 8492 8492
[4280] = 8818 8818
[4281] = 9145 9145
[4282] = 9471 9471
[4283] = 9799 9799
[4284] = 10125 10125
[4285] = 10452 10452
[4286] = 10778 10778
[4287] = 11105 11105
[4288] = 11431 11431
[4289] = 11758 11758
[4290] = 12085 12085
[4291] = 12411 12411
[4292] = 12738 12738
[4293] = 13064 13064
[4294] = 13391 13391
[4295] = 13718 13718
[4296] = 14044 14044
[4297] = 14371 14371
[4298] = 14697 14697
[4299] = 15024 15024
[4300] = 15351 15351
[4301] = 15678 15678
[4302] = 16004 16004
[4303] = 16331 16331
[4304] = 16658 16658
[4305] = 16984 16984
[4306] = 17311 17311
[4307] = 17637 17637
[4308] = 17965 17965
[4309] = 18291 18291
[4310] = 18618 18618
[4311] = 18944 18944
[4312] = 19271 19271
[4313] = 19598 19598
[4314] = 19924 19924
[4315] = 20251 20251
[4316] = 20577 20577
[4317] = 20904 20904
[4318] = 21231 21231
[4319] = 21557 21557
[4320] = 21884 21884
[4321] = 22210 22210
[4322] = 22537 22537
[4323] = 22863 22863
[4324] = 23190 23190
[4325] = 23517 23517
[4326] = 23844 23844
[4327] = 24170 24170
[4328] = 24497 24497
[4329] = 24824 24824
[4330] = 25150 25150
[4331] = 25477 25477
[4332] = 25803 25803
[4333] = 26131 26131
[4334] = 26457 26457
[4335] = 26784 26784
[4336] = 27110 27110
[4337] = 27437 27437
[4338] = 27764 27764
[4339] = 28090 28090
[4340] = 28417 28417
[4341] = 28743 28743
[4342] = 29070 29070
[4343] = 29397 29397
[4344] = 29723 29723
[4345] = 30050 30050
[4346] = 30377 30377
[4347] = 30703 30703
[4348] = 31030 31030
[4349] = 31356 31356
[4350] = 31683 31683
[4351] = 32010 32010
[4352] = 32336 32336
[4353] = 32663 32663
[4354] = 32990 32990
[4355] = 33316 33316
[4356] = 33643 33643
[4357] = 33969 33969
[4358] = 34297 34297
[4359] = 34623 34623
[4360] = 34950 34950
[4361] = 35276 35276
[4362] = 0 0
[4363] = 326 326
[4364] = 652 652
[4365] = 979 979
[4366] = 1305 1305
[4367] = 1632 1632
[4368] = 1959 1959
[4369] = 2286 2286
[4370] = 2612 2612
[4371] = 2939 2939
[4372] = 3265 3265
[4373] = 3592 3592
[4374] = 3918 3918
[4375] = 4245 4245
[4376] = 4572 4572
[4377] = 4898 4898
[4378] = 5225 5225
[4379] = 5552 5552
[4380] = 5878 5878
[4381] = 6205 6205
[4382] = 6531 6531
[4383] = 6859 6859
[4384] = 7185 7185
[4385] = 7512 7512
[4386] = 7838 7838
[4387] = 8165 8165
[4388] = 8492 8492
[4389] = 8818 8818
[4390] = 9145 9145
[4391] = 9471 9471
[4392] = 9799 9799
[4393] = 10125 10125
[4394] = 10452 10452
[4395] = 10778 10778
[4396] = 11105 11105
[4397] = 11431 11431
[4398] = 11758 11758
[4399] = 12085 12085
[4400] = 12411 12411
[4401] = 12738 12738
[4402] = 13064 13064
[4403] = 13391 13391
[4404] = 13718 13718
[4405] = 14044 14044
[4406] = 14371 14371
[4407] = 14697 14697
[4408] = 15024 15024
[4409] = 15351 15351
[4410] = 15678 15678
[4411] = 16004 16004
[4412] = 16331 16331
[4413] = 16658 16658
[4414] = 16984 16984
[4415] = 17311 17311
[4416] = 17637 17637
[4417] = 17965 17965
[4418] = 18291 18291
[4419] = 18618 18618
[4420] = 18944 18944
[4421] = 19271 19271
[4422] = 19598 19598
[4423] = 19924 19924
[4424] = 20251 20251
[4425] = 20577 20577
[4426] = 20904 20904
[4427] = 21231 21231
[4428] = 21557 21557
[4429] = 21884 21884
[4430] = 22210 22210
[4431] = 22537 22537
[4432] = 22863 22863
[4433] = 23190 23190
[4434] = 23517 23517
[4435] = 23844 23844
[4436] = 24170 24170
[4437] = 24497 24497
[4438] = 24824 24824
[4439] = 25150 25150
[4440] = 25477 25477
[4441] = 25803 25803
[4442] = 26131 26131
[4443] = 26457 26457
[4444] = 26784 26784
[4445] = 27110 27110
[4446] = 27437 27437
[4447] = 27764 27764
[4448] = 28090 28090
[4449] = 28417 28417
[4450] = 28743 28743
[4451] = 29070 29070
[4452] = 29397 29397
[4453] = 29723 29723
[4454] = 30050 30050
[4455] = 30377 30377
[4456] = 30703 30703
[4457] = 31030 31030
[4458] = 31356 31356
[4459] = 31683 31683
[4460] = 32010 32010
[4461] = 32336 32336
[4462] = 32663 32663
[4463] = 32990 32990
[4464] = 33316 33316
[4465] = 33643 33643
[4466] = 33969 33969
[4467] = 34297 34297
[4468] = 34623 34623
[4469] = 34950 34950
[4470] = 35276 35276
[4471] = 0 0
[4472] = 326 326
[4473] = 652 652
[4474] = 979 979
[4475] = 1305 1305
[4476] = 1632 1632
[4477] = 1959 1959
[4478] = 2286 2286
[4479] = 2612 2612
[4480] = 2939 2939
[4481] = 3265 3265
[4482] = 3592 3592
[4483] = 3918 3918
[4484] = 4245 4245
[4485] = 4572 4572
[4486] = 4898 4898
[4487] = 5225 5225
[4488] = 5552 5552
[4489] = 5878 5878
[4490] = 6205 6205
[4491] = 6531 6531
[4492] = 6859 6859
[4493] = 7185 7185
[4494] = 7512 7512
[4495] = 7838 7838
[4496] = 8165 8165
[4497] = 8492 8492
[4498] = 8818 8818
[4499] = 9145 9145
[4500] = 9471 9471
[4501] = 9799 9799
[4502] = 10125 10125
[4503] = 10452 10452
[4504] = 10778 10778
[4505] = 11105 11105
[4506] = 11431 11431
[4507] = 11758 11758
[4508] = 12085 12085
[4509] = 12411 12411
[4510] = 12738 12738
[4511] = 13064 13064
[4512] = 13391 13391
[4513] = 13718 13718
[4514] = 14044 14044
[4515] = 14371 14371
[4516] = 14697 14697
[4517] = 15024 15024
[4518] = 15351 15351
[4519] = 15678 15678
[4520] = 16004 16004
[4521] = 16331 16331
[4522] = 16658 16658
[4523] = 16984 16984
[4524] = 17311 17311
[4525] = 17637 17637
[4526] = 17965 17965
[4527] = 18291 18291
[4528] = 18618 18618
[4529] = 18944 18944
[4530] = 19271 19271
[4531] = 19598 19598
[4532] = 19924 19924
[4533] = 20251 20251
[4534] = 20577 20577
[4535] = 20904 20904
[4536] = 21231 21231
[4537] = 21557 21557
[4538] = 21884 21884
[4539] = 22210 22210
[4540] = 22537 22537
[4541] = 22863 22863
[4542] = 23190 23190
[4543] = 23517 23517
[4544] = 23844 23844
[4545] = 24170 24170
[4546] = 24497 24497
[4547] = 24824 24824
[4548] = 25150 25150
[4549] = 25477 25477
[4550] = 25803 25803
[4551] = 26131 26131
[4552] = 26457 26457
[4553] = 26784 26784
[4554] = 27110 27110
[4555] = 27437 27437
[4556] = 27764 27764
[4557] = 28090 28090
[4558] = 28417 28417
[4559] = 28743 28743
[4560] = 29070 29070
[4561] = 29397 29397
[4562] = 29723 29723
[4563] = 30050 30050
[4564] = 30377 30377
[4565] = 30703 30703
[4566] = 31030 31030
[4567] = 31356 31356
[4568] = 31683 31683
[4569] = 32010 32010
[4570] = 32336 32336
[4571] = 32663 32663
[4572] = 32990 32990
[4573] = 33316 33316
[4574] = 33643 33643
[4575] = 33969 33969
[4576] = 34297 34297
[4577] = 34623 34623
[4578] = 34950 34950
[4579] = 35276 35276
[4580] = 0 0
[4581] = 326 326
[4582] = 652 652
[4583] = 979 979
[4584] = 1305 1305
[4585] = 1632 1632
[4586] = 1959 1959
[4587] = 2286 2286
[4588] = 2612 2612
[4589] = 2939 2939
[4590] = 3265 3265
[4591] = 3592 3592
[4592] = 3918 3918
[4593] = 4245 4245
[4594] = 4572 4572
[4595] = 4898 4898
[4596] = 5225 5225
[4597] = 5552 5552
[4598] = 5878 5878
[4599] = 6205 6205
[4600] = 6531 6531
[4601] = 6859 6859
[4602] = 7185 7185
[4603] = 7512 7512
[4604] = 7838 7838
[4605] = 8165 8165
[4606] = 8492 8492
[4607] = 8818 8818
[4608] = 9145 9145
[4609] = 9471 9471
[4610] = 9799 9799
[4611] = 10125 10125
[4612] = 10452 10452
[4613] = 10778 10778
[4614] = 11105 11105
[4615] = 11431 11431
[4616] = 11758 11758
[4617] = 12085 12085
[4618] = 12411 12411
[4619] = 12738 12738
[4620] = 13064 13064
[4621] = 13391 13391
[4622] = 13718 13718
[4623] = 14044 14044
[4624] = 14371 14371
[4625] = 14697 14697
[4626] = 15024 15024
[4627] = 15351 15351
[4628] = 15678 15678
[4629] = 16004 16004
[4630] = 16331 16331
[4631] = 16658 16658
[4632] = 16984 16984
[4633] = 17311 17311
[4634] = 17637 17637
[4635] = 17965 17965
[4636] = 18291 18291
[4637] = 18618 18618
[4638] = 18944 18944
[4639] = 19271 19271
[4640] = 19598 19598
[4641] = 19924 19924
[4642] = 20251 20251
[4643] = 20577 20577
[4644] = 20904 20904
[4645] = 21231 21231
[4646] = 21557 21557
[4647] = 21884 21884
[4648] = 22210 22210
[4649] = 22537 22537
[4650] = 22863 22863
[4651] = 23190 23190
[4652] = 23517 23517
[4653] = 23844 23844
[4654] = 24170 24170
[4655] = 24497 24497
[4656] = 24824 24824
[4657] = 25150 25150
[4658] = 25477 25477
[4659] = 25803 25803
[4660] = 26131 26131
[4661] = 26457 26457
[4662] = 26784 26784
[4663] = 27110 27110
[4664] = 27437 27437
[4665] = 27764 27764
[4666] = 28090 28090
[4667] = 28417 28417
[4668] = 28743 28743
[4669] = 29070 29070
[4670] = 29397 29397
[4671] = 29723 29723
[4672] = 30050 30050
[4673] = 30377 30377
[4674] = 30703 30703
[4675] = 31030 31030
[4676] = 31356 31356
[4677] = 31683 31683
[4678] = 32010 32010
[4679] = 32336 32336
[4680] = 32663 32663
[4681] = 32990 32990
[4682] = 33316 33316
[4683] = 33643 33643
[4684] = 33969 33969
[4685] = 34297 34297
[4686] = 34623 34623
[4687] = 34950 34950
[4688] = 35276 35276
[4689] = 0 0
[4690] = 326 326
[4691] = 652 652
[4692] = 979 979
[4693] = 1305 1305
[4694] = 1632 1632
[4695] = 1959 1959
[4696] = 2286 2286
[4697] = 2612 2612
[4698] = 2939 2939
[4699] = 3265 3265
[4700] = 3592 3592
[4701] = 3918 3918
[4702] = 4245 4245
[4703] = 4572 4572
[4704] = 4898 4898
[4705] = 5225 5225
[4706] = 5552 5552
[4707] = 5878 5878
[4708] = 6205 6205
[4709] = 6531 6531
[4710] = 6859 6859
[4711] = 7185 7185
[4712] = 7512 7512
[4713] = 7838 7838
[4714] = 8165 8165
[4715] = 8492 8492
[4716] = 8818 8818
[4717] = 9145 9145
[4718] = 9471 9471
[4719] = 9799 9799
[4720] = 10125 10125
[4721] = 10452 10452
[4722] = 10778 10778
[4723] = 11105 11105
[4724] = 11431 11431
[4725] = 11758 11758
[4726] = 12085 12085
[4727] = 12411 12411
[4728] = 12738 12738
[4729] = 13064 13064
[4730] = 13391 13391
[4731] = 13718 13718
[4732] = 14044 14044
[4733] = 14371 14371
[4734] = 14697 14697
[4735] = 15024 15024
[4736] = 15351 15351
[4737] = 15678 15678
[4738] = 16004 16004
[4739] = 16331 16331
[4740] = 16658 16658
[4741] = 16984 16984
[4742] = 17311 17311
[4743] = 17637 17637
[4744] = 17965 17965
[4745] = 18291 18291
[4746] = 18618 18618
[4747] = 18944 18944
[4748] = 19271 19271
[4749] = 19598 19598
[4750] = 19924 19924
[4751] = 20251 20251
[4752] = 20577 20577
[4753] = 20904 20904
[4754] = 21231 21231
[4755] = 21557 21557
[4756] = 21884 21884
[4757] = 22210 22210
[4758] = 22537 22537
[4759] = 22863 22863
[4760] = 23190 23190
[4761] = 23517 23517
[4762] = 23844 23844
[4763] = 24170 24170
[4764] = 24497 24497
[4765] = 24824 24824
[4766] = 25150 25150
[4767] = 25477 25477
[4768] = 25803 25803
[4769] = 26131 26131
[4770] = 26457 26457
[4771] = 26784 26784
[4772] = 27110 27110
[4773] = 27437 27437
[4774] = 27764 27764
[4775] = 28090 28090
[4776] = 28417 28417
[4777] = 28743 28743
[4778] = 29070 29070
[4779] = 29397 29397
[4780] = 29723 29723
[4781] = 30050 30050
[4782] = 30377 30377
[4783] = 30703 30703
[4784] = 31030 31030
[4785] = 31356 31356
[4786] = 31683 31683
[4787] = 32010 32010
[4788] = 32336 32336
[4789] = 32663 32663
[4790] = 32990 32990
[4791] = 33316 33316
[4792] = 33643 33643
[4793] = 33969 33969
[4794] = 34297 34297
[4795] = 34623 34623
[4796] = 34950 34950
[4797] = 35276 35276
[4798] = 0 0
[4799] = 326 326
[4800] = 652 652
[4801] = 979 979
[4802] = 1305 1305
[4803] = 1632 1632
[4804] = 1959 1959
[4805] = 2286 2286
[4806] = 2612 2612
[4807] = 2939 2939
[4808] = 3265 3265
[4809] = 3592 3592
[4810] = 3918 3918
[4811] = 4245 4245
[4812] = 4572 4572
[4813] = 4898 4898
[4814] = 5225 5225
[4815] = 5552 5552
[4816] = 5878 5878
[4817] = 6205 6205
[4818] = 6531 6531
[4819] = 6859 6859
[4820] = 7185 7185
[4821] = 7512 7512
[4822] = 7838 7838
[4823] = 8165 8165
[4824] = 8492 8492
[4825] = 8818 8818
[4826] = 9145 9145
[4827] = 9471 9471
[4828] = 9799 9799
[4829] = 10125 10125
[4830] = 10452 10452
[4831] = 10778 10778
[4832] = 11105 11105
[4833] = 11431 11431
[4834] = 11758 11758
[4835] = 12085 12085
[4836] = 12411 12411
[4837] = 12738 12738
[4838] = 13064 13064
[4839] = 13391 13391
[4840] = 13718 13718
[4841] = 14044 14044
[4842] = 14371 14371
[4843] = 14697 14697
[4844] = 15024 15024
[4845] = 15351 15351
[4846] = 15678 15678
[4847] = 16004 16004
[4848] = 16331 16331
[4849] = 16658 16658
[4850] = 16984 16984
[4851] = 17311 17311
[4852] = 17637 17637
[4853] = 17965 17965
[4854] = 18291 18291
[4855] = 18618 18618
[4856] = 18944 18944
[4857] = 19271 19271
[4858] = 19598 19598
[4859] = 19924 19924
[4860] = 20251 20251
[4861] = 20577 20577
[4862] = 20904 20904
[4863] = 21231 21231
[4864] = 21557 21557
[4865] = 21884 21884
[4866] = 22210 22210
[4867] = 22537 22537
[4868] = 22863 22863
[4869] = 23190 23190
[4870] = 23517 23517
[4871] = 23844 23844
[4872] = 24170 24170
[4873] = 24497 24497
[4874] = 24824 24824
[4875] = 25150 25150
[4876] = 25477 25477
[4877] = 25803 25803
[4878] = 26131 26131
[4879] = 26457 26457
[4880] = 26784 26784
[4881] = 27110 27110
[4882] = 27437 27437
[4883] = 27764 27764
[4884] = 28090 28090
[4885] = 28417 28417
[4886] = 28743 28743
[4887] = 29070 29070
[4888] = 29397 29397
[4889] = 29723 29723
[4890] = 30050 30050
[4891] = 30377 30377
[4892] = 30703 30703
[4893] = 31030 31030
[4894] = 31356 31356
[4895] = 31683 31683
[4896] = 32010 32010
[4897] = 32336 32336
[4898] = 32663 32663
[4899] = 32990 32990
[4900] = 33316 33316
[4901] = 33643 33643
[4902] = 33969 33969
[4903] = 34297 34297
[4904] = 34623 34623
[4905] = 34950 34950
[4906] = 35276 35276
[4907] = 0 0
[4908] = 323 323
[4909] = 646 646
[4910] = 970 970
[4911] = 1294 1294
[4912] = 1617 1617
[4913] = 1941 1941
[4914] = 2264 2264
[4915] = 2589 2589
[4916] = 2912 2912
[4917] = 3235 3235
[4918] = 3560 3560
[4919] = 3883 3883
[4920] = 4207 4207
[4921] = 4530 4530
[4922] = 4854 4854
[4923] = 5178 5178
[4924] = 5501 5501
[4925] = 5825 5825
[4926] = 6149 6149
[4927] = 6472 6472
[4928] = 6796 6796
[4929] = 7120 7120
[4930] = 7443 7443
[4931] = 7767 7767
[4932] = 8091 8091
[4933] = 8415 8415
[4934] = 8738 8738
[4935] = 9062 9062
[4936] = 9385 9385
[4937] = 9709 9709
[4938] = 10032 10032
[4939] = 10356 10356
[4940] = 10680 10680
[4941] = 11004 11004
[4942] = 11328 11328
[4943] = 11651 11651
[4944] = 11975 11975
[4945] = 12299 12299
[4946] = 12622 12622
[4947] = 12946 12946
[4948] = 13270 13270
[4949] = 13593 13593
[4950] = 13917 13917
[4951] = 14241 14241
[4952] = 14564 14564
[4953] = 14888 14888
[4954] = 15211 15211
[4955] = 15536 15536
[4956] = 15859 15859
[4957] = 16182 16182
[4958] = 16506 16506
[4959] = 16830 16830
[4960] = 17153 17153
[4961] = 17477 17477
[4962] = 17801 17801
[4963] = 18125 18125
[4964] = 18448 18448
[4965] = 18771 18771
[4966] = 19096 19096
[4967] = 19419 19419
[4968] = 19743 19743
[4969] = 20067 20067
[4970] = 20390 20390
[4971] = 20714 20714
[4972] = 21038 21038
[4973] = 21362 21362
[4974] = 21685 21685
[4975] = 22009 22009
[4976] = 22332 22332
[4977] = 22656 22656
[4978] = 22979 22979
[4979] = 23303 23303
[4980] = 23627 23627
[4981] = 23951 23951
[4982] = 24274 24274
[4983] = 24598 24598
[4984] = 24922 24922
[4985] = 25246 25246
[4986] = 25569 25569
[4987] = 25892 25892
[4988] = 26217 26217
[4989] = 26540 26540
[4990] = 26864 26864
[4991] = 27188 27188
[4992] = 27511 27511
[4993] = 27835 27835
[4994] = 28158 28158
[4995] = 28483 28483
[4996] = 28806 28806
[4997] = 29129 29129
[4998] = 29453 29453
[4999] = 29777 29777
[5000] = 30100 30100
[5001] = 30424 30424
[5002] = 30748 30748
[5003] = 31072 31072
[5004] = 31395 31395
[5005] = 31719 31719
[5006] = 32043 32043
[5007] = 32366 32366
[5008] = 32690 32690
[5009] = 33013 33013
[5010] = 33337 33337
[5011] = 33661 33661
[5012] = 33985 33985
[5013] = 34308 34308
[5014] = 34632 34632
[5015] = 34956 34956
[5016] = 35279 35279
[5017] = 0 0
[5018] = 326 326
[5019] = 652 652
[5020] = 979 979
[5021] = 1305 1305
[5022] = 1632 1632
[5023] = 1959 1959
[5024] = 2286 2286
[5025] = 2612 2612
[5026] = 2939 2939
[5027] = 3265 3265
[5028] = 3592 3592
[5029] = 3918 3918
[5030] = 4245 4245
[5031] = 4572 4572
[5032] = 4898 4898
[5033] = 5225 5225
[5034] = 5552 5552
[5035] = 5878 5878
[5036] = 6205 6205
[5037] = 6531 6531
[5038] = 6859 6859
[5039] = 7185 7185
[5040] = 7512 7512
[5041] = 7838 7838
[5042] = 8165 8165
[5043] = 8492 8492
[5044] = 8818 8818
[5045] = 9145 9145
[5046] = 9471 9471
[5047] = 9799 9799
[5048] = 10125 10125
[5049] = 10452 10452
[5050] = 10778 10778
[5051] = 11105 11105
[5052] = 11431 11431
[5053] = 11758 11758
[5054] = 12085 12085
[5055] = 12411 12411
[5056] = 12738 12738
[5057] = 13064 13064
[5058] = 13391 13391
[5059] = 13718 13718
[5060] = 14044 14044
[5061] = 14371 14371
[5062] = 14697 14697
[5063] = 15024 15024
[5064] = 15351 15351
[5065] = 15678 15678
[5066] = 16004 16004
[5067] = 16331 16331
[5068] = 16658 16658
[5069] = 16984 16984
[5070] = 17311 17311
[5071] = 17637 17637
[5072] = 17965 17965
[5073] = 18291 18291
[5074] = 18618 18618
[5075] = 18944 18944
[5076] = 19271 19271
[5077] = 19598 19598
[5078] = 19924 19924
[5079] = 20251 20251
[5080] = 20577 20577
[5081] = 20904 20904
[5082] = 21231 21231
[5083] = 21557 21557
[5084] = 21884 21884
[5085] = 22210 22210
[5086] = 22537 22537
[5087] = 22863 22863
[5088] = 23190 23190
[5089] = 23517 23517
[5090] = 23844 23844
[5091] = 24170 24170
[5092] = 24497 24497
[5093] = 24824 24824
[5094] = 25150 25150
[5095] = 25477 25477
[5096] = 25803 25803
[5097] = 26131 26131
[5098] = 26457 26457
[5099] = 26784 26784
[5100] = 27110 27110
[5101] = 27437 27437
[5102] = 27764 27764
[5103] = 28090 28090
[5104] = 28417 28417
[5105] = 28743 28743
[5106] = 29070 29070
[5107] = 29397 29397
[5108] = 29723 29723
[5109] = 30050 30050
[5110] = 30377 30377
[5111] = 30703 30703
[5112] = 31030 31030
[5113] = 31356 31356
[5114] = 31683 31683
[5115] = 32010 32010
[5116] = 32336 32336
[5117] = 32663 32663
[5118] = 32990 32990
[5119] = 33316 33316
[5120] = 33643 33643
[5121] = 33969 33969
[5122] = 34297 34297
[5123] = 34623 34623
[5124] = 34950 34950
[5125] = 35276 35276
[5126] = 0 0
[5127] = 326 326
[5128] = 652 652
[5129] = 979 979
[5130] = 1305 1305
[5131] = 1632 1632
[5132] = 1959 1959
[5133] = 2286 2286
[5134] = 2612 2612
[5135] = 2939 2939
[5136] = 3265 3265
[5137] = 3592 3592
[5138] = 3918 3918
[5139] = 4245 4245
[5140] = 4572 4572
[5141] = 4898 4898
[5142] = 5225 5225
[5143] = 5552 5552
[5144] = 5878 5878
[5145] = 6205 6205
[5146] = 6531 6531
[5147] = 6859 6859
[5148] = 7185 7185
[5149] = 7512 7512
[5150] = 7838 7838
[5151] = 8165 8165
[5152] = 8492 8492
[5153] = 8818 8818
[5154] = 9145 9145
[5155] = 9471 9471
[5156] = 9799 9799
[5157] = 10125 10125
[5158] = 10452 10452
[5159] = 10778 10778
[5160] = 11105 11105
[5161] = 11431 11431
[5162] = 11758 11758
[5163] = 12085 12085
[5164] = 12411 12411
[5165] = 12738 12738
[5166] = 13064 13064
[5167] = 13391 13391
[5168] = 13718 13718
[5169] = 14044 14044
[5170] = 14371 14371
[5171] = 14697 14697
[5172] = 15024 15024
[5173] = 15351 15351
[5174] = 15678 15678
[5175] = 16004 16004
[5176] = 16331 16331
[5177] = 16658 16658
[5178] = 16984 16984
[5179] = 17311 17311
[5180] = 17637 17637
[5181] = 17965 17965
[5182] = 18291 18291
[5183] = 18618 18618
[5184] = 18944 18944
[5185] = 19271 19271
[5186] = 19598 19598
[5187] = 19924 19924
[5188] = 20251 20251
[5189] = 20577 20577
[5190] = 20904 20904
[5191] = 21231 21231
[5192] = 21557 21557
[5193] = 21884 21884
[5194] = 22210 22210
[5195] = 22537 22537
[5196] = 22863 22863
[5197] = 23190 23190
[5198] = 23517 23517
[5199] = 23844 23844
[5200] = 24170 24170
[5201] = 24497 24497
[5202] = 24824 24824
[5203] = 25150 25150
[5204] = 25477 25477
[5205] = 25803 25803
[5206] = 26131 26131
[5207] = 26457 26457
[5208] = 26784 26784
[5209] = 27110 27110
[5210] = 27437 27437
[5211] = 27764 27764
[5212] = 28090 28090
[5213] = 28417 28417
[5214] = 28743 28743
[5215] = 29070 29070
[5216] = 29397 29397
[5217] = 29723 29723
[5218] = 30050 30050
[5219] = 30377 30377
[5220] = 30703 30703
[5221] = 31030 31030
[5222] = 31356 31356
[5223] = 31683 31683
[5224] = 32010 32010
[5225] = 32336 32336
[5226] = 32663 32663
[5227] = 32990 32990
[5228] = 33316 33316
[5229] = 33643 33643
[5230] = 33969 33969
[5231] = 34297 34297
[5232] = 34623 34623
[5233] = 34950 34950
[5234] = 35276 35276
[5235] = 0 0
[5236] = 326 326
[5237] = 652 652
[5238] = 979 979
[5239] = 1305 1305
[5240] = 1632 1632
[5241] = 1959 1959
[5242] = 2286 2286
[5243] = 2612 2612
[5244] = 2939 2939
[5245] = 3265 3265
[5246] = 3592 3592
[5247] = 3918 3918
[5248] = 4245 4245
[5249] = 4572 4572
[5250] = 4898 4898
[5251] = 5225 5225
[5252] = 5552 5552
[5253] = 5878 5878
[5254] = 6205 6205
[5255] = 6531 6531
[5256] = 6859 6859
[5257] = 7185 7185
[5258] = 7512 7512
[5259] = 7838 7838
[5260] = 8165 8165
[5261] = 8492 8492
[5262] = 8818 8818
[5263] = 9145 9145
[5264] = 9471 9471
[5265] = 9799 9799
[5266] = 10125 10125
[5267] = 10452 10452
[5268] = 10778 10778
[5269] = 11105 11105
[5270] = 11431 11431
[5271] = 11758 11758
[5272] = 12085 12085
[5273] = 12411 12411
[5274] = 12738 12738
[5275] = 13064 13064
[5276] = 13391 13391
[5277] = 13718 13718
[5278] = 14044 14044
[5279] = 14371 14371
[5280] = 14697 14697
[5281] = 15024 15024
[5282] = 15351 15351
[5283] = 15678 15678
[5284] = 16004 16004
[5285] = 16331 16331
[5286] = 16658 16658
[5287] = 16984 16984
[5288] = 17311 17311
[5289] = 17637 17637
[5290] = 17965 17965
[5291] = 18291 18291
[5292] = 18618 18618
[5293] = 18944 18944
[5294] = 19271 19271
[5295] = 19598 19598
[5296] = 19924 19924
[5297] = 20251 20251
[5298] = 20577 20577
[5299] = 20904 20904
[5300] = 21231 21231
[5301] = 21557 21557
[5302] = 21884 21884
[5303] = 22210 22210
[5304] = 22537 22537
[5305] = 22863 22863
[5306] = 23190 23190
[5307] = 23517 23517
[5308] = 23844 23844
[5309] = 24170 24170
[5310] = 24497 24497
[5311] = 24824 24824
[5312] = 25150 25150
[5313] = 25477 25477
[5314] = 25803 25803
[5315] = 26131 26131
[5316] = 26457 26457
[5317] = 26784 26784
[5318] = 27110 27110
[5319] = 27437 27437
[5320] = 27764 27764
[5321] = 28090 28090
[5322] = 28417 28417
[5323] = 28743 28743
[5324] = 29070 29070
[5325] = 29397 29397
[5326] = 29723 29723
[5327] = 30050 30050
[5328] = 30377 30377
[5329] = 30703 30703
[5330] = 31030 31030
[5331] = 31356 31356
[5332] = 31683 31683
[5333] = 32010 32010
[5334] = 32336 32336
[5335] = 32663 32663
[5336] = 32990 32990
[5337] = 33316 33316
[5338] = 33643 33643
[5339] = 33969 33969
[5340] = 34297 34297
[5341] = 34623 34623
[5342] = 34950 34950
[5343] = 35276 35276
[5344] = 0 0
[5345] = 326 326
[5346] = 652 652
[5347] = 979 979
[5348] = 1305 1305
[5349] = 1632 1632
[5350] = 1959 1959
[5351] = 2286 2286
[5352] = 2612 2612
[5353] = 2939 2939
[5354] = 3265 3265
[5355] = 3592 3592
[5356] = 3918 3918
[5357] = 4245 4245
[5358] = 4572 4572
[5359] = 4898 4898
[5360] = 5225 5225
[5361] = 5552 5552
[5362] = 5878 5878
[5363] = 6205 6205
[5364] = 6531 6531
[5365] = 6859 6859
[5366] = 7185 7185
[5367] = 7512 7512
[5368] = 7838 7838
[5369] = 8165 8165
[5370] = 8492 8492
[5371] = 8818 8818
[5372] = 9145 9145
[5373] = 9471 9471
[5374] = 9799 9799
[5375] = 10125 10125
[5376] = 10452 10452
[5377] = 10778 10778
[5378] = 11105 11105
[5379] = 11431 11431
[5380] = 11758 11758
[5381] = 12085 12085
[5382] = 12411 12411
[5383] = 12738 12738
[5384] = 13064 13064
[5385] = 13391 13391
[5386] = 13718 13718
[5387] = 14044 14044
[5388] = 14371 14371
[5389] = 14697 14697
[5390] = 15024 15024
[5391] = 15351 15351
[5392] = 15678 15678
[5393] = 16004 16004
[5394] = 16331 16331
[5395] = 16658 16658
[5396] = 16984 16984
[5397] = 17311 17311
[5398] = 17637 17637
[5399] = 17965 17965
[5400] = 18291 18291
[5401] = 18618 18618
[5402] = 18944 18944
[5403] = 19271 19271
[5404] = 19598 19598
[5405] = 19924 19924
[5406] = 20251 20251
[5407] = 20577 20577
[5408] = 20904 20904
[5409] = 21231 21231
[5410] = 21557 21557
[5411] = 21884 21884
[5412] = 22210 22210
[5413] = 22537 22537
[5414] = 22863 22863
[5415] = 23190 23190
[5416] = 23517 23517
[5417] = 23844 23844
[5418] = 24170 24170
[5419] = 24497 24497
[5420] = 24824 24824
[5421] = 25150 25150
[5422] = 25477 25477
[5423] = 25803 25803
[5424] = 26131 26131
[5425] = 26457 26457
[5426] = 26784 26784
[5427] = 27110 27110
[5428] = 27437 27437
[5429] = 27764 27764
[5430] = 28090 28090
[5431] = 28417 28417
[5432] = 28743 28743
[5433] = 29070 29070
[5434] = 29397 29397
[5435] = 29723 29723
[5436] = 30050 30050
[5437] = 30377 30377
[5438] = 30703 30703
[5439] = 31030 31030
[5440] = 31356 31356
[5441] = 31683 31683
[5442] = 32010 32010
[5443] = 32336 32336
[5444] = 32663 32663
[5445] = 32990 32990
[5446] = 33316 33316
[5447] = 33643 33643
[5448] = 33969 33969
[5449] = 34297 34297
[5450] = 34623 34623
[5451] = 34950 34950
[5452] = 35276 35276
[5453] = 0 0
[5454] = 326 326
[5455] = 652 652
[5456] = 979 979
[5457] = 1305 1305
[5458] = 1632 1632
[5459] = 1959 1959
[5460] = 2286 2286
[5461] = 2612 2612
[5462] = 2939 2939
[5463] = 3265 3265
[5464] = 3592 3592
[5465] = 3918 3918
[5466] = 4245 4245
[5467] = 4572 4572
[5468] = 4898 4898
[5469] = 5225 5225
[5470] = 5552 5552
[5471] = 5878 5878
[5472] = 6205 6205
[5473] = 6531 6531
[5474] = 6859 6859
[5475] = 7185 7185
[5476] = 7512 7512
[5477] = 7838 7838
[5478] = 8165 8165
[5479] = 8492 8492
[5480] = 8818 8818
[5481] = 9145 9145
[5482] = 9471 9471
[5483] = 9799 9799
[5484] = 10125 10125
[5485] = 10452 10452
[5486] = 10778 10778
[5487] = 11105 11105
[5488] = 11431 11431
[5489] = 11758 11758
[5490] = 12085 12085
[5491] = 12411 12411
[5492] = 12738 12738
[5493] = 13064 13064
[5494] = 13391 13391
[5495] = 13718 13718
[5496] = 14044 14044
[5497] = 14371 14371
[5498] = 14697 14697
[5499] = 15024 15024
[5500] = 15351 15351
[5501] = 15678 15678
[5502] = 16004 16004
[5503] = 16331 16331
[5504] = 16658 16658
[5505] = 16984 16984
[5506] = 17311 17311
[5507] = 17637 17637
[5508] = 17965 17965
[5509] = 18291 18291
[5510] = 18618 18618
[5511] = 18944 18944
[5512] = 19271 19271
[5513] = 19598 19598
[5514] = 19924 19924
[5515] = 20251 20251
[5516] = 20577 20577
[5517] = 20904 20904
[5518] = 21231 21231
[5519] = 21557 21557
[5520] = 21884 21884
[5521] = 22210 22210
[5522] = 22537 22537
[5523] = 22863 22863
[5524] = 23190 23190
[5525] = 23517 23517
[5526] = 23844 23844
[5527] = 24170 24170
[5528] = 24497 24497
[5529] = 24824 24824
[5530] = 25150 25150
[5531] = 25477 25477
[5532] = 25803 25803
[5533] = 26131 26131
[5534] = 26457 26457
[5535] = 26784 26784
[5536] = 27110 27110
[5537] = 27437 27437
[5538] = 27764 27764
[5539] = 28090 28090
[5540] = 28417 28417
[5541] = 28743 28743
[5542] = 29070 29070
[5543] = 29397 29397
[5544] = 29723 29723
[5545] = 30050 30050
[5546] = 30377 30377
[5547] = 30703 30703
[5548] = 31030 31030
[5549] = 31356 31356
[5550] = 31683 31683
[5551] = 32010 32010
[5552] = 32336 32336
[5553] = 32663 32663
[5554] = 32990 32990
[5555] = 33316 33316
[5556] = 33643 33643
[5557] = 33969 33969
[5558] = 34297 34297
[5559] = 34623 34623
[5560] = 34950 34950
[5561] = 35276 35276
[5562] = 0 0
[5563] = 326 326
[5564] = 652 652
[5565] = 979 979
[5566] = 1305 1305
[5567] = 1632 1632
[5568] = 1959 1959
[5569] = 2286 2286
[5570] = 2612 2612
[5571] = 2939 2939
[5572] = 3265 3265
[5573] = 3592 3592
[5574] = 3918 3918
[5575] = 4245 4245
[5576] = 4572 4572
[5577] = 4898 4898
[5578] = 5225 5225
[5579] = 5552 5552
[5580] = 5878 5878
[5581] = 6205 6205
[5582] = 6531 6531
[5583] = 6859 6859
[5584] = 7185 7185
[5585] = 7512 7512
[5586] = 7838 7838
[5587] = 8165 8165
[5588] = 8492 8492
[5589] = 8818 8818
[5590] = 9145 9145
[5591] = 9471 9471
[5592] = 9799 9799
[5593] = 10125 10125
[5594] = 10452 10452
[5595] = 10778 10778
[5596] = 11105 11105
[5597] = 11431 11431
[5598] = 11758 11758
[5599] = 12085 12085
[5600] = 12411 12411
[5601] = 12738 12738
[5602] = 13064 13064
[5603] = 13391 13391
[5604] = 13718 13718
[5605] = 14044 14044
[5606] = 14371 14371
[5607] = 14697 14697
[5608] = 15024 15024
[5609] = 15351 15351
[5610] = 15678 15678
[5611] = 16004 16004
[5612] = 16331 16331
[5613] = 16658 16658
[5614] = 16984 16984
[5615] = 17311 17311
[5616] = 17637 17637
[5617] = 17965 17965
[5618] = 18291 18291
[5619] = 18618 18618
[5620] = 18944 18944
[5621] = 19271 19271
[5622] = 19598 19598
[5623] = 19924 19924
[5624] = 20251 20251
[5625] = 20577 20577
[5626] = 20904 20904
[5627] = 21231 21231
[5628] = 21557 21557
[5629] = 21884 21884
[5630] = 22210 22210
[5631] = 22537 22537
[5632] = 22863 22863
[5633] = 23190 23190
[5634] = 23517 23517
[5635] = 23844 23844
[5636] = 24170 24170
[5637] = 24497 24497
[5638] = 24824 24824
[5639] = 25150 25150
[5640] = 25477 25477
[5641] = 25803 25803
[5642] = 26131 26131
[5643] = 26457 26457
[5644] = 26784 26784
[5645] = 27110 27110
[5646] = 27437 27437
[5647] = 27764 27764
[5648] = 28090 28090
[5649] = 28417 28417
[5650] = 28743 28743
[5651] = 29070 29070
[5652] = 29397 29397
[5653] = 29723 29723
[5654] = 30050 30050
[5655] = 30377 30377
[5656] = 30703 30703
[5657] = 31030 31030
[5658] = 31356 31356
[5659] = 31683 31683
[5660] = 32010 32010
[5661] = 32336 32336
[5662] = 32663 32663
[5663] = 32990 32990
[5664] = 33316 33316
[5665] = 33643 33643
[5666] = 33969 33969
[5667] = 34297 34297
[5668] = 34623 34623
[5669] = 34950 34950
[5670] = 35276 35276
[5671] = 0 0
[5672] = 326 326
[5673] = 652 652
[5674] = 979 979
[5675] = 1305 1305
[5676] = 1632 1632
[5677] = 1959 1959
[5678] = 2286 2286
[5679] = 2612 2612
[5680] = 2939 2939
[5681] = 3265 3265
[5682] = 3592 3592
[5683] = 3918 3918
[5684] = 4245 4245
[5685] = 4572 4572
[5686] = 4898 4898
[5687] = 5225 5225
[5688] = 5552 5552
[5689] = 5878 5878
[5690] = 6205 6205
[5691] = 6531 6531
[5692] = 6859 6859
[5693] = 7185 7185
[5694] = 7512 7512
[5695] = 7838 7838
[5696] = 8165 8165
[5697] = 8492 8492
[5698] = 8818 8818
[5699] = 9145 9145
[5700] = 9471 9471
[5701] = 9799 9799
[5702] = 10125 10125
[5703] = 10452 10452
[5704] = 10778 10778
[5705] = 11105 11105
[5706] = 11431 11431
[5707] = 11758 11758
[5708] = 12085 12085
[5709] = 12411 12411
[5710] = 12738 12738
[5711] = 13064 13064
[5712] = 13391 13391
[5713] = 13718 13718
[5714] = 14044 14044
[5715] = 14371 14371
[5716] = 14697 14697
[5717] = 15024 15024
[5718] = 15351 15351
[5719] = 15678 15678
[5720] = 16004 16004
[5721] = 16331 16331
[5722] = 16658 16658
[5723] = 16984 16984
[5724] = 17311 17311
[5725] = 17637 17637
[5726] = 17965 17965
[5727] = 18291 18291
[5728] = 18618 18618
[5729] = 18944 18944
[5730] = 19271 19271
[5731] = 19598 19598
[5732] = 19924 19924
[5733] = 20251 20251
[5734] = 20577 20577
[5735] = 20904 20904
[5736] = 21231 21231
[5737] = 21557 21557
[5738] = 21884 21884
[5739] = 22210 22210
[5740] = 22537 22537
[5741] = 22863 22863
[5742] = 23190 23190
[5743] = 23517 23517
[5744] = 23844 23844
[5745] = 24170 24170
[5746] = 24497 24497
[5747] = 24824 24824
[5748] = 25150 25150
[5749] = 25477 25477
[5750] = 25803 25803
[5751] = 26131 26131
[5752] = 26457 26457
[5753] = 26784 26784
[5754] = 27110 27110
[5755] = 27437 27437
[5756] = 27764 27764
[5757] = 28090 28090
[5758] = 28417 28417
[5759] = 28743 28743
[5760] = 29070 29070
[5761] = 29397 29397
[5762] = 29723 29723
[5763] = 30050 30050
[5764] = 30377 30377
[5765] = 30703 30703
[5766] = 31030 31030
[5767] = 31356 31356
[5768] = 31683 31683
[5769] = 32010 32010
[5770] = 32336 32336
[5771] = 32663 32663
[5772] = 32990 32990
[5773] = 33316 33316
[5774] = 33643 33643
[5775] = 33969 33969
[5776] = 34297 34297
[5777] = 34623 34623
[5778] = 34950 34950
[5779] = 35276 35276
[5780] = 0 0
[5781] = 326 326
[5782] = 652 652
[5783] = 979 979
[5784] = 1305 1305
[5785] = 1632 1632
[5786] = 1959 1959
[5787] = 2286 2286
[5788] = 2612 2612
[5789] = 2939 2939
[5790] = 3265 3265
[5791] = 3592 3592
[5792] = 3918 3918
[5793] = 4245 4245
[5794] = 4572 4572
[5795] = 4898 4898
[5796] = 5225 5225
[5797] = 5552 5552
[5798] = 5878 5878
[5799] = 6205 6205
[5800] = 6531 6531
[5801] = 6859 6859
[5802] = 7185 7185
[5803] = 7512 7512
[5804] = 7838 7838
[5805] = 8165 8165
[5806] = 8492 8492
[5807] = 8818 8818
[5808] = 9145 9145
[5809] = 9471 9471
[5810] = 9799 9799
[5811] = 10125 10125
[5812] = 10452 10452
[5813] = 10778 10778
[5814] = 11105 11105
[5815] = 11431 11431
[5816] = 11758 11758
[5817] = 12085 12085
[5818] = 12411 12411
[5819] = 12738 12738
[5820] = 13064 13064
[5821] = 13391 13391
[5822] = 13718 13718
[5823] = 14044 14044
[5824] = 14371 14371
[5825] = 14697 14697
[5826] = 15024 15024
[5827] = 15351 15351
[5828] = 15678 15678
[5829] = 16004 16004
[5830] = 16331 16331
[5831] = 16658 16658
[5832] = 16984 16984
[5833] = 17311 17311
[5834] = 17637 17637
[5835] = 17965 17965
[5836] = 18291 18291
[5837] = 18618 18618
[5838] = 18944 18944
[5839] = 19271 19271
[5840] = 19598 19598
[5841] = 19924 19924
[5842] = 20251 20251
[5843] = 20577 20577
[5844] = 20904 20904
[5845] = 21231 21231
[5846] = 21557 21557
[5847] = 21884 21884
[5848] = 22210 22210
[5849] = 22537 22537
[5850] = 22863 22863
[5851] = 23190 23190
[5852] = 23517 23517
[5853] = 23844 23844
[5854] = 24170 24170
[5855] = 24497 24497
[5856] = 24824 24824
[5857] = 25150 25150
[5858] = 25477 25477
[5859] = 25803 25803
[5860] = 26131 26131
[5861] = 26457 26457
[5862] = 26784 26784
[5863] = 27110 27110
[5864] = 27437 27437
[5865] = 27764 27764
[5866] = 28090 28090
[5867] = 28417 28417
[5868] = 28743 28743
[5869] = 29070 29070
[5870] = 29397 29397
[5871] = 29723 29723
[5872] = 30050 30050
[5873] = 30377 30377
[5874] = 30703 30703
[5875] = 31030 31030
[5876] = 31356 31356
[5877] = 31683 31683
[5878] = 32010 32010
[5879] = 32336 32336
[5880] = 32663 32663
[5881] = 32990 32990
[5882] = 33316 33316
[5883] = 33643 33643
[5884] = 33969 33969
[5885] = 34297 34297
[5886] = 34623 34623
[5887] = 34950 34950
[5888] = 35276 35276
[5889] = 0 0
[5890] = 326 326
[5891] = 652 652
[5892] = 979 979
[5893] = 1305 1305
[5894] = 1632 1632
[5895] = 1959 1959
[5896] = 2286 2286
[5897] = 2612 2612
[5898] = 2939 2939
[5899] = 3265 3265
[5900] = 3592 3592
[5901] = 3918 3918
[5902] = 4245 4245
[5903] = 4572 4572
[5904] = 4898 4898
[5905] = 5225 5225
[5906] = 5552 5552
[5907] = 5878 5878
[5908] = 6205 6205
[5909] = 6531 6531
[5910] = 6859 6859
[5911] = 7185 7185
[5912] = 7512 7512
[5913] = 7838 7838
[5914] = 8165 8165
[5915] = 8492 8492
[5916] = 8818 8818
[5917] = 9145 9145
[5918] = 9471 9471
[5919] = 9799 9799
[5920] = 10125 10125
[5921] = 10452 10452
[5922] = 10778 10778
[5923] = 11105 11105
[5924] = 11431 11431
[5925] = 11758 11758
[5926] = 12085 12085
[5927] = 12411 12411
[5928] = 12738 12738
[5929] = 13064 13064
[5930] = 13391 13391
[5931] = 13718 13718
[5932] = 14044 14044
[5933] = 14371 14371
[5934] = 14697 14697
[5935] = 15024 15024
[5936] = 15351 15351
[5937] = 15678 15678
[5938] = 16004 16004
[5939] = 16331 16331
[5940] = 16658 16658
[5941] = 16984 16984
[5942] = 17311 17311
[5943] = 17637 17637
[5944] = 17965 17965
[5945] = 18291 18291
[5946] = 18618 18618
[5947] = 18944 18944
[5948] = 19271 19271
[5949] = 19598 19598
[5950] = 19924 19924
[5951] = 20251 20251
[5952] = 20577 20577
[5953] = 20904 20904
[5954] = 21231 21231
[5955] = 21557 21557
[5956] = 21884 21884
[5957] = 22210 22210
[5958] = 22537 22537
[5959] = 22863 22863
[5960] = 23190 23190
[5961] = 23517 23517
[5962] = 23844 23844
[5963] = 24170 24170
[5964] = 24497 24497
[5965] = 24824 24824
[5966] = 25150 25150
[5967] = 25477 25477
[5968] = 25803 25803
[5969] = 26131 26131
[5970] = 26457 26457
[5971] = 26784 26784
[5972] = 27110 27110
[5973] = 27437 27437
[5974] = 27764 27764
[5975] = 28090 28090
[5976] = 28417 28417
[5977] = 28743 28743
[5978] = 29070 29070
[5979] = 29397 29397
[5980] = 29723 29723
[5981] = 30050 30050
[5982] = 30377 30377
[5983] = 30703 30703
[5984] = 31030 31030
[5985] = 31356 31356
[5986] = 31683 31683
[5987] = 32010 32010
[5988] = 32336 32336
[5989] = 32663 32663
[5990] = 32990 32990
[5991] = 33316 33316
[5992] = 33643 33643
[5993] = 33969 33969
[5994] = 34297 34297
[5995] = 34623 34623
[5996] = 34950 34950
[5997] = 35276 35276
[5998] = 0 0
[5999] = 326 326
[6000] = 652 652
[6001] = 979 979
[6002] = 1305 1305
[6003] = 1632 1632
[6004] = 1959 1959
[6005] = 2286 2286
[6006] = 2612 2612
[6007] = 2939 2939
[6008] = 3265 3265
[6009] = 3592 3592
[6010] = 3918 3918
[6011] = 4245 4245
[6012] = 4572 4572
[6013] = 4898 4898
[6014] = 5225 5225
[6015] = 5552 5552
[6016] = 5878 5878
[6017] = 6205 6205
[6018] = 6531 6531
[6019] = 6859 6859
[6020] = 7185 7185
[6021] = 7512 7512
[6022] = 7838 7838
[6023] = 8165 8165
[6024] = 8492 8492
[6025] = 8818 8818
[6026] = 9145 9145
[6027] = 9471 9471
[6028] = 9799 9799
[6029] = 10125 10125
[6030] = 10452 10452
[6031] = 10778 10778
[6032] = 11105 11105
[6033] = 11431 11431
[6034] = 11758 11758
[6035] = 12085 12085
[6036] = 12411 12411
[6037] = 12738 12738
[6038] = 13064 13064
[6039] = 13391 13391
[6040] = 13718 13718
[6041] = 14044 14044
[6042] = 14371 14371
[6043] = 14697 14697
[6044] = 15024 15024
[6045] = 15351 15351
[6046] = 15678 15678
[6047] = 16004 16004
[6048] = 16331 16331
[6049] = 16658 16658
[6050] = 16984 16984
[6051] = 17311 17311
[6052] = 17637 17637
[6053] = 17965 17965
[6054] = 18291 18291
[6055] = 18618 18618
[6056] = 18944 18944
[6057] = 19271 19271
[6058] = 19598 19598
[6059] = 19924 19924
[6060] = 20251 20251
[6061] = 20577 20577
[6062] = 20904 20904
[6063] = 21231 21231
[6064] = 21557 21557
[6065] = 21884 21884
[6066] = 22210 22210
[6067] = 22537 22537
[6068] = 22863 22863
[6069] = 23190 23190
[6070] = 23517 23517
[6071] = 23844 23844
[6072] = 24170 24170
[6073] = 24497 24497
[6074] = 24824 24824
[6075] = 25150 25150
[6076] = 25477 25477
[6077] = 25803 25803
[6078] = 26131 26131
[6079] = 26457 26457
[6080] = 26784 26784
[6081] = 27110 27110
[6082] = 27437 27437
[6083] = 27764 27764
[6084] = 28090 28090
[6085] = 28417 28417
[6086] = 28743 28743
[6087] = 29070 29070
[6088] = 29397 29397
[6089] = 29723 29723
[6090] = 30050 30050
[6091] = 30377 30377
[6092] = 30703 30703
[6093] = 31030 31030
[6094] = 31356 31356
[6095] = 31683 31683
[6096] = 32010 32010
[6097] = 32336 32336
[6098] = 32663 32663
[6099] = 32990 32990
[6100] = 33316 33316
[6101] = 33643 33643
[6102] = 33969 33969
[6103] = 34297 34297
[6104] = 34623 34623
[6105] = 34950 34950
[6106] = 35276 35276
[6107] = 0 0
[6108] = 323 323
[6109] = 646 646
[6110] = 970 970
[6111] = 1294 1294
[6112] = 1617 1617
[6113] = 1941 1941
[6114] = 2264 2264
[6115] = 2589 2589
[6116] = 2912 2912
[6117] = 3235 3235
[6118] = 3560 3560
[6119] = 3883 3883
[6120] = 4207 4207
[6121] = 4530 4530
[6122] = 4854 4854
[6123] = 5178 5178
[6124] = 5501 5501
[6125] = 5825 5825
[6126] = 6149 6149
[6127] = 6472 6472
[6128] = 6796 6796
[6129] = 7120 7120
[6130] = 7443 7443
[6131] = 7767 7767
[6132] = 8091 8091
[6133] = 8415 8415
[6134] = 8738 8738
[6135] = 9062 9062
[6136] = 9385 9385
[6137] = 9709 9709
[6138] = 10032 10032
[6139] = 10356 10356
[6140] = 10680 10680
[6141] = 11004 11004
[6142] = 11328 11328
[6143] = 11651 11651
[6144] = 11975 11975
[6145] = 12299 12299
[6146] = 12622 12622
[6147] = 12946 12946
[6148] = 13270 13270
[6149] = 13593 13593
[6150] = 13917 13917
[6151] = 14241 14241
[6152] = 14564 14564
[6153] = 14888 14888
[6154] = 15211 15211
[6155] = 15536 15536
[6156] = 15859 15859
[6157] = 16182 16182
[6158] = 16506 16506
[6159] = 16830 16830
[6160] = 17153 17153
[6161] = 17477 17477
[6162] = 17801 17801
[6163] = 18125 18125
[6164] = 18448 18448
[6165] = 18771 18771
[6166] = 19096 19096
[6167] = 19419 19419
[6168] = 19743 19743
[6169] = 20067 20067
[6170] = 20390 20390
[6171] = 20714 20714
[6172] = 21038 21038
[6173] = 21362 21362
[6174] = 21685 21685
[6175] = 22009 22009
[6176] = 22332 22332
[6177] = 22656 22656
[6178] = 22979 22979
[6179] = 23303 23303
[6180] = 23627 23627
[6181] = 23951 23951
[6182] = 24274 24274
[6183] = 24598 24598
[6184] = 24922 24922
[6185] = 25246 25246
[6186] = 25569 25569
[6187] = 25892 25892
[6188] = 26217 26217
[6189] = 26540 26540
[6190] = 26864 26864
[6191] = 27188 27188
[6192] = 27511 27511
[6193] = 27835 27835
[6194] = 28158 28158
[6195] = 28483 28483
[6196] = 28806 28806
[6197] = 29129 29129
[6198] = 29453 29453
[6199] = 29777 29777
[6200] = 30100 30100
[6201] = 30424 30424
[6202] = 30748 30748
[6203] = 31072 31072
[6204] = 31395 31395
[6205] = 31719 31719
[6206] = 32043 32043
[6207] = 32366 32366
[6208] = 32690 32690
[6209] = 33013 33013
[6210] = 33337 33337
[6211] = 33661 33661
[6212] = 33985 33985
[6213] = 34308 34308
[6214] = 34632 34632
[6215] = 34956 34956
[6216] = 35279 35279
[6217] = 0 0
[6218] = 326 326
[6219] = 652 652
[6220] = 979 979
[6221] = 1305 1305
[6222] = 1632 1632
[6223] = 1959 1959
[6224] = 2286 2286
[6225] = 2612 2612
[6226] = 2939 2939
[6227] = 3265 3265
[6228] = 3592 3592
[6229] = 3918 3918
[6230] = 4245 4245
[6231] = 4572 4572
[6232] = 4898 4898
[6233] = 5225 5225
[6234] = 5552 5552
[6235] = 5878 5878
[6236] = 6205 6205
[6237] = 6531 6531
[6238] = 6859 6859
[6239] = 7185 7185
[6240] = 7512 7512
[6241] = 7838 7838
[6242] = 8165 8165
[6243] = 8492 8492
[6244] = 8818 8818
[6245] = 9145 9145
[6246] = 9471 9471
[6247] = 9799 9799
[6248] = 10125 10125
[6249] = 10452 10452
[6250] = 10778 10778
[6251] = 11105 11105
[6252] = 11431 11431
[6253] = 11758 11758
[6254] = 12085 12085
[6255] = 12411 12411
[6256] = 12738 12738
[6257] = 13064 13064
[6258] = 13391 13391
[6259] = 13718 13718
[6260] = 14044 14044
[6261] = 14371 14371
[6262] = 14697 14697
[6263] = 15024 15024
[6264] = 15351 15351
[6265] = 15678 15678
[6266] = 16004 16004
[6267] = 16331 16331
[6268] = 16658 16658
[6269] = 16984 16984
[6270] = 17311 17311
[6271] = 17637 17637
[6272] = 17965 17965
[6273] = 18291 18291
[6274] = 18618 18618
[6275] = 18944 18944
[6276] = 19271 19271
[6277] = 19598 19598
[6278] = 19924 19924
[6279] = 20251 20251
[6280] = 20577 20577
[6281] = 20904 20904
[6282] = 21231 21231
[6283] = 21557 21557
[6284] = 21884 21884
[6285] = 22210 22210
[6286] = 22537 22537
[6287] = 22863 22863
[6288] = 23190 23190
[6289] = 23517 23517
[6290] = 23844 23844
[6291] = 24170 24170
[6292] = 24497 24497
[6293] = 24824 24824
[6294] = 25150 25150
[6295] = 25477 25477
[6296] = 25803 25803
[6297] = 26131 26131
[6298] = 26457 26457
[6299] = 26784 26784
[6300] = 27110 27110
[6301] = 27437 27437
[6302] = 27764 27764
[6303] = 28090 28090
[6304] = 28417 28417
[6305] = 28743 28743
[6306] = 29070 29070
[6307] = 29397 29397
[6308] = 29723 29723
[6309] = 30050 30050
[6310] = 30377 30377
[6311] = 30703 30703
[6312] = 31030 31030
[6313] = 31356 31356
[6314] = 31683 31683
[6315] = 32010 32010
[6316] = 32336 32336
[6317] = 32663 32663
[6318] = 32990 32990
[6319] = 33316 33316
[6320] = 33643 33643
[6321] = 33969 33969
[6322] = 34297 34297
[6323] = 34623 34623
[6324] = 34950 34950
[6325] = 35276 35276
[6326] = 0 0
[6327] = 326 326
[6328] = 652 652
[6329] = 979 979
[6330] = 1305 1305
[6331] = 1632 1632
[6332] = 1959 1959
[6333] = 2286 2286
[6334] = 2612 2612
[6335] = 2939 2939
[6336] = 3265 3265
[6337] = 3592 3592
[6338] = 3918 3918
[6339] = 4245 4245
[6340] = 4572 4572
[6341] = 4898 4898
[6342] = 5225 5225
[6343] = 5552 5552
[6344] = 5878 5878
[6345] = 6205 6205
[6346] = 6531 6531
[6347] = 6859 6859
[6348] = 7185 7185
[6349] = 7512 7512
[6350] = 7838 7838
[6351] = 8165 8165
[6352] = 8492 8492
[6353] = 8818 8818
[6354] = 9145 9145
[6355] = 9471 9471
[6356] = 9799 9799
[6357] = 10125 10125
[6358] = 10452 10452
[6359] = 10778 10778
[6360] = 11105 11105
[6361] = 11431 11431
[6362] = 11758 11758
[6363] = 12085 12085
[6364] = 12411 12411
[6365] = 12738 12738
[6366] = 13064 13064
[6367] = 13391 13391
[6368] = 13718 13718
[6369] = 14044 14044
[6370] = 14371 14371
[6371] = 14697 14697
[6372] = 15024 15024
[6373] = 15351 15351
[6374] = 15678 15678
[6375] = 16004 16004
[6376] = 16331 16331
[6377] = 16658 16658
[6378] = 16984 16984
[6379] = 17311 17311
[6380] = 17637 17637
[6381] = 17965 17965
[6382] = 18291 18291
[6383] = 18618 18618
[6384] = 18944 18944
[6385] = 19271 19271
[6386] = 19598 19598
[6387] = 19924 19924
[6388] = 20251 20251
[6389] = 20577 20577
[6390] = 20904 20904
[6391] = 21231 21231
[6392] = 21557 21557
[6393] = 21884 21884
[6394] = 22210 22210
[6395] = 22537 22537
[6396] = 22863 22863
[6397] = 23190 23190
[6398] = 23517 23517
[6399] = 23844 23844
[6400] = 24170 24170
[6401] = 24497 24497
[6402] = 24824 24824
[6403] = 25150 25150
[6404] = 25477 25477
[6405] = 25803 25803
[6406] = 26131 26131
[6407] = 26457 26457
[6408] = 26784 26784
[6409] = 27110 27110
[6410] = 27437 27437
[6411] = 27764 27764
[6412] = 28090 28090
[6413] = 28417 28417
[6414] = 28743 28743
[6415] = 29070 29070
[6416] = 29397 29397
[6417] = 29723 29723
[6418] = 30050 30050
[6419] = 30377 30377
[6420] = 30703 30703
[6421] = 31030 31030
[6422] = 31356 31356
[6423] = 31683 31683
[6424] = 32010 32010
[6425] = 32336 32336
[6426] = 32663 32663
[6427] = 32990 32990
[6428] = 33316 33316
[6429] = 33643 33643
[6430] = 33969 33969
[6431] = 34297 34297
[6432] = 34623 34623
[6433] = 34950 34950
[6434] = 35276 35276
[6435] = 0 0
[6436] = 326 326
[6437] = 652 652
[6438] = 979 979
[6439] = 1305 1305
[6440] = 1632 1632
[6441] = 1959 1959
[6442] = 2286 2286
[6443] = 2612 2612
[6444] = 2939 2939
[6445] = 3265 3265
[6446] = 3592 3592
[6447] = 3918 3918
[6448] = 4245 4245
[6449] = 4572 4572
[6450] = 4898 4898
[6451] = 5225 5225
[6452] = 5552 5552
[6453] = 5878 5878
[6454] = 6205 6205
[6455] = 6531 6531
[6456] = 6859 6859
[6457] = 7185 7185
[6458] = 7512 7512
[6459] = 7838 7838
[6460] = 8165 8165
[6461] = 8492 8492
[6462] = 8818 8818
[6463] = 9145 9145
[6464] = 9471 9471
[6465] = 9799 9799
[6466] = 10125 10125
[6467] = 10452 10452
[6468] = 10778 10778
[6469] = 11105 11105
[6470] = 11431 11431
[6471] = 11758 11758
[6472] = 12085 12085
[6473] = 12411 12411
[6474] = 12738 12738
[6475] = 13064 13064
[6476] = 13391 13391
[6477] = 13718 13718
[6478] = 14044 14044
[6479] = 14371 14371
[6480] = 14697 14697
[6481] = 15024 15024
[6482] = 15351 15351
[6483] = 15678 15678
[6484] = 16004 16004
[6485] = 16331 16331
[6486] = 16658 16658
[6487] = 16984 16984
[6488] = 17311 17311
[6489] = 17637 17637
[6490] = 17965 17965
[6491] = 18291 18291
[6492] = 18618 18618
[6493] = 18944 18944
[6494] = 19271 19271
[6495] = 19598 19598
[6496] = 19924 19924
[6497] = 20251 20251
[6498] = 20577 20577
[6499] = 20904 20904
[6500] = 21231 21231
[6501] = 21557 21557
[6502] = 21884 21884
[6503] = 22210 22210
[6504] = 22537 22537
[6505] = 22863 22863
[6506] = 23190 23190
[6507] = 23517 23517
[6508] = 23844 23844
[6509] = 24170 24170
[6510] = 24497 24497
[6511] = 24824 24824
[6512] = 25150 25150
[6513] = 25477 25477
[6514] = 25803 25803
[6515] = 26131 26131
[6516] = 26457 26457
[6517] = 26784 26784
[6518] = 27110 27110
[6519] = 27437 27437
[6520] = 27764 27764
[6521] = 28090 28090
[6522] = 28417 28417
[6523] = 28743 28743
[6524] = 29070 29070
[6525] = 29397 29397
[6526] = 29723 29723
[6527] = 30050 30050
[6528] = 30377 30377
[6529] = 30703 30703
[6530] = 31030 31030
[6531] = 31356 31356
[6532] = 31683 31683
[6533] = 32010 32010
[6534] = 32336 32336
[6535] = 32663 32663
[6536] = 32990 32990
[6537] = 33316 33316
[6538] = 33643 33643
[6539] = 33969 33969
[6540] = 34297 34297
[6541] = 34623 34623
[6542] = 34950 34950
[6543] = 35276 35276
[6544] = 0 0
[6545] = 326 326
[6546] = 652 652
[6547] = 979 979
[6548] = 1305 1305
[6549] = 1632 1632
[6550] = 1959 1959
[6551] = 2286 2286
[6552] = 2612 2612
[6553] = 2939 2939
[6554] = 3265 3265
[6555] = 3592 3592
[6556] = 3918 3918
[6557] = 4245 4245
[6558] = 4572 4572
[6559] = 4898 4898
[6560] = 5225 5225
[6561] = 5552 5552
[6562] = 5878 5878
[6563] = 6205 6205
[6564] = 6531 6531
[6565] = 6859 6859
[6566] = 7185 7185
[6567] = 7512 7512
[6568] = 7838 7838
[6569] = 8165 8165
[6570] = 8492 8492
[6571] = 8818 8818
[6572] = 9145 9145
[6573] = 9471 9471
[6574] = 9799 9799
[6575] = 10125 10125
[6576] = 10452 10452
[6577] = 10778 10778
[6578] = 11105 11105
[6579] = 11431 11431
[6580] = 11758 11758
[6581] = 12085 12085
[6582] = 12411 12411
[6583] = 12738 12738
[6584] = 13064 13064
[6585] = 13391 13391
[6586] = 13718 13718
[6587] = 14044 14044
[6588] = 14371 14371
[6589] = 14697 14697
[6590] = 15024 15024
[6591] = 15351 15351
[6592] = 15678 15678
[6593] = 16004 16004
[6594] = 16331 16331
[6595] = 16658 16658
[6596] = 16984 16984
[6597] = 17311 17311
[6598] = 17637 17637
[6599] = 17965 17965
[6600] = 18291 18291
[6601] = 18618 18618
[6602] = 18944 18944
[6603] = 19271 19271
[6604] = 19598 19598
[6605] = 19924 19924
[6606] = 20251 20251
[6607] = 20577 20577
[6608] = 20904 20904
[6609] = 21231 21231
[6610] = 21557 21557
[6611] = 21884 21884
[6612] = 22210 22210
[6613] = 22537 22537
[6614] = 22863 22863
[6615] = 23190 23190
[6616] = 23517 23517
[6617] = 23844 23844
[6618] = 24170 24170
[6619] = 24497 24497
[6620] = 24824 24824
[6621] = 25150 25150
[6622] = 25477 25477
[6623] = 25803 25803
[6624] = 26131 26131
[6625] = 26457 26457
[6626] = 26784 26784
[6627] = 27110 27110
[6628] = 27437 27437
[6629] = 27764 27764
[6630] = 28090 28090
[6631] = 28417 28417
[6632] = 28743 28743
[6633] = 29070 29070
[6634] = 29397 29397
[6635] = 29723 29723
[6636] = 30050 30050
[6637] = 30377 30377
[6638] = 30703 30703
[6639] = 31030 31030
[6640] = 31356 31356
[6641] = 31683 31683
[6642] = 32010 32010
[6643] = 32336 32336
[6644] = 32663 32663
[6645] = 32990 32990
[6646] = 33316 33316
[6647] = 33643 33643
[6648] = 33969 33969
[6649] = 34297 34297
[6650] = 34623 34623
[6651] = 34950 34950
[6652] = 35276 35276
[6653] = 0 0
[6654] = 326 326
[6655] = 652 652
[6656] = 979 979
[6657] = 1305 1305
[6658] = 1632 1632
[6659] = 1959 1959
[6660] = 2286 2286
[6661] = 2612 2612
[6662] = 2939 2939
[6663] = 3265 3265
[6664] = 3592 3592
[6665] = 3918 3918
[6666] = 4245 4245
[6667] = 4572 4572
[6668] = 4898 4898
[6669] = 5225 5225
[6670] = 5552 5552
[6671] = 5878 5878
[6672] = 6205 6205
[6673] = 6531 6531
[6674] = 6859 6859
[6675] = 7185 7185
[6676] = 7512 7512
[6677] = 7838 7838
[6678] = 8165 8165
[6679] = 8492 8492
[6680] = 8818 8818
[6681] = 9145 9145
[6682] = 9471 9471
[6683] = 9799 9799
[6684] = 10125 10125
[6685] = 10452 10452
[6686] = 10778 10778
[6687] = 11105 11105
[6688] = 11431 11431
[6689] = 11758 11758
[6690] = 12085 12085
[6691] = 12411 12411
[6692] = 12738 12738
[6693] = 13064 13064
[6694] = 13391 13391
[6695] = 13718 13718
[6696] = 14044 14044
[6697] = 14371 14371
[6698] = 14697 14697
[6699] = 15024 15024
[6700] = 15351 15351
[6701] = 15678 15678
[6702] = 16004 16004
[6703] = 16331 16331
[6704] = 16658 16658
[6705] = 16984 16984
[6706] = 17311 17311
[6707] = 17637 17637
[6708] = 17965 17965
[6709] = 18291 18291
[6710] = 18618 18618
[6711] = 18944 18944
[6712] = 19271 19271
[6713] = 19598 19598
[6714] = 19924 19924
[6715] = 20251 20251
[6716] = 20577 20577
[6717] = 20904 20904
[6718] = 21231 21231
[6719] = 21557 21557
[6720] = 21884 21884
[6721] = 22210 22210
[6722] = 22537 22537
[6723] = 22863 22863
[6724] = 23190 23190
[6725] = 23517 23517
[6726] = 23844 23844
[6727] = 24170 24170
[6728] = 24497 24497
[6729] = 24824 24824
[6730] = 25150 25150
[6731] = 25477 25477
[6732] = 25803 25803
[6733] = 26131 26131
[6734] = 26457 26457
[6735] = 26784 26784
[6736] = 27110 27110
[6737] = 27437 27437
[6738] = 27764 27764
[6739] = 28090 28090
[6740] = 28417 28417
[6741] = 28743 28743
[6742] = 29070 29070
[6743] = 29397 29397
[6744] = 29723 29723
[6745] = 30050 30050
[6746] = 30377 30377
[6747] = 30703 30703
[6748] = 31030 31030
[6749] = 31356 31356
[6750] = 31683 31683
[6751] = 32010 32010
[6752] = 32336 32336
[6753] = 32663 32663
[6754] = 32990 32990
[6755] = 33316 33316
[6756] = 33643 33643
[6757] = 33969 33969
[6758] = 34297 34297
[6759] = 34623 34623
[6760] = 34950 34950
[6761] = 35276 35276
[6762] = 0 0
[6763] = 326 326
[6764] = 652 652
[6765] = 979 979
[6766] = 1305 1305
[6767] = 1632 1632
[6768] = 1959 1959
[6769] = 2286 2286
[6770] = 2612 2612
[6771] = 2939 2939
[6772] = 3265 3265
[6773] = 3592 3592
[6774] = 3918 3918
[6775] = 4245 4245
[6776] = 4572 4572
[6777] = 4898 4898
[6778] = 5225 5225
[6779] = 5552 5552
[6780] = 5878 5878
[6781] = 6205 6205
[6782] = 6531 6531
[6783] = 6859 6859
[6784] = 7185 7185
[6785] = 7512 7512
[6786] = 7838 7838
[6787] = 8165 8165
[6788] = 8492 8492
[6789] = 8818 8818
[6790] = 9145 9145
[6791] = 9471 9471
[6792] = 9799 9799
[6793] = 10125 10125
[6794] = 10452 10452
[6795] = 10778 10778
[6796] = 11105 11105
[6797] = 11431 11431
[6798] = 11758 11758
[6799] = 12085 12085
[6800] = 12411 12411
[6801] = 12738 12738
[6802] = 13064 13064
[6803] = 13391 13391
[6804] = 13718 13718
[6805] = 14044 14044
[6806] = 14371 14371
[6807] = 14697 14697
[6808] = 15024 15024
[6809] = 15351 15351
[6810] = 15678 15678
[6811] = 16004 16004
[6812] = 16331 16331
[6813] = 16658 16658
[6814] = 16984 16984
[6815] = 17311 17311
[6816] = 17637 17637
[6817] = 17965 17965
[6818] = 18291 18291
[6819] = 18618 18618
[6820] = 18944 18944
[6821] = 19271 19271
[6822] = 19598 19598
[6823] = 19924 19924
[6824] = 20251 20251
[6825] = 20577 20577
[6826] = 20904 20904
[6827] = 21231 21231
[6828] = 21557 21557
[6829] = 21884 21884
[6830] = 22210 22210
[6831] = 22537 22537
[6832] = 22863 22863
[6833] = 23190 23190
[6834] = 23517 23517
[6835] = 23844 23844
[6836] = 24170 24170
[6837] = 24497 24497
[6838] = 24824 24824
[6839] = 25150 25150
[6840] = 25477 25477
[6841] = 25803 25803
[6842] = 26131 26131
[6843] = 26457 26457
[6844] = 26784 26784
[6845] = 27110 27110
[6846] = 27437 27437
[6847] = 27764 27764
[6848] = 28090 28090
[6849] = 28417 28417
[6850] = 28743 28743
[6851] = 29070 29070
[6852] = 29397 29397
[6853] = 29723 29723
[6854] = 30050 30050
[6855] = 30377 30377
[6856] = 30703 30703
[6857] = 31030 31030
[6858] = 31356 31356
[6859] = 31683 31683
[6860] = 32010 32010
[6861] = 32336 32336
[6862] = 32663 32663
[6863] = 32990 32990
[6864] = 33316 33316
[6865] = 33643 33643
[6866] = 33969 33969
[6867] = 34297 34297
[6868] = 34623 34623
[6869] = 34950 34950
[6870] = 35276 35276
[6871] = 0 0
[6872] = 326 326
[6873] = 652 652
[6874] = 979 979
[6875] = 1305 1305
[6876] = 1632 1632
[6877] = 1959 1959
[6878] = 2286 2286
[6879] = 2612 2612
[6880] = 2939 2939
[6881] = 3265 3265
[6882] = 3592 3592
[6883] = 3918 3918
[6884] = 4245 4245
[6885] = 4572 4572
[6886] = 4898 4898
[6887] = 5225 5225
[6888] = 5552 5552
[6889] = 5878 5878
[6890] = 6205 6205
[6891] = 6531 6531
[6892] = 6859 6859
[6893] = 7185 7185
[6894] = 7512 7512
[6895] = 7838 7838
[6896] = 8165 8165
[6897] = 8492 8492
[6898] = 8818 8818
[6899] = 9145 9145
[6900] = 9471 9471
[6901] = 9799 9799
[6902] = 10125 10125
[6903] = 10452 10452
[6904] = 10778 10778
[6905] = 11105 11105
[6906] = 11431 11431
[6907] = 11758 11758
[6908] = 12085 12085
[6909] = 12411 12411
[6910] = 12738 12738
[6911] = 13064 13064
[6912] = 13391 13391
[6913] = 13718 13718
[6914] = 14044 14044
[6915] = 14371 14371
[6916] = 14697 14697
[6917] = 15024 15024
[6918] = 15351 15351
[6919] = 15678 15678
[6920] = 16004 16004
[6921] = 16331 16331
[6922] = 16658 16658
[6923] = 16984 16984
[6924] = 17311 17311
[6925] = 17637 17637
[6926] = 17965 17965
[6927] = 18291 18291
[6928] = 18618 18618
[6929] = 18944 18944
[6930] = 19271 19271
[6931] = 19598 19598
[6932] = 19924 19924
[6933] = 20251 20251
[6934] = 20577 20577
[6935] = 20904 20904
[6936] = 21231 21231
[6937] = 21557 21557
[6938] = 21884 21884
[6939] = 22210 22210
[6940] = 22537 22537
[6941] = 22863 22863
[6942] = 23190 23190
[6943] = 23517 23517
[6944] = 23844 23844
[6945] = 24170 24170
[6946] = 24497 24497
[6947] = 24824 24824
[6948] = 25150 25150
[6949] = 25477 25477
[6950] = 25803 25803
[6951] = 26131 26131
[6952] = 26457 26457
[6953] = 26784 26784
[6954] = 27110 27110
[6955] = 27437 27437
[6956] = 27764 27764
[6957] = 28090 28090
[6958] = 28417 28417
[6959] = 28743 28743
[6960] = 29070 29070
[6961] = 29397 29397
[6962] = 29723 29723
[6963] = 30050 30050
[6964] = 30377 30377
[6965] = 30703 30703
[6966] = 31030 31030
[6967] = 31356 31356
[6968] = 31683 31683
[6969] = 32010 32010
[6970] = 32336 32336
[6971] = 32663 32663
[6972] = 32990 32990
[6973] = 33316 33316
[6974] = 33643 33643
[6975] = 33969 33969
[6976] = 34297 34297
[6977] = 34623 34623
[6978] = 34950 34950
[6979] = 35276 35276
[6980] = 0 0
[6981] = 326 326
[6982] = 652 652
[6983] = 979 979
[6984] = 1305 1305
[6985] = 1632 1632
[6986] = 1959 1959
[6987] = 2286 2286
[6988] = 2612 2612
[6989] = 2939 2939
[6990] = 3265 3265
[6991] = 3592 3592
[6992] = 3918 3918
[6993] = 4245 4245
[6994] = 4572 4572
[6995] = 4898 4898
[6996] = 5225 5225
[6997] = 5552 5552
[6998] = 5878 5878
[6999] = 6205 6205
[7000] = 6531 6531
[7001] = 6859 6859
[7002] = 7185 7185
[7003] = 7512 7512
[7004] = 7838 7838
[7005] = 8165 8165
[7006] = 8492 8492
[7007] = 8818 8818
[7008] = 9145 9145
[7009] = 9471 9471
[7010] = 9799 9799
[7011] = 10125 10125
[7012] = 10452 10452
[7013] = 10778 10778
[7014] = 11105 11105
[7015] = 11431 11431
[7016] = 11758 11758
[7017] = 12085 12085
[7018] = 12411 12411
[7019] = 12738 12738
[7020] = 13064 13064
[7021] = 13391 13391
[7022] = 13718 13718
[7023] = 14044 14044
[7024] = 14371 14371
[7025] = 14697 14697
[7026] = 15024 15024
[7027] = 15351 15351
[7028] = 15678 15678
[7029] = 16004 16004
[7030] = 16331 16331
[7031] = 16658 16658
[7032] = 16984 16984
[7033] = 17311 17311
[7034] = 17637 17637
[7035] = 17965 17965
[7036] = 18291 18291
[7037] = 18618 18618
[7038] = 18944 18944
[7039] = 19271 19271
[7040] = 19598 19598
[7041] = 19924 19924
[7042] = 20251 20251
[7043] = 20577 20577
[7044] = 20904 20904
[7045] = 21231 21231
[7046] = 21557 21557
[7047] = 21884 21884
[7048] = 22210 22210
[7049] = 22537 22537
[7050] = 22863 22863
[7051] = 23190 23190
[7052] = 23517 23517
[7053] = 23844 23844
[7054] = 24170 24170
[7055] = 24497 24497
[7056] = 24824 24824
[7057] = 25150 25150
[7058] = 25477 25477
[7059] = 25803 25803
[7060] = 26131 26131
[7061] = 26457 26457
[7062] = 26784 26784
[7063] = 27110 27110
[7064] = 27437 27437
[7065] = 27764 27764
[7066] = 28090 28090
[7067] = 28417 28417
[7068] = 28743 28743
[7069] = 29070 29070
[7070] = 29397 29397
[7071] = 29723 29723
[7072] = 30050 30050
[7073] = 30377 30377
[7074] = 30703 30703
[7075] = 31030 31030
[7076] = 31356 31356
[7077] = 31683 31683
[7078] = 32010 32010
[7079] = 32336 32336
[7080] = 32663 32663
[7081] = 32990 32990
[7082] = 33316 33316
[7083] = 33643 33643
[7084] = 33969 33969
[7085] = 34297 34297
[7086] = 34623 34623
[7087] = 34950 34950
[7088] = 35276 35276
[7089] = 0 0
[7090] = 326 326
[7091] = 652 652
[7092] = 979 979
[7093] = 1305 1305
[7094] = 1632 1632
[7095] = 1959 1959
[7096] = 2286 2286
[7097] = 2612 2612
[7098] = 2939 2939
[7099] = 3265 3265
[7100] = 3592 3592
[7101] = 3918 3918
[7102] = 4245 4245
[7103] = 4572 4572
[7104] = 4898 4898
[7105] = 5225 5225
[7106] = 5552 5552
[7107] = 5878 5878
[7108] = 6205 6205
[7109] = 6531 6531
[7110] = 6859 6859
[7111] = 7185 7185
[7112] = 7512 7512
[7113] = 7838 7838
[7114] = 8165 8165
[7115] = 8492 8492
[7116] = 8818 8818
[7117] = 9145 9145
[7118] = 9471 9471
[7119] = 9799 9799
[7120] = 10125 10125
[7121] = 10452 10452
[7122] = 10778 10778
[7123] = 11105 11105
[7124] = 11431 11431
[7125] = 11758 11758
[7126] = 12085 12085
[7127] = 12411 12411
[7128] = 12738 12738
[7129] = 13064 13064
[7130] = 13391 13391
[7131] = 13718 13718
[7132] = 14044 14044
[7133] = 14371 14371
[7134] = 14697 14697
[7135] = 15024 15024
[7136] = 15351 15351
[7137] = 15678 15678
[7138] = 16004 16004
[7139] = 16331 16331
[7140] = 16658 16658
[7141] = 16984 16984
[7142] = 17311 17311
[7143] = 17637 17637
[7144] = 17965 17965
[7145] = 18291 18291
[7146] = 18618 18618
[7147] = 18944 18944
[7148] = 19271 19271
[7149] = 19598 19598
[7150] = 19924 19924
[7151] = 20251 20251
[7152] = 20577 20577
[7153] = 20904 20904
[7154] = 21231 21231
[7155] = 21557 21557
[7156] = 21884 21884
[7157] = 22210 22210
[7158] = 22537 22537
[7159] = 22863 22863
[7160] = 23190 23190
[7161] = 23517 23517
[7162] = 23844 23844
[7163] = 24170 24170
[7164] = 24497 24497
[7165] = 24824 24824
[7166] = 25150 25150
[7167] = 25477 25477
[7168] = 25803 25803
[7169] = 26131 26131
[7170] = 26457 26457
[7171] = 26784 26784
[7172] = 27110 27110
[7173] = 27437 27437
[7174] = 27764 27764
[7175] = 28090 28090
[7176] = 28417 28417
[7177] = 28743 28743
[7178] = 29070 29070
[7179] = 29397 29397
[7180] = 29723 29723
[7181] = 30050 30050
[7182] = 30377 30377
[7183] = 30703 30703
[7184] = 31030 31030
[7185] = 31356 31356
[7186] = 31683 31683
[7187] = 32010 32010
[7188] = 32336 32336
[7189] = 32663 32663
[7190] = 32990 32990
[7191] = 33316 33316
[7192] = 33643 33643
[7193] = 33969 33969
[7194] = 34297 34297
[7195] = 34623 34623
[7196] = 34950 34950
[7197] = 35276 35276
[7198] = 0 0
[7199] = 326 326
[7200] = 652 652
[7201] = 979 979
[7202] = 1305 1305
[7203] = 1632 1632
[7204] = 1959 1959
[7205] = 2286 2286
[7206] = 2612 2612
[7207] = 2939 2939
[7208] = 3265 3265
[7209] = 3592 3592
[7210] = 3918 3918
[7211] = 4245 4245
[7212] = 4572 4572
[7213] = 4898 4898
[7214] = 5225 5225
[7215] = 5552 5552
[7216] = 5878 5878
[7217] = 6205 6205
[7218] = 6531 6531
[7219] = 6859 6859
[7220] = 7185 7185
[7221] = 7512 7512
[7222] = 7838 7838
[7223] = 8165 8165
[7224] = 8492 8492
[7225] = 8818 8818
[7226] = 9145 9145
[7227] = 9471 9471
[7228] = 9799 9799
[7229] = 10125 10125
[7230] = 10452 10452
[7231] = 10778 10778
[7232] = 11105 11105
[7233] = 11431 11431
[7234] = 11758 11758
[7235] = 12085 12085
[7236] = 12411 12411
[7237] = 12738 12738
[7238] = 13064 13064
[7239] = 13391 13391
[7240] = 13718 13718
[7241] = 14044 14044
[7242] = 14371 14371
[7243] = 14697 14697
[7244] = 15024 15024
[7245] = 15351 15351
[7246] = 15678 15678
[7247] = 16004 16004
[7248] = 16331 16331
[7249] = 16658 16658
[7250] = 16984 16984
[7251] = 17311 17311
[7252] = 17637 17637
[7253] = 17965 17965
[7254] = 18291 18291
[7255] = 18618 18618
[7256] = 18944 18944
[7257] = 19271 19271
[7258] = 19598 19598
[7259] = 19924 19924
[7260] = 20251 20251
[7261] = 20577 20577
[7262] = 20904 20904
[7263] = 21231 21231
[7264] = 21557 21557
[7265] = 21884 21884
[7266] = 22210 22210
[7267] = 22537 22537
[7268] = 22863 22863
[7269] = 23190 23190
[7270] = 23517 23517
[7271] = 23844 23844
[7272] = 24170 24170
[7273] = 24497 24497
[7274] = 24824 24824
[7275] = 25150 25150
[7276] = 25477 25477
[7277] = 25803 25803
[7278] = 26131 26131
[7279] = 26457 26457
[7280] = 26784 26784
[7281] = 27110 27110
[7282] = 27437 27437
[7283] = 27764 27764
[7284] = 28090 28090
[7285] = 28417 28417
[7286] = 28743 28743
[7287] = 29070 29070
[7288] = 29397 29397
[7289] = 29723 29723
[7290] = 30050 30050
[7291] = 30377 30377
[7292] = 30703 30703
[7293] = 31030 31030
[7294] = 31356 31356
[7295] = 31683 31683
[7296] = 32010 32010
[7297] = 32336 32336
[7298] = 32663 32663
[7299] = 32990 32990
[7300] = 33316 33316
[7301] = 33643 33643
[7302] = 33969 33969
[7303] = 34297 34297
[7304] = 34623 34623
[7305] = 34950 34950
[7306] = 35276 35276
[7307] = 0 0
[7308] = 323 323
[7309] = 646 646
[7310] = 970 970
[7311] = 1294 1294
[7312] = 1617 1617
[7313] = 1941 1941
[7314] = 2264 2264
[7315] = 2589 2589
[7316] = 2912 2912
[7317] = 3235 3235
[7318] = 3560 3560
[7319] = 3883 3883
[7320] = 4207 4207
[7321] = 4530 4530
[7322] = 4854 4854
[7323] = 5178 5178
[7324] = 5501 5501
[7325] = 5825 5825
[7326] = 6149 6149
[7327] = 6472 6472
[7328] = 6796 6796
[7329] = 7120 7120
[7330] = 7443 7443
[7331] = 7767 7767
[7332] = 8091 8091
[7333] = 8415 8415
[7334] = 8738 8738
[7335] = 9062 9062
[7336] = 9385 9385
[7337] = 9709 9709
[7338] = 10032 10032
[7339] = 10356 10356
[7340] = 10680 10680
[7341] = 11004 11004
[7342] = 11328 11328
[7343] = 11651 11651
[7344] = 11975 11975
[7345] = 12299 12299
[7346] = 12622 12622
[7347] = 12946 12946
[7348] = 13270 13270
[7349] = 13593 13593
[7350] = 13917 13917
[7351] = 14241 14241
[7352] = 14564 14564
[7353] = 14888 14888
[7354] = 15211 15211
[7355] = 15536 15536
[7356] = 15859 15859
[7357] = 16182 16182
[7358] = 16506 16506
[7359] = 16830 16830
[7360] = 17153 17153
[7361] = 17477 17477
[7362] = 17801 17801
[7363] = 18125 18125
[7364] = 18448 18448
[7365] = 18771 18771
[7366] = 19096 19096
[7367] = 19419 19419
[7368] = 19743 19743
[7369] = 20067 20067
[7370] = 20390 20390
[7371] = 20714 20714
[7372] = 21038 21038
[7373] = 21362 21362
[7374] = 21685 21685
[7375] = 22009 22009
[7376] = 22332 22332
[7377] = 22656 22656
[7378] = 22979 22979
[7379] = 23303 23303
[7380] = 23627 23627
[7381] = 23951 23951
[7382] = 24274 24274
[7383] = 24598 24598
[7384] = 24922 24922
[7385] = 25246 25246
[7386] = 25569 25569
[7387] = 25892 25892
[7388] = 26217 26217
[7389] = 26540 26540
[7390] = 26864 26864
[7391] = 27188 27188
[7392] = 27511 27511
[7393] = 27835 27835
[7394] = 28158 28158
[7395] = 28483 28483
[7396] = 28806 28806
[7397] = 29129 29129
[7398] = 29453 29453
[7399] = 29777 29777
[7400] = 30100 30100
[7401] = 30424 30424
[7402] = 30748 30748
[7403] = 31072 31072
[7404] = 31395 31395
[7405] = 31719 31719
[7406] = 32043 32043
[7407] = 32366 32366
[7408] = 32690 32690
[7409] = 33013 33013
[7410] = 33337 33337
[7411] = 33661 33661
[7412] = 33985 33985
[7413] = 34308 34308
[7414] = 34632 34632
[7415] = 34956 34956
[7416] = 35279 35279
[7417] = 0 0
[7418] = 326 326
[7419] = 652 652
[7420] = 979 979
[7421] = 1305 1305
[7422] = 1632 1632
[7423] = 1959 1959
[7424] = 2286 2286
[7425] = 2612 2612
[7426] = 2939 2939
[7427] = 3265 3265
[7428] = 3592 3592
[7429] = 3918 3918
[7430] = 4245 4245
[7431] = 4572 4572
[7432] = 4898 4898
[7433] = 5225 5225
[7434] = 5552 5552
[7435] = 5878 5878
[7436] = 6205 6205
[7437] = 6531 6531
[7438] = 6859 6859
[7439] = 7185 7185
[7440] = 7512 7512
[7441] = 7838 7838
[7442] = 8165 8165
[7443] = 8492 8492
[7444] = 8818 8818
[7445] = 9145 9145
[7446] = 9471 9471
[7447] = 9799 9799
[7448] = 10125 10125
[7449] = 10452 10452
[7450] = 10778 10778
[7451] = 11105 11105
[7452] = 11431 11431
[7453] = 11758 11758
[7454] = 12085 12085
[7455] = 12411 12411
[7456] = 12738 12738
[7457] = 13064 13064
[7458] = 13391 13391
[7459] = 13718 13718
[7460] = 14044 14044
[7461] = 14371 14371
[7462] = 14697 14697
[7463] = 15024 15024
[7464] = 15351 15351
[7465] = 15678 15678
[7466] = 16004 16004
[7467] = 16331 16331
[7468] = 16658 16658
[7469] = 16984 16984
[7470] = 17311 17311
[7471] = 17637 17637
[7472] = 17965 17965
[7473] = 18291 18291
[7474] = 18618 18618
[7475] = 18944 18944
[7476] = 19271 19271
[7477] = 19598 19598
[7478] = 19924 19924
[7479] = 20251 20251
[7480] = 20577 20577
[7481] = 20904 20904
[7482] = 21231 21231
[7483] = 21557 21557
[7484] = 21884 21884
[7485] = 22210 22210
[7486] = 22537 22537
[7487] = 22863 22863
[7488] = 23190 23190
[7489] = 23517 23517
[7490] = 23844 23844
[7491] = 24170 24170
[7492] = 24497 24497
[7493] = 24824 24824
[7494] = 25150 25150
[7495] = 25477 25477
[7496] = 25803 25803
[7497] = 26131 26131
[7498] = 26457 26457
[7499] = 26784 26784
[7500] = 27110 27110
[7501] = 27437 27437
[7502] = 27764 27764
[7503] = 28090 28090
[7504] = 28417 28417
[7505] = 28743 28743
[7506] = 29070 29070
[7507] = 29397 29397
[7508] = 29723 29723
[7509] = 30050 30050
[7510] = 30377 30377
[7511] = 30703 30703
[7512] = 31030 31030
[7513] = 31356 31356
[7514] = 31683 31683
[7515] = 32010 32010
[7516] = 32336 32336
[7517] = 32663 32663
[7518] = 32990 32990
[7519] = 33316 33316
[7520] = 33643 33643
[7521] = 33969 33969
[7522] = 34297 34297
[7523] = 34623 34623
[7524] = 34950 34950
[7525] = 35276 35276
[7526] = 0 0
[7527] = 326 326
[7528] = 652 652
[7529] = 979 979
[7530] = 1305 1305
[7531] = 1632 1632
[7532] = 1959 1959
[7533] = 2286 2286
[7534] = 2612 2612
[7535] = 2939 2939
[7536] = 3265 3265
[7537] = 3592 3592
[7538] = 3918 3918
[7539] = 4245 4245
[7540] = 4572 4572
[7541] = 4898 4898
[7542] = 5225 5225
[7543] = 5552 5552
[7544] = 5878 5878
[7545] = 6205 6205
[7546] = 6531 6531
[7547] = 6859 6859
[7548] = 7185 7185
[7549] = 7512 7512
[7550] = 7838 7838
[7551] = 8165 8165
[7552] = 8492 8492
[7553] = 8818 8818
[7554] = 9145 9145
[7555] = 9471 9471
[7556] = 9799 9799
[7557] = 10125 10125
[7558] = 10452 10452
[7559] = 10778 10778
[7560] = 11105 11105
[7561] = 11431 11431
[7562] = 11758 11758
[7563] = 12085 12085
[7564] = 12411 12411
[7565] = 12738 12738
[7566] = 13064 13064
[7567] = 13391 13391
[7568] = 13718 13718
[7569] = 14044 14044
[7570] = 14371 14371
[7571] = 14697 14697
[7572] = 15024 15024
[7573] = 15351 15351
[7574] = 15678 15678
[7575] = 16004 16004
[7576] = 16331 16331
[7577] = 16658 16658
[7578] = 16984 16984
[7579] = 17311 17311
[7580] = 17637 17637
[7581] = 17965 17965
[7582] = 18291 18291
[7583] = 18618 18618
[7584] = 18944 18944
[7585] = 19271 19271
[7586] = 19598 19598
[7587] = 19924 19924
[7588] = 20251 20251
[7589] = 20577 20577
[7590] = 20904 20904
[7591] = 21231 21231
[7592] = 21557 21557
[7593] = 21884 21884
[7594] = 22210 22210
[7595] = 22537 22537
[7596] = 22863 22863
[7597] = 23190 23190
[7598] = 23517 23517
[7599] = 23844 23844
[7600] = 24170 24170
[7601] = 24497 24497
[7602] = 24824 24824
[7603] = 25150 25150
[7604] = 25477 25477
[7605] = 25803 25803
[7606] = 26131 26131
[7607] = 26457 26457
[7608] = 26784 26784
[7609] = 27110 27110
[7610] = 27437 27437
[7611] = 27764 27764
[7612] = 28090 28090
[7613] = 28417 28417
[7614] = 28743 28743
[7615] = 29070 29070
[7616] = 29397 29397
[7617] = 29723 29723
[7618] = 30050 30050
[7619] = 30377 30377
[7620] = 30703 30703
[7621] = 31030 31030
[7622] = 31356 31356
[7623] = 31683 31683
[7624] = 32010 32010
[7625] = 32336 32336
[7626] = 32663 32663
[7627] = 32990 32990
[7628] = 33316 33316
[7629] = 33643 33643
[7630] = 33969 33969
[7631] = 34297 34297
[7632] = 34623 34623
[7633] = 34950 34950
[7634] = 35276 35276
[7635] = 0 0
[7636] = 326 326
[7637] = 652 652
[7638] = 979 979
[7639] = 1305 1305
[7640] = 1632 1632
[7641] = 1959 1959
[7642] = 2286 2286
[7643] = 2612 2612
[7644] = 2939 2939
[7645] = 3265 3265
[7646] = 3592 3592
[7647] = 3918 3918
[7648] = 4245 4245
[7649] = 4572 4572
[7650] = 4898 4898
[7651] = 5225 5225
[7652] = 5552 5552
[7653] = 5878 5878
[7654] = 6205 6205
[7655] = 6531 6531
[7656] = 6859 6859
[7657] = 7185 7185
[7658] = 7512 7512
[7659] = 7838 7838
[7660] = 8165 8165
[7661] = 8492 8492
[7662] = 8818 8818
[7663] = 9145 9145
[7664] = 9471 9471
[7665] = 9799 9799
[7666] = 10125 10125
[7667] = 10452 10452
[7668] = 10778 10778
[7669] = 11105 11105
[7670] = 11431 11431
[7671] = 11758 11758
[7672] = 12085 12085
[7673] = 12411 12411
[7674] = 12738 12738
[7675] = 13064 13064
[7676] = 13391 13391
[7677] = 13718 13718
[7678] = 14044 14044
[7679] = 14371 14371
[7680] = 14697 14697
[7681] = 15024 15024
[7682] = 15351 15351
[7683] = 15678 15678
[7684] = 16004 16004
[7685] = 16331 16331
[7686] = 16658 16658
[7687] = 16984 16984
[7688] = 17311 17311
[7689] = 17637 17637
[7690] = 17965 17965
[7691] = 18291 18291
[7692] = 18618 18618
[7693] = 18944 18944
[7694] = 19271 19271
[7695] = 19598 19598
[7696] = 19924 19924
[7697] = 20251 20251
[7698] = 20577 20577
[7699] = 20904 20904
[7700] = 21231 21231
[7701] = 21557 21557
[7702] = 21884 21884
[7703] = 22210 22210
[7704] = 22537 22537
[7705] = 22863 22863
[7706] = 23190 23190
[7707] = 23517 23517
[7708] = 23844 23844
[7709] = 24170 24170
[7710] = 24497 24497
[7711] = 24824 24824
[7712] = 25150 25150
[7713] = 25477 25477
[7714] = 25803 25803
[7715] = 26131 26131
[7716] = 26457 26457
[7717] = 26784 26784
[7718] = 27110 27110
[7719] = 27437 27437
[7720] = 27764 27764
[7721] = 28090 28090
[7722] = 28417 28417
[7723] = 28743 28743
[7724] = 29070 29070
[7725] = 29397 29397
[7726] = 29723 29723
[7727] = 30050 30050
[7728] = 30377 30377
[7729] = 30703 30703
[7730] = 31030 31030
[7731] = 31356 31356
[7732] = 31683 31683
[7733] = 32010 32010
[7734] = 32336 32336
[7735] = 32663 32663
[7736] = 32990 32990
[7737] = 33316 33316
[7738] = 33643 33643
[7739] = 33969 33969
[7740] = 34297 34297
[7741] = 34623 34623
[7742] = 34950 34950
[7743] = 35276 35276
[7744] = 0 0
[7745] = 326 326
[7746] = 652 652
[7747] = 979 979
[7748] = 1305 1305
[7749] = 1632 1632
[7750] = 1959 1959
[7751] = 2286 2286
[7752] = 2612 2612
[7753] = 2939 2939
[7754] = 3265 3265
[7755] = 3592 3592
[7756] = 3918 3918
[7757] = 4245 4245
[7758] = 4572 4572
[7759] = 4898 4898
[7760] = 5225 5225
[7761] = 5552 5552
[7762] = 5878 5878
[7763] = 6205 6205
[7764] = 6531 6531
[7765] = 6859 6859
[7766] = 7185 7185
[7767] = 7512 7512
[7768] = 7838 7838
[7769] = 8165 8165
[7770] = 8492 8492
[7771] = 8818 8818
[7772] = 9145 9145
[7773] = 9471 9471
[7774] = 9799 9799
[7775] = 10125 10125
[7776] = 10452 10452
[7777] = 10778 10778
[7778] = 11105 11105
[7779] = 11431 11431
[7780] = 11758 11758
[7781] = 12085 12085
[7782] = 12411 12411
[7783] = 12738 12738
[7784] = 13064 13064
[7785] = 13391 13391
[7786] = 13718 13718
[7787] = 14044 14044
[7788] = 14371 14371
[7789] = 14697 14697
[7790] = 15024 15024
[7791] = 15351 15351
[7792] = 15678 15678
[7793] = 16004 16004
[7794] = 16331 16331
[7795] = 16658 16658
[7796] = 16984 16984
[7797] = 17311 17311
[7798] = 17637 17637
[7799] = 17965 17965
[7800] = 18291 18291
[7801] = 18618 18618
[7802] = 18944 18944
[7803] = 19271 19271
[7804] = 19598 19598
[7805] = 19924 19924
[7806] = 20251 20251
[7807] = 20577 20577
[7808] = 20904 20904
[7809] = 21231 21231
[7810] = 21557 21557
[7811] = 21884 21884
[7812] = 22210 22210
[7813] = 22537 22537
[7814] = 22863 22863
[7815] = 23190 23190
[7816] = 23517 23517
[7817] = 23844 23844
[7818] = 24170 24170
[7819] = 24497 24497
[7820] = 24824 24824
[7821] = 25150 25150
[7822] = 25477 25477
[7823] = 25803 25803
[7824] = 26131 26131
[7825] = 26457 26457
[7826] = 26784 26784
[7827] = 27110 27110
[7828] = 27437 27437
[7829] = 27764 27764
[7830] = 28090 28090
[7831] = 28417 28417
[7832] = 28743 28743
[7833] = 29070 29070
[7834] = 29397 29397
[7835] = 29723 29723
[7836] = 30050 30050
[7837] = 30377 30377
[7838] = 30703 30703
[7839] = 31030 31030
[7840] = 31356 31356
[7841] = 31683 31683
[7842] = 32010 32010
[7843] = 32336 32336
[7844] = 32663 32663
[7845] = 32990 32990
[7846] = 33316 33316
[7847] = 33643 33643
[7848] = 33969 33969
[7849] = 34297 34297
[7850] = 34623 34623
[7851] = 34950 34950
[7852] = 35276 35276
[7853] = 0 0
[7854] = 326 326
[7855] = 652 652
[7856] = 979 979
[7857] = 1305 1305
[7858] = 1632 1632
[7859] = 1959 1959
[7860] = 2286 2286
[7861] = 2612 2612
[7862] = 2939 2939
[7863] = 3265 3265
[7864] = 3592 3592
[7865] = 3918 3918
[7866] = 4245 4245
[7867] = 4572 4572
[7868] = 4898 4898
[7869] = 5225 5225
[7870] = 5552 5552
[7871] = 5878 5878
[7872] = 6205 6205
[7873] = 6531 6531
[7874] = 6859 6859
[7875] = 7185 7185
[7876] = 7512 7512
[7877] = 7838 7838
[7878] = 8165 8165
[7879] = 8492 8492
[7880] = 8818 8818
[7881] = 9145 9145
[7882] = 9471 9471
[7883] = 9799 9799
[7884] = 10125 10125
[7885] = 10452 10452
[7886] = 10778 10778
[7887] = 11105 11105
[7888] = 11431 11431
[7889] = 11758 11758
[7890] = 12085 12085
[7891] = 12411 12411
[7892] = 12738 12738
[7893] = 13064 13064
[7894] = 13391 13391
[7895] = 13718 13718
[7896] = 14044 14044
[7897] = 14371 14371
[7898] = 14697 14697
[7899] = 15024 15024
[7900] = 15351 15351
[7901] = 15678 15678
[7902] = 16004 16004
[7903] = 16331 16331
[7904] = 16658 16658
[7905] = 16984 16984
[7906] = 17311 17311
[7907] = 17637 17637
[7908] = 17965 17965
[7909] = 18291 18291
[7910] = 18618 18618
[7911] = 18944 18944
[7912] = 19271 19271
[7913] = 19598 19598
[7914] = 19924 19924
[7915] = 20251 20251
[7916] = 20577 20577
[7917] = 20904 20904
[7918] = 21231 21231
[7919] = 21557 21557
[7920] = 21884 21884
[7921] = 22210 22210
[7922] = 22537 22537
[7923] = 22863 22863
[7924] = 23190 23190
[7925] = 23517 23517
[7926] = 23844 23844
[7927] = 24170 24170
[7928] = 24497 24497
[7929] = 24824 24824
[7930] = 25150 25150
[7931] = 25477 25477
[7932] = 25803 25803
[7933] = 26131 26131
[7934] = 26457 26457
[7935] = 26784 26784
[7936] = 27110 27110
[7937] = 27437 27437
[7938] = 27764 27764
[7939] = 28090 28090
[7940] = 28417 28417
[7941] = 28743 28743
[7942] = 29070 29070
[7943] = 29397 29397
[7944] = 29723 29723
[7945] = 30050 30050
[7946] = 30377 30377
[7947] = 30703 30703
[7948] = 31030 31030
[7949] = 31356 31356
[7950] = 31683 31683
[7951] = 32010 32010
[7952] = 32336 32336
[7953] = 32663 32663
[7954] = 32990 32990
[7955] = 33316 33316
[7956] = 33643 33643
[7957] = 33969 33969
[7958] = 34297 34297
[7959] = 34623 34623
[7960] = 34950 34950
[7961] = 35276 35276
[7962] = 0 0
[7963] = 326 326
[7964] = 652 652
[7965] = 979 979
[7966] = 1305 1305
[7967] = 1632 1632
[7968] = 1959 1959
[7969] = 2286 2286
[7970] = 2612 2612
[7971] = 2939 2939
[7972] = 3265 3265
[7973] = 3592 3592
[7974] = 3918 3918
[7975] = 4245 4245
[7976] = 4572 4572
[7977] = 4898 4898
[7978] = 5225 5225
[7979] = 5552 5552
[7980] = 5878 5878
[7981] = 6205 6205
[7982] = 6531 6531
[7983] = 6859 6859
[7984] = 7185 7185
[7985] = 7512 7512
[7986] = 7838 7838
[7987] = 8165 8165
[7988] = 8492 8492
[7989] = 8818 8818
[7990] = 9145 9145
[7991] = 9471 9471
[7992] = 9799 9799
[7993] = 10125 10125
[7994] = 10452 10452
[7995] = 10778 10778
[7996] = 11105 11105
[7997] = 11431 11431
[7998] = 11758 11758
[7999] = 12085 12085
[8000] = 12411 12411
[8001] = 12738 12738
[8002] = 13064 13064
[8003] = 13391 13391
[8004] = 13718 13718
[8005] = 14044 14044
[8006] = 14371 14371
[8007] = 14697 14697
[8008] = 15024 15024
[8009] = 15351 15351
[8010] = 15678 15678
[8011] = 16004 16004
[8012] = 16331 16331
[8013] = 16658 16658
[8014] = 16984 16984
[8015] = 17311 17311
[8016] = 17637 17637
[8017] = 17965 17965
[8018] = 18291 18291
[8019] = 18618 18618
[8020] = 18944 18944
[8021] = 19271 19271
[8022] = 19598 19598
[8023] = 19924 19924
[8024] = 20251 20251
[8025] = 20577 20577
[8026] = 20904 20904
[8027] = 21231 21231
[8028] = 21557 21557
[8029] = 21884 21884
[8030] = 22210 22210
[8031] = 22537 22537
[8032] = 22863 22863
[8033] = 23190 23190
[8034] = 23517 23517
[8035] = 23844 23844
[8036] = 24170 24170
[8037] = 24497 24497
[8038] = 24824 24824
[8039] = 25150 25150
[8040] = 25477 25477
[8041] = 25803 25803
[8042] = 26131 26131
[8043] = 26457 26457
[8044] = 26784 26784
[8045] = 27110 27110
[8046] = 27437 27437
[8047] = 27764 27764
[8048] = 28090 28090
[8049] = 28417 28417
[8050] = 28743 28743
[8051] = 29070 29070
[8052] = 29397 29397
[8053] = 29723 29723
[8054] = 30050 30050
[8055] = 30377 30377
[8056] = 30703 30703
[8057] = 31030 31030
[8058] = 31356 31356
[8059] = 31683 31683
[8060] = 32010 32010
[8061] = 32336 32336
[8062] = 32663 32663
[8063] = 32990 32990
[8064] = 33316 33316
[8065] = 33643 33643
[8066] = 33969 33969
[8067] = 34297 34297
[8068] = 34623 34623
[8069] = 34950 34950
[8070] = 35276 35276
[8071] = 0 0
[8072] = 326 326
[8073] = 652 652
[8074] = 979 979
[8075] = 1305 1305
[8076] = 1632 1632
[8077] = 1959 1959
[8078] = 2286 2286
[8079] = 2612 2612
[8080] = 2939 2939
[8081] = 3265 3265
[8082] = 3592 3592
[8083] = 3918 3918
[8084] = 4245 4245
[8085] = 4572 4572
[8086] = 4898 4898
[8087] = 5225 5225
[8088] = 5552 5552
[8089] = 5878 5878
[8090] = 6205 6205
[8091] = 6531 6531
[8092] = 6859 6859
[8093] = 7185 7185
[8094] = 7512 7512
[8095] = 7838 7838
[8096] = 8165 8165
[8097] = 8492 8492
[8098] = 8818 8818
[8099] = 9145 9145
[8100] = 9471 9471
[8101] = 9799 9799
[8102] = 10125 10125
[8103] = 10452 10452
[8104] = 10778 10778
[8105] = 11105 11105
[8106] = 11431 11431
[8107] = 11758 11758
[8108] = 12085 12085
[8109] = 12411 12411
[8110] = 12738 12738
[8111] = 13064 13064
[8112] = 13391 13391
[8113] = 13718 13718
[8114] = 14044 14044
[8115] = 14371 14371
[8116] = 14697 14697
[8117] = 15024 15024
[8118] = 15351 15351
[8119] = 15678 15678
[8120] = 16004 16004
[8121] = 16331 16331
[8122] = 16658 16658
[8123] = 16984 16984
[8124] = 17311 17311
[8125] = 17637 17637
[8126] = 17965 17965
[8127] = 18291 18291
[8128] = 18618 18618
[8129] = 18944 18944
[8130] = 19271 19271
[8131] = 19598 19598
[8132] = 19924 19924
[8133] = 20251 20251
[8134] = 20577 20577
[8135] = 20904 20904
[8136] = 21231 21231
[8137] = 21557 21557
[8138] = 21884 21884
[8139] = 22210 22210
[8140] = 22537 22537
[8141] = 22863 22863
[8142] = 23190 23190
[8143] = 23517 23517
[8144] = 23844 23844
[8145] = 24170 24170
[8146] = 24497 24497
[8147] = 24824 24824
[8148] = 25150 25150
[8149] = 25477 25477
[8150] = 25803 25803
[8151] = 26131 26131
[8152] = 26457 26457
[8153] = 26784 26784
[8154] = 27110 27110
[8155] = 27437 27437
[8156] = 27764 27764
[8157] = 28090 28090
[8158] = 28417 28417
[8159] = 28743 28743
[8160] = 29070 29070
[8161] = 29397 29397
[8162] = 29723 29723
[8163] = 30050 30050
[8164] = 30377 30377
[8165] = 30703 30703
[8166] = 31030 31030
[8167] = 31356 31356
[8168] = 31683 31683
[8169] = 32010 32010
[8170] = 32336 32336
[8171] = 32663 32663
[8172] = 32990 32990
[8173] = 33316 33316
[8174] = 33643 33643
[8175] = 33969 33969
[8176] = 34297 34297
[8177] = 34623 34623
[8178] = 34950 34950
[8179] = 35276 35276
[8180] = 0 0
[8181] = 326 326
[8182] = 652 652
[8183] = 979 979
[8184] = 1305 1305
[8185] = 1632 1632
[8186] = 1959 1959
[8187] = 2286 2286
[8188] = 2612 2612
[8189] = 2939 2939
[8190] = 3265 3265
[8191] = 3592 3592
[8192] = 3918 3918
[8193] = 4245 4245
[8194] = 4572 4572
[8195] = 4898 4898
[8196] = 5225 5225
[8197] = 5552 5552
[8198] = 5878 5878
[8199] = 6205 6205
[8200] = 6531 6531
[8201] = 6859 6859
[8202] = 7185 7185
[8203] = 7512 7512
[8204] = 7838 7838
[8205] = 8165 8165
[8206] = 8492 8492
[8207] = 8818 8818
[8208] = 9145 9145
[8209] = 9471 9471
[8210] = 9799 9799
[8211] = 10125 10125
[8212] = 10452 10452
[8213] = 10778 10778
[8214] = 11105 11105
[8215] = 11431 11431
[8216] = 11758 11758
[8217] = 12085 12085
[8218] = 12411 12411
[8219] = 12738 12738
[8220] = 13064 13064
[8221] = 13391 13391
[8222] = 13718 13718
[8223] = 14044 14044
[8224] = 14371 14371
[8225] = 14697 14697
[8226] = 15024 15024
[8227] = 15351 15351
[8228] = 15678 15678
[8229] = 16004 16004
[8230] = 16331 16331
[8231] = 16658 16658
[8232] = 16984 16984
[8233] = 17311 17311
[8234] = 17637 17637
[8235] = 17965 17965
[8236] = 18291 18291
[8237] = 18618 18618
[8238] = 18944 18944
[8239] = 19271 19271
[8240] = 19598 19598
[8241] = 19924 19924
[8242] = 20251 20251
[8243] = 20577 20577
[8244] = 20904 20904
[8245] = 21231 21231
[8246] = 21557 21557
[8247] = 21884 21884
[8248] = 22210 22210
[8249] = 22537 22537
[8250] = 22863 22863
[8251] = 23190 23190
[8252] = 23517 23517
[8253] = 23844 23844
[8254] = 24170 24170
[8255] = 24497 24497
[8256] = 24824 24824
[8257] = 25150 25150
[8258] = 25477 25477
[8259] = 25803 25803
[8260] = 26131 26131
[8261] = 26457 26457
[8262] = 26784 26784
[8263] = 27110 27110
[8264] = 27437 27437
[8265] = 27764 27764
[8266] = 28090 28090
[8267] = 28417 28417
[8268] = 28743 28743
[8269] = 29070 29070
[8270] = 29397 29397
[8271] = 29723 29723
[8272] = 30050 30050
[8273] = 30377 30377
[8274] = 30703 30703
[8275] = 31030 31030
[8276] = 31356 31356
[8277] = 31683 31683
[8278] = 32010 32010
[8279] = 32336 32336
[8280] = 32663 32663
[8281] = 32990 32990
[8282] = 33316 33316
[8283] = 33643 33643
[8284] = 33969 33969
[8285] = 34297 34297
[8286] = 34623 34623
[8287] = 34950 34950
[8288] = 35276 35276
[8289] = 0 0
[8290] = 326 326
[8291] = 652 652
[8292] = 979 979
[8293] = 1305 1305
[8294] = 1632 1632
[8295] = 1959 1959
[8296] = 2286 2286
[8297] = 2612 2612
[8298] = 2939 2939
[8299] = 3265 3265
[8300] = 3592 3592
[8301] = 3918 3918
[8302] = 4245 4245
[8303] = 4572 4572
[8304] = 4898 4898
[8305] = 5225 5225
[8306] = 5552 5552
[8307] = 5878 5878
[8308] = 6205 6205
[8309] = 6531 6531
[8310] = 6859 6859
[8311] = 7185 7185
[8312] = 7512 7512
[8313] = 7838 7838
[8314] = 8165 8165
[8315] = 8492 8492
[8316] = 8818 8818
[8317] = 9145 9145
[8318] = 9471 9471
[8319] = 9799 9799
[8320] = 10125 10125
[8321] = 10452 10452
[8322] = 10778 10778
[8323] = 11105 11105
[8324] = 11431 11431
[8325] = 11758 11758
[8326] = 12085 12085
[8327] = 12411 12411
[8328] = 12738 12738
[8329] = 13064 13064
[8330] = 13391 13391
[8331] = 13718 13718
[8332] = 14044 14044
[8333] = 14371 14371
[8334] = 14697 14697
[8335] = 15024 15024
[8336] = 15351 15351
[8337] = 15678 15678
[8338] = 16004 16004
[8339] = 16331 16331
[8340] = 16658 16658
[8341] = 16984 16984
[8342] = 17311 17311
[8343] = 17637 17637
[8344] = 17965 17965
[8345] = 18291 18291
[8346] = 18618 18618
[8347] = 18944 18944
[8348] = 19271 19271
[8349] = 19598 19598
[8350] = 19924 19924
[8351] = 20251 20251
[8352] = 20577 20577
[8353] = 20904 20904
[8354] = 21231 21231
[8355] = 21557 21557
[8356] = 21884 21884
[8357] = 22210 22210
[8358] = 22537 22537
[8359] = 22863 22863
[8360] = 23190 23190
[8361] = 23517 23517
[8362] = 23844 23844
[8363] = 24170 24170
[8364] = 24497 24497
[8365] = 24824 24824
[8366] = 25150 25150
[8367] = 25477 25477
[8368] = 25803 25803
[8369] = 26131 26131
[8370] = 26457 26457
[8371] = 26784 26784
[8372] = 27110 27110
[8373] = 27437 27437
[8374] = 27764 27764
[8375] = 28090 28090
[8376] = 28417 28417
[8377] = 28743 28743
[8378] = 29070 29070
[8379] = 29397 29397
[8380] = 29723 29723
[8381] = 30050 30050
[8382] = 30377 30377
[8383] = 30703 30703
[8384] = 31030 31030
[8385] = 31356 31356
[8386] = 31683 31683
[8387] = 32010 32010
[8388] = 32336 32336
[8389] = 32663 32663
[8390] = 32990 32990
[8391] = 33316 33316
[8392] = 33643 33643
[8393] = 33969 33969
[8394] = 34297 34297
[8395] = 34623 34623
[8396] = 34950 34950
[8397] = 35276 35276
[8398] = 0 0
[8399] = 326 326
[8400] = 652 652
[8401] = 979 979
[8402] = 1305 1305
[8403] = 1632 1632
[8404] = 1959 1959
[8405] = 2286 2286
[8406] = 2612 2612
[8407] = 2939 2939
[8408] = 3265 3265
[8409] = 3592 3592
[8410] = 3918 3918
[8411] = 4245 4245
[8412] = 4572 4572
[8413] = 4898 4898
[8414] = 5225 5225
[8415] = 5552 5552
[8416] = 5878 5878
[8417] = 6205 6205
[8418] = 6531 6531
[8419] = 6859 6859
[8420] = 7185 7185
[8421] = 7512 7512
[8422] = 7838 7838
[8423] = 8165 8165
[8424] = 8492 8492
[8425] = 8818 8818
[8426] = 9145 9145
[8427] = 9471 9471
[8428] = 9799 9799
[8429] = 10125 10125
[8430] = 10452 10452
[8431] = 10778 10778
[8432] = 11105 11105
[8433] = 11431 11431
[8434] = 11758 11758
[8435] = 12085 12085
[8436] = 12411 12411
[8437] = 12738 12738
[8438] = 13064 13064
[8439] = 13391 13391
[8440] = 13718 13718
[8441] = 14044 14044
[8442] = 14371 14371
[8443] = 14697 14697
[8444] = 15024 15024
[8445] = 15351 15351
[8446] = 15678 15678
[8447] = 16004 16004
[8448] = 16331 16331
[8449] = 16658 16658
[8450] = 16984 16984
[8451] = 17311 17311
[8452] = 17637 17637
[8453] = 17965 17965
[8454] = 18291 18291
[8455] = 18618 18618
[8456] = 18944 18944
[8457] = 19271 19271
[8458] = 19598 19598
[8459] = 19924 19924
[8460] = 20251 20251
[8461] = 20577 20577
[8462] = 20904 20904
[8463] = 21231 21231
[8464] = 21557 21557
[8465] = 21884 21884
[8466] = 22210 22210
[8467] = 22537 22537
[8468] = 22863 22863
[8469] = 23190 23190
[8470] = 23517 23517
[8471] = 23844 23844
[8472] = 24170 24170
[8473] = 24497 24497
[8474] = 24824 24824
[8475] = 25150 25150
[8476] = 25477 25477
[8477] = 25803 25803
[8478] = 26131 26131
[8479] = 26457 26457
[8480] = 26784 26784
[8481] = 27110 27110
[8482] = 27437 27437
[8483] = 27764 27764
[8484] = 28090 28090
[8485] = 28417 28417
[8486] = 28743 28743
[8487] = 29070 29070
[8488] = 29397 29397
[8489] = 29723 29723
[8490] = 30050 30050
[8491] = 30377 30377
[8492] = 30703 30703
[8493] = 31030 31030
[8494] = 31356 31356
[8495] = 31683 31683
[8496] = 32010 32010
[8497] = 32336 32336
[8498] = 32663 32663
[8499] = 32990 32990
[8500] = 33316 33316
[8501] = 33643 33643
[8502] = 33969 33969
[8503] = 34297 34297
[8504] = 34623 34623
[8505] = 34950 34950
[8506] = 35276 35276
[8507] = 0 0
[8508] = 323 323
[8509] = 646 646
[8510] = 970 970
[8511] = 1294 1294
[8512] = 1617 1617
[8513] = 1941 1941
[8514] = 2264 2264
[8515] = 2589 2589
[8516] = 2912 2912
[8517] = 3235 3235
[8518] = 3560 3560
[8519] = 3883 3883
[8520] = 4207 4207
[8521] = 4530 4530
[8522] = 4854 4854
[8523] = 5178 5178
[8524] = 5501 5501
[8525] = 5825 5825
[8526] = 6149 6149
[8527] = 6472 6472
[8528] = 6796 6796
[8529] = 7120 7120
[8530] = 7443 7443
[8531] = 7767 7767
[8532] = 8091 8091
[8533] = 8415 8415
[8534] = 8738 8738
[8535] = 9062 9062
[8536] = 9385 9385
[8537] = 9709 9709
[8538] = 10032 10032
[8539] = 10356 10356
[8540] = 10680 10680
[8541] = 11004 11004
[8542] = 11328 11328
[8543] = 11651 11651
[8544] = 11975 11975
[8545] = 12299 12299
[8546] = 12622 12622
[8547] = 12946 12946
[8548] = 13270 13270
[8549] = 13593 13593
[8550] = 13917 13917
[8551] = 14241 14241
[8552] = 14564 14564
[8553] = 14888 14888
[8554] = 15211 15211
[8555] = 15536 15536
[8556] = 15859 15859
[8557] = 16182 16182
[8558] = 16506 16506
[8559] = 16830 16830
[8560] = 17153 17153
[8561] = 17477 17477
[8562] = 17801 17801
[8563] = 18125 18125
[8564] = 18448 18448
[8565] = 18771 18771
[8566] = 19096 19096
[8567] = 19419 19419
[8568] = 19743 19743
[8569] = 20067 20067
[8570] = 20390 20390
[8571] = 20714 20714
[8572] = 21038 21038
[8573] = 21362 21362
[8574] = 21685 21685
[8575] = 22009 22009
[8576] = 22332 22332
[8577] = 22656 22656
[8578] = 22979 22979
[8579] = 23303 23303
[8580] = 23627 23627
[8581] = 23951 23951
[8582] = 24274 24274
[8583] = 24598 24598
[8584] = 24922 24922
[8585] = 25246 25246
[8586] = 25569 25569
[8587] = 25892 25892
[8588] = 26217 26217
[8589] = 26540 26540
[8590] = 26864 26864
[8591] = 27188 27188
[8592] = 27511 27511
[8593] = 27835 27835
[8594] = 28158 28158
[8595] = 28483 28483
[8596] = 28806 28806
[8597] = 29129 29129
[8598] = 29453 29453
[8599] = 29777 29777
[8600] = 30100 30100
[8601] = 30424 30424
[8602] = 30748 30748
[8603] = 31072 31072
[8604] = 31395 31395
[8605] = 31719 31719
[8606] = 32043 32043
[8607] = 32366 32366
[8608] = 32690 32690
[8609] = 33013 33013
[8610] = 33337 33337
[8611] = 33661 33661
[8612] = 33985 33985
[8613] = 34308 34308
[8614] = 34632 34632
[8615] = 34956 34956
[8616] = 35279 35279
[8617] = 0 0
[8618] = 326 326
[8619] = 652 652
[8620] = 979 979
[8621] = 1305 1305
[8622] = 1632 1632
[8623] = 1959 1959
[8624] = 2286 2286
[8625] = 2612 2612
[8626] = 2939 2939
[8627] = 3265 3265
[8628] = 3592 3592
[8629] = 3918 3918
[8630] = 4245 4245
[8631] = 4572 4572
[8632] = 4898 4898
[8633] = 5225 5225
[8634] = 5552 5552
[8635] = 5878 5878
[8636] = 6205 6205
[8637] = 6531 6531
[8638] = 6859 6859
[8639] = 7185 7185
[8640] = 7512 7512
[8641] = 7838 7838
[8642] = 8165 8165
[8643] = 8492 8492
[8644] = 8818 8818
[8645] = 9145 9145
[8646] = 9471 9471
[8647] = 9799 9799
[8648] = 10125 10125
[8649] = 10452 10452
[8650] = 10778 10778
[8651] = 11105 11105
[8652] = 11431 11431
[8653] = 11758 11758
[8654] = 12085 12085
[8655] = 12411 12411
[8656] = 12738 12738
[8657] = 13064 13064
[8658] = 13391 13391
[8659] = 13718 13718
[8660] = 14044 14044
[8661] = 14371 14371
[8662] = 14697 14697
[8663] = 15024 15024
[8664] = 15351 15351
[8665] = 15678 15678
[8666] = 16004 16004
[8667] = 16331 16331
[8668] = 16658 16658
[8669] = 16984 16984
[8670] = 17311 17311
[8671] = 17637 17637
[8672] = 17965 17965
[8673] = 18291 18291
[8674] = 18618 18618
[8675] = 18944 18944
[8676] = 19271 19271
[8677] = 19598 19598
[8678] = 19924 19924
[8679] = 20251 20251
[8680] = 20577 20577
[8681] = 20904 20904
[8682] = 21231 21231
[8683] = 21557 21557
[8684] = 21884 21884
[8685] = 22210 22210
[8686] = 22537 22537
[8687] = 22863 22863
[8688] = 23190 23190
[8689] = 23517 23517
[8690] = 23844 23844
[8691] = 24170 24170
[8692] = 24497 24497
[8693] = 24824 24824
[8694] = 25150 25150
[8695] = 25477 25477
[8696] = 25803 25803
[8697] = 26131 26131
[8698] = 26457 26457
[8699] = 26784 26784
[8700] = 27110 27110
[8701] = 27437 27437
[8702] = 27764 27764
[8703] = 28090 28090
[8704] = 28417 28417
[8705] = 28743 28743
[8706] = 29070 29070
[8707] = 29397 29397
[8708] = 29723 29723
[8709] = 30050 30050
[8710] = 30377 30377
[8711] = 30703 30703
[8712] = 31030 31030
[8713] = 31356 31356
[8714] = 31683 31683
[8715] = 32010 32010
[8716] = 32336 32336
[8717] = 32663 32663
[8718] = 32990 32990
[8719] = 33316 33316
[8720] = 33643 33643
[8721] = 33969 33969
[8722] = 34297 34297
[8723] = 34623 34623
[8724] = 34950 34950
[8725] = 35276 35276
[8726] = 0 0
[8727] = 326 326
[8728] = 652 652
[8729] = 979 979
[8730] = 1305 1305
[8731] = 1632 1632
[8732] = 1959 1959
[8733] = 2286 2286
[8734] = 2612 2612
[8735] = 2939 2939
[8736] = 3265 3265
[8737] = 3592 3592
[8738] = 3918 3918
[8739] = 4245 4245
[8740] = 4572 4572
[8741] = 4898 4898
[8742] = 5225 5225
[8743] = 5552 5552
[8744] = 5878 5878
[8745] = 6205 6205
[8746] = 6531 6531
[8747] = 6859 6859
[8748] = 7185 7185
[8749] = 7512 7512
[8750] = 7838 7838
[8751] = 8165 8165
[8752] = 8492 8492
[8753] = 8818 8818
[8754] = 9145 9145
[8755] = 9471 9471
[8756] = 9799 9799
[8757] = 10125 10125
[8758] = 10452 10452
[8759] = 10778 10778
[8760] = 11105 11105
[8761] = 11431 11431
[8762] = 11758 11758
[8763] = 12085 12085
[8764] = 12411 12411
[8765] = 12738 12738
[8766] = 13064 13064
[8767] = 13391 13391
[8768] = 13718 13718
[8769] = 14044 14044
[8770] = 14371 14371
[8771] = 14697 14697
[8772] = 15024 15024
[8773] = 15351 15351
[8774] = 15678 15678
[8775] = 16004 16004
[8776] = 16331 16331
[8777] = 16658 16658
[8778] = 16984 16984
[8779] = 17311 17311
[8780] = 17637 17637
[8781] = 17965 17965
[8782] = 18291 18291
[8783] = 18618 18618
[8784] = 18944 18944
[8785] = 19271 19271
[8786] = 19598 19598
[8787] = 19924 19924
[8788] = 20251 20251
[8789] = 20577 20577
[8790] = 20904 20904
[8791] = 21231 21231
[8792] = 21557 21557
[8793] = 21884 21884
[8794] = 22210 22210
[8795] = 22537 22537
[8796] = 22863 22863
[8797] = 23190 23190
[8798] = 23517 23517
[8799] = 23844 23844
[8800] = 24170 24170
[8801] = 24497 24497
[8802] = 24824 24824
[8803] = 25150 25150
[8804] = 25477 25477
[8805] = 25803 25803
[8806] = 26131 26131
[8807] = 26457 26457
[8808] = 26784 26784
[8809] = 27110 27110
[8810] = 27437 27437
[8811] = 27764 27764
[8812] = 28090 28090
[8813] = 28417 28417
[8814] = 28743 28743
[8815] = 29070 29070
[8816] = 29397 29397
[8817] = 29723 29723
[8818] = 30050 30050
[8819] = 30377 30377
[8820] = 30703 30703
[8821] = 31030 31030
[8822] = 31356 31356
[8823] = 31683 31683
[8824] = 32010 32010
[8825] = 32336 32336
[8826] = 32663 32663
[8827] = 32990 32990
[8828] = 33316 33316
[8829] = 33643 33643
[8830] = 33969 33969
[8831] = 34297 34297
[8832] = 34623 34623
[8833] = 34950 34950
[8834] = 35276 35276
[8835] = 0 0
[8836] = 326 326
[8837] = 652 652
[8838] = 979 979
[8839] = 1305 1305
[8840] = 1632 1632
[8841] = 1959 1959
[8842] = 2286 2286
[8843] = 2612 2612
[8844] = 2939 2939
[8845] = 3265 3265
[8846] = 3592 3592
[8847] = 3918 3918
[8848] = 4245 4245
[8849] = 4572 4572
[8850] = 4898 4898
[8851] = 5225 5225
[8852] = 5552 5552
[8853] = 5878 5878
[8854] = 6205 6205
[8855] = 6531 6531
[8856] = 6859 6859
[8857] = 7185 7185
[8858] = 7512 7512
[8859] = 7838 7838
[8860] = 8165 8165
[8861] = 8492 8492
[8862] = 8818 8818
[8863] = 9145 9145
[8864] = 9471 9471
[8865] = 9799 9799
[8866] = 10125 10125
[8867] = 10452 10452
[8868] = 10778 10778
[8869] = 11105 11105
[8870] = 11431 11431
[8871] = 11758 11758
[8872] = 12085 12085
[8873] = 12411 12411
[8874] = 12738 12738
[8875] = 13064 13064
[8876] = 13391 13391
[8877] = 13718 13718
[8878] = 14044 14044
[8879] = 14371 14371
[8880] = 14697 14697
[8881] = 15024 15024
[8882] = 15351 15351
[8883] = 15678 15678
[8884] = 16004 16004
[8885] = 16331 16331
[8886] = 16658 16658
[8887] = 16984 16984
[8888] = 17311 17311
[8889] = 17637 17637
[8890] = 17965 17965
[8891] = 18291 18291
[8892] = 18618 18618
[8893] = 18944 18944
[8894] = 19271 19271
[8895] = 19598 19598
[8896] = 19924 19924
[8897] = 20251 20251
[8898] = 20577 20577
[8899] = 20904 20904
[8900] = 21231 21231
[8901] = 21557 21557
[8902] = 21884 21884
[8903] = 22210 22210
[8904] = 22537 22537
[8905] = 22863 22863
[8906] = 23190 23190
[8907] = 23517 23517
[8908] = 23844 23844
[8909] = 24170 24170
[8910] = 24497 24497
[8911] = 24824 24824
[8912] = 25150 25150
[8913] = 25477 25477
[8914] = 25803 25803
[8915] = 26131 26131
[8916] = 26457 26457
[8917] = 26784 26784
[8918] = 27110 27110
[8919] = 27437 27437
[8920] = 27764 27764
[8921] = 28090 28090
[8922] = 28417 28417
[8923] = 28743 28743
[8924] = 29070 29070
[8925] = 29397 29397
[8926] = 29723 29723
[8927] = 30050 30050
[8928] = 30377 30377
[8929] = 30703 30703
[8930] = 31030 31030
[8931] = 31356 31356
[8932] = 31683 31683
[8933] = 32010 32010
[8934] = 32336 32336
[8935] = 32663 32663
[8936] = 32990 32990
[8937] = 33316 33316
[8938] = 33643 33643
[8939] = 33969 33969
[8940] = 34297 34297
[8941] = 34623 34623
[8942] = 34950 34950
[8943] = 35276 35276
[8944] = 0 0
[8945] = 326 326
[8946] = 652 652
[8947] = 979 979
[8948] = 1305 1305
[8949] = 1632 1632
[8950] = 1959 1959
[8951] = 2286 2286
[8952] = 2612 2612
[8953] = 2939 2939
[8954] = 3265 3265
[8955] = 3592 3592
[8956] = 3918 3918
[8957] = 4245 4245
[8958] = 4572 4572
[8959] = 4898 4898
[8960] = 5225 5225
[8961] = 5552 5552
[8962] = 5878 5878
[8963] = 6205 6205
[8964] = 6531 6531
[8965] = 6859 6859
[8966] = 7185 7185
[8967] = 7512 7512
[8968] = 7838 7838
[8969] = 8165 8165
[8970] = 8492 8492
[8971] = 8818 8818
[8972] = 9145 9145
[8973] = 9471 9471
[8974] = 9799 9799
[8975] = 10125 10125
[8976] = 10452 10452
[8977] = 10778 10778
[8978] = 11105 11105
[8979] = 11431 11431
[8980] = 11758 11758
[8981] = 12085 12085
[8982] = 12411 12411
[8983] = 12738 12738
[8984] = 13064 13064
[8985] = 13391 13391
[8986] = 13718 13718
[8987] = 14044 14044
[8988] = 14371 14371
[8989] = 14697 14697
[8990] = 15024 15024
[8991] = 15351 15351
[8992] = 15678 15678
[8993] = 16004 16004
[8994] = 16331 16331
[8995] = 16658 16658
[8996] = 16984 16984
[8997] = 17311 17311
[8998] = 17637 17637
[8999] = 17965 17965
[9000] = 18291 18291
[9001] = 18618 18618
[9002] = 18944 18944
[9003] = 19271 19271
[9004] = 19598 19598
[9005] = 19924 19924
[9006] = 20251 20251
[9007] = 20577 20577
[9008] = 20904 20904
[9009] = 21231 21231
[9010] = 21557 21557
[9011] = 21884 21884
[9012] = 22210 22210
[9013] = 22537 22537
[9014] = 22863 22863
[9015] = 23190 23190
[9016] = 23517 23517
[9017] = 23844 23844
[9018] = 24170 24170
[9019] = 24497 24497
[9020] = 24824 24824
[9021] = 25150 25150
[9022] = 25477 25477
[9023] = 25803 25803
[9024] = 26131 26131
[9025] = 26457 26457
[9026] = 26784 26784
[9027] = 27110 27110
[9028] = 27437 27437
[9029] = 27764 27764
[9030] = 28090 28090
[9031] = 28417 28417
[9032] = 28743 28743
[9033] = 29070 29070
[9034] = 29397 29397
[9035] = 29723 29723
[9036] = 30050 30050
[9037] = 30377 30377
[9038] = 30703 30703
[9039] = 31030 31030
[9040] = 31356 31356
[9041] = 31683 31683
[9042] = 32010 32010
[9043] = 32336 32336
[9044] = 32663 32663
[9045] = 32990 32990
[9046] = 33316 33316
[9047] = 33643 33643
[9048] = 33969 33969
[9049] = 34297 34297
[9050] = 34623 34623
[9051] = 34950 34950
[9052] = 35276 35276
[9053] = 0 0
[9054] = 326 326
[9055] = 652 652
[9056] = 979 979
[9057] = 1305 1305
[9058] = 1632 1632
[9059] = 1959 1959
[9060] = 2286 2286
[9061] = 2612 2612
[9062] = 2939 2939
[9063] = 3265 3265
[9064] = 3592 3592
[9065] = 3918 3918
[9066] = 4245 4245
[9067] = 4572 4572
[9068] = 4898 4898
[9069] = 5225 5225
[9070] = 5552 5552
[9071] = 5878 5878
[9072] = 6205 6205
[9073] = 6531 6531
[9074] = 6859 6859
[9075] = 7185 7185
[9076] = 7512 7512
[9077] = 7838 7838
[9078] = 8165 8165
[9079] = 8492 8492
[9080] = 8818 8818
[9081] = 9145 9145
[9082] = 9471 9471
[9083] = 9799 9799
[9084] = 10125 10125
[9085] = 10452 10452
[9086] = 10778 10778
[9087] = 11105 11105
[9088] = 11431 11431
[9089] = 11758 11758
[9090] = 12085 12085
[9091] = 12411 12411
[9092] = 12738 12738
[9093] = 13064 13064
[9094] = 13391 13391
[9095] = 13718 13718
[9096] = 14044 14044
[9097] = 14371 14371
[9098] = 14697 14697
[9099] = 15024 15024
[9100] = 15351 15351
[9101] = 15678 15678
[9102] = 16004 16004
[9103] = 16331 16331
[9104] = 16658 16658
[9105] = 16984 16984
[9106] = 17311 17311
[9107] = 17637 17637
[9108] = 17965 17965
[9109] = 18291 18291
[9110] = 18618 18618
[9111] = 18944 18944
[9112] = 19271 19271
[9113] = 19598 19598
[9114] = 19924 19924
[9115] = 20251 20251
[9116] = 20577 20577
[9117] = 20904 20904
[9118] = 21231 21231
[9119] = 21557 21557
[9120] = 21884 21884
[9121] = 22210 22210
[9122] = 22537 22537
[9123] = 22863 22863
[9124] = 23190 23190
[9125] = 23517 23517
[9126] = 23844 23844
[9127] = 24170 24170
[9128] = 24497 24497
[9129] = 24824 24824
[9130] = 25150 25150
[9131] = 25477 25477
[9132] = 25803 25803
[9133] = 26131 26131
[9134] = 26457 26457
[9135] = 26784 26784
[9136] = 27110 27110
[9137] = 27437 27437
[9138] = 27764 27764
[9139] = 28090 28090
[9140] = 28417 28417
[9141] = 28743 28743
[9142] = 29070 29070
[9143] = 29397 29397
[9144] = 29723 29723
[9145] = 30050 30050
[9146] = 30377 30377
[9147] = 30703 30703
[9148] = 31030 31030
[9149] = 31356 31356
[9150] = 31683 31683
[9151] = 32010 32010
[9152] = 32336 32336
[9153] = 32663 32663
[9154] = 32990 32990
[9155] = 33316 33316
[9156] = 33643 33643
[9157] = 33969 33969
[9158] = 34297 34297
[9159] = 34623 34623
[9160] = 34950 34950
[9161] = 35276 35276
[9162] = 0 0
[9163] = 326 326
[9164] = 652 652
[9165] = 979 979
[9166] = 1305 1305
[9167] = 1632 1632
[9168] = 1959 1959
[9169] = 2286 2286
[9170] = 2612 2612
[9171] = 2939 2939
[9172] = 3265 3265
[9173] = 3592 3592
[9174] = 3918 3918
[9175] = 4245 4245
[9176] = 4572 4572
[9177] = 4898 4898
[9178] = 5225 5225
[9179] = 5552 5552
[9180] = 5878 5878
[9181] = 6205 6205
[9182] = 6531 6531
[9183] = 6859 6859
[9184] = 7185 7185
[9185] = 7512 7512
[9186] = 7838 7838
[9187] = 8165 8165
[9188] = 8492 8492
[9189] = 8818 8818
[9190] = 9145 9145
[9191] = 9471 9471
[9192] = 9799 9799
[9193] = 10125 10125
[9194] = 10452 10452
[9195] = 10778 10778
[9196] = 11105 11105
[9197] = 11431 11431
[9198] = 11758 11758
[9199] = 12085 12085
[9200] = 12411 12411
[9201] = 12738 12738
[9202] = 13064 13064
[9203] = 13391 13391
[9204] = 13718 13718
[9205] = 14044 14044
[9206] = 14371 14371
[9207] = 14697 14697
[9208] = 15024 15024
[9209] = 15351 15351
[9210] = 15678 15678
[9211] = 16004 16004
[9212] = 16331 16331
[9213] = 16658 16658
[9214] = 16984 16984
[9215] = 17311 17311
[9216] = 17637 17637
[9217] = 17965 17965
[9218] = 18291 18291
[9219] = 18618 18618
[9220] = 18944 18944
[9221] = 19271 19271
[9222] = 19598 19598
[9223] = 19924 19924
[9224] = 20251 20251
[9225] = 20577 20577
[9226] = 20904 20904
[9227] = 21231 21231
[9228] = 21557 21557
[9229] = 21884 21884
[9230] = 22210 22210
[9231] = 22537 22537
[9232] = 22863 22863
[9233] = 23190 23190
[9234] = 23517 23517
[9235] = 23844 23844
[9236] = 24170 24170
[9237] = 24497 24497
[9238] = 24824 24824
[9239] = 25150 25150
[9240] = 25477 25477
[9241] = 25803 25803
[9242] = 26131 26131
[9243] = 26457 26457
[9244] = 26784 26784
[9245] = 27110 27110
[9246] = 27437 27437
[9247] = 27764 27764
[9248] = 28090 28090
[9249] = 28417 28417
[9250] = 28743 28743
[9251] = 29070 29070
[9252] = 29397 29397
[9253] = 29723 29723
[9254] = 30050 30050
[9255] = 30377 30377
[9256] = 30703 30703
[9257] = 31030 31030
[9258] = 31356 31356
[9259] = 31683 31683
[9260] = 32010 32010
[9261] = 32336 32336
[9262] = 32663 32663
[9263] = 32990 32990
[9264] = 33316 33316
[9265] = 33643 33643
[9266] = 33969 33969
[9267] = 34297 34297
[9268] = 34623 34623
[9269] = 34950 34950
[9270] = 35276 35276
[9271] = 0 0
[9272] = 326 326
[9273] = 652 652
[9274] = 979 979
[9275] = 1305 1305
[9276] = 1632 1632
[9277] = 1959 1959
[9278] = 2286 2286
[9279] = 2612 2612
[9280] = 2939 2939
[9281] = 3265 3265
[9282] = 3592 3592
[9283] = 3918 3918
[9284] = 4245 4245
[9285] = 4572 4572
[9286] = 4898 4898
[9287] = 5225 5225
[9288] = 5552 5552
[9289] = 5878 5878
[9290] = 6205 6205
[9291] = 6531 6531
[9292] = 6859 6859
[9293] = 7185 7185
[9294] = 7512 7512
[9295] = 7838 7838
[9296] = 8165 8165
[9297] = 8492 8492
[9298] = 8818 8818
[9299] = 9145 9145
[9300] = 9471 9471
[9301] = 9799 9799
[9302] = 10125 10125
[9303] = 10452 10452
[9304] = 10778 10778
[9305] = 11105 11105
[9306] = 11431 11431
[9307] = 11758 11758
[9308] = 12085 12085
[9309] = 12411 12411
[9310] = 12738 12738
[9311] = 13064 13064
[9312] = 13391 13391
[9313] = 13718 13718
[9314] = 14044 14044
[9315] = 14371 14371
[9316] = 14697 14697
[9317] = 15024 15024
[9318] = 15351 15351
[9319] = 15678 15678
[9320] = 16004 16004
[9321] = 16331 16331
[9322] = 16658 16658
[9323] = 16984 16984
[9324] = 17311 17311
[9325] = 17637 17637
[9326] = 17965 17965
[9327] = 18291 18291
[9328] = 18618 18618
[9329] = 18944 18944
[9330] = 19271 19271
[9331] = 19598 19598
[9332] = 19924 19924
[9333] = 20251 20251
[9334] = 20577 20577
[9335] = 20904 20904
[9336] = 21231 21231
[9337] = 21557 21557
[9338] = 21884 21884
[9339] = 22210 22210
[9340] = 22537 22537
[9341] = 22863 22863
[9342] = 23190 23190
[9343] = 23517 23517
[9344] = 23844 23844
[9345] = 24170 24170
[9346] = 24497 24497
[9347] = 24824 24824
[9348] = 25150 25150
[9349] = 25477 25477
[9350] = 25803 25803
[9351] = 26131 26131
[9352] = 26457 26457
[9353] = 26784 26784
[9354] = 27110 27110
[9355] = 27437 27437
[9356] = 27764 27764
[9357] = 28090 28090
[9358] = 28417 28417
[9359] = 28743 28743
[9360] = 29070 29070
[9361] = 29397 29397
[9362] = 29723 29723
[9363] = 30050 30050
[9364] = 30377 30377
[9365] = 30703 30703
[9366] = 31030 31030
[9367] = 31356 31356
[9368] = 31683 31683
[9369] = 32010 32010
[9370] = 32336 32336
[9371] = 32663 32663
[9372] = 32990 32990
[9373] = 33316 33316
[9374] = 33643 33643
[9375] = 33969 33969
[9376] = 34297 34297
[9377] = 34623 34623
[9378] = 34950 34950
[9379] = 35276 35276
[9380] = 0 0
[9381] = 326 326
[9382] = 652 652
[9383] = 979 979
[9384] = 1305 1305
[9385] = 1632 1632
[9386] = 1959 1959
[9387] = 2286 2286
[9388] = 2612 2612
[9389] = 2939 2939
[9390] = 3265 3265
[9391] = 3592 3592
[9392] = 3918 3918
[9393] = 4245 4245
[9394] = 4572 4572
[9395] = 4898 4898
[9396] = 5225 5225
[9397] = 5552 5552
[9398] = 5878 5878
[9399] = 6205 6205
[9400] = 6531 6531
[9401] = 6859 6859
[9402] = 7185 7185
[9403] = 7512 7512
[9404] = 7838 7838
[9405] = 8165 8165
[9406] = 8492 8492
[9407] = 8818 8818
[9408] = 9145 9145
[9409] = 9471 9471
[9410] = 9799 9799
[9411] = 10125 10125
[9412] = 10452 10452
[9413] = 10778 10778
[9414] = 11105 11105
[9415] = 11431 11431
[9416] = 11758 11758
[9417] = 12085 12085
[9418] = 12411 12411
[9419] = 12738 12738
[9420] = 13064 13064
[9421] = 13391 13391
[9422] = 13718 13718
[9423] = 14044 14044
[9424] = 14371 14371
[9425] = 14697 14697
[9426] = 15024 15024
[9427] = 15351 15351
[9428] = 15678 15678
[9429] = 16004 16004
[9430] = 16331 16331
[9431] = 16658 16658
[9432] = 16984 16984
[9433] = 17311 17311
[9434] = 17637 17637
[9435] = 17965 17965
[9436] = 18291 18291
[9437] = 18618 18618
[9438] = 18944 18944
[9439] = 19271 19271
[9440] = 19598 19598
[9441] = 19924 19924
[9442] = 20251 20251
[9443] = 20577 20577
[9444] = 20904 20904
[9445] = 21231 21231
[9446] = 21557 21557
[9447] = 21884 21884
[9448] = 22210 22210
[9449] = 22537 22537
[9450] = 22863 22863
[9451] = 23190 23190
[9452] = 23517 23517
[9453] = 23844 23844
[9454] = 24170 24170
[9455] = 24497 24497
[9456] = 24824 24824
[9457] = 25150 25150
[9458] = 25477 25477
[9459] = 25803 25803
[9460] = 26131 26131
[9461] = 26457 26457
[9462] = 26784 26784
[9463] = 27110 27110
[9464] = 27437 27437
[9465] = 27764 27764
[9466] = 28090 28090
[9467] = 28417 28417
[9468] = 28743 28743
[9469] = 29070 29070
[9470] = 29397 29397
[9471] = 29723 29723
[9472] = 30050 30050
[9473] = 30377 30377
[9474] = 30703 30703
[9475] = 31030 31030
[9476] = 31356 31356
[9477] = 31683 31683
[9478] = 32010 32010
[9479] = 32336 32336
[9480] = 32663 32663
[9481] = 32990 32990
[9482] = 33316 33316
[9483] = 33643 33643
[9484] = 33969 33969
[9485] = 34297 34297
[9486] = 34623 34623
[9487] = 34950 34950
[9488] = 35276 35276
[9489] = 0 0
[9490] = 326 326
[9491] = 652 652
[9492] = 979 979
[9493] = 1305 1305
[9494] = 1632 1632
[9495] = 1959 1959
[9496] = 2286 2286
[9497] = 2612 2612
[9498] = 2939 2939
[9499] = 3265 3265
[9500] = 3592 3592
[9501] = 3918 3918
[9502] = 4245 4245
[9503] = 4572 4572
[9504] = 4898 4898
[9505] = 5225 5225
[9506] = 5552 5552
[9507] = 5878 5878
[9508] = 6205 6205
[9509] = 6531 6531
[9510] = 6859 6859
[9511] = 7185 7185
[9512] = 7512 7512
[9513] = 7838 7838
[9514] = 8165 8165
[9515] = 8492 8492
[9516] = 8818 8818
[9517] = 9145 9145
[9518] = 9471 9471
[9519] = 9799 9799
[9520] = 10125 10125
[9521] = 10452 10452
[9522] = 10778 10778
[9523] = 11105 11105
[9524] = 11431 11431
[9525] = 11758 11758
[9526] = 12085 12085
[9527] = 12411 12411
[9528] = 12738 12738
[9529] = 13064 13064
[9530] = 13391 13391
[9531] = 13718 13718
[9532] = 14044 14044
[9533] = 14371 14371
[9534] = 14697 14697
[9535] = 15024 15024
[9536] = 15351 15351
[9537] = 15678 15678
[9538] = 16004 16004
[9539] = 16331 16331
[9540] = 16658 16658
[9541] = 16984 16984
[9542] = 17311 17311
[9543] = 17637 17637
[9544] = 17965 17965
[9545] = 18291 18291
[9546] = 18618 18618
[9547] = 18944 18944
[9548] = 19271 19271
[9549] = 19598 19598
[9550] = 19924 19924
[9551] = 20251 20251
[9552] = 20577 20577
[9553] = 20904 20904
[9554] = 21231 21231
[9555] = 21557 21557
[9556] = 21884 21884
[9557] = 22210 22210
[9558] = 22537 22537
[9559] = 22863 22863
[9560] = 23190 23190
[9561] = 23517 23517
[9562] = 23844 23844
[9563] = 24170 24170
[9564] = 24497 24497
[9565] = 24824 24824
[9566] = 25150 25150
[9567] = 25477 25477
[9568] = 25803 25803
[9569] = 26131 26131
[9570] = 26457 26457
[9571] = 26784 26784
[9572] = 27110 27110
[9573] = 27437 27437
[9574] = 27764 27764
[9575] = 28090 28090
[9576] = 28417 28417
[9577] = 28743 28743
[9578] = 29070 29070
[9579] = 29397 29397
[9580] = 29723 29723
[9581] = 30050 30050
[9582] = 30377 30377
[9583] = 30703 30703
[9584] = 31030 31030
[9585] = 31356 31356
[9586] = 31683 31683
[9587] = 32010 32010
[9588] = 32336 32336
[9589] = 32663 32663
[9590] = 32990 32990
[9591] = 33316 33316
[9592] = 33643 33643
[9593] = 33969 33969
[9594] = 34297 34297
[9595] = 34623 34623
[9596] = 34950 34950
[9597] = 35276 35276
[9598] = 0 0
[9599] = 326 326
[9600] = 652 652
[9601] = 979 979
[9602] = 1305 1305
[9603] = 1632 1632
[9604] = 1959 1959
[9605] = 2286 2286
[9606] = 2612 2612
[9607] = 2939 2939
[9608] = 3265 3265
[9609] = 3592 3592
[9610] = 3918 3918
[9611] = 4245 4245
[9612] = 4572 4572
[9613] = 4898 4898
[9614] = 5225 5225
[9615] = 5552 5552
[9616] = 5878 5878
[9617] = 6205 6205
[9618] = 6531 6531
[9619] = 6859 6859
[9620] = 7185 7185
[9621] = 7512 7512
[9622] = 7838 7838
[9623] = 8165 8165
[9624] = 8492 8492
[9625] = 8818 8818
[9626] = 9145 9145
[9627] = 9471 9471
[9628] = 9799 9799
[9629] = 10125 10125
[9630] = 10452 10452
[9631] = 10778 10778
[9632] = 11105 11105
[9633] = 11431 11431
[9634] = 11758 11758
[9635] = 12085 12085
[9636] = 12411 12411
[9637] = 12738 12738
[9638] = 13064 13064
[9639] = 13391 13391
[9640] = 13718 13718
[9641] = 14044 14044
[9642] = 14371 14371
[9643] = 14697 14697
[9644] = 15024 15024
[9645] = 15351 15351
[9646] = 15678 15678
[9647] = 16004 16004
[9648] = 16331 16331
[9649] = 16658 16658
[9650] = 16984 16984
[9651] = 17311 17311
[9652] = 17637 17637
[9653] = 17965 17965
[9654] = 18291 18291
[9655] = 18618 18618
[9656] = 18944 18944
[9657] = 19271 19271
[9658] = 19598 19598
[9659] = 19924 19924
[9660] = 20251 20251
[9661] = 20577 20577
[9662] = 20904 20904
[9663] = 21231 21231
[9664] = 21557 21557
[9665] = 21884 21884
[9666] = 22210 22210
[9667] = 22537 22537
[9668] = 22863 22863
[9669] = 23190 23190
[9670] = 23517 23517
[9671] = 23844 23844
[9672] = 24170 24170
[9673] = 24497 24497
[9674] = 24824 24824
[9675] = 25150 25150
[9676] = 25477 25477
[9677] = 25803 25803
[9678] = 26131 26131
[9679] = 26457 26457
[9680] = 26784 26784
[9681] = 27110 27110
[9682] = 27437 27437
[9683] = 27764 27764
[9684] = 28090 28090
[9685] = 28417 28417
[9686] = 28743 28743
[9687] = 29070 29070
[9688] = 29397 29397
[9689] = 29723 29723
[9690] = 30050 30050
[9691] = 30377 30377
[9692] = 30703 30703
[9693] = 31030 31030
[9694] = 31356 31356
[9695] = 31683 31683
[9696] = 32010 32010
[9697] = 32336 32336
[9698] = 32663 32663
[9699] = 32990 32990
[9700] = 33316 33316
[9701] = 33643 33643
[9702] = 33969 33969
[9703] = 34297 34297
[9704] = 34623 34623
[9705] = 34950 34950
[9706] = 35276 35276
[9707] = 0 0
[9708] = 323 323
[9709] = 646 646
[9710] = 970 970
[9711] = 1294 1294
[9712] = 1617 1617
[9713] = 1941 1941
[9714] = 2264 2264
[9715] = 2589 2589
[9716] = 2912 2912
[9717] = 3235 3235
[9718] = 3560 3560
[9719] = 3883 3883
[9720] = 4207 4207
[9721] = 4530 4530
[9722] = 4854 4854
[9723] = 5178 5178
[9724] = 5501 5501
[9725] = 5825 5825
[9726] = 6149 6149
[9727] = 6472 6472
[9728] = 6796 6796
[9729] = 7120 7120
[9730] = 7443 7443
[9731] = 7767 7767
[9732] = 8091 8091
[9733] = 8415 8415
[9734] = 8738 8738
[9735] = 9062 9062
[9736] = 9385 9385
[9737] = 9709 9709
[9738] = 10032 10032
[9739] = 10356 10356
[9740] = 10680 10680
[9741] = 11004 11004
[9742] = 11328 11328
[9743] = 11651 11651
[9744] = 11975 11975
[9745] = 12299 12299
[9746] = 12622 12622
[9747] = 12946 12946
[9748] = 13270 13270
[9749] = 13593 13593
[9750] = 13917 13917
[9751] = 14241 14241
[9752] = 14564 14564
[9753] = 14888 14888
[9754] = 15211 15211
[9755] = 15536 15536
[9756] = 15859 15859
[9757] = 16182 16182
[9758] = 16506 16506
[9759] = 16830 16830
[9760] = 17153 17153
[9761] = 17477 17477
[9762] = 17801 17801
[9763] = 18125 18125
[9764] = 18448 18448
[9765] = 18771 18771
[9766] = 19096 19096
[9767] = 19419 19419
[9768] = 19743 19743
[9769] = 20067 20067
[9770] = 20390 20390
[9771] = 20714 20714
[9772] = 21038 21038
[9773] = 21362 21362
[9774] = 21685 21685
[9775] = 22009 22009
[9776] = 22332 22332
[9777] = 22656 22656
[9778] = 22979 22979
[9779] = 23303 23303
[9780] = 23627 23627
[9781] = 23951 23951
[9782] = 24274 24274
[9783] = 24598 24598
[9784] = 24922 24922
[9785] = 25246 25246
[9786] = 25569 25569
[9787] = 25892 25892
[9788] = 26217 26217
[9789] = 26540 26540
[9790] = 26864 26864
[9791] = 27188 27188
[9792] = 27511 27511
[9793] = 27835 27835
[9794] = 28158 28158
[9795] = 28483 28483
[9796] = 28806 28806
[9797] = 29129 29129
[9798] = 29453 29453
[9799] = 29777 29777
[9800] = 30100 30100
[9801] = 30424 30424
[9802] = 30748 30748
[9803] = 31072 31072
[9804] = 31395 31395
[9805] = 31719 31719
[9806] = 32043 32043
[9807] = 32366 32366
[9808] = 32690 32690
[9809] = 33013 33013
[9810] = 33337 33337
[9811] = 33661 33661
[9812] = 33985 33985
[9813] = 34308 34308
[9814] = 34632 34632
[9815] = 34956 34956
[9816] = 35279 35279
[9817] = 0 0
[9818] = 326 326
[9819] = 652 652
[9820] = 979 979
[9821] = 1305 1305
[9822] = 1632 1632
[9823] = 1959 1959
[9824] = 2286 2286
[9825] = 2612 2612
[9826] = 2939 2939
[9827] = 3265 3265
[9828] = 3592 3592
[9829] = 3918 3918
[9830] = 4245 4245
[9831] = 4572 4572
[9832] = 4898 4898
[9833] = 5225 5225
[9834] = 5552 5552
[9835] = 5878 5878
[9836] = 6205 6205
[9837] = 6531 6531
[9838] = 6859 6859
[9839] = 7185 7185
[9840] = 7512 7512
[9841] = 7838 7838
[9842] = 8165 8165
[9843] = 8492 8492
[9844] = 8818 8818
[9845] = 9145 9145
[9846] = 9471 9471
[9847] = 9799 9799
[9848] = 10125 10125
[9849] = 10452 10452
[9850] = 10778 10778
[9851] = 11105 11105
[9852] = 11431 11431
[9853] = 11758 11758
[9854] = 12085 12085
[9855] = 12411 12411
[9856] = 12738 12738
[9857] = 13064 13064
[9858] = 13391 13391
[9859] = 13718 13718
[9860] = 14044 14044
[9861] = 14371 14371
[9862] = 14697 14697
[9863] = 15024 15024
[9864] = 15351 15351
[9865] = 15678 15678
[9866] = 16004 16004
[9867] = 16331 16331
[9868] = 16658 16658
[9869] = 16984 16984
[9870] = 17311 17311
[9871] = 17637 17637
[9872] = 17965 17965
[9873] = 18291 18291
[9874] = 18618 18618
[9875] = 18944 18944
[9876] = 19271 19271
[9877] = 19598 19598
[9878] = 19924 19924
[9879] = 20251 20251
[9880] = 20577 20577
[9881] = 20904 20904
[9882] = 21231 21231
[9883] = 21557 21557
[9884] = 21884 21884
[9885] = 22210 22210
[9886] = 22537 22537
[9887] = 22863 22863
[9888] = 23190 23190
[9889] = 23517 23517
[9890] = 23844 23844
[9891] = 24170 24170
[9892] = 24497 24497
[9893] = 24824 24824
[9894] = 25150 25150
[9895] = 25477 25477
[9896] = 25803 25803
[9897] = 26131 26131
[9898] = 26457 26457
[9899] = 26784 26784
[9900] = 27110 27110
[9901] = 27437 27437
[9902] = 27764 27764
[9903] = 28090 28090
[9904] = 28417 28417
[9905] = 28743 28743
[9906] = 29070 29070
[9907] = 29397 29397
[9908] = 29723 29723
[9909] = 30050 30050
[9910] = 30377 30377
[9911] = 30703 30703
[9912] = 31030 31030
[9913] = 31356 31356
[9914] = 31683 31683
[9915] = 32010 32010
[9916] = 32336 32336
[9917] = 32663 32663
[9918] = 32990 32990
[9919] = 33316 33316
[9920] = 33643 33643
[9921] = 33969 33969
[9922] = 34297 34297
[9923] = 34623 34623
[9924] = 34950 34950
[9925] = 35276 35276
[9926] = 0 0
[9927] = 326 326
[9928] = 652 652
[9929] = 979 979
[9930] = 1305 1305
[9931] = 1632 1632
[9932] = 1959 1959
[9933] = 2286 2286
[9934] = 2612 2612
[9935] = 2939 2939
[9936] = 3265 3265
[9937] = 3592 3592
[9938] = 3918 3918
[9939] = 4245 4245
[9940] = 4572 4572
[9941] = 4898 4898
[9942] = 5225 5225
[9943] = 5552 5552
[9944] = 5878 5878
[9945] = 6205 6205
[9946] = 6531 6531
[9947] = 6859 6859
[9948] = 7185 7185
[9949] = 7512 7512
[9950] = 7838 7838
[9951] = 8165 8165
[9952] = 8492 8492
[9953] = 8818 8818
[9954] = 9145 9145
[9955] = 9471 9471
[9956] = 9799 9799
[9957] = 10125 10125
[9958] = 10452 10452
[9959] = 10778 10778
[9960] = 11105 11105
[9961] = 11431 11431
[9962] = 11758 11758
[9963] = 12085 12085
[9964] = 12411 12411
[9965] = 12738 12738
[9966] = 13064 13064
[9967] = 13391 13391
[9968] = 13718 13718
[9969] = 14044 14044
[9970] = 14371 14371
[9971] = 14697 14697
[9972] = 15024 15024
[9973] = 15351 15351
[9974] = 15678 15678
[9975] = 16004 16004
[9976] = 16331 16331
[9977] = 16658 16658
[9978] = 16984 16984
[9979] = 17311 17311
[9980] = 17637 17637
[9981] = 17965 17965
[9982] = 18291 18291
[9983] = 18618 18618
[9984] = 18944 18944
[9985] = 19271 19271
[9986] = 19598 19598
[9987] = 19924 19924
[9988] = 20251 20251
[9989] = 20577 20577
[9990] = 20904 20904
[9991] = 21231 21231
[9992] = 21557 21557
[9993] = 21884 21884
[9994] = 22210 22210
[9995] = 22537 22537
[9996] = 22863 22863
[9997] = 23190 23190
[9998] = 23517 23517
[9999] = 23844 23844

