[0] = 0 0
[1] = 0 0
[2] = 0 0
[3] = 0 0
[4] = 0 0
[5] = 0 0
[6] = 0 0
[7] = 0 0
[8] = 0 0
[9] = 0 0
[10] = 0 0
[11] = 3 3
[12] = 7 7
[13] = 12 12
[14] = 19 19
[15] = 28 28
[16] = 39 39
[17] = 51 51
[18] = 65 65
[19] = 80 80
[20] = 97 97
[21] = 115 115
[22] = 136 136
[23] = 158 158
[24] = 182 182
[25] = 207 207
[26] = 233 233
[27] = 262 262
[28] = 292 292
[29] = 323 323
[30] = 356 356
[31] = 391 391
[32] = 428 428
[33] = 465 465
[34] = 505 505
[35] = 547 547
[36] = 590 590
[37] = 634 634
[38] = 680 680
[39] = 728 728
[40] = 778 778
[41] = 829 829
[42] = 881 881
[43] = 936 936
[44] = 992 992
[45] = 1049 1049
[46] = 1108 1108
[47] = 1169 1169
[48] = 1231 1231
[49] = 1295 1295
[50] = 1361 1361
[51] = 1428 1428
[52] = 1497 1497
[53] = 1567 1567
[54] = 1640 1640
[55] = 1713 1713
[56] = 1789 1789
[57] = 1865 1865
[58] = 1945 1945
[59] = 2025 2025
[60] = 2106 2106
[61] = 2189 2189
[62] = 2275 2275
[63] = 2362 2362
[64] = 2405 2405
[65] = 2403 2403
[66] = 2400 2400
[67] = 2396 2396
[68] = 2389 2389
[69] = 2380 2380
[70] = 2371 2371
[71] = 2360 2360
[72] = 2346 2346
[73] = 2332 2332
[74] = 2316 2316
[75] = 2298 2298
[76] = 2278 2278
[77] = 2258 2258
[78] = 2235 2235
[79] = 2211 2211
[80] = 2185 2185
[81] = 2157 2157
[82] = 2128 2128
[83] = 2097 2097
[84] = 2065 2065
[85] = 2031 2031
[86] = 1995 1995
[87] = 1958 1958
[88] = 1919 1919
[89] = 1879 1879
[90] = 1836 1836
[91] = 1793 1793
[92] = 1747 1747
[93] = 1700 1700
[94] = 1652 1652
[95] = 1602 1602
[96] = 1550 1550
[97] = 1496 1496
[98] = 1441 1441
[99] = 1384 1384
[100] = 1326 1326
[101] = 1266 1266
[102] = 1204 1204
[103] = 1142 1142
[104] = 1077 1077
[105] = 1010 1010
[106] = 942 942
[107] = 872 872
[108] = 801 801
[109] = 728 728
[110] = 654 654
[111] = 578 578
[112] = 500 500
[113] = 421 421
[114] = 339 339
[115] = 256 256
[116] = 173 173
[117] = 87 87
[118] = 0 0
[119] = 88 88
[120] = 179 179
[121] = 271 271
[122] = 365 365
[123] = 461 461
[124] = 558 558
[125] = 657 657
[126] = 758 758
[127] = 860 860
[128] = 963 963
[129] = 1068 1068
[130] = 1176 1176
[131] = 1284 1284
[132] = 1394 1394
[133] = 1506 1506
[134] = 1620 1620
[135] = 1734 1734
[136] = 1851 1851
[137] = 1970 1970
[138] = 2089 2089
[139] = 2211 2211
[140] = 2334 2334
[141] = 2459 2459
[142] = 2585 2585
[143] = 2713 2713
[144] = 2842 2842
[145] = 2974 2974
[146] = 3107 3107
[147] = 3241 3241
[148] = 3378 3378
[149] = 3515 3515
[150] = 3654 3654
[151] = 3795 3795
[152] = 3938 3938
[153] = 4083 4083
[154] = 4228 4228
[155] = 4375 4375
[156] = 4525 4525
[157] = 4675 4675
[158] = 4828 4828
[159] = 4982 4982
[160] = 5137 5137
[161] = 5294 5294
[162] = 5453 5453
[163] = 5613 5613
[164] = 5776 5776
[165] = 5939 5939
[166] = 6105 6105
[167] = 6271 6271
[168] = 6440 6440
[169] = 6610 6610
[170] = 6781 6781
[171] = 6956 6956
[172] = 7131 7131
[173] = 7174 7174
[174] = 7084 7084
[175] = 6993 6993
[176] = 6899 6899
[177] = 6804 6804
[178] = 6708 6708
[179] = 6610 6610
[180] = 6510 6510
[181] = 6409 6409
[182] = 6306 6306
[183] = 6202 6202
[184] = 6096 6096
[185] = 5988 5988
[186] = 5879 5879
[187] = 5767 5767
[188] = 5655 5655
[189] = 5541 5541
[190] = 5425 5425
[191] = 5307 5307
[192] = 5188 5188
[193] = 5067 5067
[194] = 4945 4945
[195] = 4821 4821
[196] = 4695 4695
[197] = 4568 4568
[198] = 4440 4440
[199] = 4309 4309
[200] = 4177 4177
[201] = 4043 4043
[202] = 3908 3908
[203] = 3771 3771
[204] = 3633 3633
[205] = 3493 3493
[206] = 3351 3351
[207] = 3207 3207
[208] = 3062 3062
[209] = 2916 2916
[210] = 2767 2767
[211] = 2617 2617
[212] = 2466 2466
[213] = 2313 2313
[214] = 2158 2158
[215] = 2002 2002
[216] = 1844 1844
[217] = 1684 1684
[218] = 1523 1523
[219] = 1360 1360
[220] = 1196 1196
[221] = 1029 1029
[222] = 862 862
[223] = 692 692
[224] = 522 522
[225] = 349 349
[226] = 175 175
[227] = 0 0
[228] = 176 176
[229] = 356 356
[230] = 536 536
[231] = 719 719
[232] = 902 902
[233] = 1088 1088
[234] = 1275 1275
[235] = 1464 1464
[236] = 1654 1654
[237] = 1847 1847
[238] = 2040 2040
[239] = 2236 2236
[240] = 2432 2432
[241] = 2630 2630
[242] = 2831 2831
[243] = 3032 3032
[244] = 3236 3236
[245] = 3441 3441
[246] = 3647 3647
[247] = 3856 3856
[248] = 4065 4065
[249] = 4277 4277
[250] = 4490 4490
[251] = 4705 4705
[252] = 4921 4921
[253] = 5139 5139
[254] = 5359 5359
[255] = 5580 5580
[256] = 5802 5802
[257] = 6026 6026
[258] = 6253 6253
[259] = 6481 6481
[260] = 6710 6710
[261] = 6940 6940
[262] = 7173 7173
[263] = 7407 7407
[264] = 7643 7643
[265] = 7880 7880
[266] = 8119 8119
[267] = 8360 8360
[268] = 8602 8602
[269] = 8846 8846
[270] = 9092 9092
[271] = 9338 9338
[272] = 9587 9587
[273] = 9838 9838
[274] = 10089 10089
[275] = 10343 10343
[276] = 10598 10598
[277] = 10855 10855
[278] = 11114 11114
[279] = 11374 11374
[280] = 11635 11635
[281] = 11899 11899
[282] = 11943 11943
[283] = 11764 11764
[284] = 11585 11585
[285] = 11403 11403
[286] = 11220 11220
[287] = 11035 11035
[288] = 10849 10849
[289] = 10661 10661
[290] = 10471 10471
[291] = 10280 10280
[292] = 10088 10088
[293] = 9893 9893
[294] = 9697 9697
[295] = 9499 9499
[296] = 9300 9300
[297] = 9099 9099
[298] = 8896 8896
[299] = 8692 8692
[300] = 8487 8487
[301] = 8279 8279
[302] = 8069 8069
[303] = 7859 7859
[304] = 7647 7647
[305] = 7433 7433
[306] = 7218 7218
[307] = 7000 7000
[308] = 6782 6782
[309] = 6561 6561
[310] = 6339 6339
[311] = 6116 6116
[312] = 5890 5890
[313] = 5664 5664
[314] = 5435 5435
[315] = 5205 5205
[316] = 4973 4973
[317] = 4740 4740
[318] = 4506 4506
[319] = 4268 4268
[320] = 4031 4031
[321] = 3791 3791
[322] = 3549 3549
[323] = 3306 3306
[324] = 3062 3062
[325] = 2815 2815
[326] = 2568 2568
[327] = 2318 2318
[328] = 2066 2066
[329] = 1814 1814
[330] = 1559 1559
[331] = 1304 1304
[332] = 1046 1046
[333] = 786 786
[334] = 526 526
[335] = 263 263
[336] = 0 0
[337] = 265 265
[338] = 532 532
[339] = 801 801
[340] = 1072 1072
[341] = 1344 1344
[342] = 1618 1618
[343] = 1893 1893
[344] = 2170 2170
[345] = 2449 2449
[346] = 2730 2730
[347] = 3011 3011
[348] = 3295 3295
[349] = 3580 3580
[350] = 3867 3867
[351] = 4155 4155
[352] = 4445 4445
[353] = 4737 4737
[354] = 5030 5030
[355] = 5325 5325
[356] = 5622 5622
[357] = 5920 5920
[358] = 6219 6219
[359] = 6521 6521
[360] = 6824 6824
[361] = 7129 7129
[362] = 7434 7434
[363] = 7743 7743
[364] = 8052 8052
[365] = 8363 8363
[366] = 8676 8676
[367] = 8990 8990
[368] = 9306 9306
[369] = 9624 9624
[370] = 9943 9943
[371] = 10264 10264
[372] = 10587 10587
[373] = 10910 10910
[374] = 11236 11236
[375] = 11564 11564
[376] = 11892 11892
[377] = 12223 12223
[378] = 12555 12555
[379] = 12889 12889
[380] = 13224 13224
[381] = 13561 13561
[382] = 13900 13900
[383] = 14240 14240
[384] = 14582 14582
[385] = 14926 14926
[386] = 15271 15271
[387] = 15618 15618
[388] = 15966 15966
[389] = 16316 16316
[390] = 16668 16668
[391] = 16712 16712
[392] = 16444 16444
[393] = 16177 16177
[394] = 15907 15907
[395] = 15635 15635
[396] = 15362 15362
[397] = 15088 15088
[398] = 14811 14811
[399] = 14533 14533
[400] = 14254 14254
[401] = 13973 13973
[402] = 13690 13690
[403] = 13405 13405
[404] = 13120 13120
[405] = 12832 12832
[406] = 12543 12543
[407] = 12252 12252
[408] = 11960 11960
[409] = 11666 11666
[410] = 11370 11370
[411] = 11072 11072
[412] = 10774 10774
[413] = 10473 10473
[414] = 10171 10171
[415] = 9867 9867
[416] = 9561 9561
[417] = 9254 9254
[418] = 8946 8946
[419] = 8635 8635
[420] = 8324 8324
[421] = 8010 8010
[422] = 7695 7695
[423] = 7378 7378
[424] = 7059 7059
[425] = 6740 6740
[426] = 6418 6418
[427] = 6095 6095
[428] = 5770 5770
[429] = 5443 5443
[430] = 5115 5115
[431] = 4786 4786
[432] = 4454 4454
[433] = 4121 4121
[434] = 3786 3786
[435] = 3451 3451
[436] = 3112 3112
[437] = 2773 2773
[438] = 2432 2432
[439] = 2089 2089
[440] = 1745 1745
[441] = 1399 1399
[442] = 1051 1051
[443] = 703 703
[444] = 351 351
[445] = 0 0
[446] = 353 353
[447] = 709 709
[448] = 1066 1066
[449] = 1425 1425
[450] = 1786 1786
[451] = 2148 2148
[452] = 2512 2512
[453] = 2876 2876
[454] = 3244 3244
[455] = 3613 3613
[456] = 3983 3983
[457] = 4355 4355
[458] = 4728 4728
[459] = 5103 5103
[460] = 5480 5480
[461] = 5858 5858
[462] = 6238 6238
[463] = 6620 6620
[464] = 7003 7003
[465] = 7388 7388
[466] = 7774 7774
[467] = 8162 8162
[468] = 8552 8552
[469] = 8944 8944
[470] = 9336 9336
[471] = 9731 9731
[472] = 10127 10127
[473] = 10525 10525
[474] = 10924 10924
[475] = 11325 11325
[476] = 11728 11728
[477] = 12132 12132
[478] = 12538 12538
[479] = 12945 12945
[480] = 13355 13355
[481] = 13766 13766
[482] = 14178 14178
[483] = 14592 14592
[484] = 15008 15008
[485] = 15425 15425
[486] = 15843 15843
[487] = 16264 16264
[488] = 16686 16686
[489] = 17110 17110
[490] = 17535 17535
[491] = 17963 17963
[492] = 18391 18391
[493] = 18821 18821
[494] = 19252 19252
[495] = 19687 19687
[496] = 20121 20121
[497] = 20558 20558
[498] = 20996 20996
[499] = 21437 21437
[500] = 21480 21480
[501] = 21125 21125
[502] = 20768 20768
[503] = 20411 20411
[504] = 20051 20051
[505] = 19689 19689
[506] = 19327 19327
[507] = 18962 18962
[508] = 18596 18596
[509] = 18228 18228
[510] = 17859 17859
[511] = 17488 17488
[512] = 17115 17115
[513] = 16741 16741
[514] = 16365 16365
[515] = 15987 15987
[516] = 15608 15608
[517] = 15227 15227
[518] = 14845 14845
[519] = 14461 14461
[520] = 14074 14074
[521] = 13688 13688
[522] = 13299 13299
[523] = 12908 12908
[524] = 12516 12516
[525] = 12122 12122
[526] = 11728 11728
[527] = 11330 11330
[528] = 10931 10931
[529] = 10532 10532
[530] = 10129 10129
[531] = 9726 9726
[532] = 9321 9321
[533] = 8914 8914
[534] = 8506 8506
[535] = 8096 8096
[536] = 7684 7684
[537] = 7271 7271
[538] = 6856 6856
[539] = 6440 6440
[540] = 6022 6022
[541] = 5602 5602
[542] = 5181 5181
[543] = 4758 4758
[544] = 4334 4334
[545] = 3908 3908
[546] = 3479 3479
[547] = 3050 3050
[548] = 2619 2619
[549] = 2187 2187
[550] = 1752 1752
[551] = 1317 1317
[552] = 879 879
[553] = 440 440
[554] = 0 0
[555] = 441 441
[556] = 885 885
[557] = 1331 1331
[558] = 1778 1778
[559] = 2227 2227
[560] = 2677 2677
[561] = 3130 3130
[562] = 3583 3583
[563] = 4038 4038
[564] = 4496 4496
[565] = 4954 4954
[566] = 5414 5414
[567] = 5876 5876
[568] = 6340 6340
[569] = 6804 6804
[570] = 7271 7271
[571] = 7739 7739
[572] = 8210 8210
[573] = 8681 8681
[574] = 9154 9154
[575] = 9629 9629
[576] = 10105 10105
[577] = 10583 10583
[578] = 11063 11063
[579] = 11544 11544
[580] = 12027 12027
[581] = 12511 12511
[582] = 12998 12998
[583] = 13485 13485
[584] = 13975 13975
[585] = 14465 14465
[586] = 14958 14958
[587] = 15452 15452
[588] = 15948 15948
[589] = 16446 16446
[590] = 16945 16945
[591] = 17446 17446
[592] = 17947 17947
[593] = 18452 18452
[594] = 18957 18957
[595] = 19464 19464
[596] = 19972 19972
[597] = 20484 20484
[598] = 20995 20995
[599] = 21509 21509
[600] = 22025 22025
[601] = 22541 22541
[602] = 23060 23060
[603] = 23579 23579
[604] = 24102 24102
[605] = 24625 24625
[606] = 25150 25150
[607] = 25676 25676
[608] = 26206 26206
[609] = 26249 26249
[610] = 25805 25805
[611] = 25360 25360
[612] = 24915 24915
[613] = 24466 24466
[614] = 24016 24016
[615] = 23565 23565
[616] = 23113 23113
[617] = 22658 22658
[618] = 22201 22201
[619] = 21744 21744
[620] = 21285 21285
[621] = 20824 20824
[622] = 20361 20361
[623] = 19897 19897
[624] = 19431 19431
[625] = 18964 18964
[626] = 18494 18494
[627] = 18024 18024
[628] = 17551 17551
[629] = 17077 17077
[630] = 16602 16602
[631] = 16125 16125
[632] = 15646 15646
[633] = 15165 15165
[634] = 14683 14683
[635] = 14200 14200
[636] = 13714 13714
[637] = 13227 13227
[638] = 12739 12739
[639] = 12249 12249
[640] = 11757 11757
[641] = 11264 11264
[642] = 10769 10769
[643] = 10272 10272
[644] = 9774 9774
[645] = 9274 9274
[646] = 8772 8772
[647] = 8269 8269
[648] = 7764 7764
[649] = 7258 7258
[650] = 6750 6750
[651] = 6240 6240
[652] = 5729 5729
[653] = 5217 5217
[654] = 4702 4702
[655] = 4186 4186
[656] = 3669 3669
[657] = 3149 3149
[658] = 2628 2628
[659] = 2105 2105
[660] = 1581 1581
[661] = 1056 1056
[662] = 528 528
[663] = 0 0
[664] = 530 530
[665] = 1062 1062
[666] = 1596 1596
[667] = 2131 2131
[668] = 2669 2669
[669] = 3207 3207
[670] = 3748 3748
[671] = 4290 4290
[672] = 4833 4833
[673] = 5378 5378
[674] = 5925 5925
[675] = 6474 6474
[676] = 7024 7024
[677] = 7576 7576
[678] = 8129 8129
[679] = 8684 8684
[680] = 9241 9241
[681] = 9799 9799
[682] = 10359 10359
[683] = 10920 10920
[684] = 11483 11483
[685] = 12048 12048
[686] = 12615 12615
[687] = 13182 13182
[688] = 13752 13752
[689] = 14323 14323
[690] = 14895 14895
[691] = 15470 15470
[692] = 16046 16046
[693] = 16624 16624
[694] = 17203 17203
[695] = 17784 17784
[696] = 18366 18366
[697] = 18950 18950
[698] = 19537 19537
[699] = 20124 20124
[700] = 20713 20713
[701] = 21304 21304
[702] = 21896 21896
[703] = 22490 22490
[704] = 23085 23085
[705] = 23682 23682
[706] = 24281 24281
[707] = 24881 24881
[708] = 25483 25483
[709] = 26086 26086
[710] = 26692 26692
[711] = 27299 27299
[712] = 27907 27907
[713] = 28517 28517
[714] = 29129 29129
[715] = 29742 29742
[716] = 30357 30357
[717] = 30974 30974
[718] = 31018 31018
[719] = 30486 30486
[720] = 29952 29952
[721] = 29418 29418
[722] = 28882 28882
[723] = 28344 28344
[724] = 27804 27804
[725] = 27263 27263
[726] = 26720 26720
[727] = 26176 26176
[728] = 25630 25630
[729] = 25082 25082
[730] = 24532 24532
[731] = 23982 23982
[732] = 23429 23429
[733] = 22875 22875
[734] = 22319 22319
[735] = 21762 21762
[736] = 21204 21204
[737] = 20642 20642
[738] = 20080 20080
[739] = 19516 19516
[740] = 18951 18951
[741] = 18383 18383
[742] = 17815 17815
[743] = 17244 17244
[744] = 16673 16673
[745] = 16099 16099
[746] = 15524 15524
[747] = 14947 14947
[748] = 14368 14368
[749] = 13789 13789
[750] = 13206 13206
[751] = 12623 12623
[752] = 12038 12038
[753] = 11451 11451
[754] = 10864 10864
[755] = 10273 10273
[756] = 9682 9682
[757] = 9089 9089
[758] = 8494 8494
[759] = 7898 7898
[760] = 7300 7300
[761] = 6701 6701
[762] = 6100 6100
[763] = 5497 5497
[764] = 4892 4892
[765] = 4286 4286
[766] = 3679 3679
[767] = 3070 3070
[768] = 2459 2459
[769] = 1846 1846
[770] = 1232 1232
[771] = 616 616
[772] = 0 0
[773] = 618 618
[774] = 1239 1239
[775] = 1861 1861
[776] = 2485 2485
[777] = 3110 3110
[778] = 3737 3737
[779] = 4366 4366
[780] = 4996 4996
[781] = 5628 5628
[782] = 6262 6262
[783] = 6897 6897
[784] = 7534 7534
[785] = 8172 8172
[786] = 8812 8812
[787] = 9454 9454
[788] = 10097 10097
[789] = 10742 10742
[790] = 11389 11389
[791] = 12036 12036
[792] = 12686 12686
[793] = 13337 13337
[794] = 13991 13991
[795] = 14646 14646
[796] = 15302 15302
[797] = 15959 15959
[798] = 16619 16619
[799] = 17280 17280
[800] = 17943 17943
[801] = 18607 18607
[802] = 19273 19273
[803] = 19940 19940
[804] = 20610 20610
[805] = 21281 21281
[806] = 21953 21953
[807] = 22627 22627
[808] = 23303 23303
[809] = 23980 23980
[810] = 24659 24659
[811] = 25340 25340
[812] = 26022 26022
[813] = 26706 26706
[814] = 27391 27391
[815] = 28078 28078
[816] = 28767 28767
[817] = 29457 29457
[818] = 30149 30149
[819] = 30842 30842
[820] = 31538 31538
[821] = 32234 32234
[822] = 32932 32932
[823] = 33633 33633
[824] = 34334 34334
[825] = 35038 35038
[826] = 35743 35743
[827] = 35787 35787
[828] = 35166 35166
[829] = 34545 34545
[830] = 33923 33923
[831] = 33297 33297
[832] = 32671 32671
[833] = 32043 32043
[834] = 31413 31413
[835] = 30783 30783
[836] = 30150 30150
[837] = 29515 29515
[838] = 28879 28879
[839] = 28242 28242
[840] = 27603 27603
[841] = 26962 26962
[842] = 26319 26319
[843] = 25675 25675
[844] = 25029 25029
[845] = 24382 24382
[846] = 23733 23733
[847] = 23082 23082
[848] = 22430 22430
[849] = 21777 21777
[850] = 21121 21121
[851] = 20464 20464
[852] = 19805 19805
[853] = 19145 19145
[854] = 18483 18483
[855] = 17819 17819
[856] = 17155 17155
[857] = 16487 16487
[858] = 15820 15820
[859] = 15149 15149
[860] = 14478 14478
[861] = 13805 13805
[862] = 13129 13129
[863] = 12453 12453
[864] = 11775 11775
[865] = 11095 11095
[866] = 10414 10414
[867] = 9731 9731
[868] = 9046 9046
[869] = 8360 8360
[870] = 7672 7672
[871] = 6983 6983
[872] = 6292 6292
[873] = 5599 5599
[874] = 4905 4905
[875] = 4209 4209
[876] = 3512 3512
[877] = 2812 2812
[878] = 2111 2111
[879] = 1409 1409
[880] = 704 704
[881] = 0 0
[882] = 706 706
[883] = 1415 1415
[884] = 2125 2125
[885] = 2838 2838
[886] = 3552 3552
[887] = 4267 4267
[888] = 4984 4984
[889] = 5702 5702
[890] = 6423 6423
[891] = 7145 7145
[892] = 7868 7868
[893] = 8593 8593
[894] = 9320 9320
[895] = 10048 10048
[896] = 10778 10778
[897] = 11510 11510
[898] = 12243 12243
[899] = 12979 12979
[900] = 13714 13714
[901] = 14453 14453
[902] = 15192 15192
[903] = 15934 15934
[904] = 16676 16676
[905] = 17421 17421
[906] = 18167 18167
[907] = 18914 18914
[908] = 19664 19664
[909] = 20416 20416
[910] = 21168 21168
[911] = 21923 21923
[912] = 22678 22678
[913] = 23436 23436
[914] = 24195 24195
[915] = 24955 24955
[916] = 25718 25718
[917] = 26483 26483
[918] = 27248 27248
[919] = 28015 28015
[920] = 28783 28783
[921] = 29554 29554
[922] = 30327 30327
[923] = 31100 31100
[924] = 31876 31876
[925] = 32652 32652
[926] = 33431 33431
[927] = 34211 34211
[928] = 34993 34993
[929] = 35777 35777
[930] = 36561 36561
[931] = 37348 37348
[932] = 38137 38137
[933] = 38926 38926
[934] = 39718 39718
[935] = 40511 40511
[936] = 40556 40556
[937] = 39847 39847
[938] = 39137 39137
[939] = 38426 38426
[940] = 37713 37713
[941] = 36998 36998
[942] = 36282 36282
[943] = 35564 35564
[944] = 34845 34845
[945] = 34124 34124
[946] = 33400 33400
[947] = 32677 32677
[948] = 31951 31951
[949] = 31223 31223
[950] = 30494 30494
[951] = 29763 29763
[952] = 29031 29031
[953] = 28297 28297
[954] = 27562 27562
[955] = 26824 26824
[956] = 26085 26085
[957] = 25344 25344
[958] = 24602 24602
[959] = 23858 23858
[960] = 23113 23113
[961] = 22366 22366
[962] = 21618 21618
[963] = 20868 20868
[964] = 20115 20115
[965] = 19362 19362
[966] = 18607 18607
[967] = 17851 17851
[968] = 17092 17092
[969] = 16332 16332
[970] = 15552 15552
[971] = 14770 14770
[972] = 13991 13991
[973] = 13210 13210
[974] = 12430 12430
[975] = 11651 11651
[976] = 10871 10871
[977] = 10093 10093
[978] = 9315 9315
[979] = 8536 8536
[980] = 7759 7759
[981] = 6981 6981
[982] = 6204 6204
[983] = 5427 5427
[984] = 4651 4651
[985] = 3875 3875
[986] = 3099 3099
[987] = 2323 2323
[988] = 1549 1549
[989] = 773 773
[990] = 0 0
[991] = 773 773
[992] = 1547 1547
[993] = 2320 2320
[994] = 3094 3094
[995] = 3867 3867
[996] = 4639 4639
[997] = 5411 5411
[998] = 6183 6183
[999] = 6954 6954
[1000] = 7726 7726
[1001] = 8496 8496
[1002] = 9267 9267
[1003] = 10037 10037
[1004] = 10807 10807
[1005] = 11577 11577
[1006] = 12346 12346
[1007] = 13115 13115
[1008] = 13884 13884
[1009] = 14652 14652
[1010] = 15420 15420
[1011] = 16187 16187
[1012] = 16955 16955
[1013] = 17722 17722
[1014] = 18488 18488
[1015] = 19255 19255
[1016] = 20020 20020
[1017] = 20786 20786
[1018] = 21551 21551
[1019] = 22316 22316
[1020] = 23081 23081
[1021] = 23845 23845
[1022] = 24609 24609
[1023] = 25373 25373
[1024] = 26136 26136
[1025] = 26899 26899
[1026] = 27662 27662
[1027] = 28424 28424
[1028] = 29186 29186
[1029] = 29947 29947
[1030] = 30709 30709
[1031] = 31470 31470
[1032] = 32231 32231
[1033] = 32991 32991
[1034] = 33751 33751
[1035] = 34511 34511
[1036] = 35270 35270
[1037] = 36029 36029
[1038] = 36788 36788
[1039] = 37545 37545
[1040] = 38304 38304
[1041] = 39062 39062
[1042] = 39819 39819
[1043] = 40576 40576
[1044] = 41334 41334
[1045] = 41325 41325
[1046] = 40550 40550
[1047] = 39776 39776
[1048] = 39003 39003
[1049] = 38230 38230
[1050] = 37457 37457
[1051] = 36685 36685
[1052] = 35913 35913
[1053] = 35141 35141
[1054] = 34370 34370
[1055] = 33598 33598
[1056] = 32829 32829
[1057] = 32058 32058
[1058] = 31288 31288
[1059] = 30518 30518
[1060] = 29748 29748
[1061] = 28979 28979
[1062] = 28210 28210
[1063] = 27443 27443
[1064] = 26675 26675
[1065] = 25906 25906
[1066] = 25139 25139
[1067] = 24372 24372
[1068] = 23605 23605
[1069] = 22839 22839
[1070] = 22073 22073
[1071] = 21307 21307
[1072] = 20542 20542
[1073] = 19776 19776
[1074] = 19012 19012
[1075] = 18247 18247
[1076] = 17483 17483
[1077] = 16719 16719
[1078] = 15955 15955
[1079] = 15193 15193
[1080] = 14430 14430
[1081] = 13668 13668
[1082] = 12906 12906
[1083] = 12143 12143
[1084] = 11382 11382
[1085] = 10621 10621
[1086] = 9859 9859
[1087] = 9099 9099
[1088] = 8339 8339
[1089] = 7580 7580
[1090] = 6820 6820
[1091] = 6060 6060
[1092] = 5302 5302
[1093] = 4543 4543
[1094] = 3785 3785
[1095] = 3027 3027
[1096] = 2269 2269
[1097] = 1513 1513
[1098] = 755 755
[1099] = 0 0
[1100] = 755 755
[1101] = 1511 1511
[1102] = 2266 2266
[1103] = 3022 3022
[1104] = 3777 3777
[1105] = 4531 4531
[1106] = 5285 5285
[1107] = 6039 6039
[1108] = 6793 6793
[1109] = 7546 7546
[1110] = 8299 8299
[1111] = 9052 9052
[1112] = 9804 9804
[1113] = 10556 10556
[1114] = 11308 11308
[1115] = 12059 12059
[1116] = 12810 12810
[1117] = 13561 13561
[1118] = 14311 14311
[1119] = 15061 15061
[1120] = 15811 15811
[1121] = 16560 16560
[1122] = 17310 17310
[1123] = 18058 18058
[1124] = 18806 18806
[1125] = 19554 19554
[1126] = 20302 20302
[1127] = 21049 21049
[1128] = 21796 21796
[1129] = 22543 22543
[1130] = 23289 23289
[1131] = 24035 24035
[1132] = 24781 24781
[1133] = 25526 25526
[1134] = 26271 26271
[1135] = 27016 27016
[1136] = 27760 27760
[1137] = 28505 28505
[1138] = 29248 29248
[1139] = 29991 29991
[1140] = 30735 30735
[1141] = 31477 31477
[1142] = 32220 32220
[1143] = 32962 32962
[1144] = 33704 33704
[1145] = 34445 34445
[1146] = 35186 35186
[1147] = 35927 35927
[1148] = 36667 36667
[1149] = 37407 37407
[1150] = 38148 38148
[1151] = 38887 38887
[1152] = 39626 39626
[1153] = 40365 40365
[1154] = 40356 40356
[1155] = 39599 39599
[1156] = 38844 38844
[1157] = 38089 38089
[1158] = 37334 37334
[1159] = 36578 36578
[1160] = 35825 35825
[1161] = 35070 35070
[1162] = 34317 34317
[1163] = 33563 33563
[1164] = 32810 32810
[1165] = 32058 32058
[1166] = 31305 31305
[1167] = 30553 30553
[1168] = 29801 29801
[1169] = 29049 29049
[1170] = 28298 28298
[1171] = 27548 27548
[1172] = 26797 26797
[1173] = 26047 26047
[1174] = 25297 25297
[1175] = 24548 24548
[1176] = 23798 23798
[1177] = 23049 23049
[1178] = 22301 22301
[1179] = 21553 21553
[1180] = 20805 20805
[1181] = 20058 20058
[1182] = 19310 19310
[1183] = 18563 18563
[1184] = 17817 17817
[1185] = 17071 17071
[1186] = 16325 16325
[1187] = 15579 15579
[1188] = 14834 14834
[1189] = 14089 14089
[1190] = 13345 13345
[1191] = 12600 12600
[1192] = 11856 11856
[1193] = 11113 11113
[1194] = 10370 10370
[1195] = 9627 9627
[1196] = 8884 8884
[1197] = 8142 8142
[1198] = 7400 7400
[1199] = 6658 6658
[1200] = 5917 5917
[1201] = 5177 5177
[1202] = 4436 4436
[1203] = 3695 3695
[1204] = 2955 2955
[1205] = 2216 2216
[1206] = 1477 1477
[1207] = 737 737
[1208] = 0 0
[1209] = 737 737
[1210] = 1475 1475
[1211] = 2212 2212
[1212] = 2950 2950
[1213] = 3687 3687
[1214] = 4423 4423
[1215] = 5160 5160
[1216] = 5896 5896
[1217] = 6632 6632
[1218] = 7367 7367
[1219] = 8102 8102
[1220] = 8837 8837
[1221] = 9571 9571
[1222] = 10305 10305
[1223] = 11039 11039
[1224] = 11772 11772
[1225] = 12506 12506
[1226] = 13238 13238
[1227] = 13970 13970
[1228] = 14703 14703
[1229] = 15434 15434
[1230] = 16166 16166
[1231] = 16897 16897
[1232] = 17628 17628
[1233] = 18358 18358
[1234] = 19087 19087
[1235] = 19817 19817
[1236] = 20547 20547
[1237] = 21276 21276
[1238] = 22005 22005
[1239] = 22733 22733
[1240] = 23461 23461
[1241] = 24189 24189
[1242] = 24916 24916
[1243] = 25644 25644
[1244] = 26371 26371
[1245] = 27097 27097
[1246] = 27823 27823
[1247] = 28549 28549
[1248] = 29274 29274
[1249] = 30000 30000
[1250] = 30725 30725
[1251] = 31449 31449
[1252] = 32173 32173
[1253] = 32897 32897
[1254] = 33621 33621
[1255] = 34343 34343
[1256] = 35066 35066
[1257] = 35788 35788
[1258] = 36511 36511
[1259] = 37233 37233
[1260] = 37954 37954
[1261] = 38675 38675
[1262] = 39397 39397
[1263] = 39388 39388
[1264] = 38649 38649
[1265] = 37911 37911
[1266] = 37174 37174
[1267] = 36437 36437
[1268] = 35700 35700
[1269] = 34964 34964
[1270] = 34227 34227
[1271] = 33492 33492
[1272] = 32756 32756
[1273] = 32021 32021
[1274] = 31287 31287
[1275] = 30551 30551
[1276] = 29818 29818
[1277] = 29083 29083
[1278] = 28349 28349
[1279] = 27617 27617
[1280] = 26884 26884
[1281] = 26152 26152
[1282] = 25419 25419
[1283] = 24687 24687
[1284] = 23956 23956
[1285] = 23224 23224
[1286] = 22494 22494
[1287] = 21763 21763
[1288] = 21033 21033
[1289] = 20303 20303
[1290] = 19573 19573
[1291] = 18844 18844
[1292] = 18115 18115
[1293] = 17387 17387
[1294] = 16659 16659
[1295] = 15930 15930
[1296] = 15202 15202
[1297] = 14476 14476
[1298] = 13748 13748
[1299] = 13022 13022
[1300] = 12295 12295
[1301] = 11569 11569
[1302] = 10844 10844
[1303] = 10118 10118
[1304] = 9394 9394
[1305] = 8669 8669
[1306] = 7944 7944
[1307] = 7221 7221
[1308] = 6497 6497
[1309] = 5773 5773
[1310] = 5051 5051
[1311] = 4328 4328
[1312] = 3606 3606
[1313] = 2883 2883
[1314] = 2162 2162
[1315] = 1441 1441
[1316] = 719 719
[1317] = 0 0
[1318] = 706 706
[1319] = 1413 1413
[1320] = 2120 2120
[1321] = 2826 2826
[1322] = 3532 3532
[1323] = 4238 4238
[1324] = 4943 4943
[1325] = 5648 5648
[1326] = 6353 6353
[1327] = 7057 7057
[1328] = 7761 7761
[1329] = 8465 8465
[1330] = 9169 9169
[1331] = 9871 9871
[1332] = 10574 10574
[1333] = 11276 11276
[1334] = 11979 11979
[1335] = 12680 12680
[1336] = 13382 13382
[1337] = 14083 14083
[1338] = 14784 14784
[1339] = 15484 15484
[1340] = 16184 16184
[1341] = 16885 16885
[1342] = 17584 17584
[1343] = 18283 18283
[1344] = 18982 18982
[1345] = 19681 19681
[1346] = 20379 20379
[1347] = 21077 21077
[1348] = 21774 21774
[1349] = 22471 22471
[1350] = 23169 23169
[1351] = 23865 23865
[1352] = 24562 24562
[1353] = 25257 25257
[1354] = 25953 25953
[1355] = 26648 26648
[1356] = 27343 27343
[1357] = 28037 28037
[1358] = 28733 28733
[1359] = 29426 29426
[1360] = 30120 30120
[1361] = 30814 30814
[1362] = 31506 31506
[1363] = 32199 32199
[1364] = 32891 32891
[1365] = 33583 33583
[1366] = 34276 34276
[1367] = 34967 34967
[1368] = 35658 35658
[1369] = 36349 36349
[1370] = 37039 37039
[1371] = 37729 37729
[1372] = 38420 38420
[1373] = 37712 37712
[1374] = 37005 37005
[1375] = 36298 36298
[1376] = 35592 35592
[1377] = 34886 34886
[1378] = 34180 34180
[1379] = 33475 33475
[1380] = 32770 32770
[1381] = 32066 32066
[1382] = 31361 31361
[1383] = 30657 30657
[1384] = 29954 29954
[1385] = 29249 29249
[1386] = 28547 28547
[1387] = 27844 27844
[1388] = 27142 27142
[1389] = 26440 26440
[1390] = 25738 25738
[1391] = 25036 25036
[1392] = 24336 24336
[1393] = 23634 23634
[1394] = 22935 22935
[1395] = 22234 22234
[1396] = 21534 21534
[1397] = 20834 20834
[1398] = 20135 20135
[1399] = 19436 19436
[1400] = 18738 18738
[1401] = 18040 18040
[1402] = 17342 17342
[1403] = 16644 16644
[1404] = 15946 15946
[1405] = 15250 15250
[1406] = 14553 14553
[1407] = 13857 13857
[1408] = 13161 13161
[1409] = 12465 12465
[1410] = 11770 11770
[1411] = 11075 11075
[1412] = 10380 10380
[1413] = 9686 9686
[1414] = 8992 8992
[1415] = 8298 8298
[1416] = 7605 7605
[1417] = 6912 6912
[1418] = 6219 6219
[1419] = 5526 5526
[1420] = 4834 4834
[1421] = 4143 4143
[1422] = 3451 3451
[1423] = 2760 2760
[1424] = 2070 2070
[1425] = 1379 1379
[1426] = 688 688
[1427] = 0 0
[1428] = 701 701
[1429] = 1403 1403
[1430] = 2105 2105
[1431] = 2806 2806
[1432] = 3507 3507
[1433] = 4208 4208
[1434] = 4908 4908
[1435] = 5608 5608
[1436] = 6308 6308
[1437] = 7007 7007
[1438] = 7705 7705
[1439] = 8405 8405
[1440] = 9103 9103
[1441] = 9800 9800
[1442] = 10498 10498
[1443] = 11196 11196
[1444] = 11893 11893
[1445] = 12590 12590
[1446] = 13286 13286
[1447] = 13982 13982
[1448] = 14678 14678
[1449] = 15373 15373
[1450] = 16068 16068
[1451] = 16762 16762
[1452] = 17457 17457
[1453] = 18151 18151
[1454] = 18845 18845
[1455] = 19539 19539
[1456] = 20231 20231
[1457] = 20924 20924
[1458] = 21616 21616
[1459] = 22308 22308
[1460] = 23001 23001
[1461] = 23692 23692
[1462] = 24383 24383
[1463] = 25074 25074
[1464] = 25764 25764
[1465] = 26454 26454
[1466] = 27144 27144
[1467] = 27834 27834
[1468] = 28522 28522
[1469] = 29211 29211
[1470] = 29900 29900
[1471] = 30587 30587
[1472] = 31276 31276
[1473] = 31963 31963
[1474] = 32650 32650
[1475] = 33337 33337
[1476] = 34023 34023
[1477] = 34710 34710
[1478] = 35395 35395
[1479] = 36080 36080
[1480] = 36766 36766
[1481] = 37452 37452
[1482] = 37443 37443
[1483] = 36740 36740
[1484] = 36038 36038
[1485] = 35337 35337
[1486] = 34635 34635
[1487] = 33934 33934
[1488] = 33235 33235
[1489] = 32534 32534
[1490] = 31835 31835
[1491] = 31135 31135
[1492] = 30435 30435
[1493] = 29737 29737
[1494] = 29038 29038
[1495] = 28341 28341
[1496] = 27643 27643
[1497] = 26945 26945
[1498] = 26248 26248
[1499] = 25551 25551
[1500] = 24855 24855
[1501] = 24158 24158
[1502] = 23463 23463
[1503] = 22767 22767
[1504] = 22071 22071
[1505] = 21377 21377
[1506] = 20683 20683
[1507] = 19988 19988
[1508] = 19294 19294
[1509] = 18600 18600
[1510] = 17907 17907
[1511] = 17215 17215
[1512] = 16522 16522
[1513] = 15830 15830
[1514] = 15138 15138
[1515] = 14446 14446
[1516] = 13755 13755
[1517] = 13064 13064
[1518] = 12374 12374
[1519] = 11683 11683
[1520] = 10993 10993
[1521] = 10304 10304
[1522] = 9614 9614
[1523] = 8925 8925
[1524] = 8237 8237
[1525] = 7548 7548
[1526] = 6861 6861
[1527] = 6173 6173
[1528] = 5485 5485
[1529] = 4798 4798
[1530] = 4112 4112
[1531] = 3426 3426
[1532] = 2740 2740
[1533] = 2054 2054
[1534] = 1368 1368
[1535] = 683 683
[1536] = 0 0
[1537] = 683 683
[1538] = 1367 1367
[1539] = 2051 2051
[1540] = 2734 2734
[1541] = 3417 3417
[1542] = 4100 4100
[1543] = 4782 4782
[1544] = 5464 5464
[1545] = 6146 6146
[1546] = 6828 6828
[1547] = 7509 7509
[1548] = 8189 8189
[1549] = 8869 8869
[1550] = 9550 9550
[1551] = 10230 10230
[1552] = 10909 10909
[1553] = 11588 11588
[1554] = 12267 12267
[1555] = 12945 12945
[1556] = 13623 13623
[1557] = 14301 14301
[1558] = 14978 14978
[1559] = 15656 15656
[1560] = 16332 16332
[1561] = 17009 17009
[1562] = 17685 17685
[1563] = 18361 18361
[1564] = 19036 19036
[1565] = 19711 19711
[1566] = 20386 20386
[1567] = 21061 21061
[1568] = 21735 21735
[1569] = 22409 22409
[1570] = 23082 23082
[1571] = 23755 23755
[1572] = 24429 24429
[1573] = 25100 25100
[1574] = 25773 25773
[1575] = 26445 26445
[1576] = 27116 27116
[1577] = 27787 27787
[1578] = 28458 28458
[1579] = 29129 29129
[1580] = 29798 29798
[1581] = 30468 30468
[1582] = 31139 31139
[1583] = 31808 31808
[1584] = 32477 32477
[1585] = 33144 33144
[1586] = 33813 33813
[1587] = 34481 34481
[1588] = 35148 35148
[1589] = 35816 35816
[1590] = 36483 36483
[1591] = 36474 36474
[1592] = 35789 35789
[1593] = 35106 35106
[1594] = 34422 34422
[1595] = 33739 33739
[1596] = 33056 33056
[1597] = 32374 32374
[1598] = 31692 31692
[1599] = 31010 31010
[1600] = 30328 30328
[1601] = 29647 29647
[1602] = 28966 28966
[1603] = 28285 28285
[1604] = 27605 27605
[1605] = 26925 26925
[1606] = 26245 26245
[1607] = 25567 25567
[1608] = 24887 24887
[1609] = 24209 24209
[1610] = 23531 23531
[1611] = 22853 22853
[1612] = 22175 22175
[1613] = 21498 21498
[1614] = 20820 20820
[1615] = 20144 20144
[1616] = 19467 19467
[1617] = 18792 18792
[1618] = 18117 18117
[1619] = 17441 17441
[1620] = 16766 16766
[1621] = 16091 16091
[1622] = 15417 15417
[1623] = 14743 14743
[1624] = 14069 14069
[1625] = 13396 13396
[1626] = 12724 12724
[1627] = 12051 12051
[1628] = 11378 11378
[1629] = 10706 10706
[1630] = 10035 10035
[1631] = 9363 9363
[1632] = 8692 8692
[1633] = 8021 8021
[1634] = 7351 7351
[1635] = 6681 6681
[1636] = 6012 6012
[1637] = 5342 5342
[1638] = 4673 4673
[1639] = 4004 4004
[1640] = 3336 3336
[1641] = 2668 2668
[1642] = 2000 2000
[1643] = 1333 1333
[1644] = 665 665
[1645] = 0 0
[1646] = 665 665
[1647] = 1331 1331
[1648] = 1997 1997
[1649] = 2662 2662
[1650] = 3328 3328
[1651] = 3992 3992
[1652] = 4657 4657
[1653] = 5321 5321
[1654] = 5985 5985
[1655] = 6649 6649
[1656] = 7311 7311
[1657] = 7974 7974
[1658] = 8637 8637
[1659] = 9299 9299
[1660] = 9961 9961
[1661] = 10622 10622
[1662] = 11283 11283
[1663] = 11944 11944
[1664] = 12604 12604
[1665] = 13265 13265
[1666] = 13925 13925
[1667] = 14584 14584
[1668] = 15243 15243
[1669] = 15902 15902
[1670] = 16560 16560
[1671] = 17219 17219
[1672] = 17877 17877
[1673] = 18534 18534
[1674] = 19191 19191
[1675] = 19848 19848
[1676] = 20504 20504
[1677] = 21161 21161
[1678] = 21817 21817
[1679] = 22472 22472
[1680] = 23128 23128
[1681] = 23783 23783
[1682] = 24437 24437
[1683] = 25092 25092
[1684] = 25745 25745
[1685] = 26399 26399
[1686] = 27052 27052
[1687] = 27705 27705
[1688] = 28358 28358
[1689] = 29010 29010
[1690] = 29669 29669
[1691] = 30328 30328
[1692] = 30987 30987
[1693] = 31647 31647
[1694] = 32306 32306
[1695] = 32966 32966
[1696] = 33625 33625
[1697] = 34284 34284
[1698] = 34943 34943
[1699] = 35604 35604
[1700] = 35604 35604
[1701] = 34943 34943
[1702] = 34284 34284
[1703] = 33625 33625
[1704] = 32966 32966
[1705] = 32306 32306
[1706] = 31647 31647
[1707] = 30987 30987
[1708] = 30328 30328
[1709] = 29669 29669
[1710] = 29010 29010
[1711] = 28351 28351
[1712] = 27691 27691
[1713] = 27032 27032
[1714] = 26372 26372
[1715] = 25713 25713
[1716] = 25054 25054
[1717] = 24394 24394
[1718] = 23735 23735
[1719] = 23076 23076
[1720] = 22416 22416
[1721] = 21757 21757
[1722] = 21098 21098
[1723] = 20438 20438
[1724] = 19779 19779
[1725] = 19119 19119
[1726] = 18461 18461
[1727] = 17801 17801
[1728] = 17141 17141
[1729] = 16482 16482
[1730] = 15823 15823
[1731] = 15164 15164
[1732] = 14505 14505
[1733] = 13845 13845
[1734] = 13186 13186
[1735] = 12526 12526
[1736] = 11867 11867
[1737] = 11208 11208
[1738] = 10548 10548
[1739] = 9889 9889
[1740] = 9229 9229
[1741] = 8570 8570
[1742] = 7911 7911
[1743] = 7252 7252
[1744] = 6592 6592
[1745] = 5933 5933
[1746] = 5273 5273
[1747] = 4614 4614
[1748] = 3955 3955
[1749] = 3296 3296
[1750] = 2636 2636
[1751] = 1977 1977
[1752] = 1318 1318
[1753] = 658 658
[1754] = 0 0
[1755] = 658 658
[1756] = 1318 1318
[1757] = 1977 1977
[1758] = 2636 2636
[1759] = 3296 3296
[1760] = 3955 3955
[1761] = 4614 4614
[1762] = 5273 5273
[1763] = 5933 5933
[1764] = 6592 6592
[1765] = 7252 7252
[1766] = 7911 7911
[1767] = 8570 8570
[1768] = 9229 9229
[1769] = 9889 9889
[1770] = 10548 10548
[1771] = 11208 11208
[1772] = 11867 11867
[1773] = 12526 12526
[1774] = 13186 13186
[1775] = 13845 13845
[1776] = 14505 14505
[1777] = 15164 15164
[1778] = 15823 15823
[1779] = 16482 16482
[1780] = 17141 17141
[1781] = 17801 17801
[1782] = 18461 18461
[1783] = 19119 19119
[1784] = 19779 19779
[1785] = 20438 20438
[1786] = 21098 21098
[1787] = 21757 21757
[1788] = 22416 22416
[1789] = 23076 23076
[1790] = 23735 23735
[1791] = 24394 24394
[1792] = 25054 25054
[1793] = 25713 25713
[1794] = 26372 26372
[1795] = 27032 27032
[1796] = 27691 27691
[1797] = 28351 28351
[1798] = 29010 29010
[1799] = 29669 29669
[1800] = 30328 30328
[1801] = 30987 30987
[1802] = 31647 31647
[1803] = 32306 32306
[1804] = 32966 32966
[1805] = 33625 33625
[1806] = 34284 34284
[1807] = 34943 34943
[1808] = 35604 35604
[1809] = 35604 35604
[1810] = 34943 34943
[1811] = 34284 34284
[1812] = 33625 33625
[1813] = 32966 32966
[1814] = 32306 32306
[1815] = 31647 31647
[1816] = 30987 30987
[1817] = 30328 30328
[1818] = 29669 29669
[1819] = 29010 29010
[1820] = 28351 28351
[1821] = 27691 27691
[1822] = 27032 27032
[1823] = 26372 26372
[1824] = 25713 25713
[1825] = 25054 25054
[1826] = 24394 24394
[1827] = 23735 23735
[1828] = 23076 23076
[1829] = 22416 22416
[1830] = 21757 21757
[1831] = 21098 21098
[1832] = 20438 20438
[1833] = 19779 19779
[1834] = 19119 19119
[1835] = 18461 18461
[1836] = 17801 17801
[1837] = 17141 17141
[1838] = 16482 16482
[1839] = 15823 15823
[1840] = 15164 15164
[1841] = 14505 14505
[1842] = 13845 13845
[1843] = 13186 13186
[1844] = 12526 12526
[1845] = 11867 11867
[1846] = 11208 11208
[1847] = 10548 10548
[1848] = 9889 9889
[1849] = 9229 9229
[1850] = 8570 8570
[1851] = 7911 7911
[1852] = 7252 7252
[1853] = 6592 6592
[1854] = 5933 5933
[1855] = 5273 5273
[1856] = 4614 4614
[1857] = 3955 3955
[1858] = 3296 3296
[1859] = 2636 2636
[1860] = 1977 1977
[1861] = 1318 1318
[1862] = 658 658
[1863] = 0 0
[1864] = 658 658
[1865] = 1318 1318
[1866] = 1977 1977
[1867] = 2636 2636
[1868] = 3296 3296
[1869] = 3955 3955
[1870] = 4614 4614
[1871] = 5273 5273
[1872] = 5933 5933
[1873] = 6592 6592
[1874] = 7252 7252
[1875] = 7911 7911
[1876] = 8570 8570
[1877] = 9229 9229
[1878] = 9889 9889
[1879] = 10548 10548
[1880] = 11208 11208
[1881] = 11867 11867
[1882] = 12526 12526
[1883] = 13186 13186
[1884] = 13845 13845
[1885] = 14505 14505
[1886] = 15164 15164
[1887] = 15823 15823
[1888] = 16482 16482
[1889] = 17141 17141
[1890] = 17801 17801
[1891] = 18461 18461
[1892] = 19119 19119
[1893] = 19779 19779
[1894] = 20438 20438
[1895] = 21098 21098
[1896] = 21757 21757
[1897] = 22416 22416
[1898] = 23076 23076
[1899] = 23735 23735
[1900] = 24394 24394
[1901] = 25054 25054
[1902] = 25713 25713
[1903] = 26372 26372
[1904] = 27032 27032
[1905] = 27691 27691
[1906] = 28351 28351
[1907] = 29010 29010
[1908] = 29669 29669
[1909] = 30328 30328
[1910] = 30987 30987
[1911] = 31647 31647
[1912] = 32306 32306
[1913] = 32966 32966
[1914] = 33625 33625
[1915] = 34284 34284
[1916] = 34943 34943
[1917] = 35604 35604
[1918] = 35604 35604
[1919] = 34943 34943
[1920] = 34284 34284
[1921] = 33625 33625
[1922] = 32966 32966
[1923] = 32306 32306
[1924] = 31647 31647
[1925] = 30987 30987
[1926] = 30328 30328
[1927] = 29669 29669
[1928] = 29010 29010
[1929] = 28351 28351
[1930] = 27691 27691
[1931] = 27032 27032
[1932] = 26372 26372
[1933] = 25713 25713
[1934] = 25054 25054
[1935] = 24394 24394
[1936] = 23735 23735
[1937] = 23076 23076
[1938] = 22416 22416
[1939] = 21757 21757
[1940] = 21098 21098
[1941] = 20438 20438
[1942] = 19779 19779
[1943] = 19119 19119
[1944] = 18461 18461
[1945] = 17801 17801
[1946] = 17141 17141
[1947] = 16482 16482
[1948] = 15823 15823
[1949] = 15164 15164
[1950] = 14505 14505
[1951] = 13845 13845
[1952] = 13186 13186
[1953] = 12526 12526
[1954] = 11867 11867
[1955] = 11208 11208
[1956] = 10548 10548
[1957] = 9889 9889
[1958] = 9229 9229
[1959] = 8570 8570
[1960] = 7911 7911
[1961] = 7252 7252
[1962] = 6592 6592
[1963] = 5933 5933
[1964] = 5273 5273
[1965] = 4614 4614
[1966] = 3955 3955
[1967] = 3296 3296
[1968] = 2636 2636
[1969] = 1977 1977
[1970] = 1318 1318
[1971] = 658 658
[1972] = 0 0
[1973] = 658 658
[1974] = 1318 1318
[1975] = 1977 1977
[1976] = 2636 2636
[1977] = 3296 3296
[1978] = 3955 3955
[1979] = 4614 4614
[1980] = 5273 5273
[1981] = 5933 5933
[1982] = 6592 6592
[1983] = 7252 7252
[1984] = 7911 7911
[1985] = 8570 8570
[1986] = 9229 9229
[1987] = 9889 9889
[1988] = 10548 10548
[1989] = 11208 11208
[1990] = 11867 11867
[1991] = 12526 12526
[1992] = 13186 13186
[1993] = 13845 13845
[1994] = 14505 14505
[1995] = 15164 15164
[1996] = 15823 15823
[1997] = 16482 16482
[1998] = 17141 17141
[1999] = 17801 17801
[2000] = 18461 18461
[2001] = 19119 19119
[2002] = 19779 19779
[2003] = 20438 20438
[2004] = 21098 21098
[2005] = 21757 21757
[2006] = 22416 22416
[2007] = 23076 23076
[2008] = 23735 23735
[2009] = 24394 24394
[2010] = 25054 25054
[2011] = 25713 25713
[2012] = 26372 26372
[2013] = 27032 27032
[2014] = 27691 27691
[2015] = 28351 28351
[2016] = 29010 29010
[2017] = 29669 29669
[2018] = 30328 30328
[2019] = 30987 30987
[2020] = 31647 31647
[2021] = 32306 32306
[2022] = 32966 32966
[2023] = 33625 33625
[2024] = 34284 34284
[2025] = 34943 34943
[2026] = 35604 35604
[2027] = 35604 35604
[2028] = 34943 34943
[2029] = 34284 34284
[2030] = 33625 33625
[2031] = 32966 32966
[2032] = 32306 32306
[2033] = 31647 31647
[2034] = 30987 30987
[2035] = 30328 30328
[2036] = 29669 29669
[2037] = 29010 29010
[2038] = 28351 28351
[2039] = 27691 27691
[2040] = 27032 27032
[2041] = 26372 26372
[2042] = 25713 25713
[2043] = 25054 25054
[2044] = 24394 24394
[2045] = 23735 23735
[2046] = 23076 23076
[2047] = 22416 22416
[2048] = 21757 21757
[2049] = 21098 21098
[2050] = 20438 20438
[2051] = 19779 19779
[2052] = 19119 19119
[2053] = 18461 18461
[2054] = 17801 17801
[2055] = 17141 17141
[2056] = 16482 16482
[2057] = 15823 15823
[2058] = 15164 15164
[2059] = 14505 14505
[2060] = 13845 13845
[2061] = 13186 13186
[2062] = 12526 12526
[2063] = 11867 11867
[2064] = 11208 11208
[2065] = 10548 10548
[2066] = 9889 9889
[2067] = 9229 9229
[2068] = 8570 8570
[2069] = 7911 7911
[2070] = 7252 7252
[2071] = 6592 6592
[2072] = 5933 5933
[2073] = 5273 5273
[2074] = 4614 4614
[2075] = 3955 3955
[2076] = 3296 3296
[2077] = 2636 2636
[2078] = 1977 1977
[2079] = 1318 1318
[2080] = 658 658
[2081] = 0 0
[2082] = 658 658
[2083] = 1318 1318
[2084] = 1977 1977
[2085] = 2636 2636
[2086] = 3296 3296
[2087] = 3955 3955
[2088] = 4614 4614
[2089] = 5273 5273
[2090] = 5933 5933
[2091] = 6592 6592
[2092] = 7252 7252
[2093] = 7911 7911
[2094] = 8570 8570
[2095] = 9229 9229
[2096] = 9889 9889
[2097] = 10548 10548
[2098] = 11208 11208
[2099] = 11867 11867
[2100] = 12526 12526
[2101] = 13186 13186
[2102] = 13845 13845
[2103] = 14505 14505
[2104] = 15164 15164
[2105] = 15823 15823
[2106] = 16482 16482
[2107] = 17141 17141
[2108] = 17801 17801
[2109] = 18461 18461
[2110] = 19119 19119
[2111] = 19779 19779
[2112] = 20438 20438
[2113] = 21098 21098
[2114] = 21757 21757
[2115] = 22416 22416
[2116] = 23076 23076
[2117] = 23735 23735
[2118] = 24394 24394
[2119] = 25054 25054
[2120] = 25713 25713
[2121] = 26372 26372
[2122] = 27032 27032
[2123] = 27691 27691
[2124] = 28351 28351
[2125] = 29010 29010
[2126] = 29669 29669
[2127] = 30328 30328
[2128] = 30987 30987
[2129] = 31647 31647
[2130] = 32306 32306
[2131] = 32966 32966
[2132] = 33625 33625
[2133] = 34284 34284
[2134] = 34943 34943
[2135] = 35604 35604
[2136] = 35604 35604
[2137] = 34943 34943
[2138] = 34284 34284
[2139] = 33625 33625
[2140] = 32966 32966
[2141] = 32306 32306
[2142] = 31647 31647
[2143] = 30987 30987
[2144] = 30328 30328
[2145] = 29669 29669
[2146] = 29010 29010
[2147] = 28351 28351
[2148] = 27691 27691
[2149] = 27032 27032
[2150] = 26372 26372
[2151] = 25713 25713
[2152] = 25054 25054
[2153] = 24394 24394
[2154] = 23735 23735
[2155] = 23076 23076
[2156] = 22416 22416
[2157] = 21757 21757
[2158] = 21098 21098
[2159] = 20438 20438
[2160] = 19779 19779
[2161] = 19119 19119
[2162] = 18461 18461
[2163] = 17801 17801
[2164] = 17141 17141
[2165] = 16482 16482
[2166] = 15823 15823
[2167] = 15164 15164
[2168] = 14505 14505
[2169] = 13845 13845
[2170] = 13186 13186
[2171] = 12526 12526
[2172] = 11867 11867
[2173] = 11208 11208
[2174] = 10548 10548
[2175] = 9889 9889
[2176] = 9229 9229
[2177] = 8570 8570
[2178] = 7911 7911
[2179] = 7252 7252
[2180] = 6592 6592
[2181] = 5933 5933
[2182] = 5273 5273
[2183] = 4614 4614
[2184] = 3955 3955
[2185] = 3296 3296
[2186] = 2636 2636
[2187] = 1977 1977
[2188] = 1318 1318
[2189] = 658 658
[2190] = 0 0
[2191] = 658 658
[2192] = 1318 1318
[2193] = 1977 1977
[2194] = 2636 2636
[2195] = 3296 3296
[2196] = 3955 3955
[2197] = 4614 4614
[2198] = 5273 5273
[2199] = 5933 5933
[2200] = 6592 6592
[2201] = 7252 7252
[2202] = 7911 7911
[2203] = 8570 8570
[2204] = 9229 9229
[2205] = 9889 9889
[2206] = 10548 10548
[2207] = 11208 11208
[2208] = 11867 11867
[2209] = 12526 12526
[2210] = 13186 13186
[2211] = 13845 13845
[2212] = 14505 14505
[2213] = 15164 15164
[2214] = 15823 15823
[2215] = 16482 16482
[2216] = 17141 17141
[2217] = 17801 17801
[2218] = 18461 18461
[2219] = 19119 19119
[2220] = 19779 19779
[2221] = 20438 20438
[2222] = 21098 21098
[2223] = 21757 21757
[2224] = 22416 22416
[2225] = 23076 23076
[2226] = 23735 23735
[2227] = 24394 24394
[2228] = 25054 25054
[2229] = 25713 25713
[2230] = 26372 26372
[2231] = 27032 27032
[2232] = 27691 27691
[2233] = 28351 28351
[2234] = 29010 29010
[2235] = 29669 29669
[2236] = 30328 30328
[2237] = 30987 30987
[2238] = 31647 31647
[2239] = 32306 32306
[2240] = 32966 32966
[2241] = 33625 33625
[2242] = 34284 34284
[2243] = 34943 34943
[2244] = 35604 35604
[2245] = 35604 35604
[2246] = 34943 34943
[2247] = 34284 34284
[2248] = 33625 33625
[2249] = 32966 32966
[2250] = 32306 32306
[2251] = 31647 31647
[2252] = 30987 30987
[2253] = 30328 30328
[2254] = 29669 29669
[2255] = 29010 29010
[2256] = 28351 28351
[2257] = 27691 27691
[2258] = 27032 27032
[2259] = 26372 26372
[2260] = 25713 25713
[2261] = 25054 25054
[2262] = 24394 24394
[2263] = 23735 23735
[2264] = 23076 23076
[2265] = 22416 22416
[2266] = 21757 21757
[2267] = 21098 21098
[2268] = 20438 20438
[2269] = 19779 19779
[2270] = 19119 19119
[2271] = 18461 18461
[2272] = 17801 17801
[2273] = 17141 17141
[2274] = 16482 16482
[2275] = 15823 15823
[2276] = 15164 15164
[2277] = 14505 14505
[2278] = 13845 13845
[2279] = 13186 13186
[2280] = 12526 12526
[2281] = 11867 11867
[2282] = 11208 11208
[2283] = 10548 10548
[2284] = 9889 9889
[2285] = 9229 9229
[2286] = 8570 8570
[2287] = 7911 7911
[2288] = 7252 7252
[2289] = 6592 6592
[2290] = 5933 5933
[2291] = 5273 5273
[2292] = 4614 4614
[2293] = 3955 3955
[2294] = 3296 3296
[2295] = 2636 2636
[2296] = 1977 1977
[2297] = 1318 1318
[2298] = 658 658
[2299] = 0 0
[2300] = 658 658
[2301] = 1318 1318
[2302] = 1977 1977
[2303] = 2636 2636
[2304] = 3296 3296
[2305] = 3955 3955
[2306] = 4614 4614
[2307] = 5273 5273
[2308] = 5933 5933
[2309] = 6592 6592
[2310] = 7252 7252
[2311] = 7911 7911
[2312] = 8570 8570
[2313] = 9229 9229
[2314] = 9889 9889
[2315] = 10548 10548
[2316] = 11208 11208
[2317] = 11867 11867
[2318] = 12526 12526
[2319] = 13186 13186
[2320] = 13845 13845
[2321] = 14505 14505
[2322] = 15164 15164
[2323] = 15823 15823
[2324] = 16482 16482
[2325] = 17141 17141
[2326] = 17801 17801
[2327] = 18461 18461
[2328] = 19119 19119
[2329] = 19779 19779
[2330] = 20438 20438
[2331] = 21098 21098
[2332] = 21757 21757
[2333] = 22416 22416
[2334] = 23076 23076
[2335] = 23735 23735
[2336] = 24394 24394
[2337] = 25054 25054
[2338] = 25713 25713
[2339] = 26372 26372
[2340] = 27032 27032
[2341] = 27691 27691
[2342] = 28351 28351
[2343] = 29010 29010
[2344] = 29669 29669
[2345] = 30328 30328
[2346] = 30987 30987
[2347] = 31647 31647
[2348] = 32306 32306
[2349] = 32966 32966
[2350] = 33625 33625
[2351] = 34284 34284
[2352] = 34943 34943
[2353] = 35604 35604
[2354] = 35604 35604
[2355] = 34943 34943
[2356] = 34284 34284
[2357] = 33625 33625
[2358] = 32966 32966
[2359] = 32306 32306
[2360] = 31647 31647
[2361] = 30987 30987
[2362] = 30328 30328
[2363] = 29669 29669
[2364] = 29010 29010
[2365] = 28351 28351
[2366] = 27691 27691
[2367] = 27032 27032
[2368] = 26372 26372
[2369] = 25713 25713
[2370] = 25054 25054
[2371] = 24394 24394
[2372] = 23735 23735
[2373] = 23076 23076
[2374] = 22416 22416
[2375] = 21757 21757
[2376] = 21098 21098
[2377] = 20438 20438
[2378] = 19779 19779
[2379] = 19119 19119
[2380] = 18461 18461
[2381] = 17801 17801
[2382] = 17141 17141
[2383] = 16482 16482
[2384] = 15823 15823
[2385] = 15164 15164
[2386] = 14505 14505
[2387] = 13845 13845
[2388] = 13186 13186
[2389] = 12526 12526
[2390] = 11867 11867
[2391] = 11208 11208
[2392] = 10548 10548
[2393] = 9889 9889
[2394] = 9229 9229
[2395] = 8570 8570
[2396] = 7911 7911
[2397] = 7252 7252
[2398] = 6592 6592
[2399] = 5933 5933
[2400] = 5273 5273
[2401] = 4614 4614
[2402] = 3955 3955
[2403] = 3296 3296
[2404] = 2636 2636
[2405] = 1977 1977
[2406] = 1318 1318
[2407] = 658 658
[2408] = 0 0
[2409] = 658 658
[2410] = 1318 1318
[2411] = 1977 1977
[2412] = 2636 2636
[2413] = 3296 3296
[2414] = 3955 3955
[2415] = 4614 4614
[2416] = 5273 5273
[2417] = 5933 5933
[2418] = 6592 6592
[2419] = 7252 7252
[2420] = 7911 7911
[2421] = 8570 8570
[2422] = 9229 9229
[2423] = 9889 9889
[2424] = 10548 10548
[2425] = 11208 11208
[2426] = 11867 11867
[2427] = 12526 12526
[2428] = 13186 13186
[2429] = 13845 13845
[2430] = 14505 14505
[2431] = 15164 15164
[2432] = 15823 15823
[2433] = 16482 16482
[2434] = 17141 17141
[2435] = 17801 17801
[2436] = 18461 18461
[2437] = 19119 19119
[2438] = 19779 19779
[2439] = 20438 20438
[2440] = 21098 21098
[2441] = 21757 21757
[2442] = 22416 22416
[2443] = 23076 23076
[2444] = 23735 23735
[2445] = 24394 24394
[2446] = 25054 25054
[2447] = 25713 25713
[2448] = 26372 26372
[2449] = 27032 27032
[2450] = 27691 27691
[2451] = 28351 28351
[2452] = 29010 29010
[2453] = 29669 29669
[2454] = 30328 30328
[2455] = 30987 30987
[2456] = 31647 31647
[2457] = 32306 32306
[2458] = 32966 32966
[2459] = 33625 33625
[2460] = 34284 34284
[2461] = 34943 34943
[2462] = 35604 35604
[2463] = 35604 35604
[2464] = 34943 34943
[2465] = 34284 34284
[2466] = 33625 33625
[2467] = 32966 32966
[2468] = 32306 32306
[2469] = 31647 31647
[2470] = 30987 30987
[2471] = 30328 30328
[2472] = 29669 29669
[2473] = 29010 29010
[2474] = 28351 28351
[2475] = 27691 27691
[2476] = 27032 27032
[2477] = 26372 26372
[2478] = 25713 25713
[2479] = 25054 25054
[2480] = 24394 24394
[2481] = 23735 23735
[2482] = 23076 23076
[2483] = 22416 22416
[2484] = 21757 21757
[2485] = 21098 21098
[2486] = 20438 20438
[2487] = 19779 19779
[2488] = 19119 19119
[2489] = 18461 18461
[2490] = 17801 17801
[2491] = 17141 17141
[2492] = 16482 16482
[2493] = 15823 15823
[2494] = 15164 15164
[2495] = 14505 14505
[2496] = 13845 13845
[2497] = 13186 13186
[2498] = 12526 12526
[2499] = 11867 11867
[2500] = 11208 11208
[2501] = 10548 10548
[2502] = 9889 9889
[2503] = 9229 9229
[2504] = 8570 8570
[2505] = 7911 7911
[2506] = 7252 7252
[2507] = 6592 6592
[2508] = 5933 5933
[2509] = 5273 5273
[2510] = 4614 4614
[2511] = 3955 3955
[2512] = 3296 3296
[2513] = 2636 2636
[2514] = 1977 1977
[2515] = 1318 1318
[2516] = 658 658
[2517] = 0 0
[2518] = 646 646
[2519] = 1294 1294
[2520] = 1941 1941
[2521] = 2589 2589
[2522] = 3235 3235
[2523] = 3883 3883
[2524] = 4530 4530
[2525] = 5178 5178
[2526] = 5825 5825
[2527] = 6472 6472
[2528] = 7120 7120
[2529] = 7767 7767
[2530] = 8415 8415
[2531] = 9062 9062
[2532] = 9709 9709
[2533] = 10356 10356
[2534] = 11004 11004
[2535] = 11651 11651
[2536] = 12299 12299
[2537] = 12946 12946
[2538] = 13593 13593
[2539] = 14241 14241
[2540] = 14888 14888
[2541] = 15536 15536
[2542] = 16182 16182
[2543] = 16830 16830
[2544] = 17477 17477
[2545] = 18125 18125
[2546] = 18771 18771
[2547] = 19419 19419
[2548] = 20067 20067
[2549] = 20714 20714
[2550] = 21362 21362
[2551] = 22009 22009
[2552] = 22656 22656
[2553] = 23303 23303
[2554] = 23951 23951
[2555] = 24598 24598
[2556] = 25246 25246
[2557] = 25892 25892
[2558] = 26540 26540
[2559] = 27188 27188
[2560] = 27835 27835
[2561] = 28483 28483
[2562] = 29129 29129
[2563] = 29777 29777
[2564] = 30424 30424
[2565] = 31072 31072
[2566] = 31719 31719
[2567] = 32366 32366
[2568] = 33013 33013
[2569] = 33661 33661
[2570] = 34308 34308
[2571] = 34956 34956
[2572] = 35604 35604
[2573] = 34956 34956
[2574] = 34308 34308
[2575] = 33661 33661
[2576] = 33013 33013
[2577] = 32366 32366
[2578] = 31719 31719
[2579] = 31072 31072
[2580] = 30424 30424
[2581] = 29777 29777
[2582] = 29129 29129
[2583] = 28483 28483
[2584] = 27835 27835
[2585] = 27188 27188
[2586] = 26540 26540
[2587] = 25892 25892
[2588] = 25246 25246
[2589] = 24598 24598
[2590] = 23951 23951
[2591] = 23303 23303
[2592] = 22656 22656
[2593] = 22009 22009
[2594] = 21362 21362
[2595] = 20714 20714
[2596] = 20067 20067
[2597] = 19419 19419
[2598] = 18771 18771
[2599] = 18125 18125
[2600] = 17477 17477
[2601] = 16830 16830
[2602] = 16182 16182
[2603] = 15536 15536
[2604] = 14888 14888
[2605] = 14241 14241
[2606] = 13593 13593
[2607] = 12946 12946
[2608] = 12299 12299
[2609] = 11651 11651
[2610] = 11004 11004
[2611] = 10356 10356
[2612] = 9709 9709
[2613] = 9062 9062
[2614] = 8415 8415
[2615] = 7767 7767
[2616] = 7120 7120
[2617] = 6472 6472
[2618] = 5825 5825
[2619] = 5178 5178
[2620] = 4530 4530
[2621] = 3883 3883
[2622] = 3235 3235
[2623] = 2589 2589
[2624] = 1941 1941
[2625] = 1294 1294
[2626] = 646 646
[2627] = 0 0
[2628] = 658 658
[2629] = 1318 1318
[2630] = 1977 1977
[2631] = 2636 2636
[2632] = 3296 3296
[2633] = 3955 3955
[2634] = 4614 4614
[2635] = 5273 5273
[2636] = 5933 5933
[2637] = 6592 6592
[2638] = 7252 7252
[2639] = 7911 7911
[2640] = 8570 8570
[2641] = 9229 9229
[2642] = 9889 9889
[2643] = 10548 10548
[2644] = 11208 11208
[2645] = 11867 11867
[2646] = 12526 12526
[2647] = 13186 13186
[2648] = 13845 13845
[2649] = 14505 14505
[2650] = 15164 15164
[2651] = 15823 15823
[2652] = 16482 16482
[2653] = 17141 17141
[2654] = 17801 17801
[2655] = 18461 18461
[2656] = 19119 19119
[2657] = 19779 19779
[2658] = 20438 20438
[2659] = 21098 21098
[2660] = 21757 21757
[2661] = 22416 22416
[2662] = 23076 23076
[2663] = 23735 23735
[2664] = 24394 24394
[2665] = 25054 25054
[2666] = 25713 25713
[2667] = 26372 26372
[2668] = 27032 27032
[2669] = 27691 27691
[2670] = 28351 28351
[2671] = 29010 29010
[2672] = 29669 29669
[2673] = 30328 30328
[2674] = 30987 30987
[2675] = 31647 31647
[2676] = 32306 32306
[2677] = 32966 32966
[2678] = 33625 33625
[2679] = 34284 34284
[2680] = 34943 34943
[2681] = 35604 35604
[2682] = 35604 35604
[2683] = 34943 34943
[2684] = 34284 34284
[2685] = 33625 33625
[2686] = 32966 32966
[2687] = 32306 32306
[2688] = 31647 31647
[2689] = 30987 30987
[2690] = 30328 30328
[2691] = 29669 29669
[2692] = 29010 29010
[2693] = 28351 28351
[2694] = 27691 27691
[2695] = 27032 27032
[2696] = 26372 26372
[2697] = 25713 25713
[2698] = 25054 25054
[2699] = 24394 24394
[2700] = 23735 23735
[2701] = 23076 23076
[2702] = 22416 22416
[2703] = 21757 21757
[2704] = 21098 21098
[2705] = 20438 20438
[2706] = 19779 19779
[2707] = 19119 19119
[2708] = 18461 18461
[2709] = 17801 17801
[2710] = 17141 17141
[2711] = 16482 16482
[2712] = 15823 15823
[2713] = 15164 15164
[2714] = 14505 14505
[2715] = 13845 13845
[2716] = 13186 13186
[2717] = 12526 12526
[2718] = 11867 11867
[2719] = 11208 11208
[2720] = 10548 10548
[2721] = 9889 9889
[2722] = 9229 9229
[2723] = 8570 8570
[2724] = 7911 7911
[2725] = 7252 7252
[2726] = 6592 6592
[2727] = 5933 5933
[2728] = 5273 5273
[2729] = 4614 4614
[2730] = 3955 3955
[2731] = 3296 3296
[2732] = 2636 2636
[2733] = 1977 1977
[2734] = 1318 1318
[2735] = 658 658
[2736] = 0 0
[2737] = 658 658
[2738] = 1318 1318
[2739] = 1977 1977
[2740] = 2636 2636
[2741] = 3296 3296
[2742] = 3955 3955
[2743] = 4614 4614
[2744] = 5273 5273
[2745] = 5933 5933
[2746] = 6592 6592
[2747] = 7252 7252
[2748] = 7911 7911
[2749] = 8570 8570
[2750] = 9229 9229
[2751] = 9889 9889
[2752] = 10548 10548
[2753] = 11208 11208
[2754] = 11867 11867
[2755] = 12526 12526
[2756] = 13186 13186
[2757] = 13845 13845
[2758] = 14505 14505
[2759] = 15164 15164
[2760] = 15823 15823
[2761] = 16482 16482
[2762] = 17141 17141
[2763] = 17801 17801
[2764] = 18461 18461
[2765] = 19119 19119
[2766] = 19779 19779
[2767] = 20438 20438
[2768] = 21098 21098
[2769] = 21757 21757
[2770] = 22416 22416
[2771] = 23076 23076
[2772] = 23735 23735
[2773] = 24394 24394
[2774] = 25054 25054
[2775] = 25713 25713
[2776] = 26372 26372
[2777] = 27032 27032
[2778] = 27691 27691
[2779] = 28351 28351
[2780] = 29010 29010
[2781] = 29669 29669
[2782] = 30328 30328
[2783] = 30987 30987
[2784] = 31647 31647
[2785] = 32306 32306
[2786] = 32966 32966
[2787] = 33625 33625
[2788] = 34284 34284
[2789] = 34943 34943
[2790] = 35604 35604
[2791] = 35604 35604
[2792] = 34943 34943
[2793] = 34284 34284
[2794] = 33625 33625
[2795] = 32966 32966
[2796] = 32306 32306
[2797] = 31647 31647
[2798] = 30987 30987
[2799] = 30328 30328
[2800] = 29669 29669
[2801] = 29010 29010
[2802] = 28351 28351
[2803] = 27691 27691
[2804] = 27032 27032
[2805] = 26372 26372
[2806] = 25713 25713
[2807] = 25054 25054
[2808] = 24394 24394
[2809] = 23735 23735
[2810] = 23076 23076
[2811] = 22416 22416
[2812] = 21757 21757
[2813] = 21098 21098
[2814] = 20438 20438
[2815] = 19779 19779
[2816] = 19119 19119
[2817] = 18461 18461
[2818] = 17801 17801
[2819] = 17141 17141
[2820] = 16482 16482
[2821] = 15823 15823
[2822] = 15164 15164
[2823] = 14505 14505
[2824] = 13845 13845
[2825] = 13186 13186
[2826] = 12526 12526
[2827] = 11867 11867
[2828] = 11208 11208
[2829] = 10548 10548
[2830] = 9889 9889
[2831] = 9229 9229
[2832] = 8570 8570
[2833] = 7911 7911
[2834] = 7252 7252
[2835] = 6592 6592
[2836] = 5933 5933
[2837] = 5273 5273
[2838] = 4614 4614
[2839] = 3955 3955
[2840] = 3296 3296
[2841] = 2636 2636
[2842] = 1977 1977
[2843] = 1318 1318
[2844] = 658 658
[2845] = 0 0
[2846] = 658 658
[2847] = 1318 1318
[2848] = 1977 1977
[2849] = 2636 2636
[2850] = 3296 3296
[2851] = 3955 3955
[2852] = 4614 4614
[2853] = 5273 5273
[2854] = 5933 5933
[2855] = 6592 6592
[2856] = 7252 7252
[2857] = 7911 7911
[2858] = 8570 8570
[2859] = 9229 9229
[2860] = 9889 9889
[2861] = 10548 10548
[2862] = 11208 11208
[2863] = 11867 11867
[2864] = 12526 12526
[2865] = 13186 13186
[2866] = 13845 13845
[2867] = 14505 14505
[2868] = 15164 15164
[2869] = 15823 15823
[2870] = 16482 16482
[2871] = 17141 17141
[2872] = 17801 17801
[2873] = 18461 18461
[2874] = 19119 19119
[2875] = 19779 19779
[2876] = 20438 20438
[2877] = 21098 21098
[2878] = 21757 21757
[2879] = 22416 22416
[2880] = 23076 23076
[2881] = 23735 23735
[2882] = 24394 24394
[2883] = 25054 25054
[2884] = 25713 25713
[2885] = 26372 26372
[2886] = 27032 27032
[2887] = 27691 27691
[2888] = 28351 28351
[2889] = 29010 29010
[2890] = 29669 29669
[2891] = 30328 30328
[2892] = 30987 30987
[2893] = 31647 31647
[2894] = 32306 32306
[2895] = 32966 32966
[2896] = 33625 33625
[2897] = 34284 34284
[2898] = 34943 34943
[2899] = 35604 35604
[2900] = 35604 35604
[2901] = 34943 34943
[2902] = 34284 34284
[2903] = 33625 33625
[2904] = 32966 32966
[2905] = 32306 32306
[2906] = 31647 31647
[2907] = 30987 30987
[2908] = 30328 30328
[2909] = 29669 29669
[2910] = 29010 29010
[2911] = 28351 28351
[2912] = 27691 27691
[2913] = 27032 27032
[2914] = 26372 26372
[2915] = 25713 25713
[2916] = 25054 25054
[2917] = 24394 24394
[2918] = 23735 23735
[2919] = 23076 23076
[2920] = 22416 22416
[2921] = 21757 21757
[2922] = 21098 21098
[2923] = 20438 20438
[2924] = 19779 19779
[2925] = 19119 19119
[2926] = 18461 18461
[2927] = 17801 17801
[2928] = 17141 17141
[2929] = 16482 16482
[2930] = 15823 15823
[2931] = 15164 15164
[2932] = 14505 14505
[2933] = 13845 13845
[2934] = 13186 13186
[2935] = 12526 12526
[2936] = 11867 11867
[2937] = 11208 11208
[2938] = 10548 10548
[2939] = 9889 9889
[2940] = 9229 9229
[2941] = 8570 8570
[2942] = 7911 7911
[2943] = 7252 7252
[2944] = 6592 6592
[2945] = 5933 5933
[2946] = 5273 5273
[2947] = 4614 4614
[2948] = 3955 3955
[2949] = 3296 3296
[2950] = 2636 2636
[2951] = 1977 1977
[2952] = 1318 1318
[2953] = 658 658
[2954] = 0 0
[2955] = 658 658
[2956] = 1318 1318
[2957] = 1977 1977
[2958] = 2636 2636
[2959] = 3296 3296
[2960] = 3955 3955
[2961] = 4614 4614
[2962] = 5273 5273
[2963] = 5933 5933
[2964] = 6592 6592
[2965] = 7252 7252
[2966] = 7911 7911
[2967] = 8570 8570
[2968] = 9229 9229
[2969] = 9889 9889
[2970] = 10548 10548
[2971] = 11208 11208
[2972] = 11867 11867
[2973] = 12526 12526
[2974] = 13186 13186
[2975] = 13845 13845
[2976] = 14505 14505
[2977] = 15164 15164
[2978] = 15823 15823
[2979] = 16482 16482
[2980] = 17141 17141
[2981] = 17801 17801
[2982] = 18461 18461
[2983] = 19119 19119
[2984] = 19779 19779
[2985] = 20438 20438
[2986] = 21098 21098
[2987] = 21757 21757
[2988] = 22416 22416
[2989] = 23076 23076
[2990] = 23735 23735
[2991] = 24394 24394
[2992] = 25054 25054
[2993] = 25713 25713
[2994] = 26372 26372
[2995] = 27032 27032
[2996] = 27691 27691
[2997] = 28351 28351
[2998] = 29010 29010
[2999] = 29669 29669
[3000] = 30328 30328
[3001] = 30987 30987
[3002] = 31647 31647
[3003] = 32306 32306
[3004] = 32966 32966
[3005] = 33625 33625
[3006] = 34284 34284
[3007] = 34943 34943
[3008] = 35604 35604
[3009] = 35604 35604
[3010] = 34943 34943
[3011] = 34284 34284
[3012] = 33625 33625
[3013] = 32966 32966
[3014] = 32306 32306
[3015] = 31647 31647
[3016] = 30987 30987
[3017] = 30328 30328
[3018] = 29669 29669
[3019] = 29010 29010
[3020] = 28351 28351
[3021] = 27691 27691
[3022] = 27032 27032
[3023] = 26372 26372
[3024] = 25713 25713
[3025] = 25054 25054
[3026] = 24394 24394
[3027] = 23735 23735
[3028] = 23076 23076
[3029] = 22416 22416
[3030] = 21757 21757
[3031] = 21098 21098
[3032] = 20438 20438
[3033] = 19779 19779
[3034] = 19119 19119
[3035] = 18461 18461
[3036] = 17801 17801
[3037] = 17141 17141
[3038] = 16482 16482
[3039] = 15823 15823
[3040] = 15164 15164
[3041] = 14505 14505
[3042] = 13845 13845
[3043] = 13186 13186
[3044] = 12526 12526
[3045] = 11867 11867
[3046] = 11208 11208
[3047] = 10548 10548
[3048] = 9889 9889
[3049] = 9229 9229
[3050] = 8570 8570
[3051] = 7911 7911
[3052] = 7252 7252
[3053] = 6592 6592
[3054] = 5933 5933
[3055] = 5273 5273
[3056] = 4614 4614
[3057] = 3955 3955
[3058] = 3296 3296
[3059] = 2636 2636
[3060] = 1977 1977
[3061] = 1318 1318
[3062] = 658 658
[3063] = 0 0
[3064] = 658 658
[3065] = 1318 1318
[3066] = 1977 1977
[3067] = 2636 2636
[3068] = 3296 3296
[3069] = 3955 3955
[3070] = 4614 4614
[3071] = 5273 5273
[3072] = 5933 5933
[3073] = 6592 6592
[3074] = 7252 7252
[3075] = 7911 7911
[3076] = 8570 8570
[3077] = 9229 9229
[3078] = 9889 9889
[3079] = 10548 10548
[3080] = 11208 11208
[3081] = 11867 11867
[3082] = 12526 12526
[3083] = 13186 13186
[3084] = 13845 13845
[3085] = 14505 14505
[3086] = 15164 15164
[3087] = 15823 15823
[3088] = 16482 16482
[3089] = 17141 17141
[3090] = 17801 17801
[3091] = 18461 18461
[3092] = 19119 19119
[3093] = 19779 19779
[3094] = 20438 20438
[3095] = 21098 21098
[3096] = 21757 21757
[3097] = 22416 22416
[3098] = 23076 23076
[3099] = 23735 23735
[3100] = 24394 24394
[3101] = 25054 25054
[3102] = 25713 25713
[3103] = 26372 26372
[3104] = 27032 27032
[3105] = 27691 27691
[3106] = 28351 28351
[3107] = 29010 29010
[3108] = 29669 29669
[3109] = 30328 30328
[3110] = 30987 30987
[3111] = 31647 31647
[3112] = 32306 32306
[3113] = 32966 32966
[3114] = 33625 33625
[3115] = 34284 34284
[3116] = 34943 34943
[3117] = 35604 35604
[3118] = 35604 35604
[3119] = 34943 34943
[3120] = 34284 34284
[3121] = 33625 33625
[3122] = 32966 32966
[3123] = 32306 32306
[3124] = 31647 31647
[3125] = 30987 30987
[3126] = 30328 30328
[3127] = 29669 29669
[3128] = 29010 29010
[3129] = 28351 28351
[3130] = 27691 27691
[3131] = 27032 27032
[3132] = 26372 26372
[3133] = 25713 25713
[3134] = 25054 25054
[3135] = 24394 24394
[3136] = 23735 23735
[3137] = 23076 23076
[3138] = 22416 22416
[3139] = 21757 21757
[3140] = 21098 21098
[3141] = 20438 20438
[3142] = 19779 19779
[3143] = 19119 19119
[3144] = 18461 18461
[3145] = 17801 17801
[3146] = 17141 17141
[3147] = 16482 16482
[3148] = 15823 15823
[3149] = 15164 15164
[3150] = 14505 14505
[3151] = 13845 13845
[3152] = 13186 13186
[3153] = 12526 12526
[3154] = 11867 11867
[3155] = 11208 11208
[3156] = 10548 10548
[3157] = 9889 9889
[3158] = 9229 9229
[3159] = 8570 8570
[3160] = 7911 7911
[3161] = 7252 7252
[3162] = 6592 6592
[3163] = 5933 5933
[3164] = 5273 5273
[3165] = 4614 4614
[3166] = 3955 3955
[3167] = 3296 3296
[3168] = 2636 2636
[3169] = 1977 1977
[3170] = 1318 1318
[3171] = 658 658
[3172] = 0 0
[3173] = 658 658
[3174] = 1318 1318
[3175] = 1977 1977
[3176] = 2636 2636
[3177] = 3296 3296
[3178] = 3955 3955
[3179] = 4614 4614
[3180] = 5273 5273
[3181] = 5933 5933
[3182] = 6592 6592
[3183] = 7252 7252
[3184] = 7911 7911
[3185] = 8570 8570
[3186] = 9229 9229
[3187] = 9889 9889
[3188] = 10548 10548
[3189] = 11208 11208
[3190] = 11867 11867
[3191] = 12526 12526
[3192] = 13186 13186
[3193] = 13845 13845
[3194] = 14505 14505
[3195] = 15164 15164
[3196] = 15823 15823
[3197] = 16482 16482
[3198] = 17141 17141
[3199] = 17801 17801
[3200] = 18461 18461
[3201] = 19119 19119
[3202] = 19779 19779
[3203] = 20438 20438
[3204] = 21098 21098
[3205] = 21757 21757
[3206] = 22416 22416
[3207] = 23076 23076
[3208] = 23735 23735
[3209] = 24394 24394
[3210] = 25054 25054
[3211] = 25713 25713
[3212] = 26372 26372
[3213] = 27032 27032
[3214] = 27691 27691
[3215] = 28351 28351
[3216] = 29010 29010
[3217] = 29669 29669
[3218] = 30328 30328
[3219] = 30987 30987
[3220] = 31647 31647
[3221] = 32306 32306
[3222] = 32966 32966
[3223] = 33625 33625
[3224] = 34284 34284
[3225] = 34943 34943
[3226] = 35604 35604
[3227] = 35604 35604
[3228] = 34943 34943
[3229] = 34284 34284
[3230] = 33625 33625
[3231] = 32966 32966
[3232] = 32306 32306
[3233] = 31647 31647
[3234] = 30987 30987
[3235] = 30328 30328
[3236] = 29669 29669
[3237] = 29010 29010
[3238] = 28351 28351
[3239] = 27691 27691
[3240] = 27032 27032
[3241] = 26372 26372
[3242] = 25713 25713
[3243] = 25054 25054
[3244] = 24394 24394
[3245] = 23735 23735
[3246] = 23076 23076
[3247] = 22416 22416
[3248] = 21757 21757
[3249] = 21098 21098
[3250] = 20438 20438
[3251] = 19779 19779
[3252] = 19119 19119
[3253] = 18461 18461
[3254] = 17801 17801
[3255] = 17141 17141
[3256] = 16482 16482
[3257] = 15823 15823
[3258] = 15164 15164
[3259] = 14505 14505
[3260] = 13845 13845
[3261] = 13186 13186
[3262] = 12526 12526
[3263] = 11867 11867
[3264] = 11208 11208
[3265] = 10548 10548
[3266] = 9889 9889
[3267] = 9229 9229
[3268] = 8570 8570
[3269] = 7911 7911
[3270] = 7252 7252
[3271] = 6592 6592
[3272] = 5933 5933
[3273] = 5273 5273
[3274] = 4614 4614
[3275] = 3955 3955
[3276] = 3296 3296
[3277] = 2636 2636
[3278] = 1977 1977
[3279] = 1318 1318
[3280] = 658 658
[3281] = 0 0
[3282] = 658 658
[3283] = 1318 1318
[3284] = 1977 1977
[3285] = 2636 2636
[3286] = 3296 3296
[3287] = 3955 3955
[3288] = 4614 4614
[3289] = 5273 5273
[3290] = 5933 5933
[3291] = 6592 6592
[3292] = 7252 7252
[3293] = 7911 7911
[3294] = 8570 8570
[3295] = 9229 9229
[3296] = 9889 9889
[3297] = 10548 10548
[3298] = 11208 11208
[3299] = 11867 11867
[3300] = 12526 12526
[3301] = 13186 13186
[3302] = 13845 13845
[3303] = 14505 14505
[3304] = 15164 15164
[3305] = 15823 15823
[3306] = 16482 16482
[3307] = 17141 17141
[3308] = 17801 17801
[3309] = 18461 18461
[3310] = 19119 19119
[3311] = 19779 19779
[3312] = 20438 20438
[3313] = 21098 21098
[3314] = 21757 21757
[3315] = 22416 22416
[3316] = 23076 23076
[3317] = 23735 23735
[3318] = 24394 24394
[3319] = 25054 25054
[3320] = 25713 25713
[3321] = 26372 26372
[3322] = 27032 27032
[3323] = 27691 27691
[3324] = 28351 28351
[3325] = 29010 29010
[3326] = 29669 29669
[3327] = 30328 30328
[3328] = 30987 30987
[3329] = 31647 31647
[3330] = 32306 32306
[3331] = 32966 32966
[3332] = 33625 33625
[3333] = 34284 34284
[3334] = 34943 34943
[3335] = 35604 35604
[3336] = 35604 35604
[3337] = 34943 34943
[3338] = 34284 34284
[3339] = 33625 33625
[3340] = 32966 32966
[3341] = 32306 32306
[3342] = 31647 31647
[3343] = 30987 30987
[3344] = 30328 30328
[3345] = 29669 29669
[3346] = 29010 29010
[3347] = 28351 28351
[3348] = 27691 27691
[3349] = 27032 27032
[3350] = 26372 26372
[3351] = 25713 25713
[3352] = 25054 25054
[3353] = 24394 24394
[3354] = 23735 23735
[3355] = 23076 23076
[3356] = 22416 22416
[3357] = 21757 21757
[3358] = 21098 21098
[3359] = 20438 20438
[3360] = 19779 19779
[3361] = 19119 19119
[3362] = 18461 18461
[3363] = 17801 17801
[3364] = 17141 17141
[3365] = 16482 16482
[3366] = 15823 15823
[3367] = 15164 15164
[3368] = 14505 14505
[3369] = 13845 13845
[3370] = 13186 13186
[3371] = 12526 12526
[3372] = 11867 11867
[3373] = 11208 11208
[3374] = 10548 10548
[3375] = 9889 9889
[3376] = 9229 9229
[3377] = 8570 8570
[3378] = 7911 7911
[3379] = 7252 7252
[3380] = 6592 6592
[3381] = 5933 5933
[3382] = 5273 5273
[3383] = 4614 4614
[3384] = 3955 3955
[3385] = 3296 3296
[3386] = 2636 2636
[3387] = 1977 1977
[3388] = 1318 1318
[3389] = 658 658
[3390] = 0 0
[3391] = 658 658
[3392] = 1318 1318
[3393] = 1977 1977
[3394] = 2636 2636
[3395] = 3296 3296
[3396] = 3955 3955
[3397] = 4614 4614
[3398] = 5273 5273
[3399] = 5933 5933
[3400] = 6592 6592
[3401] = 7252 7252
[3402] = 7911 7911
[3403] = 8570 8570
[3404] = 9229 9229
[3405] = 9889 9889
[3406] = 10548 10548
[3407] = 11208 11208
[3408] = 11867 11867
[3409] = 12526 12526
[3410] = 13186 13186
[3411] = 13845 13845
[3412] = 14505 14505
[3413] = 15164 15164
[3414] = 15823 15823
[3415] = 16482 16482
[3416] = 17141 17141
[3417] = 17801 17801
[3418] = 18461 18461
[3419] = 19119 19119
[3420] = 19779 19779
[3421] = 20438 20438
[3422] = 21098 21098
[3423] = 21757 21757
[3424] = 22416 22416
[3425] = 23076 23076
[3426] = 23735 23735
[3427] = 24394 24394
[3428] = 25054 25054
[3429] = 25713 25713
[3430] = 26372 26372
[3431] = 27032 27032
[3432] = 27691 27691
[3433] = 28351 28351
[3434] = 29010 29010
[3435] = 29669 29669
[3436] = 30328 30328
[3437] = 30987 30987
[3438] = 31647 31647
[3439] = 32306 32306
[3440] = 32966 32966
[3441] = 33625 33625
[3442] = 34284 34284
[3443] = 34943 34943
[3444] = 35604 35604
[3445] = 35604 35604
[3446] = 34943 34943
[3447] = 34284 34284
[3448] = 33625 33625
[3449] = 32966 32966
[3450] = 32306 32306
[3451] = 31647 31647
[3452] = 30987 30987
[3453] = 30328 30328
[3454] = 29669 29669
[3455] = 29010 29010
[3456] = 28351 28351
[3457] = 27691 27691
[3458] = 27032 27032
[3459] = 26372 26372
[3460] = 25713 25713
[3461] = 25054 25054
[3462] = 24394 24394
[3463] = 23735 23735
[3464] = 23076 23076
[3465] = 22416 22416
[3466] = 21757 21757
[3467] = 21098 21098
[3468] = 20438 20438
[3469] = 19779 19779
[3470] = 19119 19119
[3471] = 18461 18461
[3472] = 17801 17801
[3473] = 17141 17141
[3474] = 16482 16482
[3475] = 15823 15823
[3476] = 15164 15164
[3477] = 14505 14505
[3478] = 13845 13845
[3479] = 13186 13186
[3480] = 12526 12526
[3481] = 11867 11867
[3482] = 11208 11208
[3483] = 10548 10548
[3484] = 9889 9889
[3485] = 9229 9229
[3486] = 8570 8570
[3487] = 7911 7911
[3488] = 7252 7252
[3489] = 6592 6592
[3490] = 5933 5933
[3491] = 5273 5273
[3492] = 4614 4614
[3493] = 3955 3955
[3494] = 3296 3296
[3495] = 2636 2636
[3496] = 1977 1977
[3497] = 1318 1318
[3498] = 658 658
[3499] = 0 0
[3500] = 658 658
[3501] = 1318 1318
[3502] = 1977 1977
[3503] = 2636 2636
[3504] = 3296 3296
[3505] = 3955 3955
[3506] = 4614 4614
[3507] = 5273 5273
[3508] = 5933 5933
[3509] = 6592 6592
[3510] = 7252 7252
[3511] = 7911 7911
[3512] = 8570 8570
[3513] = 9229 9229
[3514] = 9889 9889
[3515] = 10548 10548
[3516] = 11208 11208
[3517] = 11867 11867
[3518] = 12526 12526
[3519] = 13186 13186
[3520] = 13845 13845
[3521] = 14505 14505
[3522] = 15164 15164
[3523] = 15823 15823
[3524] = 16482 16482
[3525] = 17141 17141
[3526] = 17801 17801
[3527] = 18461 18461
[3528] = 19119 19119
[3529] = 19779 19779
[3530] = 20438 20438
[3531] = 21098 21098
[3532] = 21757 21757
[3533] = 22416 22416
[3534] = 23076 23076
[3535] = 23735 23735
[3536] = 24394 24394
[3537] = 25054 25054
[3538] = 25713 25713
[3539] = 26372 26372
[3540] = 27032 27032
[3541] = 27691 27691
[3542] = 28351 28351
[3543] = 29010 29010
[3544] = 29669 29669
[3545] = 30328 30328
[3546] = 30987 30987
[3547] = 31647 31647
[3548] = 32306 32306
[3549] = 32966 32966
[3550] = 33625 33625
[3551] = 34284 34284
[3552] = 34943 34943
[3553] = 35604 35604
[3554] = 35604 35604
[3555] = 34943 34943
[3556] = 34284 34284
[3557] = 33625 33625
[3558] = 32966 32966
[3559] = 32306 32306
[3560] = 31647 31647
[3561] = 30987 30987
[3562] = 30328 30328
[3563] = 29669 29669
[3564] = 29010 29010
[3565] = 28351 28351
[3566] = 27691 27691
[3567] = 27032 27032
[3568] = 26372 26372
[3569] = 25713 25713
[3570] = 25054 25054
[3571] = 24394 24394
[3572] = 23735 23735
[3573] = 23076 23076
[3574] = 22416 22416
[3575] = 21757 21757
[3576] = 21098 21098
[3577] = 20438 20438
[3578] = 19779 19779
[3579] = 19119 19119
[3580] = 18461 18461
[3581] = 17801 17801
[3582] = 17141 17141
[3583] = 16482 16482
[3584] = 15823 15823
[3585] = 15164 15164
[3586] = 14505 14505
[3587] = 13845 13845
[3588] = 13186 13186
[3589] = 12526 12526
[3590] = 11867 11867
[3591] = 11208 11208
[3592] = 10548 10548
[3593] = 9889 9889
[3594] = 9229 9229
[3595] = 8570 8570
[3596] = 7911 7911
[3597] = 7252 7252
[3598] = 6592 6592
[3599] = 5933 5933
[3600] = 5273 5273
[3601] = 4614 4614
[3602] = 3955 3955
[3603] = 3296 3296
[3604] = 2636 2636
[3605] = 1977 1977
[3606] = 1318 1318
[3607] = 658 658
[3608] = 0 0
[3609] = 658 658
[3610] = 1318 1318
[3611] = 1977 1977
[3612] = 2636 2636
[3613] = 3296 3296
[3614] = 3955 3955
[3615] = 4614 4614
[3616] = 5273 5273
[3617] = 5933 5933
[3618] = 6592 6592
[3619] = 7252 7252
[3620] = 7911 7911
[3621] = 8570 8570
[3622] = 9229 9229
[3623] = 9889 9889
[3624] = 10548 10548
[3625] = 11208 11208
[3626] = 11867 11867
[3627] = 12526 12526
[3628] = 13186 13186
[3629] = 13845 13845
[3630] = 14505 14505
[3631] = 15164 15164
[3632] = 15823 15823
[3633] = 16482 16482
[3634] = 17141 17141
[3635] = 17801 17801
[3636] = 18461 18461
[3637] = 19119 19119
[3638] = 19779 19779
[3639] = 20438 20438
[3640] = 21098 21098
[3641] = 21757 21757
[3642] = 22416 22416
[3643] = 23076 23076
[3644] = 23735 23735
[3645] = 24394 24394
[3646] = 25054 25054
[3647] = 25713 25713
[3648] = 26372 26372
[3649] = 27032 27032
[3650] = 27691 27691
[3651] = 28351 28351
[3652] = 29010 29010
[3653] = 29669 29669
[3654] = 30328 30328
[3655] = 30987 30987
[3656] = 31647 31647
[3657] = 32306 32306
[3658] = 32966 32966
[3659] = 33625 33625
[3660] = 34284 34284
[3661] = 34943 34943
[3662] = 35604 35604
[3663] = 35604 35604
[3664] = 34943 34943
[3665] = 34284 34284
[3666] = 33625 33625
[3667] = 32966 32966
[3668] = 32306 32306
[3669] = 31647 31647
[3670] = 30987 30987
[3671] = 30328 30328
[3672] = 29669 29669
[3673] = 29010 29010
[3674] = 28351 28351
[3675] = 27691 27691
[3676] = 27032 27032
[3677] = 26372 26372
[3678] = 25713 25713
[3679] = 25054 25054
[3680] = 24394 24394
[3681] = 23735 23735
[3682] = 23076 23076
[3683] = 22416 22416
[3684] = 21757 21757
[3685] = 21098 21098
[3686] = 20438 20438
[3687] = 19779 19779
[3688] = 19119 19119
[3689] = 18461 18461
[3690] = 17801 17801
[3691] = 17141 17141
[3692] = 16482 16482
[3693] = 15823 15823
[3694] = 15164 15164
[3695] = 14505 14505
[3696] = 13845 13845
[3697] = 13186 13186
[3698] = 12526 12526
[3699] = 11867 11867
[3700] = 11208 11208
[3701] = 10548 10548
[3702] = 9889 9889
[3703] = 9229 9229
[3704] = 8570 8570
[3705] = 7911 7911
[3706] = 7252 7252
[3707] = 6592 6592
[3708] = 5933 5933
[3709] = 5273 5273
[3710] = 4614 4614
[3711] = 3955 3955
[3712] = 3296 3296
[3713] = 2636 2636
[3714] = 1977 1977
[3715] = 1318 1318
[3716] = 658 658
[3717] = 0 0
[3718] = 646 646
[3719] = 1294 1294
[3720] = 1941 1941
[3721] = 2589 2589
[3722] = 3235 3235
[3723] = 3883 3883
[3724] = 4530 4530
[3725] = 5178 5178
[3726] = 5825 5825
[3727] = 6472 6472
[3728] = 7120 7120
[3729] = 7767 7767
[3730] = 8415 8415
[3731] = 9062 9062
[3732] = 9709 9709
[3733] = 10356 10356
[3734] = 11004 11004
[3735] = 11651 11651
[3736] = 12299 12299
[3737] = 12946 12946
[3738] = 13593 13593
[3739] = 14241 14241
[3740] = 14888 14888
[3741] = 15536 15536
[3742] = 16182 16182
[3743] = 16830 16830
[3744] = 17477 17477
[3745] = 18125 18125
[3746] = 18771 18771
[3747] = 19419 19419
[3748] = 20067 20067
[3749] = 20714 20714
[3750] = 21362 21362
[3751] = 22009 22009
[3752] = 22656 22656
[3753] = 23303 23303
[3754] = 23951 23951
[3755] = 24598 24598
[3756] = 25246 25246
[3757] = 25892 25892
[3758] = 26540 26540
[3759] = 27188 27188
[3760] = 27835 27835
[3761] = 28483 28483
[3762] = 29129 29129
[3763] = 29777 29777
[3764] = 30424 30424
[3765] = 31072 31072
[3766] = 31719 31719
[3767] = 32366 32366
[3768] = 33013 33013
[3769] = 33661 33661
[3770] = 34308 34308
[3771] = 34956 34956
[3772] = 35604 35604
[3773] = 34956 34956
[3774] = 34308 34308
[3775] = 33661 33661
[3776] = 33013 33013
[3777] = 32366 32366
[3778] = 31719 31719
[3779] = 31072 31072
[3780] = 30424 30424
[3781] = 29777 29777
[3782] = 29129 29129
[3783] = 28483 28483
[3784] = 27835 27835
[3785] = 27188 27188
[3786] = 26540 26540
[3787] = 25892 25892
[3788] = 25246 25246
[3789] = 24598 24598
[3790] = 23951 23951
[3791] = 23303 23303
[3792] = 22656 22656
[3793] = 22009 22009
[3794] = 21362 21362
[3795] = 20714 20714
[3796] = 20067 20067
[3797] = 19419 19419
[3798] = 18771 18771
[3799] = 18125 18125
[3800] = 17477 17477
[3801] = 16830 16830
[3802] = 16182 16182
[3803] = 15536 15536
[3804] = 14888 14888
[3805] = 14241 14241
[3806] = 13593 13593
[3807] = 12946 12946
[3808] = 12299 12299
[3809] = 11651 11651
[3810] = 11004 11004
[3811] = 10356 10356
[3812] = 9709 9709
[3813] = 9062 9062
[3814] = 8415 8415
[3815] = 7767 7767
[3816] = 7120 7120
[3817] = 6472 6472
[3818] = 5825 5825
[3819] = 5178 5178
[3820] = 4530 4530
[3821] = 3883 3883
[3822] = 3235 3235
[3823] = 2589 2589
[3824] = 1941 1941
[3825] = 1294 1294
[3826] = 646 646
[3827] = 0 0
[3828] = 658 658
[3829] = 1318 1318
[3830] = 1977 1977
[3831] = 2636 2636
[3832] = 3296 3296
[3833] = 3955 3955
[3834] = 4614 4614
[3835] = 5273 5273
[3836] = 5933 5933
[3837] = 6592 6592
[3838] = 7252 7252
[3839] = 7911 7911
[3840] = 8570 8570
[3841] = 9229 9229
[3842] = 9889 9889
[3843] = 10548 10548
[3844] = 11208 11208
[3845] = 11867 11867
[3846] = 12526 12526
[3847] = 13186 13186
[3848] = 13845 13845
[3849] = 14505 14505
[3850] = 15164 15164
[3851] = 15823 15823
[3852] = 16482 16482
[3853] = 17141 17141
[3854] = 17801 17801
[3855] = 18461 18461
[3856] = 19119 19119
[3857] = 19779 19779
[3858] = 20438 20438
[3859] = 21098 21098
[3860] = 21757 21757
[3861] = 22416 22416
[3862] = 23076 23076
[3863] = 23735 23735
[3864] = 24394 24394
[3865] = 25054 25054
[3866] = 25713 25713
[3867] = 26372 26372
[3868] = 27032 27032
[3869] = 27691 27691
[3870] = 28351 28351
[3871] = 29010 29010
[3872] = 29669 29669
[3873] = 30328 30328
[3874] = 30987 30987
[3875] = 31647 31647
[3876] = 32306 32306
[3877] = 32966 32966
[3878] = 33625 33625
[3879] = 34284 34284
[3880] = 34943 34943
[3881] = 35604 35604
[3882] = 35604 35604
[3883] = 34943 34943
[3884] = 34284 34284
[3885] = 33625 33625
[3886] = 32966 32966
[3887] = 32306 32306
[3888] = 31647 31647
[3889] = 30987 30987
[3890] = 30328 30328
[3891] = 29669 29669
[3892] = 29010 29010
[3893] = 28351 28351
[3894] = 27691 27691
[3895] = 27032 27032
[3896] = 26372 26372
[3897] = 25713 25713
[3898] = 25054 25054
[3899] = 24394 24394
[3900] = 23735 23735
[3901] = 23076 23076
[3902] = 22416 22416
[3903] = 21757 21757
[3904] = 21098 21098
[3905] = 20438 20438
[3906] = 19779 19779
[3907] = 19119 19119
[3908] = 18461 18461
[3909] = 17801 17801
[3910] = 17141 17141
[3911] = 16482 16482
[3912] = 15823 15823
[3913] = 15164 15164
[3914] = 14505 14505
[3915] = 13845 13845
[3916] = 13186 13186
[3917] = 12526 12526
[3918] = 11867 11867
[3919] = 11208 11208
[3920] = 10548 10548
[3921] = 9889 9889
[3922] = 9229 9229
[3923] = 8570 8570
[3924] = 7911 7911
[3925] = 7252 7252
[3926] = 6592 6592
[3927] = 5933 5933
[3928] = 5273 5273
[3929] = 4614 4614
[3930] = 3955 3955
[3931] = 3296 3296
[3932] = 2636 2636
[3933] = 1977 1977
[3934] = 1318 1318
[3935] = 658 658
[3936] = 0 0
[3937] = 658 658
[3938] = 1318 1318
[3939] = 1977 1977
[3940] = 2636 2636
[3941] = 3296 3296
[3942] = 3955 3955
[3943] = 4614 4614
[3944] = 5273 5273
[3945] = 5933 5933
[3946] = 6592 6592
[3947] = 7252 7252
[3948] = 7911 7911
[3949] = 8570 8570
[3950] = 9229 9229
[3951] = 9889 9889
[3952] = 10548 10548
[3953] = 11208 11208
[3954] = 11867 11867
[3955] = 12526 12526
[3956] = 13186 13186
[3957] = 13845 13845
[3958] = 14505 14505
[3959] = 15164 15164
[3960] = 15823 15823
[3961] = 16482 16482
[3962] = 17141 17141
[3963] = 17801 17801
[3964] = 18461 18461
[3965] = 19119 19119
[3966] = 19779 19779
[3967] = 20438 20438
[3968] = 21098 21098
[3969] = 21757 21757
[3970] = 22416 22416
[3971] = 23076 23076
[3972] = 23735 23735
[3973] = 24394 24394
[3974] = 25054 25054
[3975] = 25713 25713
[3976] = 26372 26372
[3977] = 27032 27032
[3978] = 27691 27691
[3979] = 28351 28351
[3980] = 29010 29010
[3981] = 29669 29669
[3982] = 30328 30328
[3983] = 30987 30987
[3984] = 31647 31647
[3985] = 32306 32306
[3986] = 32966 32966
[3987] = 33625 33625
[3988] = 34284 34284
[3989] = 34943 34943
[3990] = 35604 35604
[3991] = 35604 35604
[3992] = 34943 34943
[3993] = 34284 34284
[3994] = 33625 33625
[3995] = 32966 32966
[3996] = 32306 32306
[3997] = 31647 31647
[3998] = 30987 30987
[3999] = 30328 30328
[4000] = 29669 29669
[4001] = 29010 29010
[4002] = 28351 28351
[4003] = 27691 27691
[4004] = 27032 27032
[4005] = 26372 26372
[4006] = 25713 25713
[4007] = 25054 25054
[4008] = 24394 24394
[4009] = 23735 23735
[4010] = 23076 23076
[4011] = 22416 22416
[4012] = 21757 21757
[4013] = 21098 21098
[4014] = 20438 20438
[4015] = 19779 19779
[4016] = 19119 19119
[4017] = 18461 18461
[4018] = 17801 17801
[4019] = 17141 17141
[4020] = 16482 16482
[4021] = 15823 15823
[4022] = 15164 15164
[4023] = 14505 14505
[4024] = 13845 13845
[4025] = 13186 13186
[4026] = 12526 12526
[4027] = 11867 11867
[4028] = 11208 11208
[4029] = 10548 10548
[4030] = 9889 9889
[4031] = 9229 9229
[4032] = 8570 8570
[4033] = 7911 7911
[4034] = 7252 7252
[4035] = 6592 6592
[4036] = 5933 5933
[4037] = 5273 5273
[4038] = 4614 4614
[4039] = 3955 3955
[4040] = 3296 3296
[4041] = 2636 2636
[4042] = 1977 1977
[4043] = 1318 1318
[4044] = 658 658
[4045] = 0 0
[4046] = 658 658
[4047] = 1318 1318
[4048] = 1977 1977
[4049] = 2636 2636
[4050] = 3296 3296
[4051] = 3955 3955
[4052] = 4614 4614
[4053] = 5273 5273
[4054] = 5933 5933
[4055] = 6592 6592
[4056] = 7252 7252
[4057] = 7911 7911
[4058] = 8570 8570
[4059] = 9229 9229
[4060] = 9889 9889
[4061] = 10548 10548
[4062] = 11208 11208
[4063] = 11867 11867
[4064] = 12526 12526
[4065] = 13186 13186
[4066] = 13845 13845
[4067] = 14505 14505
[4068] = 15164 15164
[4069] = 15823 15823
[4070] = 16482 16482
[4071] = 17141 17141
[4072] = 17801 17801
[4073] = 18461 18461
[4074] = 19119 19119
[4075] = 19779 19779
[4076] = 20438 20438
[4077] = 21098 21098
[4078] = 21757 21757
[4079] = 22416 22416
[4080] = 23076 23076
[4081] = 23735 23735
[4082] = 24394 24394
[4083] = 25054 25054
[4084] = 25713 25713
[4085] = 26372 26372
[4086] = 27032 27032
[4087] = 27691 27691
[4088] = 28351 28351
[4089] = 29010 29010
[4090] = 29669 29669
[4091] = 30328 30328
[4092] = 30987 30987
[4093] = 31647 31647
[4094] = 32306 32306
[4095] = 32966 32966
[4096] = 33625 33625
[4097] = 34284 34284
[4098] = 34943 34943
[4099] = 35604 35604
[4100] = 35604 35604
[4101] = 34943 34943
[4102] = 34284 34284
[4103] = 33625 33625
[4104] = 32966 32966
[4105] = 32306 32306
[4106] = 31647 31647
[4107] = 30987 30987
[4108] = 30328 30328
[4109] = 29669 29669
[4110] = 29010 29010
[4111] = 28351 28351
[4112] = 27691 27691
[4113] = 27032 27032
[4114] = 26372 26372
[4115] = 25713 25713
[4116] = 25054 25054
[4117] = 24394 24394
[4118] = 23735 23735
[4119] = 23076 23076
[4120] = 22416 22416
[4121] = 21757 21757
[4122] = 21098 21098
[4123] = 20438 20438
[4124] = 19779 19779
[4125] = 19119 19119
[4126] = 18461 18461
[4127] = 17801 17801
[4128] = 17141 17141
[4129] = 16482 16482
[4130] = 15823 15823
[4131] = 15164 15164
[4132] = 14505 14505
[4133] = 13845 13845
[4134] = 13186 13186
[4135] = 12526 12526
[4136] = 11867 11867
[4137] = 11208 11208
[4138] = 10548 10548
[4139] = 9889 9889
[4140] = 9229 9229
[4141] = 8570 8570
[4142] = 7911 7911
[4143] = 7252 7252
[4144] = 6592 6592
[4145] = 5933 5933
[4146] = 5273 5273
[4147] = 4614 4614
[4148] = 3955 3955
[4149] = 3296 3296
[4150] = 2636 2636
[4151] = 1977 1977
[4152] = 1318 1318
[4153] = 658 658
[4154] = 0 0
[4155] = 658 658
[4156] = 1318 1318
[4157] = 1977 1977
[4158] = 2636 2636
[4159] = 3296 3296
[4160] = 3955 3955
[4161] = 4614 4614
[4162] = 5273 5273
[4163] = 5933 5933
[4164] = 6592 6592
[4165] = 7252 7252
[4166] = 7911 7911
[4167] = 8570 8570
[4168] = 9229 9229
[4169] = 9889 9889
[4170] = 10548 10548
[4171] = 11208 11208
[4172] = 11867 11867
[4173] = 12526 12526
[4174] = 13186 13186
[4175] = 13845 13845
[4176] = 14505 14505
[4177] = 15164 15164
[4178] = 15823 15823
[4179] = 16482 16482
[4180] = 17141 17141
[4181] = 17801 17801
[4182] = 18461 18461
[4183] = 19119 19119
[4184] = 19779 19779
[4185] = 20438 20438
[4186] = 21098 21098
[4187] = 21757 21757
[4188] = 22416 22416
[4189] = 23076 23076
[4190] = 23735 23735
[4191] = 24394 24394
[4192] = 25054 25054
[4193] = 25713 25713
[4194] = 26372 26372
[4195] = 27032 27032
[4196] = 27691 27691
[4197] = 28351 28351
[4198] = 29010 29010
[4199] = 29669 29669
[4200] = 30328 30328
[4201] = 30987 30987
[4202] = 31647 31647
[4203] = 32306 32306
[4204] = 32966 32966
[4205] = 33625 33625
[4206] = 34284 34284
[4207] = 34943 34943
[4208] = 35604 35604
[4209] = 35604 35604
[4210] = 34943 34943
[4211] = 34284 34284
[4212] = 33625 33625
[4213] = 32966 32966
[4214] = 32306 32306
[4215] = 31647 31647
[4216] = 30987 30987
[4217] = 30328 30328
[4218] = 29669 29669
[4219] = 29010 29010
[4220] = 28351 28351
[4221] = 27691 27691
[4222] = 27032 27032
[4223] = 26372 26372
[4224] = 25713 25713
[4225] = 25054 25054
[4226] = 24394 24394
[4227] = 23735 23735
[4228] = 23076 23076
[4229] = 22416 22416
[4230] = 21757 21757
[4231] = 21098 21098
[4232] = 20438 20438
[4233] = 19779 19779
[4234] = 19119 19119
[4235] = 18461 18461
[4236] = 17801 17801
[4237] = 17141 17141
[4238] = 16482 16482
[4239] = 15823 15823
[4240] = 15164 15164
[4241] = 14505 14505
[4242] = 13845 13845
[4243] = 13186 13186
[4244] = 12526 12526
[4245] = 11867 11867
[4246] = 11208 11208
[4247] = 10548 10548
[4248] = 9889 9889
[4249] = 9229 9229
[4250] = 8570 8570
[4251] = 7911 7911
[4252] = 7252 7252
[4253] = 6592 6592
[4254] = 5933 5933
[4255] = 5273 5273
[4256] = 4614 4614
[4257] = 3955 3955
[4258] = 3296 3296
[4259] = 2636 2636
[4260] = 1977 1977
[4261] = 1318 1318
[4262] = 658 658
[4263] = 0 0
[4264] = 658 658
[4265] = 1318 1318
[4266] = 1977 1977
[4267] = 2636 2636
[4268] = 3296 3296
[4269] = 3955 3955
[4270] = 4614 4614
[4271] = 5273 5273
[4272] = 5933 5933
[4273] = 6592 6592
[4274] = 7252 7252
[4275] = 7911 7911
[4276] = 8570 8570
[4277] = 9229 9229
[4278] = 9889 9889
[4279] = 10548 10548
[4280] = 11208 11208
[4281] = 11867 11867
[4282] = 12526 12526
[4283] = 13186 13186
[4284] = 13845 13845
[4285] = 14505 14505
[4286] = 15164 15164
[4287] = 15823 15823
[4288] = 16482 16482
[4289] = 17141 17141
[4290] = 17801 17801
[4291] = 18461 18461
[4292] = 19119 19119
[4293] = 19779 19779
[4294] = 20438 20438
[4295] = 21098 21098
[4296] = 21757 21757
[4297] = 22416 22416
[4298] = 23076 23076
[4299] = 23735 23735
[4300] = 24394 24394
[4301] = 25054 25054
[4302] = 25713 25713
[4303] = 26372 26372
[4304] = 27032 27032
[4305] = 27691 27691
[4306] = 28351 28351
[4307] = 29010 29010
[4308] = 29669 29669
[4309] = 30328 30328
[4310] = 30987 30987
[4311] = 31647 31647
[4312] = 32306 32306
[4313] = 32966 32966
[4314] = 33625 33625
[4315] = 34284 34284
[4316] = 34943 34943
[4317] = 35604 35604
[4318] = 35604 35604
[4319] = 34943 34943
[4320] = 34284 34284
[4321] = 33625 33625
[4322] = 32966 32966
[4323] = 32306 32306
[4324] = 31647 31647
[4325] = 30987 30987
[4326] = 30328 30328
[4327] = 29669 29669
[4328] = 29010 29010
[4329] = 28351 28351
[4330] = 27691 27691
[4331] = 27032 27032
[4332] = 26372 26372
[4333] = 25713 25713
[4334] = 25054 25054
[4335] = 24394 24394
[4336] = 23735 23735
[4337] = 23076 23076
[4338] = 22416 22416
[4339] = 21757 21757
[4340] = 21098 21098
[4341] = 20438 20438
[4342] = 19779 19779
[4343] = 19119 19119
[4344] = 18461 18461
[4345] = 17801 17801
[4346] = 17141 17141
[4347] = 16482 16482
[4348] = 15823 15823
[4349] = 15164 15164
[4350] = 14505 14505
[4351] = 13845 13845
[4352] = 13186 13186
[4353] = 12526 12526
[4354] = 11867 11867
[4355] = 11208 11208
[4356] = 10548 10548
[4357] = 9889 9889
[4358] = 9229 9229
[4359] = 8570 8570
[4360] = 7911 7911
[4361] = 7252 7252
[4362] = 6592 6592
[4363] = 5933 5933
[4364] = 5273 5273
[4365] = 4614 4614
[4366] = 3955 3955
[4367] = 3296 3296
[4368] = 2636 2636
[4369] = 1977 1977
[4370] = 1318 1318
[4371] = 658 658
[4372] = 0 0
[4373] = 658 658
[4374] = 1318 1318
[4375] = 1977 1977
[4376] = 2636 2636
[4377] = 3296 3296
[4378] = 3955 3955
[4379] = 4614 4614
[4380] = 5273 5273
[4381] = 5933 5933
[4382] = 6592 6592
[4383] = 7252 7252
[4384] = 7911 7911
[4385] = 8570 8570
[4386] = 9229 9229
[4387] = 9889 9889
[4388] = 10548 10548
[4389] = 11208 11208
[4390] = 11867 11867
[4391] = 12526 12526
[4392] = 13186 13186
[4393] = 13845 13845
[4394] = 14505 14505
[4395] = 15164 15164
[4396] = 15823 15823
[4397] = 16482 16482
[4398] = 17141 17141
[4399] = 17801 17801
[4400] = 18461 18461
[4401] = 19119 19119
[4402] = 19779 19779
[4403] = 20438 20438
[4404] = 21098 21098
[4405] = 21757 21757
[4406] = 22416 22416
[4407] = 23076 23076
[4408] = 23735 23735
[4409] = 24394 24394
[4410] = 25054 25054
[4411] = 25713 25713
[4412] = 26372 26372
[4413] = 27032 27032
[4414] = 27691 27691
[4415] = 28351 28351
[4416] = 29010 29010
[4417] = 29669 29669
[4418] = 30328 30328
[4419] = 30987 30987
[4420] = 31647 31647
[4421] = 32306 32306
[4422] = 32966 32966
[4423] = 33625 33625
[4424] = 34284 34284
[4425] = 34943 34943
[4426] = 35604 35604
[4427] = 35604 35604
[4428] = 34943 34943
[4429] = 34284 34284
[4430] = 33625 33625
[4431] = 32966 32966
[4432] = 32306 32306
[4433] = 31647 31647
[4434] = 30987 30987
[4435] = 30328 30328
[4436] = 29669 29669
[4437] = 29010 29010
[4438] = 28351 28351
[4439] = 27691 27691
[4440] = 27032 27032
[4441] = 26372 26372
[4442] = 25713 25713
[4443] = 25054 25054
[4444] = 24394 24394
[4445] = 23735 23735
[4446] = 23076 23076
[4447] = 22416 22416
[4448] = 21757 21757
[4449] = 21098 21098
[4450] = 20438 20438
[4451] = 19779 19779
[4452] = 19119 19119
[4453] = 18461 18461
[4454] = 17801 17801
[4455] = 17141 17141
[4456] = 16482 16482
[4457] = 15823 15823
[4458] = 15164 15164
[4459] = 14505 14505
[4460] = 13845 13845
[4461] = 13186 13186
[4462] = 12526 12526
[4463] = 11867 11867
[4464] = 11208 11208
[4465] = 10548 10548
[4466] = 9889 9889
[4467] = 9229 9229
[4468] = 8570 8570
[4469] = 7911 7911
[4470] = 7252 7252
[4471] = 6592 6592
[4472] = 5933 5933
[4473] = 5273 5273
[4474] = 4614 4614
[4475] = 3955 3955
[4476] = 3296 3296
[4477] = 2636 2636
[4478] = 1977 1977
[4479] = 1318 1318
[4480] = 658 658
[4481] = 0 0
[4482] = 658 658
[4483] = 1318 1318
[4484] = 1977 1977
[4485] = 2636 2636
[4486] = 3296 3296
[4487] = 3955 3955
[4488] = 4614 4614
[4489] = 5273 5273
[4490] = 5933 5933
[4491] = 6592 6592
[4492] = 7252 7252
[4493] = 7911 7911
[4494] = 8570 8570
[4495] = 9229 9229
[4496] = 9889 9889
[4497] = 10548 10548
[4498] = 11208 11208
[4499] = 11867 11867
[4500] = 12526 12526
[4501] = 13186 13186
[4502] = 13845 13845
[4503] = 14505 14505
[4504] = 15164 15164
[4505] = 15823 15823
[4506] = 16482 16482
[4507] = 17141 17141
[4508] = 17801 17801
[4509] = 18461 18461
[4510] = 19119 19119
[4511] = 19779 19779
[4512] = 20438 20438
[4513] = 21098 21098
[4514] = 21757 21757
[4515] = 22416 22416
[4516] = 23076 23076
[4517] = 23735 23735
[4518] = 24394 24394
[4519] = 25054 25054
[4520] = 25713 25713
[4521] = 26372 26372
[4522] = 27032 27032
[4523] = 27691 27691
[4524] = 28351 28351
[4525] = 29010 29010
[4526] = 29669 29669
[4527] = 30328 30328
[4528] = 30987 30987
[4529] = 31647 31647
[4530] = 32306 32306
[4531] = 32966 32966
[4532] = 33625 33625
[4533] = 34284 34284
[4534] = 34943 34943
[4535] = 35604 35604
[4536] = 35604 35604
[4537] = 34943 34943
[4538] = 34284 34284
[4539] = 33625 33625
[4540] = 32966 32966
[4541] = 32306 32306
[4542] = 31647 31647
[4543] = 30987 30987
[4544] = 30328 30328
[4545] = 29669 29669
[4546] = 29010 29010
[4547] = 28351 28351
[4548] = 27691 27691
[4549] = 27032 27032
[4550] = 26372 26372
[4551] = 25713 25713
[4552] = 25054 25054
[4553] = 24394 24394
[4554] = 23735 23735
[4555] = 23076 23076
[4556] = 22416 22416
[4557] = 21757 21757
[4558] = 21098 21098
[4559] = 20438 20438
[4560] = 19779 19779
[4561] = 19119 19119
[4562] = 18461 18461
[4563] = 17801 17801
[4564] = 17141 17141
[4565] = 16482 16482
[4566] = 15823 15823
[4567] = 15164 15164
[4568] = 14505 14505
[4569] = 13845 13845
[4570] = 13186 13186
[4571] = 12526 12526
[4572] = 11867 11867
[4573] = 11208 11208
[4574] = 10548 10548
[4575] = 9889 9889
[4576] = 9229 9229
[4577] = 8570 8570
[4578] = 7911 7911
[4579] = 7252 7252
[4580] = 6592 6592
[4581] = 5933 5933
[4582] = 5273 5273
[4583] = 4614 4614
[4584] = 3955 3955
[4585] = 3296 3296
[4586] = 2636 2636
[4587] = 1977 1977
[4588] = 1318 1318
[4589] = 658 658
[4590] = 0 0
[4591] = 658 658
[4592] = 1318 1318
[4593] = 1977 1977
[4594] = 2636 2636
[4595] = 3296 3296
[4596] = 3955 3955
[4597] = 4614 4614
[4598] = 5273 5273
[4599] = 5933 5933
[4600] = 6592 6592
[4601] = 7252 7252
[4602] = 7911 7911
[4603] = 8570 8570
[4604] = 9229 9229
[4605] = 9889 9889
[4606] = 10548 10548
[4607] = 11208 11208
[4608] = 11867 11867
[4609] = 12526 12526
[4610] = 13186 13186
[4611] = 13845 13845
[4612] = 14505 14505
[4613] = 15164 15164
[4614] = 15823 15823
[4615] = 16482 16482
[4616] = 17141 17141
[4617] = 17801 17801
[4618] = 18461 18461
[4619] = 19119 19119
[4620] = 19779 19779
[4621] = 20438 20438
[4622] = 21098 21098
[4623] = 21757 21757
[4624] = 22416 22416
[4625] = 23076 23076
[4626] = 23735 23735
[4627] = 24394 24394
[4628] = 25054 25054
[4629] = 25713 25713
[4630] = 26372 26372
[4631] = 27032 27032
[4632] = 27691 27691
[4633] = 28351 28351
[4634] = 29010 29010
[4635] = 29669 29669
[4636] = 30328 30328
[4637] = 30987 30987
[4638] = 31647 31647
[4639] = 32306 32306
[4640] = 32966 32966
[4641] = 33625 33625
[4642] = 34284 34284
[4643] = 34943 34943
[4644] = 35604 35604
[4645] = 35604 35604
[4646] = 34943 34943
[4647] = 34284 34284
[4648] = 33625 33625
[4649] = 32966 32966
[4650] = 32306 32306
[4651] = 31647 31647
[4652] = 30987 30987
[4653] = 30328 30328
[4654] = 29669 29669
[4655] = 29010 29010
[4656] = 28351 28351
[4657] = 27691 27691
[4658] = 27032 27032
[4659] = 26372 26372
[4660] = 25713 25713
[4661] = 25054 25054
[4662] = 24394 24394
[4663] = 23735 23735
[4664] = 23076 23076
[4665] = 22416 22416
[4666] = 21757 21757
[4667] = 21098 21098
[4668] = 20438 20438
[4669] = 19779 19779
[4670] = 19119 19119
[4671] = 18461 18461
[4672] = 17801 17801
[4673] = 17141 17141
[4674] = 16482 16482
[4675] = 15823 15823
[4676] = 15164 15164
[4677] = 14505 14505
[4678] = 13845 13845
[4679] = 13186 13186
[4680] = 12526 12526
[4681] = 11867 11867
[4682] = 11208 11208
[4683] = 10548 10548
[4684] = 9889 9889
[4685] = 9229 9229
[4686] = 8570 8570
[4687] = 7911 7911
[4688] = 7252 7252
[4689] = 6592 6592
[4690] = 5933 5933
[4691] = 5273 5273
[4692] = 4614 4614
[4693] = 3955 3955
[4694] = 3296 3296
[4695] = 2636 2636
[4696] = 1977 1977
[4697] = 1318 1318
[4698] = 658 658
[4699] = 0 0
[4700] = 658 658
[4701] = 1318 1318
[4702] = 1977 1977
[4703] = 2636 2636
[4704] = 3296 3296
[4705] = 3955 3955
[4706] = 4614 4614
[4707] = 5273 5273
[4708] = 5933 5933
[4709] = 6592 6592
[4710] = 7252 7252
[4711] = 7911 7911
[4712] = 8570 8570
[4713] = 9229 9229
[4714] = 9889 9889
[4715] = 10548 10548
[4716] = 11208 11208
[4717] = 11867 11867
[4718] = 12526 12526
[4719] = 13186 13186
[4720] = 13845 13845
[4721] = 14505 14505
[4722] = 15164 15164
[4723] = 15823 15823
[4724] = 16482 16482
[4725] = 17141 17141
[4726] = 17801 17801
[4727] = 18461 18461
[4728] = 19119 19119
[4729] = 19779 19779
[4730] = 20438 20438
[4731] = 21098 21098
[4732] = 21757 21757
[4733] = 22416 22416
[4734] = 23076 23076
[4735] = 23735 23735
[4736] = 24394 24394
[4737] = 25054 25054
[4738] = 25713 25713
[4739] = 26372 26372
[4740] = 27032 27032
[4741] = 27691 27691
[4742] = 28351 28351
[4743] = 29010 29010
[4744] = 29669 29669
[4745] = 30328 30328
[4746] = 30987 30987
[4747] = 31647 31647
[4748] = 32306 32306
[4749] = 32966 32966
[4750] = 33625 33625
[4751] = 34284 34284
[4752] = 34943 34943
[4753] = 35604 35604
[4754] = 35604 35604
[4755] = 34943 34943
[4756] = 34284 34284
[4757] = 33625 33625
[4758] = 32966 32966
[4759] = 32306 32306
[4760] = 31647 31647
[4761] = 30987 30987
[4762] = 30328 30328
[4763] = 29669 29669
[4764] = 29010 29010
[4765] = 28351 28351
[4766] = 27691 27691
[4767] = 27032 27032
[4768] = 26372 26372
[4769] = 25713 25713
[4770] = 25054 25054
[4771] = 24394 24394
[4772] = 23735 23735
[4773] = 23076 23076
[4774] = 22416 22416
[4775] = 21757 21757
[4776] = 21098 21098
[4777] = 20438 20438
[4778] = 19779 19779
[4779] = 19119 19119
[4780] = 18461 18461
[4781] = 17801 17801
[4782] = 17141 17141
[4783] = 16482 16482
[4784] = 15823 15823
[4785] = 15164 15164
[4786] = 14505 14505
[4787] = 13845 13845
[4788] = 13186 13186
[4789] = 12526 12526
[4790] = 11867 11867
[4791] = 11208 11208
[4792] = 10548 10548
[4793] = 9889 9889
[4794] = 9229 9229
[4795] = 8570 8570
[4796] = 7911 7911
[4797] = 7252 7252
[4798] = 6592 6592
[4799] = 5933 5933
[4800] = 5273 5273
[4801] = 4614 4614
[4802] = 3955 3955
[4803] = 3296 3296
[4804] = 2636 2636
[4805] = 1977 1977
[4806] = 1318 1318
[4807] = 658 658
[4808] = 0 0
[4809] = 658 658
[4810] = 1318 1318
[4811] = 1977 1977
[4812] = 2636 2636
[4813] = 3296 3296
[4814] = 3955 3955
[4815] = 4614 4614
[4816] = 5273 5273
[4817] = 5933 5933
[4818] = 6592 6592
[4819] = 7252 7252
[4820] = 7911 7911
[4821] = 8570 8570
[4822] = 9229 9229
[4823] = 9889 9889
[4824] = 10548 10548
[4825] = 11208 11208
[4826] = 11867 11867
[4827] = 12526 12526
[4828] = 13186 13186
[4829] = 13845 13845
[4830] = 14505 14505
[4831] = 15164 15164
[4832] = 15823 15823
[4833] = 16482 16482
[4834] = 17141 17141
[4835] = 17801 17801
[4836] = 18461 18461
[4837] = 19119 19119
[4838] = 19779 19779
[4839] = 20438 20438
[4840] = 21098 21098
[4841] = 21757 21757
[4842] = 22416 22416
[4843] = 23076 23076
[4844] = 23735 23735
[4845] = 24394 24394
[4846] = 25054 25054
[4847] = 25713 25713
[4848] = 26372 26372
[4849] = 27032 27032
[4850] = 27691 27691
[4851] = 28351 28351
[4852] = 29010 29010
[4853] = 29669 29669
[4854] = 30328 30328
[4855] = 30987 30987
[4856] = 31647 31647
[4857] = 32306 32306
[4858] = 32966 32966
[4859] = 33625 33625
[4860] = 34284 34284
[4861] = 34943 34943
[4862] = 35604 35604
[4863] = 35604 35604
[4864] = 34943 34943
[4865] = 34284 34284
[4866] = 33625 33625
[4867] = 32966 32966
[4868] = 32306 32306
[4869] = 31647 31647
[4870] = 30987 30987
[4871] = 30328 30328
[4872] = 29669 29669
[4873] = 29010 29010
[4874] = 28351 28351
[4875] = 27691 27691
[4876] = 27032 27032
[4877] = 26372 26372
[4878] = 25713 25713
[4879] = 25054 25054
[4880] = 24394 24394
[4881] = 23735 23735
[4882] = 23076 23076
[4883] = 22416 22416
[4884] = 21757 21757
[4885] = 21098 21098
[4886] = 20438 20438
[4887] = 19779 19779
[4888] = 19119 19119
[4889] = 18461 18461
[4890] = 17801 17801
[4891] = 17141 17141
[4892] = 16482 16482
[4893] = 15823 15823
[4894] = 15164 15164
[4895] = 14505 14505
[4896] = 13845 13845
[4897] = 13186 13186
[4898] = 12526 12526
[4899] = 11867 11867
[4900] = 11208 11208
[4901] = 10548 10548
[4902] = 9889 9889
[4903] = 9229 9229
[4904] = 8570 8570
[4905] = 7911 7911
[4906] = 7252 7252
[4907] = 6592 6592
[4908] = 5933 5933
[4909] = 5273 5273
[4910] = 4614 4614
[4911] = 3955 3955
[4912] = 3296 3296
[4913] = 2636 2636
[4914] = 1977 1977
[4915] = 1318 1318
[4916] = 658 658
[4917] = 0 0
[4918] = 646 646
[4919] = 1294 1294
[4920] = 1941 1941
[4921] = 2589 2589
[4922] = 3235 3235
[4923] = 3883 3883
[4924] = 4530 4530
[4925] = 5178 5178
[4926] = 5825 5825
[4927] = 6472 6472
[4928] = 7120 7120
[4929] = 7767 7767
[4930] = 8415 8415
[4931] = 9062 9062
[4932] = 9709 9709
[4933] = 10356 10356
[4934] = 11004 11004
[4935] = 11651 11651
[4936] = 12299 12299
[4937] = 12946 12946
[4938] = 13593 13593
[4939] = 14241 14241
[4940] = 14888 14888
[4941] = 15536 15536
[4942] = 16182 16182
[4943] = 16830 16830
[4944] = 17477 17477
[4945] = 18125 18125
[4946] = 18771 18771
[4947] = 19419 19419
[4948] = 20067 20067
[4949] = 20714 20714
[4950] = 21362 21362
[4951] = 22009 22009
[4952] = 22656 22656
[4953] = 23303 23303
[4954] = 23951 23951
[4955] = 24598 24598
[4956] = 25246 25246
[4957] = 25892 25892
[4958] = 26540 26540
[4959] = 27188 27188
[4960] = 27835 27835
[4961] = 28483 28483
[4962] = 29129 29129
[4963] = 29777 29777
[4964] = 30424 30424
[4965] = 31072 31072
[4966] = 31719 31719
[4967] = 32366 32366
[4968] = 33013 33013
[4969] = 33661 33661
[4970] = 34308 34308
[4971] = 34956 34956
[4972] = 35604 35604
[4973] = 34956 34956
[4974] = 34308 34308
[4975] = 33661 33661
[4976] = 33013 33013
[4977] = 32366 32366
[4978] = 31719 31719
[4979] = 31072 31072
[4980] = 30424 30424
[4981] = 29777 29777
[4982] = 29129 29129
[4983] = 28483 28483
[4984] = 27835 27835
[4985] = 27188 27188
[4986] = 26540 26540
[4987] = 25892 25892
[4988] = 25246 25246
[4989] = 24598 24598
[4990] = 23951 23951
[4991] = 23303 23303
[4992] = 22656 22656
[4993] = 22009 22009
[4994] = 21362 21362
[4995] = 20714 20714
[4996] = 20067 20067
[4997] = 19419 19419
[4998] = 18771 18771
[4999] = 18125 18125
[5000] = 17477 17477
[5001] = 16830 16830
[5002] = 16182 16182
[5003] = 15536 15536
[5004] = 14888 14888
[5005] = 14241 14241
[5006] = 13593 13593
[5007] = 12946 12946
[5008] = 12299 12299
[5009] = 11651 11651
[5010] = 11004 11004
[5011] = 10356 10356
[5012] = 9709 9709
[5013] = 9062 9062
[5014] = 8415 8415
[5015] = 7767 7767
[5016] = 7120 7120
[5017] = 6472 6472
[5018] = 5825 5825
[5019] = 5178 5178
[5020] = 4530 4530
[5021] = 3883 3883
[5022] = 3235 3235
[5023] = 2589 2589
[5024] = 1941 1941
[5025] = 1294 1294
[5026] = 646 646
[5027] = 0 0
[5028] = 658 658
[5029] = 1318 1318
[5030] = 1977 1977
[5031] = 2636 2636
[5032] = 3296 3296
[5033] = 3955 3955
[5034] = 4614 4614
[5035] = 5273 5273
[5036] = 5933 5933
[5037] = 6592 6592
[5038] = 7252 7252
[5039] = 7911 7911
[5040] = 8570 8570
[5041] = 9229 9229
[5042] = 9889 9889
[5043] = 10548 10548
[5044] = 11208 11208
[5045] = 11867 11867
[5046] = 12526 12526
[5047] = 13186 13186
[5048] = 13845 13845
[5049] = 14505 14505
[5050] = 15164 15164
[5051] = 15823 15823
[5052] = 16482 16482
[5053] = 17141 17141
[5054] = 17801 17801
[5055] = 18461 18461
[5056] = 19119 19119
[5057] = 19779 19779
[5058] = 20438 20438
[5059] = 21098 21098
[5060] = 21757 21757
[5061] = 22416 22416
[5062] = 23076 23076
[5063] = 23735 23735
[5064] = 24394 24394
[5065] = 25054 25054
[5066] = 25713 25713
[5067] = 26372 26372
[5068] = 27032 27032
[5069] = 27691 27691
[5070] = 28351 28351
[5071] = 29010 29010
[5072] = 29669 29669
[5073] = 30328 30328
[5074] = 30987 30987
[5075] = 31647 31647
[5076] = 32306 32306
[5077] = 32966 32966
[5078] = 33625 33625
[5079] = 34284 34284
[5080] = 34943 34943
[5081] = 35604 35604
[5082] = 35604 35604
[5083] = 34943 34943
[5084] = 34284 34284
[5085] = 33625 33625
[5086] = 32966 32966
[5087] = 32306 32306
[5088] = 31647 31647
[5089] = 30987 30987
[5090] = 30328 30328
[5091] = 29669 29669
[5092] = 29010 29010
[5093] = 28351 28351
[5094] = 27691 27691
[5095] = 27032 27032
[5096] = 26372 26372
[5097] = 25713 25713
[5098] = 25054 25054
[5099] = 24394 24394
[5100] = 23735 23735
[5101] = 23076 23076
[5102] = 22416 22416
[5103] = 21757 21757
[5104] = 21098 21098
[5105] = 20438 20438
[5106] = 19779 19779
[5107] = 19119 19119
[5108] = 18461 18461
[5109] = 17801 17801
[5110] = 17141 17141
[5111] = 16482 16482
[5112] = 15823 15823
[5113] = 15164 15164
[5114] = 14505 14505
[5115] = 13845 13845
[5116] = 13186 13186
[5117] = 12526 12526
[5118] = 11867 11867
[5119] = 11208 11208
[5120] = 10548 10548
[5121] = 9889 9889
[5122] = 9229 9229
[5123] = 8570 8570
[5124] = 7911 7911
[5125] = 7252 7252
[5126] = 6592 6592
[5127] = 5933 5933
[5128] = 5273 5273
[5129] = 4614 4614
[5130] = 3955 3955
[5131] = 3296 3296
[5132] = 2636 2636
[5133] = 1977 1977
[5134] = 1318 1318
[5135] = 658 658
[5136] = 0 0
[5137] = 658 658
[5138] = 1318 1318
[5139] = 1977 1977
[5140] = 2636 2636
[5141] = 3296 3296
[5142] = 3955 3955
[5143] = 4614 4614
[5144] = 5273 5273
[5145] = 5933 5933
[5146] = 6592 6592
[5147] = 7252 7252
[5148] = 7911 7911
[5149] = 8570 8570
[5150] = 9229 9229
[5151] = 9889 9889
[5152] = 10548 10548
[5153] = 11208 11208
[5154] = 11867 11867
[5155] = 12526 12526
[5156] = 13186 13186
[5157] = 13845 13845
[5158] = 14505 14505
[5159] = 15164 15164
[5160] = 15823 15823
[5161] = 16482 16482
[5162] = 17141 17141
[5163] = 17801 17801
[5164] = 18461 18461
[5165] = 19119 19119
[5166] = 19779 19779
[5167] = 20438 20438
[5168] = 21098 21098
[5169] = 21757 21757
[5170] = 22416 22416
[5171] = 23076 23076
[5172] = 23735 23735
[5173] = 24394 24394
[5174] = 25054 25054
[5175] = 25713 25713
[5176] = 26372 26372
[5177] = 27032 27032
[5178] = 27691 27691
[5179] = 28351 28351
[5180] = 29010 29010
[5181] = 29669 29669
[5182] = 30328 30328
[5183] = 30987 30987
[5184] = 31647 31647
[5185] = 32306 32306
[5186] = 32966 32966
[5187] = 33625 33625
[5188] = 34284 34284
[5189] = 34943 34943
[5190] = 35604 35604
[5191] = 35604 35604
[5192] = 34943 34943
[5193] = 34284 34284
[5194] = 33625 33625
[5195] = 32966 32966
[5196] = 32306 32306
[5197] = 31647 31647
[5198] = 30987 30987
[5199] = 30328 30328
[5200] = 29669 29669
[5201] = 29010 29010
[5202] = 28351 28351
[5203] = 27691 27691
[5204] = 27032 27032
[5205] = 26372 26372
[5206] = 25713 25713
[5207] = 25054 25054
[5208] = 24394 24394
[5209] = 23735 23735
[5210] = 23076 23076
[5211] = 22416 22416
[5212] = 21757 21757
[5213] = 21098 21098
[5214] = 20438 20438
[5215] = 19779 19779
[5216] = 19119 19119
[5217] = 18461 18461
[5218] = 17801 17801
[5219] = 17141 17141
[5220] = 16482 16482
[5221] = 15823 15823
[5222] = 15164 15164
[5223] = 14505 14505
[5224] = 13845 13845
[5225] = 13186 13186
[5226] = 12526 12526
[5227] = 11867 11867
[5228] = 11208 11208
[5229] = 10548 10548
[5230] = 9889 9889
[5231] = 9229 9229
[5232] = 8570 8570
[5233] = 7911 7911
[5234] = 7252 7252
[5235] = 6592 6592
[5236] = 5933 5933
[5237] = 5273 5273
[5238] = 4614 4614
[5239] = 3955 3955
[5240] = 3296 3296
[5241] = 2636 2636
[5242] = 1977 1977
[5243] = 1318 1318
[5244] = 658 658
[5245] = 0 0
[5246] = 658 658
[5247] = 1318 1318
[5248] = 1977 1977
[5249] = 2636 2636
[5250] = 3296 3296
[5251] = 3955 3955
[5252] = 4614 4614
[5253] = 5273 5273
[5254] = 5933 5933
[5255] = 6592 6592
[5256] = 7252 7252
[5257] = 7911 7911
[5258] = 8570 8570
[5259] = 9229 9229
[5260] = 9889 9889
[5261] = 10548 10548
[5262] = 11208 11208
[5263] = 11867 11867
[5264] = 12526 12526
[5265] = 13186 13186
[5266] = 13845 13845
[5267] = 14505 14505
[5268] = 15164 15164
[5269] = 15823 15823
[5270] = 16482 16482
[5271] = 17141 17141
[5272] = 17801 17801
[5273] = 18461 18461
[5274] = 19119 19119
[5275] = 19779 19779
[5276] = 20438 20438
[5277] = 21098 21098
[5278] = 21757 21757
[5279] = 22416 22416
[5280] = 23076 23076
[5281] = 23735 23735
[5282] = 24394 24394
[5283] = 25054 25054
[5284] = 25713 25713
[5285] = 26372 26372
[5286] = 27032 27032
[5287] = 27691 27691
[5288] = 28351 28351
[5289] = 29010 29010
[5290] = 29669 29669
[5291] = 30328 30328
[5292] = 30987 30987
[5293] = 31647 31647
[5294] = 32306 32306
[5295] = 32966 32966
[5296] = 33625 33625
[5297] = 34284 34284
[5298] = 34943 34943
[5299] = 35604 35604
[5300] = 35604 35604
[5301] = 34943 34943
[5302] = 34284 34284
[5303] = 33625 33625
[5304] = 32966 32966
[5305] = 32306 32306
[5306] = 31647 31647
[5307] = 30987 30987
[5308] = 30328 30328
[5309] = 29669 29669
[5310] = 29010 29010
[5311] = 28351 28351
[5312] = 27691 27691
[5313] = 27032 27032
[5314] = 26372 26372
[5315] = 25713 25713
[5316] = 25054 25054
[5317] = 24394 24394
[5318] = 23735 23735
[5319] = 23076 23076
[5320] = 22416 22416
[5321] = 21757 21757
[5322] = 21098 21098
[5323] = 20438 20438
[5324] = 19779 19779
[5325] = 19119 19119
[5326] = 18461 18461
[5327] = 17801 17801
[5328] = 17141 17141
[5329] = 16482 16482
[5330] = 15823 15823
[5331] = 15164 15164
[5332] = 14505 14505
[5333] = 13845 13845
[5334] = 13186 13186
[5335] = 12526 12526
[5336] = 11867 11867
[5337] = 11208 11208
[5338] = 10548 10548
[5339] = 9889 9889
[5340] = 9229 9229
[5341] = 8570 8570
[5342] = 7911 7911
[5343] = 7252 7252
[5344] = 6592 6592
[5345] = 5933 5933
[5346] = 5273 5273
[5347] = 4614 4614
[5348] = 3955 3955
[5349] = 3296 3296
[5350] = 2636 2636
[5351] = 1977 1977
[5352] = 1318 1318
[5353] = 658 658
[5354] = 0 0
[5355] = 658 658
[5356] = 1318 1318
[5357] = 1977 1977
[5358] = 2636 2636
[5359] = 3296 3296
[5360] = 3955 3955
[5361] = 4614 4614
[5362] = 5273 5273
[5363] = 5933 5933
[5364] = 6592 6592
[5365] = 7252 7252
[5366] = 7911 7911
[5367] = 8570 8570
[5368] = 9229 9229
[5369] = 9889 9889
[5370] = 10548 10548
[5371] = 11208 11208
[5372] = 11867 11867
[5373] = 12526 12526
[5374] = 13186 13186
[5375] = 13845 13845
[5376] = 14505 14505
[5377] = 15164 15164
[5378] = 15823 15823
[5379] = 16482 16482
[5380] = 17141 17141
[5381] = 17801 17801
[5382] = 18461 18461
[5383] = 19119 19119
[5384] = 19779 19779
[5385] = 20438 20438
[5386] = 21098 21098
[5387] = 21757 21757
[5388] = 22416 22416
[5389] = 23076 23076
[5390] = 23735 23735
[5391] = 24394 24394
[5392] = 25054 25054
[5393] = 25713 25713
[5394] = 26372 26372
[5395] = 27032 27032
[5396] = 27691 27691
[5397] = 28351 28351
[5398] = 29010 29010
[5399] = 29669 29669
[5400] = 30328 30328
[5401] = 30987 30987
[5402] = 31647 31647
[5403] = 32306 32306
[5404] = 32966 32966
[5405] = 33625 33625
[5406] = 34284 34284
[5407] = 34943 34943
[5408] = 35604 35604
[5409] = 35604 35604
[5410] = 34943 34943
[5411] = 34284 34284
[5412] = 33625 33625
[5413] = 32966 32966
[5414] = 32306 32306
[5415] = 31647 31647
[5416] = 30987 30987
[5417] = 30328 30328
[5418] = 29669 29669
[5419] = 29010 29010
[5420] = 28351 28351
[5421] = 27691 27691
[5422] = 27032 27032
[5423] = 26372 26372
[5424] = 25713 25713
[5425] = 25054 25054
[5426] = 24394 24394
[5427] = 23735 23735
[5428] = 23076 23076
[5429] = 22416 22416
[5430] = 21757 21757
[5431] = 21098 21098
[5432] = 20438 20438
[5433] = 19779 19779
[5434] = 19119 19119
[5435] = 18461 18461
[5436] = 17801 17801
[5437] = 17141 17141
[5438] = 16482 16482
[5439] = 15823 15823
[5440] = 15164 15164
[5441] = 14505 14505
[5442] = 13845 13845
[5443] = 13186 13186
[5444] = 12526 12526
[5445] = 11867 11867
[5446] = 11208 11208
[5447] = 10548 10548
[5448] = 9889 9889
[5449] = 9229 9229
[5450] = 8570 8570
[5451] = 7911 7911
[5452] = 7252 7252
[5453] = 6592 6592
[5454] = 5933 5933
[5455] = 5273 5273
[5456] = 4614 4614
[5457] = 3955 3955
[5458] = 3296 3296
[5459] = 2636 2636
[5460] = 1977 1977
[5461] = 1318 1318
[5462] = 658 658
[5463] = 0 0
[5464] = 658 658
[5465] = 1318 1318
[5466] = 1977 1977
[5467] = 2636 2636
[5468] = 3296 3296
[5469] = 3955 3955
[5470] = 4614 4614
[5471] = 5273 5273
[5472] = 5933 5933
[5473] = 6592 6592
[5474] = 7252 7252
[5475] = 7911 7911
[5476] = 8570 8570
[5477] = 9229 9229
[5478] = 9889 9889
[5479] = 10548 10548
[5480] = 11208 11208
[5481] = 11867 11867
[5482] = 12526 12526
[5483] = 13186 13186
[5484] = 13845 13845
[5485] = 14505 14505
[5486] = 15164 15164
[5487] = 15823 15823
[5488] = 16482 16482
[5489] = 17141 17141
[5490] = 17801 17801
[5491] = 18461 18461
[5492] = 19119 19119
[5493] = 19779 19779
[5494] = 20438 20438
[5495] = 21098 21098
[5496] = 21757 21757
[5497] = 22416 22416
[5498] = 23076 23076
[5499] = 23735 23735
[5500] = 24394 24394
[5501] = 25054 25054
[5502] = 25713 25713
[5503] = 26372 26372
[5504] = 27032 27032
[5505] = 27691 27691
[5506] = 28351 28351
[5507] = 29010 29010
[5508] = 29669 29669
[5509] = 30328 30328
[5510] = 30987 30987
[5511] = 31647 31647
[5512] = 32306 32306
[5513] = 32966 32966
[5514] = 33625 33625
[5515] = 34284 34284
[5516] = 34943 34943
[5517] = 35604 35604
[5518] = 35604 35604
[5519] = 34943 34943
[5520] = 34284 34284
[5521] = 33625 33625
[5522] = 32966 32966
[5523] = 32306 32306
[5524] = 31647 31647
[5525] = 30987 30987
[5526] = 30328 30328
[5527] = 29669 29669
[5528] = 29010 29010
[5529] = 28351 28351
[5530] = 27691 27691
[5531] = 27032 27032
[5532] = 26372 26372
[5533] = 25713 25713
[5534] = 25054 25054
[5535] = 24394 24394
[5536] = 23735 23735
[5537] = 23076 23076
[5538] = 22416 22416
[5539] = 21757 21757
[5540] = 21098 21098
[5541] = 20438 20438
[5542] = 19779 19779
[5543] = 19119 19119
[5544] = 18461 18461
[5545] = 17801 17801
[5546] = 17141 17141
[5547] = 16482 16482
[5548] = 15823 15823
[5549] = 15164 15164
[5550] = 14505 14505
[5551] = 13845 13845
[5552] = 13186 13186
[5553] = 12526 12526
[5554] = 11867 11867
[5555] = 11208 11208
[5556] = 10548 10548
[5557] = 9889 9889
[5558] = 9229 9229
[5559] = 8570 8570
[5560] = 7911 7911
[5561] = 7252 7252
[5562] = 6592 6592
[5563] = 5933 5933
[5564] = 5273 5273
[5565] = 4614 4614
[5566] = 3955 3955
[5567] = 3296 3296
[5568] = 2636 2636
[5569] = 1977 1977
[5570] = 1318 1318
[5571] = 658 658
[5572] = 0 0
[5573] = 658 658
[5574] = 1318 1318
[5575] = 1977 1977
[5576] = 2636 2636
[5577] = 3296 3296
[5578] = 3955 3955
[5579] = 4614 4614
[5580] = 5273 5273
[5581] = 5933 5933
[5582] = 6592 6592
[5583] = 7252 7252
[5584] = 7911 7911
[5585] = 8570 8570
[5586] = 9229 9229
[5587] = 9889 9889
[5588] = 10548 10548
[5589] = 11208 11208
[5590] = 11867 11867
[5591] = 12526 12526
[5592] = 13186 13186
[5593] = 13845 13845
[5594] = 14505 14505
[5595] = 15164 15164
[5596] = 15823 15823
[5597] = 16482 16482
[5598] = 17141 17141
[5599] = 17801 17801
[5600] = 18461 18461
[5601] = 19119 19119
[5602] = 19779 19779
[5603] = 20438 20438
[5604] = 21098 21098
[5605] = 21757 21757
[5606] = 22416 22416
[5607] = 23076 23076
[5608] = 23735 23735
[5609] = 24394 24394
[5610] = 25054 25054
[5611] = 25713 25713
[5612] = 26372 26372
[5613] = 27032 27032
[5614] = 27691 27691
[5615] = 28351 28351
[5616] = 29010 29010
[5617] = 29669 29669
[5618] = 30328 30328
[5619] = 30987 30987
[5620] = 31647 31647
[5621] = 32306 32306
[5622] = 32966 32966
[5623] = 33625 33625
[5624] = 34284 34284
[5625] = 34943 34943
[5626] = 35604 35604
[5627] = 35604 35604
[5628] = 34943 34943
[5629] = 34284 34284
[5630] = 33625 33625
[5631] = 32966 32966
[5632] = 32306 32306
[5633] = 31647 31647
[5634] = 30987 30987
[5635] = 30328 30328
[5636] = 29669 29669
[5637] = 29010 29010
[5638] = 28351 28351
[5639] = 27691 27691
[5640] = 27032 27032
[5641] = 26372 26372
[5642] = 25713 25713
[5643] = 25054 25054
[5644] = 24394 24394
[5645] = 23735 23735
[5646] = 23076 23076
[5647] = 22416 22416
[5648] = 21757 21757
[5649] = 21098 21098
[5650] = 20438 20438
[5651] = 19779 19779
[5652] = 19119 19119
[5653] = 18461 18461
[5654] = 17801 17801
[5655] = 17141 17141
[5656] = 16482 16482
[5657] = 15823 15823
[5658] = 15164 15164
[5659] = 14505 14505
[5660] = 13845 13845
[5661] = 13186 13186
[5662] = 12526 12526
[5663] = 11867 11867
[5664] = 11208 11208
[5665] = 10548 10548
[5666] = 9889 9889
[5667] = 9229 9229
[5668] = 8570 8570
[5669] = 7911 7911
[5670] = 7252 7252
[5671] = 6592 6592
[5672] = 5933 5933
[5673] = 5273 5273
[5674] = 4614 4614
[5675] = 3955 3955
[5676] = 3296 3296
[5677] = 2636 2636
[5678] = 1977 1977
[5679] = 1318 1318
[5680] = 658 658
[5681] = 0 0
[5682] = 658 658
[5683] = 1318 1318
[5684] = 1977 1977
[5685] = 2636 2636
[5686] = 3296 3296
[5687] = 3955 3955
[5688] = 4614 4614
[5689] = 5273 5273
[5690] = 5933 5933
[5691] = 6592 6592
[5692] = 7252 7252
[5693] = 7911 7911
[5694] = 8570 8570
[5695] = 9229 9229
[5696] = 9889 9889
[5697] = 10548 10548
[5698] = 11208 11208
[5699] = 11867 11867
[5700] = 12526 12526
[5701] = 13186 13186
[5702] = 13845 13845
[5703] = 14505 14505
[5704] = 15164 15164
[5705] = 15823 15823
[5706] = 16482 16482
[5707] = 17141 17141
[5708] = 17801 17801
[5709] = 18461 18461
[5710] = 19119 19119
[5711] = 19779 19779
[5712] = 20438 20438
[5713] = 21098 21098
[5714] = 21757 21757
[5715] = 22416 22416
[5716] = 23076 23076
[5717] = 23735 23735
[5718] = 24394 24394
[5719] = 25054 25054
[5720] = 25713 25713
[5721] = 26372 26372
[5722] = 27032 27032
[5723] = 27691 27691
[5724] = 28351 28351
[5725] = 29010 29010
[5726] = 29669 29669
[5727] = 30328 30328
[5728] = 30987 30987
[5729] = 31647 31647
[5730] = 32306 32306
[5731] = 32966 32966
[5732] = 33625 33625
[5733] = 34284 34284
[5734] = 34943 34943
[5735] = 35604 35604
[5736] = 35604 35604
[5737] = 34943 34943
[5738] = 34284 34284
[5739] = 33625 33625
[5740] = 32966 32966
[5741] = 32306 32306
[5742] = 31647 31647
[5743] = 30987 30987
[5744] = 30328 30328
[5745] = 29669 29669
[5746] = 29010 29010
[5747] = 28351 28351
[5748] = 27691 27691
[5749] = 27032 27032
[5750] = 26372 26372
[5751] = 25713 25713
[5752] = 25054 25054
[5753] = 24394 24394
[5754] = 23735 23735
[5755] = 23076 23076
[5756] = 22416 22416
[5757] = 21757 21757
[5758] = 21098 21098
[5759] = 20438 20438
[5760] = 19779 19779
[5761] = 19119 19119
[5762] = 18461 18461
[5763] = 17801 17801
[5764] = 17141 17141
[5765] = 16482 16482
[5766] = 15823 15823
[5767] = 15164 15164
[5768] = 14505 14505
[5769] = 13845 13845
[5770] = 13186 13186
[5771] = 12526 12526
[5772] = 11867 11867
[5773] = 11208 11208
[5774] = 10548 10548
[5775] = 9889 9889
[5776] = 9229 9229
[5777] = 8570 8570
[5778] = 7911 7911
[5779] = 7252 7252
[5780] = 6592 6592
[5781] = 5933 5933
[5782] = 5273 5273
[5783] = 4614 4614
[5784] = 3955 3955
[5785] = 3296 3296
[5786] = 2636 2636
[5787] = 1977 1977
[5788] = 1318 1318
[5789] = 658 658
[5790] = 0 0
[5791] = 658 658
[5792] = 1318 1318
[5793] = 1977 1977
[5794] = 2636 2636
[5795] = 3296 3296
[5796] = 3955 3955
[5797] = 4614 4614
[5798] = 5273 5273
[5799] = 5933 5933
[5800] = 6592 6592
[5801] = 7252 7252
[5802] = 7911 7911
[5803] = 8570 8570
[5804] = 9229 9229
[5805] = 9889 9889
[5806] = 10548 10548
[5807] = 11208 11208
[5808] = 11867 11867
[5809] = 12526 12526
[5810] = 13186 13186
[5811] = 13845 13845
[5812] = 14505 14505
[5813] = 15164 15164
[5814] = 15823 15823
[5815] = 16482 16482
[5816] = 17141 17141
[5817] = 17801 17801
[5818] = 18461 18461
[5819] = 19119 19119
[5820] = 19779 19779
[5821] = 20438 20438
[5822] = 21098 21098
[5823] = 21757 21757
[5824] = 22416 22416
[5825] = 23076 23076
[5826] = 23735 23735
[5827] = 24394 24394
[5828] = 25054 25054
[5829] = 25713 25713
[5830] = 26372 26372
[5831] = 27032 27032
[5832] = 27691 27691
[5833] = 28351 28351
[5834] = 29010 29010
[5835] = 29669 29669
[5836] = 30328 30328
[5837] = 30987 30987
[5838] = 31647 31647
[5839] = 32306 32306
[5840] = 32966 32966
[5841] = 33625 33625
[5842] = 34284 34284
[5843] = 34943 34943
[5844] = 35604 35604
[5845] = 35604 35604
[5846] = 34943 34943
[5847] = 34284 34284
[5848] = 33625 33625
[5849] = 32966 32966
[5850] = 32306 32306
[5851] = 31647 31647
[5852] = 30987 30987
[5853] = 30328 30328
[5854] = 29669 29669
[5855] = 29010 29010
[5856] = 28351 28351
[5857] = 27691 27691
[5858] = 27032 27032
[5859] = 26372 26372
[5860] = 25713 25713
[5861] = 25054 25054
[5862] = 24394 24394
[5863] = 23735 23735
[5864] = 23076 23076
[5865] = 22416 22416
[5866] = 21757 21757
[5867] = 21098 21098
[5868] = 20438 20438
[5869] = 19779 19779
[5870] = 19119 19119
[5871] = 18461 18461
[5872] = 17801 17801
[5873] = 17141 17141
[5874] = 16482 16482
[5875] = 15823 15823
[5876] = 15164 15164
[5877] = 14505 14505
[5878] = 13845 13845
[5879] = 13186 13186
[5880] = 12526 12526
[5881] = 11867 11867
[5882] = 11208 11208
[5883] = 10548 10548
[5884] = 9889 9889
[5885] = 9229 9229
[5886] = 8570 8570
[5887] = 7911 7911
[5888] = 7252 7252
[5889] = 6592 6592
[5890] = 5933 5933
[5891] = 5273 5273
[5892] = 4614 4614
[5893] = 3955 3955
[5894] = 3296 3296
[5895] = 2636 2636
[5896] = 1977 1977
[5897] = 1318 1318
[5898] = 658 658
[5899] = 0 0
[5900] = 658 658
[5901] = 1318 1318
[5902] = 1977 1977
[5903] = 2636 2636
[5904] = 3296 3296
[5905] = 3955 3955
[5906] = 4614 4614
[5907] = 5273 5273
[5908] = 5933 5933
[5909] = 6592 6592
[5910] = 7252 7252
[5911] = 7911 7911
[5912] = 8570 8570
[5913] = 9229 9229
[5914] = 9889 9889
[5915] = 10548 10548
[5916] = 11208 11208
[5917] = 11867 11867
[5918] = 12526 12526
[5919] = 13186 13186
[5920] = 13845 13845
[5921] = 14505 14505
[5922] = 15164 15164
[5923] = 15823 15823
[5924] = 16482 16482
[5925] = 17141 17141
[5926] = 17801 17801
[5927] = 18461 18461
[5928] = 19119 19119
[5929] = 19779 19779
[5930] = 20438 20438
[5931] = 21098 21098
[5932] = 21757 21757
[5933] = 22416 22416
[5934] = 23076 23076
[5935] = 23735 23735
[5936] = 24394 24394
[5937] = 25054 25054
[5938] = 25713 25713
[5939] = 26372 26372
[5940] = 27032 27032
[5941] = 27691 27691
[5942] = 28351 28351
[5943] = 29010 29010
[5944] = 29669 29669
[5945] = 30328 30328
[5946] = 30987 30987
[5947] = 31647 31647
[5948] = 32306 32306
[5949] = 32966 32966
[5950] = 33625 33625
[5951] = 34284 34284
[5952] = 34943 34943
[5953] = 35604 35604
[5954] = 35604 35604
[5955] = 34943 34943
[5956] = 34284 34284
[5957] = 33625 33625
[5958] = 32966 32966
[5959] = 32306 32306
[5960] = 31647 31647
[5961] = 30987 30987
[5962] = 30328 30328
[5963] = 29669 29669
[5964] = 29010 29010
[5965] = 28351 28351
[5966] = 27691 27691
[5967] = 27032 27032
[5968] = 26372 26372
[5969] = 25713 25713
[5970] = 25054 25054
[5971] = 24394 24394
[5972] = 23735 23735
[5973] = 23076 23076
[5974] = 22416 22416
[5975] = 21757 21757
[5976] = 21098 21098
[5977] = 20438 20438
[5978] = 19779 19779
[5979] = 19119 19119
[5980] = 18461 18461
[5981] = 17801 17801
[5982] = 17141 17141
[5983] = 16482 16482
[5984] = 15823 15823
[5985] = 15164 15164
[5986] = 14505 14505
[5987] = 13845 13845
[5988] = 13186 13186
[5989] = 12526 12526
[5990] = 11867 11867
[5991] = 11208 11208
[5992] = 10548 10548
[5993] = 9889 9889
[5994] = 9229 9229
[5995] = 8570 8570
[5996] = 7911 7911
[5997] = 7252 7252
[5998] = 6592 6592
[5999] = 5933 5933
[6000] = 5273 5273
[6001] = 4614 4614
[6002] = 3955 3955
[6003] = 3296 3296
[6004] = 2636 2636
[6005] = 1977 1977
[6006] = 1318 1318
[6007] = 658 658
[6008] = 0 0
[6009] = 658 658
[6010] = 1318 1318
[6011] = 1977 1977
[6012] = 2636 2636
[6013] = 3296 3296
[6014] = 3955 3955
[6015] = 4614 4614
[6016] = 5273 5273
[6017] = 5933 5933
[6018] = 6592 6592
[6019] = 7252 7252
[6020] = 7911 7911
[6021] = 8570 8570
[6022] = 9229 9229
[6023] = 9889 9889
[6024] = 10548 10548
[6025] = 11208 11208
[6026] = 11867 11867
[6027] = 12526 12526
[6028] = 13186 13186
[6029] = 13845 13845
[6030] = 14505 14505
[6031] = 15164 15164
[6032] = 15823 15823
[6033] = 16482 16482
[6034] = 17141 17141
[6035] = 17801 17801
[6036] = 18461 18461
[6037] = 19119 19119
[6038] = 19779 19779
[6039] = 20438 20438
[6040] = 21098 21098
[6041] = 21757 21757
[6042] = 22416 22416
[6043] = 23076 23076
[6044] = 23735 23735
[6045] = 24394 24394
[6046] = 25054 25054
[6047] = 25713 25713
[6048] = 26372 26372
[6049] = 27032 27032
[6050] = 27691 27691
[6051] = 28351 28351
[6052] = 29010 29010
[6053] = 29669 29669
[6054] = 30328 30328
[6055] = 30987 30987
[6056] = 31647 31647
[6057] = 32306 32306
[6058] = 32966 32966
[6059] = 33625 33625
[6060] = 34284 34284
[6061] = 34943 34943
[6062] = 35604 35604
[6063] = 35604 35604
[6064] = 34943 34943
[6065] = 34284 34284
[6066] = 33625 33625
[6067] = 32966 32966
[6068] = 32306 32306
[6069] = 31647 31647
[6070] = 30987 30987
[6071] = 30328 30328
[6072] = 29669 29669
[6073] = 29010 29010
[6074] = 28351 28351
[6075] = 27691 27691
[6076] = 27032 27032
[6077] = 26372 26372
[6078] = 25713 25713
[6079] = 25054 25054
[6080] = 24394 24394
[6081] = 23735 23735
[6082] = 23076 23076
[6083] = 22416 22416
[6084] = 21757 21757
[6085] = 21098 21098
[6086] = 20438 20438
[6087] = 19779 19779
[6088] = 19119 19119
[6089] = 18461 18461
[6090] = 17801 17801
[6091] = 17141 17141
[6092] = 16482 16482
[6093] = 15823 15823
[6094] = 15164 15164
[6095] = 14505 14505
[6096] = 13845 13845
[6097] = 13186 13186
[6098] = 12526 12526
[6099] = 11867 11867
[6100] = 11208 11208
[6101] = 10548 10548
[6102] = 9889 9889
[6103] = 9229 9229
[6104] = 8570 8570
[6105] = 7911 7911
[6106] = 7252 7252
[6107] = 6592 6592
[6108] = 5933 5933
[6109] = 5273 5273
[6110] = 4614 4614
[6111] = 3955 3955
[6112] = 3296 3296
[6113] = 2636 2636
[6114] = 1977 1977
[6115] = 1318 1318
[6116] = 658 658
[6117] = 0 0
[6118] = 646 646
[6119] = 1294 1294
[6120] = 1941 1941
[6121] = 2589 2589
[6122] = 3235 3235
[6123] = 3883 3883
[6124] = 4530 4530
[6125] = 5178 5178
[6126] = 5825 5825
[6127] = 6472 6472
[6128] = 7120 7120
[6129] = 7767 7767
[6130] = 8415 8415
[6131] = 9062 9062
[6132] = 9709 9709
[6133] = 10356 10356
[6134] = 11004 11004
[6135] = 11651 11651
[6136] = 12299 12299
[6137] = 12946 12946
[6138] = 13593 13593
[6139] = 14241 14241
[6140] = 14888 14888
[6141] = 15536 15536
[6142] = 16182 16182
[6143] = 16830 16830
[6144] = 17477 17477
[6145] = 18125 18125
[6146] = 18771 18771
[6147] = 19419 19419
[6148] = 20067 20067
[6149] = 20714 20714
[6150] = 21362 21362
[6151] = 22009 22009
[6152] = 22656 22656
[6153] = 23303 23303
[6154] = 23951 23951
[6155] = 24598 24598
[6156] = 25246 25246
[6157] = 25892 25892
[6158] = 26540 26540
[6159] = 27188 27188
[6160] = 27835 27835
[6161] = 28483 28483
[6162] = 29129 29129
[6163] = 29777 29777
[6164] = 30424 30424
[6165] = 31072 31072
[6166] = 31719 31719
[6167] = 32366 32366
[6168] = 33013 33013
[6169] = 33661 33661
[6170] = 34308 34308
[6171] = 34956 34956
[6172] = 35604 35604
[6173] = 34956 34956
[6174] = 34308 34308
[6175] = 33661 33661
[6176] = 33013 33013
[6177] = 32366 32366
[6178] = 31719 31719
[6179] = 31072 31072
[6180] = 30424 30424
[6181] = 29777 29777
[6182] = 29129 29129
[6183] = 28483 28483
[6184] = 27835 27835
[6185] = 27188 27188
[6186] = 26540 26540
[6187] = 25892 25892
[6188] = 25246 25246
[6189] = 24598 24598
[6190] = 23951 23951
[6191] = 23303 23303
[6192] = 22656 22656
[6193] = 22009 22009
[6194] = 21362 21362
[6195] = 20714 20714
[6196] = 20067 20067
[6197] = 19419 19419
[6198] = 18771 18771
[6199] = 18125 18125
[6200] = 17477 17477
[6201] = 16830 16830
[6202] = 16182 16182
[6203] = 15536 15536
[6204] = 14888 14888
[6205] = 14241 14241
[6206] = 13593 13593
[6207] = 12946 12946
[6208] = 12299 12299
[6209] = 11651 11651
[6210] = 11004 11004
[6211] = 10356 10356
[6212] = 9709 9709
[6213] = 9062 9062
[6214] = 8415 8415
[6215] = 7767 7767
[6216] = 7120 7120
[6217] = 6472 6472
[6218] = 5825 5825
[6219] = 5178 5178
[6220] = 4530 4530
[6221] = 3883 3883
[6222] = 3235 3235
[6223] = 2589 2589
[6224] = 1941 1941
[6225] = 1294 1294
[6226] = 646 646
[6227] = 0 0
[6228] = 658 658
[6229] = 1318 1318
[6230] = 1977 1977
[6231] = 2636 2636
[6232] = 3296 3296
[6233] = 3955 3955
[6234] = 4614 4614
[6235] = 5273 5273
[6236] = 5933 5933
[6237] = 6592 6592
[6238] = 7252 7252
[6239] = 7911 7911
[6240] = 8570 8570
[6241] = 9229 9229
[6242] = 9889 9889
[6243] = 10548 10548
[6244] = 11208 11208
[6245] = 11867 11867
[6246] = 12526 12526
[6247] = 13186 13186
[6248] = 13845 13845
[6249] = 14505 14505
[6250] = 15164 15164
[6251] = 15823 15823
[6252] = 16482 16482
[6253] = 17141 17141
[6254] = 17801 17801
[6255] = 18461 18461
[6256] = 19119 19119
[6257] = 19779 19779
[6258] = 20438 20438
[6259] = 21098 21098
[6260] = 21757 21757
[6261] = 22416 22416
[6262] = 23076 23076
[6263] = 23735 23735
[6264] = 24394 24394
[6265] = 25054 25054
[6266] = 25713 25713
[6267] = 26372 26372
[6268] = 27032 27032
[6269] = 27691 27691
[6270] = 28351 28351
[6271] = 29010 29010
[6272] = 29669 29669
[6273] = 30328 30328
[6274] = 30987 30987
[6275] = 31647 31647
[6276] = 32306 32306
[6277] = 32966 32966
[6278] = 33625 33625
[6279] = 34284 34284
[6280] = 34943 34943
[6281] = 35604 35604
[6282] = 35604 35604
[6283] = 34943 34943
[6284] = 34284 34284
[6285] = 33625 33625
[6286] = 32966 32966
[6287] = 32306 32306
[6288] = 31647 31647
[6289] = 30987 30987
[6290] = 30328 30328
[6291] = 29669 29669
[6292] = 29010 29010
[6293] = 28351 28351
[6294] = 27691 27691
[6295] = 27032 27032
[6296] = 26372 26372
[6297] = 25713 25713
[6298] = 25054 25054
[6299] = 24394 24394
[6300] = 23735 23735
[6301] = 23076 23076
[6302] = 22416 22416
[6303] = 21757 21757
[6304] = 21098 21098
[6305] = 20438 20438
[6306] = 19779 19779
[6307] = 19119 19119
[6308] = 18461 18461
[6309] = 17801 17801
[6310] = 17141 17141
[6311] = 16482 16482
[6312] = 15823 15823
[6313] = 15164 15164
[6314] = 14505 14505
[6315] = 13845 13845
[6316] = 13186 13186
[6317] = 12526 12526
[6318] = 11867 11867
[6319] = 11208 11208
[6320] = 10548 10548
[6321] = 9889 9889
[6322] = 9229 9229
[6323] = 8570 8570
[6324] = 7911 7911
[6325] = 7252 7252
[6326] = 6592 6592
[6327] = 5933 5933
[6328] = 5273 5273
[6329] = 4614 4614
[6330] = 3955 3955
[6331] = 3296 3296
[6332] = 2636 2636
[6333] = 1977 1977
[6334] = 1318 1318
[6335] = 658 658
[6336] = 0 0
[6337] = 658 658
[6338] = 1318 1318
[6339] = 1977 1977
[6340] = 2636 2636
[6341] = 3296 3296
[6342] = 3955 3955
[6343] = 4614 4614
[6344] = 5273 5273
[6345] = 5933 5933
[6346] = 6592 6592
[6347] = 7252 7252
[6348] = 7911 7911
[6349] = 8570 8570
[6350] = 9229 9229
[6351] = 9889 9889
[6352] = 10548 10548
[6353] = 11208 11208
[6354] = 11867 11867
[6355] = 12526 12526
[6356] = 13186 13186
[6357] = 13845 13845
[6358] = 14505 14505
[6359] = 15164 15164
[6360] = 15823 15823
[6361] = 16482 16482
[6362] = 17141 17141
[6363] = 17801 17801
[6364] = 18461 18461
[6365] = 19119 19119
[6366] = 19779 19779
[6367] = 20438 20438
[6368] = 21098 21098
[6369] = 21757 21757
[6370] = 22416 22416
[6371] = 23076 23076
[6372] = 23735 23735
[6373] = 24394 24394
[6374] = 25054 25054
[6375] = 25713 25713
[6376] = 26372 26372
[6377] = 27032 27032
[6378] = 27691 27691
[6379] = 28351 28351
[6380] = 29010 29010
[6381] = 29669 29669
[6382] = 30328 30328
[6383] = 30987 30987
[6384] = 31647 31647
[6385] = 32306 32306
[6386] = 32966 32966
[6387] = 33625 33625
[6388] = 34284 34284
[6389] = 34943 34943
[6390] = 35604 35604
[6391] = 35604 35604
[6392] = 34943 34943
[6393] = 34284 34284
[6394] = 33625 33625
[6395] = 32966 32966
[6396] = 32306 32306
[6397] = 31647 31647
[6398] = 30987 30987
[6399] = 30328 30328
[6400] = 29669 29669
[6401] = 29010 29010
[6402] = 28351 28351
[6403] = 27691 27691
[6404] = 27032 27032
[6405] = 26372 26372
[6406] = 25713 25713
[6407] = 25054 25054
[6408] = 24394 24394
[6409] = 23735 23735
[6410] = 23076 23076
[6411] = 22416 22416
[6412] = 21757 21757
[6413] = 21098 21098
[6414] = 20438 20438
[6415] = 19779 19779
[6416] = 19119 19119
[6417] = 18461 18461
[6418] = 17801 17801
[6419] = 17141 17141
[6420] = 16482 16482
[6421] = 15823 15823
[6422] = 15164 15164
[6423] = 14505 14505
[6424] = 13845 13845
[6425] = 13186 13186
[6426] = 12526 12526
[6427] = 11867 11867
[6428] = 11208 11208
[6429] = 10548 10548
[6430] = 9889 9889
[6431] = 9229 9229
[6432] = 8570 8570
[6433] = 7911 7911
[6434] = 7252 7252
[6435] = 6592 6592
[6436] = 5933 5933
[6437] = 5273 5273
[6438] = 4614 4614
[6439] = 3955 3955
[6440] = 3296 3296
[6441] = 2636 2636
[6442] = 1977 1977
[6443] = 1318 1318
[6444] = 658 658
[6445] = 0 0
[6446] = 658 658
[6447] = 1318 1318
[6448] = 1977 1977
[6449] = 2636 2636
[6450] = 3296 3296
[6451] = 3955 3955
[6452] = 4614 4614
[6453] = 5273 5273
[6454] = 5933 5933
[6455] = 6592 6592
[6456] = 7252 7252
[6457] = 7911 7911
[6458] = 8570 8570
[6459] = 9229 9229
[6460] = 9889 9889
[6461] = 10548 10548
[6462] = 11208 11208
[6463] = 11867 11867
[6464] = 12526 12526
[6465] = 13186 13186
[6466] = 13845 13845
[6467] = 14505 14505
[6468] = 15164 15164
[6469] = 15823 15823
[6470] = 16482 16482
[6471] = 17141 17141
[6472] = 17801 17801
[6473] = 18461 18461
[6474] = 19119 19119
[6475] = 19779 19779
[6476] = 20438 20438
[6477] = 21098 21098
[6478] = 21757 21757
[6479] = 22416 22416
[6480] = 23076 23076
[6481] = 23735 23735
[6482] = 24394 24394
[6483] = 25054 25054
[6484] = 25713 25713
[6485] = 26372 26372
[6486] = 27032 27032
[6487] = 27691 27691
[6488] = 28351 28351
[6489] = 29010 29010
[6490] = 29645 29645
[6491] = 30278 30278
[6492] = 30910 30910
[6493] = 31542 31542
[6494] = 32172 32172
[6495] = 32801 32801
[6496] = 33429 33429
[6497] = 34056 34056
[6498] = 34682 34682
[6499] = 35307 35307
[6500] = 35277 35277
[6501] = 34595 34595
[6502] = 33914 33914
[6503] = 33233 33233
[6504] = 32554 32554
[6505] = 31876 31876
[6506] = 31199 31199
[6507] = 30523 30523
[6508] = 29848 29848
[6509] = 29175 29175
[6510] = 28502 28502
[6511] = 27831 27831
[6512] = 27161 27161
[6513] = 26492 26492
[6514] = 25823 25823
[6515] = 25156 25156
[6516] = 24491 24491
[6517] = 23825 23825
[6518] = 23162 23162
[6519] = 22499 22499
[6520] = 21837 21837
[6521] = 21177 21177
[6522] = 20518 20518
[6523] = 19859 19859
[6524] = 19202 19202
[6525] = 18546 18546
[6526] = 17892 17892
[6527] = 17237 17237
[6528] = 16584 16584
[6529] = 15933 15933
[6530] = 15283 15283
[6531] = 14633 14633
[6532] = 13985 13985
[6533] = 13337 13337
[6534] = 12691 12691
[6535] = 12046 12046
[6536] = 11403 11403
[6537] = 10759 10759
[6538] = 10118 10118
[6539] = 9477 9477
[6540] = 8837 8837
[6541] = 8199 8199
[6542] = 7562 7562
[6543] = 6925 6925
[6544] = 6290 6290
[6545] = 5656 5656
[6546] = 5023 5023
[6547] = 4391 4391
[6548] = 3760 3760
[6549] = 3131 3131
[6550] = 2502 2502
[6551] = 1875 1875
[6552] = 1249 1249
[6553] = 623 623
[6554] = 0 0
[6555] = 622 622
[6556] = 1244 1244
[6557] = 1864 1864
[6558] = 2485 2485
[6559] = 3103 3103
[6560] = 3721 3721
[6561] = 4338 4338
[6562] = 4953 4953
[6563] = 5567 5567
[6564] = 6180 6180
[6565] = 6792 6792
[6566] = 7404 7404
[6567] = 8013 8013
[6568] = 8622 8622
[6569] = 9230 9230
[6570] = 9836 9836
[6571] = 10442 10442
[6572] = 11046 11046
[6573] = 11649 11649
[6574] = 12252 12252
[6575] = 12852 12852
[6576] = 13453 13453
[6577] = 14052 14052
[6578] = 14649 14649
[6579] = 15246 15246
[6580] = 15842 15842
[6581] = 16436 16436
[6582] = 17030 17030
[6583] = 17622 17622
[6584] = 18213 18213
[6585] = 18803 18803
[6586] = 19392 19392
[6587] = 19981 19981
[6588] = 20567 20567
[6589] = 21153 21153
[6590] = 21738 21738
[6591] = 22321 22321
[6592] = 22903 22903
[6593] = 23485 23485
[6594] = 24065 24065
[6595] = 24644 24644
[6596] = 25222 25222
[6597] = 25799 25799
[6598] = 26374 26374
[6599] = 26950 26950
[6600] = 27523 27523
[6601] = 28096 28096
[6602] = 28667 28667
[6603] = 29237 29237
[6604] = 29806 29806
[6605] = 30375 30375
[6606] = 30942 30942
[6607] = 31508 31508
[6608] = 32073 32073
[6609] = 32043 32043
[6610] = 31421 31421
[6611] = 30799 30799
[6612] = 30178 30178
[6613] = 29559 29559
[6614] = 28942 28942
[6615] = 28324 28324
[6616] = 27708 27708
[6617] = 27094 27094
[6618] = 26479 26479
[6619] = 25867 25867
[6620] = 25256 25256
[6621] = 24644 24644
[6622] = 24036 24036
[6623] = 23427 23427
[6624] = 22821 22821
[6625] = 22214 22214
[6626] = 21609 21609
[6627] = 21006 21006
[6628] = 20403 20403
[6629] = 19801 19801
[6630] = 19201 19201
[6631] = 18601 18601
[6632] = 18002 18002
[6633] = 17406 17406
[6634] = 16809 16809
[6635] = 16214 16214
[6636] = 15620 15620
[6637] = 15027 15027
[6638] = 14436 14436
[6639] = 13845 13845
[6640] = 13256 13256
[6641] = 12667 12667
[6642] = 12079 12079
[6643] = 11494 11494
[6644] = 10909 10909
[6645] = 10325 10325
[6646] = 9742 9742
[6647] = 9160 9160
[6648] = 8579 8579
[6649] = 7999 7999
[6650] = 7420 7420
[6651] = 6843 6843
[6652] = 6267 6267
[6653] = 5691 5691
[6654] = 5117 5117
[6655] = 4544 4544
[6656] = 3972 3972
[6657] = 3401 3401
[6658] = 2832 2832
[6659] = 2262 2262
[6660] = 1695 1695
[6661] = 1129 1129
[6662] = 563 563
[6663] = 0 0
[6664] = 562 562
[6665] = 1124 1124
[6666] = 1685 1685
[6667] = 2245 2245
[6668] = 2804 2804
[6669] = 3362 3362
[6670] = 3918 3918
[6671] = 4473 4473
[6672] = 5028 5028
[6673] = 5582 5582
[6674] = 6133 6133
[6675] = 6685 6685
[6676] = 7234 7234
[6677] = 7784 7784
[6678] = 8332 8332
[6679] = 8878 8878
[6680] = 9424 9424
[6681] = 9968 9968
[6682] = 10511 10511
[6683] = 11054 11054
[6684] = 11595 11595
[6685] = 12135 12135
[6686] = 12674 12674
[6687] = 13212 13212
[6688] = 13749 13749
[6689] = 14285 14285
[6690] = 14819 14819
[6691] = 15353 15353
[6692] = 15885 15885
[6693] = 16416 16416
[6694] = 16947 16947
[6695] = 17476 17476
[6696] = 18004 18004
[6697] = 18531 18531
[6698] = 19057 19057
[6699] = 19582 19582
[6700] = 20105 20105
[6701] = 20627 20627
[6702] = 21149 21149
[6703] = 21670 21670
[6704] = 22189 22189
[6705] = 22706 22706
[6706] = 23224 23224
[6707] = 23740 23740
[6708] = 24255 24255
[6709] = 24768 24768
[6710] = 25281 25281
[6711] = 25792 25792
[6712] = 26303 26303
[6713] = 26812 26812
[6714] = 27321 27321
[6715] = 27828 27828
[6716] = 28333 28333
[6717] = 28839 28839
[6718] = 28810 28810
[6719] = 28246 28246
[6720] = 27684 27684
[6721] = 27125 27125
[6722] = 26565 26565
[6723] = 26006 26006
[6724] = 25449 25449
[6725] = 24894 24894
[6726] = 24339 24339
[6727] = 23784 23784
[6728] = 23232 23232
[6729] = 22680 22680
[6730] = 22130 22130
[6731] = 21580 21580
[6732] = 21032 21032
[6733] = 20485 20485
[6734] = 19939 19939
[6735] = 19394 19394
[6736] = 18850 18850
[6737] = 18307 18307
[6738] = 17765 17765
[6739] = 17224 17224
[6740] = 16685 16685
[6741] = 16146 16146
[6742] = 15609 15609
[6743] = 15072 15072
[6744] = 14538 14538
[6745] = 14003 14003
[6746] = 13470 13470
[6747] = 12939 12939
[6748] = 12408 12408
[6749] = 11878 11878
[6750] = 11349 11349
[6751] = 10822 10822
[6752] = 10296 10296
[6753] = 9770 9770
[6754] = 9247 9247
[6755] = 8723 8723
[6756] = 8201 8201
[6757] = 7680 7680
[6758] = 7161 7161
[6759] = 6642 6642
[6760] = 6124 6124
[6761] = 5608 5608
[6762] = 5093 5093
[6763] = 4578 4578
[6764] = 4065 4065
[6765] = 3553 3553
[6766] = 3042 3042
[6767] = 2532 2532
[6768] = 2023 2023
[6769] = 1515 1515
[6770] = 1009 1009
[6771] = 503 503
[6772] = 0 0
[6773] = 502 502
[6774] = 1004 1004
[6775] = 1506 1506
[6776] = 2005 2005
[6777] = 2505 2505
[6778] = 3002 3002
[6779] = 3499 3499
[6780] = 3994 3994
[6781] = 4489 4489
[6782] = 4983 4983
[6783] = 5475 5475
[6784] = 5966 5966
[6785] = 6456 6456
[6786] = 6945 6945
[6787] = 7433 7433
[6788] = 7919 7919
[6789] = 8406 8406
[6790] = 8890 8890
[6791] = 9374 9374
[6792] = 9856 9856
[6793] = 10338 10338
[6794] = 10818 10818
[6795] = 11297 11297
[6796] = 11775 11775
[6797] = 12252 12252
[6798] = 12727 12727
[6799] = 13202 13202
[6800] = 13676 13676
[6801] = 14148 14148
[6802] = 14620 14620
[6803] = 15090 15090
[6804] = 15559 15559
[6805] = 16028 16028
[6806] = 16494 16494
[6807] = 16960 16960
[6808] = 17426 17426
[6809] = 17889 17889
[6810] = 18352 18352
[6811] = 18813 18813
[6812] = 19274 19274
[6813] = 19733 19733
[6814] = 20191 20191
[6815] = 20649 20649
[6816] = 21104 21104
[6817] = 21559 21559
[6818] = 22014 22014
[6819] = 22466 22466
[6820] = 22918 22918
[6821] = 23368 23368
[6822] = 23818 23818
[6823] = 24266 24266
[6824] = 24713 24713
[6825] = 25160 25160
[6826] = 25605 25605
[6827] = 25576 25576
[6828] = 25072 25072
[6829] = 24570 24570
[6830] = 24070 24070
[6831] = 23570 23570
[6832] = 23072 23072
[6833] = 22575 22575
[6834] = 22078 22078
[6835] = 21584 21584
[6836] = 21090 21090
[6837] = 20597 20597
[6838] = 20105 20105
[6839] = 19614 19614
[6840] = 19125 19125
[6841] = 18636 18636
[6842] = 18149 18149
[6843] = 17663 17663
[6844] = 17178 17178
[6845] = 16694 16694
[6846] = 16211 16211
[6847] = 15729 15729
[6848] = 15248 15248
[6849] = 14769 14769
[6850] = 14290 14290
[6851] = 13812 13812
[6852] = 13336 13336
[6853] = 12861 12861
[6854] = 12386 12386
[6855] = 11913 11913
[6856] = 11442 11442
[6857] = 10971 10971
[6858] = 10501 10501
[6859] = 10032 10032
[6860] = 9565 9565
[6861] = 9098 9098
[6862] = 8632 8632
[6863] = 8169 8169
[6864] = 7705 7705
[6865] = 7243 7243
[6866] = 6782 6782
[6867] = 6322 6322
[6868] = 5863 5863
[6869] = 5406 5406
[6870] = 4949 4949
[6871] = 4493 4493
[6872] = 4039 4039
[6873] = 3586 3586
[6874] = 3134 3134
[6875] = 2682 2682
[6876] = 2233 2233
[6877] = 1784 1784
[6878] = 1336 1336
[6879] = 889 889
[6880] = 444 444
[6881] = 0 0
[6882] = 442 442
[6883] = 885 885
[6884] = 1326 1326
[6885] = 1766 1766
[6886] = 2205 2205
[6887] = 2643 2643
[6888] = 3080 3080
[6889] = 3515 3515
[6890] = 3950 3950
[6891] = 4384 4384
[6892] = 4816 4816
[6893] = 5248 5248
[6894] = 5678 5678
[6895] = 6106 6106
[6896] = 6535 6535
[6897] = 6961 6961
[6898] = 7388 7388
[6899] = 7812 7812
[6900] = 8236 8236
[6901] = 8658 8658
[6902] = 9079 9079
[6903] = 9500 9500
[6904] = 9920 9920
[6905] = 10338 10338
[6906] = 10755 10755
[6907] = 11171 11171
[6908] = 11585 11585
[6909] = 11999 11999
[6910] = 12411 12411
[6911] = 12823 12823
[6912] = 13234 13234
[6913] = 13643 13643
[6914] = 14051 14051
[6915] = 14458 14458
[6916] = 14865 14865
[6917] = 15270 15270
[6918] = 15673 15673
[6919] = 16076 16076
[6920] = 16478 16478
[6921] = 16878 16878
[6922] = 17278 17278
[6923] = 17676 17676
[6924] = 18074 18074
[6925] = 18470 18470
[6926] = 18864 18864
[6927] = 19259 19259
[6928] = 19651 19651
[6929] = 20043 20043
[6930] = 20433 20433
[6931] = 20824 20824
[6932] = 21211 21211
[6933] = 21599 21599
[6934] = 21985 21985
[6935] = 22371 22371
[6936] = 22341 22341
[6937] = 21898 21898
[6938] = 21456 21456
[6939] = 21015 21015
[6940] = 20576 20576
[6941] = 20138 20138
[6942] = 19700 19700
[6943] = 19264 19264
[6944] = 18829 18829
[6945] = 18395 18395
[6946] = 17961 17961
[6947] = 17530 17530
[6948] = 17099 17099
[6949] = 16669 16669
[6950] = 16241 16241
[6951] = 15813 15813
[6952] = 15387 15387
[6953] = 14961 14961
[6954] = 14538 14538
[6955] = 14115 14115
[6956] = 13693 13693
[6957] = 13271 13271
[6958] = 12852 12852
[6959] = 12433 12433
[6960] = 12015 12015
[6961] = 11599 11599
[6962] = 11184 11184
[6963] = 10769 10769
[6964] = 10356 10356
[6965] = 9944 9944
[6966] = 9533 9533
[6967] = 9123 9123
[6968] = 8715 8715
[6969] = 8307 8307
[6970] = 7900 7900
[6971] = 7495 7495
[6972] = 7091 7091
[6973] = 6687 6687
[6974] = 6285 6285
[6975] = 5884 5884
[6976] = 5484 5484
[6977] = 5085 5085
[6978] = 4687 4687
[6979] = 4290 4290
[6980] = 3895 3895
[6981] = 3500 3500
[6982] = 3106 3106
[6983] = 2714 2714
[6984] = 2323 2323
[6985] = 1933 1933
[6986] = 1544 1544
[6987] = 1156 1156
[6988] = 769 769
[6989] = 383 383
[6990] = 0 0
[6991] = 383 383
[6992] = 765 765
[6993] = 1146 1146
[6994] = 1527 1527
[6995] = 1905 1905
[6996] = 2284 2284
[6997] = 2660 2660
[6998] = 3036 3036
[6999] = 3411 3411
[7000] = 3785 3785
[7001] = 4158 4158
[7002] = 4529 4529
[7003] = 4899 4899
[7004] = 5268 5268
[7005] = 5637 5637
[7006] = 6003 6003
[7007] = 6369 6369
[7008] = 6734 6734
[7009] = 7098 7098
[7010] = 7461 7461
[7011] = 7822 7822
[7012] = 8183 8183
[7013] = 8542 8542
[7014] = 8900 8900
[7015] = 9258 9258
[7016] = 9613 9613
[7017] = 9968 9968
[7018] = 10322 10322
[7019] = 10675 10675
[7020] = 11026 11026
[7021] = 11377 11377
[7022] = 11726 11726
[7023] = 12075 12075
[7024] = 12422 12422
[7025] = 12768 12768
[7026] = 13114 13114
[7027] = 13457 13457
[7028] = 13800 13800
[7029] = 14142 14142
[7030] = 14483 14483
[7031] = 14822 14822
[7032] = 15161 15161
[7033] = 15499 15499
[7034] = 15834 15834
[7035] = 16170 16170
[7036] = 16504 16504
[7037] = 16836 16836
[7038] = 17169 17169
[7039] = 17499 17499
[7040] = 17829 17829
[7041] = 18158 18158
[7042] = 18485 18485
[7043] = 18811 18811
[7044] = 19137 19137
[7045] = 19107 19107
[7046] = 18724 18724
[7047] = 18341 18341
[7048] = 17961 17961
[7049] = 17581 17581
[7050] = 17203 17203
[7051] = 16825 16825
[7052] = 16449 16449
[7053] = 16074 16074
[7054] = 15700 15700
[7055] = 15327 15327
[7056] = 14955 14955
[7057] = 14583 14583
[7058] = 14214 14214
[7059] = 13845 13845
[7060] = 13478 13478
[7061] = 13111 13111
[7062] = 12746 12746
[7063] = 12382 12382
[7064] = 12018 12018
[7065] = 11656 11656
[7066] = 11296 11296
[7067] = 10935 10935
[7068] = 10577 10577
[7069] = 10219 10219
[7070] = 9863 9863
[7071] = 9507 9507
[7072] = 9153 9153
[7073] = 8799 8799
[7074] = 8447 8447
[7075] = 8096 8096
[7076] = 7746 7746
[7077] = 7397 7397
[7078] = 7049 7049
[7079] = 6702 6702
[7080] = 6357 6357
[7081] = 6012 6012
[7082] = 5669 5669
[7083] = 5326 5326
[7084] = 4986 4986
[7085] = 4645 4645
[7086] = 4306 4306
[7087] = 3968 3968
[7088] = 3631 3631
[7089] = 3296 3296
[7090] = 2961 2961
[7091] = 2628 2628
[7092] = 2295 2295
[7093] = 1964 1964
[7094] = 1634 1634
[7095] = 1304 1304
[7096] = 976 976
[7097] = 650 650
[7098] = 324 324
[7099] = 0 0
[7100] = 323 323
[7101] = 646 646
[7102] = 967 967
[7103] = 1287 1287
[7104] = 1606 1606
[7105] = 1924 1924
[7106] = 2241 2241
[7107] = 2557 2557
[7108] = 2872 2872
[7109] = 3186 3186
[7110] = 3499 3499
[7111] = 3810 3810
[7112] = 4120 4120
[7113] = 4430 4430
[7114] = 4738 4738
[7115] = 5045 5045
[7116] = 5351 5351
[7117] = 5657 5657
[7118] = 5960 5960
[7119] = 6263 6263
[7120] = 6565 6565
[7121] = 6865 6865
[7122] = 7165 7165
[7123] = 7463 7463
[7124] = 7761 7761
[7125] = 8056 8056
[7126] = 8351 8351
[7127] = 8646 8646
[7128] = 8938 8938
[7129] = 9230 9230
[7130] = 9520 9520
[7131] = 9810 9810
[7132] = 10098 10098
[7133] = 10386 10386
[7134] = 10673 10673
[7135] = 10957 10957
[7136] = 11241 11241
[7137] = 11524 11524
[7138] = 11806 11806
[7139] = 12087 12087
[7140] = 12367 12367
[7141] = 12645 12645
[7142] = 12923 12923
[7143] = 13199 13199
[7144] = 13475 13475
[7145] = 13748 13748
[7146] = 14021 14021
[7147] = 14294 14294
[7148] = 14565 14565
[7149] = 14834 14834
[7150] = 15103 15103
[7151] = 15371 15371
[7152] = 15637 15637
[7153] = 15903 15903
[7154] = 15873 15873
[7155] = 15550 15550
[7156] = 15227 15227
[7157] = 14907 14907
[7158] = 14587 14587
[7159] = 14268 14268
[7160] = 13951 13951
[7161] = 13634 13634
[7162] = 13319 13319
[7163] = 13005 13005
[7164] = 12691 12691
[7165] = 12380 12380
[7166] = 12069 12069
[7167] = 11758 11758
[7168] = 11450 11450
[7169] = 11142 11142
[7170] = 10835 10835
[7171] = 10530 10530
[7172] = 10225 10225
[7173] = 9922 9922
[7174] = 9620 9620
[7175] = 9319 9319
[7176] = 9019 9019
[7177] = 8720 8720
[7178] = 8423 8423
[7179] = 8125 8125
[7180] = 7830 7830
[7181] = 7536 7536
[7182] = 7242 7242
[7183] = 6950 6950
[7184] = 6658 6658
[7185] = 6369 6369
[7186] = 6080 6080
[7187] = 5791 5791
[7188] = 5505 5505
[7189] = 5219 5219
[7190] = 4934 4934
[7191] = 4651 4651
[7192] = 4368 4368
[7193] = 4087 4087
[7194] = 3807 3807
[7195] = 3528 3528
[7196] = 3249 3249
[7197] = 2973 2973
[7198] = 2697 2697
[7199] = 2422 2422
[7200] = 2148 2148
[7201] = 1876 1876
[7202] = 1604 1604
[7203] = 1334 1334
[7204] = 1065 1065
[7205] = 797 797
[7206] = 530 530
[7207] = 264 264
[7208] = 0 0
[7209] = 263 263
[7210] = 526 526
[7211] = 787 787
[7212] = 1047 1047
[7213] = 1307 1307
[7214] = 1565 1565
[7215] = 1822 1822
[7216] = 2078 2078
[7217] = 2333 2333
[7218] = 2587 2587
[7219] = 2840 2840
[7220] = 3092 3092
[7221] = 3342 3342
[7222] = 3592 3592
[7223] = 3840 3840
[7224] = 4087 4087
[7225] = 4333 4333
[7226] = 4579 4579
[7227] = 4822 4822
[7228] = 5065 5065
[7229] = 5307 5307
[7230] = 5548 5548
[7231] = 5787 5787
[7232] = 6026 6026
[7233] = 6263 6263
[7234] = 6499 6499
[7235] = 6734 6734
[7236] = 6968 6968
[7237] = 7201 7201
[7238] = 7433 7433
[7239] = 7664 7664
[7240] = 7894 7894
[7241] = 8123 8123
[7242] = 8350 8350
[7243] = 8576 8576
[7244] = 8801 8801
[7245] = 9026 9026
[7246] = 9249 9249
[7247] = 9470 9470
[7248] = 9692 9692
[7249] = 9911 9911
[7250] = 10130 10130
[7251] = 10348 10348
[7252] = 10564 10564
[7253] = 10779 10779
[7254] = 10994 10994
[7255] = 11207 11207
[7256] = 11419 11419
[7257] = 11630 11630
[7258] = 11840 11840
[7259] = 12049 12049
[7260] = 12256 12256
[7261] = 12463 12463
[7262] = 12669 12669
[7263] = 12640 12640
[7264] = 12376 12376
[7265] = 12113 12113
[7266] = 11853 11853
[7267] = 11592 11592
[7268] = 11333 11333
[7269] = 11076 11076
[7270] = 10819 10819
[7271] = 10564 10564
[7272] = 10310 10310
[7273] = 10057 10057
[7274] = 9804 9804
[7275] = 9553 9553
[7276] = 9303 9303
[7277] = 9054 9054
[7278] = 8806 8806
[7279] = 8560 8560
[7280] = 8314 8314
[7281] = 8069 8069
[7282] = 7826 7826
[7283] = 7584 7584
[7284] = 7343 7343
[7285] = 7102 7102
[7286] = 6863 6863
[7287] = 6626 6626
[7288] = 6388 6388
[7289] = 6153 6153
[7290] = 5919 5919
[7291] = 5685 5685
[7292] = 5453 5453
[7293] = 5221 5221
[7294] = 4991 4991
[7295] = 4762 4762
[7296] = 4534 4534
[7297] = 4307 4307
[7298] = 4081 4081
[7299] = 3856 3856
[7300] = 3633 3633
[7301] = 3410 3410
[7302] = 3189 3189
[7303] = 2969 2969
[7304] = 2749 2749
[7305] = 2531 2531
[7306] = 2314 2314
[7307] = 2098 2098
[7308] = 1883 1883
[7309] = 1670 1670
[7310] = 1457 1457
[7311] = 1245 1245
[7312] = 1035 1035
[7313] = 826 826
[7314] = 617 617
[7315] = 410 410
[7316] = 204 204
[7317] = 0 0
[7318] = 199 199
[7319] = 398 398
[7320] = 596 596
[7321] = 794 794
[7322] = 989 989
[7323] = 1184 1184
[7324] = 1377 1377
[7325] = 1570 1570
[7326] = 1761 1761
[7327] = 1952 1952
[7328] = 2141 2141
[7329] = 2330 2330
[7330] = 2517 2517
[7331] = 2703 2703
[7332] = 2888 2888
[7333] = 3072 3072
[7334] = 3255 3255
[7335] = 3437 3437
[7336] = 3617 3617
[7337] = 3797 3797
[7338] = 3976 3976
[7339] = 4153 4153
[7340] = 4329 4329
[7341] = 4505 4505
[7342] = 4679 4679
[7343] = 4852 4852
[7344] = 5025 5025
[7345] = 5195 5195
[7346] = 5365 5365
[7347] = 5534 5534
[7348] = 5701 5701
[7349] = 5869 5869
[7350] = 6035 6035
[7351] = 6199 6199
[7352] = 6362 6362
[7353] = 6524 6524
[7354] = 6686 6686
[7355] = 6846 6846
[7356] = 7005 7005
[7357] = 7163 7163
[7358] = 7320 7320
[7359] = 7476 7476
[7360] = 7631 7631
[7361] = 7785 7785
[7362] = 7937 7937
[7363] = 8089 8089
[7364] = 8240 8240
[7365] = 8389 8389
[7366] = 8537 8537
[7367] = 8685 8685
[7368] = 8831 8831
[7369] = 8976 8976
[7370] = 9120 9120
[7371] = 9263 9263
[7372] = 9405 9405
[7373] = 9204 9204
[7374] = 9006 9006
[7375] = 8807 8807
[7376] = 8610 8610
[7377] = 8415 8415
[7378] = 8221 8221
[7379] = 8027 8027
[7380] = 7834 7834
[7381] = 7643 7643
[7382] = 7452 7452
[7383] = 7263 7263
[7384] = 7074 7074
[7385] = 6887 6887
[7386] = 6701 6701
[7387] = 6516 6516
[7388] = 6332 6332
[7389] = 6149 6149
[7390] = 5967 5967
[7391] = 5787 5787
[7392] = 5607 5607
[7393] = 5428 5428
[7394] = 5251 5251
[7395] = 5075 5075
[7396] = 4899 4899
[7397] = 4725 4725
[7398] = 4552 4552
[7399] = 4379 4379
[7400] = 4209 4209
[7401] = 4039 4039
[7402] = 3870 3870
[7403] = 3702 3702
[7404] = 3535 3535
[7405] = 3370 3370
[7406] = 3205 3205
[7407] = 3042 3042
[7408] = 2880 2880
[7409] = 2718 2718
[7410] = 2558 2558
[7411] = 2399 2399
[7412] = 2241 2241
[7413] = 2084 2084
[7414] = 1928 1928
[7415] = 1773 1773
[7416] = 1619 1619
[7417] = 1466 1466
[7418] = 1315 1315
[7419] = 1165 1165
[7420] = 1015 1015
[7421] = 867 867
[7422] = 719 719
[7423] = 573 573
[7424] = 428 428
[7425] = 284 284
[7426] = 141 141
[7427] = 0 0
[7428] = 142 142
[7429] = 285 285
[7430] = 426 426
[7431] = 566 566
[7432] = 705 705
[7433] = 843 843
[7434] = 980 980
[7435] = 1116 1116
[7436] = 1250 1250
[7437] = 1384 1384
[7438] = 1516 1516
[7439] = 1647 1647
[7440] = 1778 1778
[7441] = 1907 1907
[7442] = 2035 2035
[7443] = 2162 2162
[7444] = 2287 2287
[7445] = 2412 2412
[7446] = 2536 2536
[7447] = 2659 2659
[7448] = 2780 2780
[7449] = 2900 2900
[7450] = 3019 3019
[7451] = 3138 3138
[7452] = 3255 3255
[7453] = 3371 3371
[7454] = 3485 3485
[7455] = 3599 3599
[7456] = 3711 3711
[7457] = 3824 3824
[7458] = 3934 3934
[7459] = 4043 4043
[7460] = 4151 4151
[7461] = 4259 4259
[7462] = 4365 4365
[7463] = 4470 4470
[7464] = 4573 4573
[7465] = 4677 4677
[7466] = 4778 4778
[7467] = 4879 4879
[7468] = 4978 4978
[7469] = 5077 5077
[7470] = 5173 5173
[7471] = 5269 5269
[7472] = 5365 5365
[7473] = 5459 5459
[7474] = 5551 5551
[7475] = 5644 5644
[7476] = 5734 5734
[7477] = 5823 5823
[7478] = 5912 5912
[7479] = 5999 5999
[7480] = 6085 6085
[7481] = 6171 6171
[7482] = 6142 6142
[7483] = 5998 5998
[7484] = 5856 5856
[7485] = 5716 5716
[7486] = 5576 5576
[7487] = 5437 5437
[7488] = 5300 5300
[7489] = 5164 5164
[7490] = 5029 5029
[7491] = 4895 4895
[7492] = 4762 4762
[7493] = 4630 4630
[7494] = 4499 4499
[7495] = 4370 4370
[7496] = 4241 4241
[7497] = 4113 4113
[7498] = 3987 3987
[7499] = 3862 3862
[7500] = 3738 3738
[7501] = 3615 3615
[7502] = 3493 3493
[7503] = 3372 3372
[7504] = 3252 3252
[7505] = 3133 3133
[7506] = 3016 3016
[7507] = 2899 2899
[7508] = 2784 2784
[7509] = 2669 2669
[7510] = 2556 2556
[7511] = 2444 2444
[7512] = 2334 2334
[7513] = 2223 2223
[7514] = 2114 2114
[7515] = 2007 2007
[7516] = 1900 1900
[7517] = 1795 1795
[7518] = 1691 1691
[7519] = 1587 1587
[7520] = 1485 1485
[7521] = 1384 1384
[7522] = 1284 1284
[7523] = 1185 1185
[7524] = 1087 1087
[7525] = 990 990
[7526] = 895 895
[7527] = 800 800
[7528] = 707 707
[7529] = 615 615
[7530] = 523 523
[7531] = 433 433
[7532] = 344 344
[7533] = 256 256
[7534] = 169 169
[7535] = 83 83
[7536] = 0 0
[7537] = 83 83
[7538] = 165 165
[7539] = 246 246
[7540] = 326 326
[7541] = 406 406
[7542] = 484 484
[7543] = 561 561
[7544] = 637 637
[7545] = 712 712
[7546] = 785 785
[7547] = 858 858
[7548] = 929 929
[7549] = 999 999
[7550] = 1068 1068
[7551] = 1136 1136
[7552] = 1204 1204
[7553] = 1270 1270
[7554] = 1334 1334
[7555] = 1398 1398
[7556] = 1461 1461
[7557] = 1522 1522
[7558] = 1582 1582
[7559] = 1642 1642
[7560] = 1700 1700
[7561] = 1757 1757
[7562] = 1814 1814
[7563] = 1868 1868
[7564] = 1922 1922
[7565] = 1975 1975
[7566] = 2027 2027
[7567] = 2077 2077
[7568] = 2127 2127
[7569] = 2175 2175
[7570] = 2223 2223
[7571] = 2268 2268
[7572] = 2314 2314
[7573] = 2358 2358
[7574] = 2401 2401
[7575] = 2442 2442
[7576] = 2483 2483
[7577] = 2523 2523
[7578] = 2560 2560
[7579] = 2598 2598
[7580] = 2635 2635
[7581] = 2669 2669
[7582] = 2704 2704
[7583] = 2737 2737
[7584] = 2769 2769
[7585] = 2800 2800
[7586] = 2829 2829
[7587] = 2858 2858
[7588] = 2885 2885
[7589] = 2912 2912
[7590] = 2937 2937
[7591] = 2907 2907
[7592] = 2824 2824
[7593] = 2742 2742
[7594] = 2662 2662
[7595] = 2582 2582
[7596] = 2503 2503
[7597] = 2426 2426
[7598] = 2349 2349
[7599] = 2274 2274
[7600] = 2200 2200
[7601] = 2127 2127
[7602] = 2055 2055
[7603] = 1984 1984
[7604] = 1914 1914
[7605] = 1845 1845
[7606] = 1778 1778
[7607] = 1711 1711
[7608] = 1646 1646
[7609] = 1582 1582
[7610] = 1518 1518
[7611] = 1457 1457
[7612] = 1395 1395
[7613] = 1336 1336
[7614] = 1277 1277
[7615] = 1219 1219
[7616] = 1163 1163
[7617] = 1107 1107
[7618] = 1052 1052
[7619] = 999 999
[7620] = 947 947
[7621] = 896 896
[7622] = 846 846
[7623] = 797 797
[7624] = 749 749
[7625] = 703 703
[7626] = 657 657
[7627] = 613 613
[7628] = 569 569
[7629] = 527 527
[7630] = 485 485
[7631] = 446 446
[7632] = 406 406
[7633] = 369 369
[7634] = 331 331
[7635] = 296 296
[7636] = 261 261
[7637] = 228 228
[7638] = 196 196
[7639] = 164 164
[7640] = 134 134
[7641] = 105 105
[7642] = 76 76
[7643] = 49 49
[7644] = 24 24
[7645] = 0 0
[7646] = 23 23
[7647] = 46 46
[7648] = 67 67
[7649] = 87 87
[7650] = 107 107
[7651] = 124 124
[7652] = 142 142
[7653] = 157 157
[7654] = 173 173
[7655] = 186 186
[7656] = 199 199
[7657] = 210 210
[7658] = 221 221
[7659] = 230 230
[7660] = 239 239
[7661] = 246 246
[7662] = 251 251
[7663] = 256 256
[7664] = 260 260
[7665] = 263 263
[7666] = 265 265
[7667] = 265 265
[7668] = 265 265
[7669] = 263 263
[7670] = 260 260
[7671] = 256 256
[7672] = 251 251
[7673] = 246 246
[7674] = 239 239
[7675] = 230 230
[7676] = 221 221
[7677] = 210 210
[7678] = 199 199
[7679] = 186 186
[7680] = 173 173
[7681] = 158 158
[7682] = 142 142
[7683] = 124 124
[7684] = 107 107
[7685] = 87 87
[7686] = 67 67
[7687] = 46 46
[7688] = 23 23
[7689] = 0 0
[7690] = 0 0
[7691] = 0 0
[7692] = 0 0
[7693] = 0 0
[7694] = 0 0
[7695] = 0 0
[7696] = 0 0
[7697] = 0 0
[7698] = 0 0
[7699] = 0 0

