[0] = 0 0
[1] = 0 0
[2] = 0 0
[3] = 0 0
[4] = 0 0
[5] = 0 0
[6] = 0 0
[7] = 0 0
[8] = 0 0
[9] = 0 0
[10] = 43 43
[11] = 87 87
[12] = 130 130
[13] = 174 174
[14] = 218 218
[15] = 262 262
[16] = 305 305
[17] = 349 349
[18] = 393 393
[19] = 437 437
[20] = 480 480
[21] = 524 524
[22] = 568 568
[23] = 612 612
[24] = 655 655
[25] = 699 699
[26] = 743 743
[27] = 786 786
[28] = 831 831
[29] = 874 874
[30] = 918 918
[31] = 961 961
[32] = 1006 1006
[33] = 1049 1049
[34] = 1093 1093
[35] = 1136 1136
[36] = 1181 1181
[37] = 1224 1224
[38] = 1268 1268
[39] = 1311 1311
[40] = 1356 1356
[41] = 1399 1399
[42] = 1443 1443
[43] = 1487 1487
[44] = 1531 1531
[45] = 1574 1574
[46] = 1618 1618
[47] = 1662 1662
[48] = 1706 1706
[49] = 1749 1749
[50] = 1793 1793
[51] = 1837 1837
[52] = 1880 1880
[53] = 1924 1924
[54] = 1968 1968
[55] = 2012 2012
[56] = 2055 2055
[57] = 2099 2099
[58] = 2143 2143
[59] = 2187 2187
[60] = 2230 2230
[61] = 2274 2274
[62] = 2318 2318
[63] = 2362 2362
[64] = 2405 2405
[65] = 2449 2449
[66] = 2493 2493
[67] = 2537 2537
[68] = 2580 2580
[69] = 2624 2624
[70] = 2668 2668
[71] = 2712 2712
[72] = 2755 2755
[73] = 2800 2800
[74] = 2843 2843
[75] = 2887 2887
[76] = 2930 2930
[77] = 2974 2974
[78] = 3018 3018
[79] = 3062 3062
[80] = 3105 3105
[81] = 3149 3149
[82] = 3193 3193
[83] = 3237 3237
[84] = 3280 3280
[85] = 3324 3324
[86] = 3368 3368
[87] = 3412 3412
[88] = 3455 3455
[89] = 3499 3499
[90] = 3543 3543
[91] = 3586 3586
[92] = 3631 3631
[93] = 3674 3674
[94] = 3718 3718
[95] = 3761 3761
[96] = 3806 3806
[97] = 3849 3849
[98] = 3893 3893
[99] = 3936 3936
[100] = 3981 3981
[101] = 4024 4024
[102] = 4068 4068
[103] = 4111 4111
[104] = 4156 4156
[105] = 4199 4199
[106] = 4243 4243
[107] = 4287 4287
[108] = 4331 4331
[109] = 4374 4374
[110] = 4418 4418
[111] = 4462 4462
[112] = 4506 4506
[113] = 4549 4549
[114] = 4593 4593
[115] = 4637 4637
[116] = 4680 4680
[117] = 4724 4724
[118] = 4768 4768
[119] = 4812 4812
[120] = 4855 4855
[121] = 4899 4899
[122] = 4943 4943
[123] = 4987 4987
[124] = 5030 5030
[125] = 5074 5074
[126] = 5118 5118
[127] = 5162 5162
[128] = 5205 5205
[129] = 5249 5249
[130] = 5293 5293
[131] = 5337 5337
[132] = 5380 5380
[133] = 5424 5424
[134] = 5468 5468
[135] = 5512 5512
[136] = 5555 5555
[137] = 5600 5600
[138] = 5643 5643
[139] = 5687 5687
[140] = 5730 5730
[141] = 5774 5774
[142] = 5818 5818
[143] = 5862 5862
[144] = 5905 5905
[145] = 5949 5949
[146] = 5993 5993
[147] = 6037 6037
[148] = 6080 6080
[149] = 6124 6124
[150] = 6168 6168
[151] = 6212 6212
[152] = 6255 6255
[153] = 6299 6299
[154] = 6343 6343
[155] = 6386 6386
[156] = 6431 6431
[157] = 6474 6474
[158] = 6518 6518
[159] = 6561 6561
[160] = 6606 6606
[161] = 6649 6649
[162] = 6693 6693
[163] = 0 0
[164] = 0 0
[165] = 0 0
[166] = 0 0
[167] = 0 0
[168] = 0 0
[169] = 0 0
[170] = 0 0
[171] = 0 0
[172] = 0 0
[173] = 0 0
[174] = 0 0
[175] = 0 0
[176] = 0 0
[177] = 0 0
[178] = 0 0
[179] = 0 0
[180] = 0 0
[181] = 0 0
[182] = 0 0
[183] = 0 0
[184] = 0 0
[185] = 0 0
[186] = 0 0
[187] = 0 0
[188] = 0 0
[189] = 0 0
[190] = 0 0
[191] = 0 0
[192] = 0 0
[193] = 0 0
[194] = 0 0
[195] = 0 0
[196] = 0 0
[197] = 0 0
[198] = 0 0
[199] = 0 0
[200] = 0 0
[201] = 0 0
[202] = 0 0
[203] = 0 0
[204] = 0 0
[205] = 0 0
[206] = 0 0
[207] = 0 0
[208] = 0 0
[209] = 0 0
[210] = 0 0
[211] = 0 0
[212] = 0 0
[213] = 0 0
[214] = 0 0
[215] = 0 0
[216] = 0 0
[217] = 0 0
[218] = 0 0
[219] = 0 0
[220] = 0 0
[221] = 0 0
[222] = 0 0
[223] = 0 0
[224] = 0 0
[225] = 0 0
[226] = 0 0
[227] = 0 0
[228] = 0 0
[229] = 0 0
[230] = 0 0
[231] = 0 0
[232] = 0 0
[233] = 0 0
[234] = 0 0
[235] = 0 0
[236] = 0 0
[237] = 0 0
[238] = 0 0
[239] = 0 0
[240] = 0 0
[241] = 0 0
[242] = 0 0
[243] = 0 0
[244] = 0 0
[245] = 0 0
[246] = 0 0
[247] = 0 0
[248] = 0 0
[249] = 0 0
[250] = 0 0
[251] = 0 0
[252] = 0 0
[253] = 0 0
[254] = 0 0
[255] = 0 0
[256] = 0 0
[257] = 0 0
[258] = 0 0
[259] = 0 0
[260] = 0 0
[261] = 0 0
[262] = 0 0
[263] = 0 0
[264] = 0 0
[265] = 0 0
[266] = 0 0
[267] = 0 0
[268] = 0 0
[269] = 0 0
[270] = 0 0
[271] = 0 0
[272] = 0 0
[273] = 0 0
[274] = 0 0
[275] = 0 0
[276] = 0 0
[277] = 0 0
[278] = 0 0
[279] = 0 0
[280] = 0 0
[281] = 0 0
[282] = 0 0
[283] = 0 0
[284] = 0 0
[285] = 0 0
[286] = 0 0
[287] = 0 0
[288] = 0 0
[289] = 0 0
[290] = 0 0
[291] = 0 0
[292] = 0 0
[293] = 0 0
[294] = 0 0
[295] = 0 0
[296] = 0 0
[297] = 0 0
[298] = 0 0
[299] = 0 0
[300] = 0 0
[301] = 0 0
[302] = 0 0
[303] = 0 0
[304] = 0 0
[305] = 0 0
[306] = 0 0
[307] = 0 0
[308] = 0 0
[309] = 0 0
[310] = 0 0
[311] = 0 0
[312] = 0 0
[313] = 0 0
[314] = 0 0
[315] = 0 0
[316] = 0 0
[317] = 13474 13474
[318] = 13518 13518
[319] = 13562 13562
[320] = 13605 13605
[321] = 13649 13649
[322] = 13693 13693
[323] = 13737 13737
[324] = 13780 13780
[325] = 13824 13824
[326] = 13868 13868
[327] = 13912 13912
[328] = 13955 13955
[329] = 14000 14000
[330] = 14043 14043
[331] = 14087 14087
[332] = 14130 14130
[333] = 14174 14174
[334] = 14218 14218
[335] = 14262 14262
[336] = 14305 14305
[337] = 14349 14349
[338] = 14393 14393
[339] = 14437 14437
[340] = 14480 14480
[341] = 14524 14524
[342] = 14568 14568
[343] = 14612 14612
[344] = 14655 14655
[345] = 14699 14699
[346] = 14743 14743
[347] = 14786 14786
[348] = 14831 14831
[349] = 14874 14874
[350] = 14918 14918
[351] = 14961 14961
[352] = 15006 15006
[353] = 15049 15049
[354] = 15093 15093
[355] = 15136 15136
[356] = 15181 15181
[357] = 15224 15224
[358] = 15268 15268
[359] = 15311 15311
[360] = 15356 15356
[361] = 15399 15399
[362] = 15443 15443
[363] = 15487 15487
[364] = 15531 15531
[365] = 15574 15574
[366] = 15618 15618
[367] = 15662 15662
[368] = 15706 15706
[369] = 15749 15749
[370] = 15793 15793
[371] = 15837 15837
[372] = 15880 15880
[373] = 15924 15924
[374] = 15968 15968
[375] = 16012 16012
[376] = 16055 16055
[377] = 16099 16099
[378] = 16143 16143
[379] = 16187 16187
[380] = 16230 16230
[381] = 16274 16274
[382] = 16318 16318
[383] = 16362 16362
[384] = 16405 16405
[385] = 16449 16449
[386] = 16493 16493
[387] = 16537 16537
[388] = 16580 16580
[389] = 16624 16624
[390] = 16668 16668
[391] = 16712 16712
[392] = 16755 16755
[393] = 16800 16800
[394] = 16843 16843
[395] = 16887 16887
[396] = 16930 16930
[397] = 16974 16974
[398] = 17018 17018
[399] = 17062 17062
[400] = 17105 17105
[401] = 17149 17149
[402] = 17193 17193
[403] = 17237 17237
[404] = 17280 17280
[405] = 17324 17324
[406] = 17368 17368
[407] = 17412 17412
[408] = 17455 17455
[409] = 17499 17499
[410] = 17543 17543
[411] = 17586 17586
[412] = 17631 17631
[413] = 17674 17674
[414] = 17718 17718
[415] = 17761 17761
[416] = 17806 17806
[417] = 17849 17849
[418] = 17893 17893
[419] = 17936 17936
[420] = 17981 17981
[421] = 18024 18024
[422] = 18068 18068
[423] = 18111 18111
[424] = 18156 18156
[425] = 18199 18199
[426] = 18243 18243
[427] = 18287 18287
[428] = 18331 18331
[429] = 18374 18374
[430] = 18418 18418
[431] = 18462 18462
[432] = 18506 18506
[433] = 18549 18549
[434] = 18593 18593
[435] = 18637 18637
[436] = 18680 18680
[437] = 18724 18724
[438] = 18768 18768
[439] = 18812 18812
[440] = 18855 18855
[441] = 18899 18899
[442] = 18943 18943
[443] = 18987 18987
[444] = 19030 19030
[445] = 19074 19074
[446] = 19118 19118
[447] = 19162 19162
[448] = 19205 19205
[449] = 19249 19249
[450] = 19293 19293
[451] = 19337 19337
[452] = 19380 19380
[453] = 19424 19424
[454] = 19468 19468
[455] = 19512 19512
[456] = 19555 19555
[457] = 19600 19600
[458] = 19643 19643
[459] = 19687 19687
[460] = 19730 19730
[461] = 19774 19774
[462] = 19818 19818
[463] = 19862 19862
[464] = 19905 19905
[465] = 19949 19949
[466] = 19993 19993
[467] = 20037 20037
[468] = 20080 20080
[469] = 20124 20124
[470] = 20168 20168
[471] = 0 0
[472] = 0 0
[473] = 0 0
[474] = 0 0
[475] = 0 0
[476] = 0 0
[477] = 0 0
[478] = 0 0
[479] = 0 0
[480] = 0 0
[481] = 0 0
[482] = 0 0
[483] = 0 0
[484] = 0 0
[485] = 0 0
[486] = 0 0
[487] = 0 0
[488] = 0 0
[489] = 0 0
[490] = 0 0
[491] = 0 0
[492] = 0 0
[493] = 0 0
[494] = 0 0
[495] = 0 0
[496] = 0 0
[497] = 0 0
[498] = 0 0
[499] = 0 0
[500] = 0 0
[501] = 0 0
[502] = 0 0
[503] = 0 0
[504] = 0 0
[505] = 0 0
[506] = 0 0
[507] = 0 0
[508] = 0 0
[509] = 0 0
[510] = 0 0
[511] = 0 0
[512] = 0 0
[513] = 0 0
[514] = 0 0
[515] = 0 0
[516] = 0 0
[517] = 0 0
[518] = 0 0
[519] = 0 0
[520] = 0 0
[521] = 0 0
[522] = 0 0
[523] = 0 0
[524] = 0 0
[525] = 0 0
[526] = 0 0
[527] = 0 0
[528] = 0 0
[529] = 0 0
[530] = 0 0
[531] = 0 0
[532] = 0 0
[533] = 0 0
[534] = 0 0
[535] = 0 0
[536] = 0 0
[537] = 0 0
[538] = 0 0
[539] = 0 0
[540] = 0 0
[541] = 0 0
[542] = 0 0
[543] = 0 0
[544] = 0 0
[545] = 0 0
[546] = 0 0
[547] = 0 0
[548] = 0 0
[549] = 0 0
[550] = 0 0
[551] = 0 0
[552] = 0 0
[553] = 0 0
[554] = 0 0
[555] = 0 0
[556] = 0 0
[557] = 0 0
[558] = 0 0
[559] = 0 0
[560] = 0 0
[561] = 0 0
[562] = 0 0
[563] = 0 0
[564] = 0 0
[565] = 0 0
[566] = 0 0
[567] = 0 0
[568] = 0 0
[569] = 0 0
[570] = 0 0
[571] = 0 0
[572] = 0 0
[573] = 0 0
[574] = 0 0
[575] = 0 0
[576] = 0 0
[577] = 0 0
[578] = 0 0
[579] = 0 0
[580] = 0 0
[581] = 0 0
[582] = 0 0
[583] = 0 0
[584] = 0 0
[585] = 0 0
[586] = 0 0
[587] = 0 0
[588] = 0 0
[589] = 0 0
[590] = 0 0
[591] = 0 0
[592] = 0 0
[593] = 0 0
[594] = 0 0
[595] = 0 0
[596] = 0 0
[597] = 0 0
[598] = 0 0
[599] = 0 0
[600] = 0 0
[601] = 0 0
[602] = 0 0
[603] = 0 0
[604] = 0 0
[605] = 0 0
[606] = 0 0
[607] = 0 0
[608] = 0 0
[609] = 0 0
[610] = 0 0
[611] = 0 0
[612] = 0 0
[613] = 0 0
[614] = 0 0
[615] = 0 0
[616] = 0 0
[617] = 0 0
[618] = 0 0
[619] = 0 0
[620] = 0 0
[621] = 0 0
[622] = 0 0
[623] = 0 0
[624] = 0 0
[625] = 26949 26949
[626] = 26993 26993
[627] = 27037 27037
[628] = 27080 27080
[629] = 27124 27124
[630] = 27168 27168
[631] = 27212 27212
[632] = 27255 27255
[633] = 27299 27299
[634] = 27343 27343
[635] = 27387 27387
[636] = 27430 27430
[637] = 27474 27474
[638] = 27518 27518
[639] = 27562 27562
[640] = 27605 27605
[641] = 27649 27649
[642] = 27693 27693
[643] = 27737 27737
[644] = 27780 27780
[645] = 27824 27824
[646] = 27868 27868
[647] = 27912 27912
[648] = 27955 27955
[649] = 28000 28000
[650] = 28043 28043
[651] = 28087 28087
[652] = 28130 28130
[653] = 28174 28174
[654] = 28218 28218
[655] = 28262 28262
[656] = 28305 28305
[657] = 28349 28349
[658] = 28393 28393
[659] = 28437 28437
[660] = 28480 28480
[661] = 28524 28524
[662] = 28568 28568
[663] = 28612 28612
[664] = 28655 28655
[665] = 28699 28699
[666] = 28743 28743
[667] = 28786 28786
[668] = 28831 28831
[669] = 28874 28874
[670] = 28918 28918
[671] = 28961 28961
[672] = 29006 29006
[673] = 29049 29049
[674] = 29093 29093
[675] = 29136 29136
[676] = 29181 29181
[677] = 29224 29224
[678] = 29268 29268
[679] = 29311 29311
[680] = 29356 29356
[681] = 29399 29399
[682] = 29443 29443
[683] = 29487 29487
[684] = 29531 29531
[685] = 29574 29574
[686] = 29618 29618
[687] = 29662 29662
[688] = 29706 29706
[689] = 29749 29749
[690] = 29793 29793
[691] = 29837 29837
[692] = 29880 29880
[693] = 29924 29924
[694] = 29968 29968
[695] = 30012 30012
[696] = 30055 30055
[697] = 30099 30099
[698] = 30143 30143
[699] = 30187 30187
[700] = 30230 30230
[701] = 30274 30274
[702] = 30318 30318
[703] = 30362 30362
[704] = 30405 30405
[705] = 30449 30449
[706] = 30493 30493
[707] = 30537 30537
[708] = 30580 30580
[709] = 30624 30624
[710] = 30668 30668
[711] = 30712 30712
[712] = 30755 30755
[713] = 30800 30800
[714] = 30843 30843
[715] = 30887 30887
[716] = 30930 30930
[717] = 30974 30974
[718] = 31018 31018
[719] = 31062 31062
[720] = 31105 31105
[721] = 31149 31149
[722] = 31193 31193
[723] = 31237 31237
[724] = 31280 31280
[725] = 31324 31324
[726] = 31368 31368
[727] = 31412 31412
[728] = 31455 31455
[729] = 31499 31499
[730] = 31543 31543
[731] = 31586 31586
[732] = 31631 31631
[733] = 31674 31674
[734] = 31718 31718
[735] = 31761 31761
[736] = 31806 31806
[737] = 31849 31849
[738] = 31893 31893
[739] = 31936 31936
[740] = 31981 31981
[741] = 32024 32024
[742] = 32068 32068
[743] = 32111 32111
[744] = 32156 32156
[745] = 32199 32199
[746] = 32243 32243
[747] = 32287 32287
[748] = 32331 32331
[749] = 32374 32374
[750] = 32418 32418
[751] = 32462 32462
[752] = 32506 32506
[753] = 32549 32549
[754] = 32593 32593
[755] = 32637 32637
[756] = 32680 32680
[757] = 32724 32724
[758] = 32768 32768
[759] = 32812 32812
[760] = 32855 32855
[761] = 32899 32899
[762] = 32943 32943
[763] = 32987 32987
[764] = 33030 33030
[765] = 33074 33074
[766] = 33118 33118
[767] = 33162 33162
[768] = 33205 33205
[769] = 33249 33249
[770] = 33293 33293
[771] = 33337 33337
[772] = 33380 33380
[773] = 33424 33424
[774] = 33468 33468
[775] = 33512 33512
[776] = 33555 33555
[777] = 33600 33600
[778] = 33643 33643
[779] = 0 0
[780] = 0 0
[781] = 0 0
[782] = 0 0
[783] = 0 0
[784] = 0 0
[785] = 0 0
[786] = 0 0
[787] = 0 0
[788] = 0 0
[789] = 0 0
[790] = 0 0
[791] = 0 0
[792] = 0 0
[793] = 0 0
[794] = 0 0
[795] = 0 0
[796] = 0 0
[797] = 0 0
[798] = 0 0
[799] = 0 0
[800] = 0 0
[801] = 0 0
[802] = 0 0
[803] = 0 0
[804] = 0 0
[805] = 0 0
[806] = 0 0
[807] = 0 0
[808] = 0 0
[809] = 0 0
[810] = 0 0
[811] = 0 0
[812] = 0 0
[813] = 0 0
[814] = 0 0
[815] = 0 0
[816] = 0 0
[817] = 0 0
[818] = 0 0
[819] = 0 0
[820] = 0 0
[821] = 0 0
[822] = 0 0
[823] = 0 0
[824] = 0 0
[825] = 0 0
[826] = 0 0
[827] = 0 0
[828] = 0 0
[829] = 0 0
[830] = 0 0
[831] = 0 0
[832] = 0 0
[833] = 0 0
[834] = 0 0
[835] = 0 0
[836] = 0 0
[837] = 0 0
[838] = 0 0
[839] = 0 0
[840] = 0 0
[841] = 0 0
[842] = 0 0
[843] = 0 0
[844] = 0 0
[845] = 0 0
[846] = 0 0
[847] = 0 0
[848] = 0 0
[849] = 0 0
[850] = 0 0
[851] = 0 0
[852] = 0 0
[853] = 0 0
[854] = 0 0
[855] = 0 0
[856] = 0 0
[857] = 0 0
[858] = 0 0
[859] = 0 0
[860] = 0 0
[861] = 0 0
[862] = 0 0
[863] = 0 0
[864] = 0 0
[865] = 0 0
[866] = 0 0
[867] = 0 0
[868] = 0 0
[869] = 0 0
[870] = 0 0
[871] = 0 0
[872] = 0 0
[873] = 0 0
[874] = 0 0
[875] = 0 0
[876] = 0 0
[877] = 0 0
[878] = 0 0
[879] = 0 0
[880] = 0 0
[881] = 0 0
[882] = 0 0
[883] = 0 0
[884] = 0 0
[885] = 0 0
[886] = 0 0
[887] = 0 0
[888] = 0 0
[889] = 0 0
[890] = 0 0
[891] = 0 0
[892] = 0 0
[893] = 0 0
[894] = 0 0
[895] = 0 0
[896] = 0 0
[897] = 0 0
[898] = 0 0
[899] = 0 0
[900] = 0 0
[901] = 0 0
[902] = 0 0
[903] = 0 0
[904] = 0 0
[905] = 0 0
[906] = 0 0
[907] = 0 0
[908] = 0 0
[909] = 0 0
[910] = 0 0
[911] = 0 0
[912] = 0 0
[913] = 0 0
[914] = 0 0
[915] = 0 0
[916] = 0 0
[917] = 0 0
[918] = 0 0
[919] = 0 0
[920] = 0 0
[921] = 0 0
[922] = 0 0
[923] = 0 0
[924] = 0 0
[925] = 0 0
[926] = 0 0
[927] = 0 0
[928] = 0 0
[929] = 0 0
[930] = 0 0
[931] = 0 0
[932] = 0 0
[933] = 0 0
[934] = 40468 40468
[935] = 40511 40511
[936] = 40556 40556
[937] = 40599 40599
[938] = 40643 40643
[939] = 40687 40687
[940] = 40731 40731
[941] = 40774 40774
[942] = 40818 40818
[943] = 40862 40862
[944] = 40906 40906
[945] = 40949 40949
[946] = 40993 40993
[947] = 41037 41037
[948] = 41080 41080
[949] = 41124 41124
[950] = 41168 41168
[951] = 41212 41212
[952] = 41255 41255
[953] = 41299 41299
[954] = 41343 41343
[955] = 41387 41387
[956] = 41430 41430
[957] = 41474 41474
[958] = 41518 41518
[959] = 41562 41562
[960] = 41605 41605
[961] = 41649 41649
[962] = 41693 41693
[963] = 41737 41737
[964] = 41780 41780
[965] = 41824 41824
[966] = 41868 41868
[967] = 41912 41912
[968] = 41955 41955
[969] = 42000 42000
[970] = 41991 41991
[971] = 41982 41982
[972] = 41973 41973
[973] = 41964 41964
[974] = 41955 41955
[975] = 41946 41946
[976] = 41937 41937
[977] = 41929 41929
[978] = 41920 41920
[979] = 41911 41911
[980] = 41902 41902
[981] = 41893 41893
[982] = 41884 41884
[983] = 41875 41875
[984] = 41867 41867
[985] = 41858 41858
[986] = 41849 41849
[987] = 41840 41840
[988] = 41831 41831
[989] = 41822 41822
[990] = 41813 41813
[991] = 41805 41805
[992] = 41796 41796
[993] = 41787 41787
[994] = 41778 41778
[995] = 41769 41769
[996] = 41760 41760
[997] = 41751 41751
[998] = 41743 41743
[999] = 41734 41734
[1000] = 41725 41725
[1001] = 41716 41716
[1002] = 41707 41707
[1003] = 41698 41698
[1004] = 41689 41689
[1005] = 41680 41680
[1006] = 41671 41671
[1007] = 41662 41662
[1008] = 41653 41653
[1009] = 41644 41644
[1010] = 41635 41635
[1011] = 41627 41627
[1012] = 41618 41618
[1013] = 41609 41609
[1014] = 41600 41600
[1015] = 41591 41591
[1016] = 41582 41582
[1017] = 41573 41573
[1018] = 41564 41564
[1019] = 41555 41555
[1020] = 41547 41547
[1021] = 41538 41538
[1022] = 41529 41529
[1023] = 41520 41520
[1024] = 41511 41511
[1025] = 41502 41502
[1026] = 41493 41493
[1027] = 41485 41485
[1028] = 41476 41476
[1029] = 41467 41467
[1030] = 41458 41458
[1031] = 41449 41449
[1032] = 41440 41440
[1033] = 41431 41431
[1034] = 41423 41423
[1035] = 41414 41414
[1036] = 41405 41405
[1037] = 41396 41396
[1038] = 41387 41387
[1039] = 41378 41378
[1040] = 41369 41369
[1041] = 41360 41360
[1042] = 41352 41352
[1043] = 41343 41343
[1044] = 41334 41334
[1045] = 41325 41325
[1046] = 41316 41316
[1047] = 41307 41307
[1048] = 41298 41298
[1049] = 41289 41289
[1050] = 41280 41280
[1051] = 41271 41271
[1052] = 41262 41262
[1053] = 41254 41254
[1054] = 41245 41245
[1055] = 41236 41236
[1056] = 41227 41227
[1057] = 41218 41218
[1058] = 41209 41209
[1059] = 41200 41200
[1060] = 41191 41191
[1061] = 41182 41182
[1062] = 41173 41173
[1063] = 41165 41165
[1064] = 41156 41156
[1065] = 41147 41147
[1066] = 41138 41138
[1067] = 41129 41129
[1068] = 41120 41120
[1069] = 41111 41111
[1070] = 41103 41103
[1071] = 41094 41094
[1072] = 41085 41085
[1073] = 41076 41076
[1074] = 41067 41067
[1075] = 41058 41058
[1076] = 41049 41049
[1077] = 41040 41040
[1078] = 41032 41032
[1079] = 41023 41023
[1080] = 41014 41014
[1081] = 41005 41005
[1082] = 40996 40996
[1083] = 40987 40987
[1084] = 40978 40978
[1085] = 40970 40970
[1086] = 40961 40961
[1087] = 40952 40952
[1088] = 0 0
[1089] = 0 0
[1090] = 0 0
[1091] = 0 0
[1092] = 0 0
[1093] = 0 0
[1094] = 0 0
[1095] = 0 0
[1096] = 0 0
[1097] = 0 0
[1098] = 0 0
[1099] = 0 0
[1100] = 0 0
[1101] = 0 0
[1102] = 0 0
[1103] = 0 0
[1104] = 0 0
[1105] = 0 0
[1106] = 0 0
[1107] = 0 0
[1108] = 0 0
[1109] = 0 0
[1110] = 0 0
[1111] = 0 0
[1112] = 0 0
[1113] = 0 0
[1114] = 0 0
[1115] = 0 0
[1116] = 0 0
[1117] = 0 0
[1118] = 0 0
[1119] = 0 0
[1120] = 0 0
[1121] = 0 0
[1122] = 0 0
[1123] = 0 0
[1124] = 0 0
[1125] = 0 0
[1126] = 0 0
[1127] = 0 0
[1128] = 0 0
[1129] = 0 0
[1130] = 0 0
[1131] = 0 0
[1132] = 0 0
[1133] = 0 0
[1134] = 0 0
[1135] = 0 0
[1136] = 0 0
[1137] = 0 0
[1138] = 0 0
[1139] = 0 0
[1140] = 0 0
[1141] = 0 0
[1142] = 0 0
[1143] = 0 0
[1144] = 0 0
[1145] = 0 0
[1146] = 0 0
[1147] = 0 0
[1148] = 0 0
[1149] = 0 0
[1150] = 0 0
[1151] = 0 0
[1152] = 0 0
[1153] = 0 0
[1154] = 0 0
[1155] = 0 0
[1156] = 0 0
[1157] = 0 0
[1158] = 0 0
[1159] = 0 0
[1160] = 0 0
[1161] = 0 0
[1162] = 0 0
[1163] = 0 0
[1164] = 0 0
[1165] = 0 0
[1166] = 0 0
[1167] = 0 0
[1168] = 0 0
[1169] = 0 0
[1170] = 0 0
[1171] = 0 0
[1172] = 0 0
[1173] = 0 0
[1174] = 0 0
[1175] = 0 0
[1176] = 0 0
[1177] = 0 0
[1178] = 0 0
[1179] = 0 0
[1180] = 0 0
[1181] = 0 0
[1182] = 0 0
[1183] = 0 0
[1184] = 0 0
[1185] = 0 0
[1186] = 0 0
[1187] = 0 0
[1188] = 0 0
[1189] = 0 0
[1190] = 0 0
[1191] = 0 0
[1192] = 0 0
[1193] = 0 0
[1194] = 0 0
[1195] = 0 0
[1196] = 0 0
[1197] = 0 0
[1198] = 0 0
[1199] = 0 0
[1200] = 0 0
[1201] = 0 0
[1202] = 0 0
[1203] = 0 0
[1204] = 0 0
[1205] = 0 0
[1206] = 0 0
[1207] = 0 0
[1208] = 0 0
[1209] = 0 0
[1210] = 0 0
[1211] = 0 0
[1212] = 0 0
[1213] = 0 0
[1214] = 0 0
[1215] = 0 0
[1216] = 0 0
[1217] = 0 0
[1218] = 0 0
[1219] = 0 0
[1220] = 0 0
[1221] = 0 0
[1222] = 0 0
[1223] = 0 0
[1224] = 0 0
[1225] = 0 0
[1226] = 0 0
[1227] = 0 0
[1228] = 0 0
[1229] = 0 0
[1230] = 0 0
[1231] = 0 0
[1232] = 0 0
[1233] = 0 0
[1234] = 0 0
[1235] = 0 0
[1236] = 0 0
[1237] = 0 0
[1238] = 0 0
[1239] = 0 0
[1240] = 0 0
[1241] = 0 0
[1242] = 0 0
[1243] = 39566 39566
[1244] = 39557 39557
[1245] = 39548 39548
[1246] = 39539 39539
[1247] = 39530 39530
[1248] = 39521 39521
[1249] = 39512 39512
[1250] = 39504 39504
[1251] = 39495 39495
[1252] = 39486 39486
[1253] = 39477 39477
[1254] = 39468 39468
[1255] = 39459 39459
[1256] = 39450 39450
[1257] = 39441 39441
[1258] = 39433 39433
[1259] = 39424 39424
[1260] = 39415 39415
[1261] = 39406 39406
[1262] = 39397 39397
[1263] = 39388 39388
[1264] = 39379 39379
[1265] = 39371 39371
[1266] = 39362 39362
[1267] = 39353 39353
[1268] = 39344 39344
[1269] = 39335 39335
[1270] = 39326 39326
[1271] = 39317 39317
[1272] = 39308 39308
[1273] = 39299 39299
[1274] = 39291 39291
[1275] = 39282 39282
[1276] = 39273 39273
[1277] = 39264 39264
[1278] = 39255 39255
[1279] = 39246 39246
[1280] = 39237 39237
[1281] = 39228 39228
[1282] = 39219 39219
[1283] = 39210 39210
[1284] = 39201 39201
[1285] = 39192 39192
[1286] = 39184 39184
[1287] = 39175 39175
[1288] = 39166 39166
[1289] = 39157 39157
[1290] = 39148 39148
[1291] = 39139 39139
[1292] = 39130 39130
[1293] = 39121 39121
[1294] = 39113 39113
[1295] = 39104 39104
[1296] = 39095 39095
[1297] = 39086 39086
[1298] = 39077 39077
[1299] = 39068 39068
[1300] = 39059 39059
[1301] = 39051 39051
[1302] = 39042 39042
[1303] = 39033 39033
[1304] = 39024 39024
[1305] = 39015 39015
[1306] = 39006 39006
[1307] = 38997 38997
[1308] = 38989 38989
[1309] = 38980 38980
[1310] = 38971 38971
[1311] = 38962 38962
[1312] = 38953 38953
[1313] = 38944 38944
[1314] = 38935 38935
[1315] = 38926 38926
[1316] = 38918 38918
[1317] = 38909 38909
[1318] = 38900 38900
[1319] = 38891 38891
[1320] = 38882 38882
[1321] = 38873 38873
[1322] = 38864 38864
[1323] = 38855 38855
[1324] = 38846 38846
[1325] = 38837 38837
[1326] = 38828 38828
[1327] = 38819 38819
[1328] = 38810 38810
[1329] = 38802 38802
[1330] = 38793 38793
[1331] = 38784 38784
[1332] = 38775 38775
[1333] = 38766 38766
[1334] = 38757 38757
[1335] = 38748 38748
[1336] = 38739 38739
[1337] = 38731 38731
[1338] = 38722 38722
[1339] = 38713 38713
[1340] = 38704 38704
[1341] = 38695 38695
[1342] = 38686 38686
[1343] = 38677 38677
[1344] = 38669 38669
[1345] = 38660 38660
[1346] = 38651 38651
[1347] = 38642 38642
[1348] = 38633 38633
[1349] = 38624 38624
[1350] = 38615 38615
[1351] = 38607 38607
[1352] = 38598 38598
[1353] = 38589 38589
[1354] = 38580 38580
[1355] = 38571 38571
[1356] = 38562 38562
[1357] = 38553 38553
[1358] = 38545 38545
[1359] = 38536 38536
[1360] = 38527 38527
[1361] = 38518 38518
[1362] = 38509 38509
[1363] = 38500 38500
[1364] = 38491 38491
[1365] = 38482 38482
[1366] = 38473 38473
[1367] = 38464 38464
[1368] = 38455 38455
[1369] = 38446 38446
[1370] = 38437 38437
[1371] = 38429 38429
[1372] = 38420 38420
[1373] = 38411 38411
[1374] = 38402 38402
[1375] = 38393 38393
[1376] = 38384 38384
[1377] = 38375 38375
[1378] = 38366 38366
[1379] = 38357 38357
[1380] = 38349 38349
[1381] = 38340 38340
[1382] = 38331 38331
[1383] = 38322 38322
[1384] = 38313 38313
[1385] = 38304 38304
[1386] = 38295 38295
[1387] = 38287 38287
[1388] = 38278 38278
[1389] = 38269 38269
[1390] = 38260 38260
[1391] = 38251 38251
[1392] = 38242 38242
[1393] = 38233 38233
[1394] = 38225 38225
[1395] = 38216 38216
[1396] = 38207 38207
[1397] = 0 0
[1398] = 0 0
[1399] = 0 0
[1400] = 0 0
[1401] = 0 0
[1402] = 0 0
[1403] = 0 0
[1404] = 0 0
[1405] = 0 0
[1406] = 0 0
[1407] = 0 0
[1408] = 0 0
[1409] = 0 0
[1410] = 0 0
[1411] = 0 0
[1412] = 0 0
[1413] = 0 0
[1414] = 0 0
[1415] = 0 0
[1416] = 0 0
[1417] = 0 0
[1418] = 0 0
[1419] = 0 0
[1420] = 0 0
[1421] = 0 0
[1422] = 0 0
[1423] = 0 0
[1424] = 0 0
[1425] = 0 0
[1426] = 0 0
[1427] = 0 0
[1428] = 0 0
[1429] = 0 0
[1430] = 0 0
[1431] = 0 0
[1432] = 0 0
[1433] = 0 0
[1434] = 0 0
[1435] = 0 0
[1436] = 0 0
[1437] = 0 0
[1438] = 0 0
[1439] = 0 0
[1440] = 0 0
[1441] = 0 0
[1442] = 0 0
[1443] = 0 0
[1444] = 0 0
[1445] = 0 0
[1446] = 0 0
[1447] = 0 0
[1448] = 0 0
[1449] = 0 0
[1450] = 0 0
[1451] = 0 0
[1452] = 0 0
[1453] = 0 0
[1454] = 0 0
[1455] = 0 0
[1456] = 0 0
[1457] = 0 0
[1458] = 0 0
[1459] = 0 0
[1460] = 0 0
[1461] = 0 0
[1462] = 0 0
[1463] = 0 0
[1464] = 0 0
[1465] = 0 0
[1466] = 0 0
[1467] = 0 0
[1468] = 0 0
[1469] = 0 0
[1470] = 0 0
[1471] = 0 0
[1472] = 0 0
[1473] = 0 0
[1474] = 0 0
[1475] = 0 0
[1476] = 0 0
[1477] = 0 0
[1478] = 0 0
[1479] = 0 0
[1480] = 0 0
[1481] = 0 0
[1482] = 0 0
[1483] = 0 0
[1484] = 0 0
[1485] = 0 0
[1486] = 0 0
[1487] = 0 0
[1488] = 0 0
[1489] = 0 0
[1490] = 0 0
[1491] = 0 0
[1492] = 0 0
[1493] = 0 0
[1494] = 0 0
[1495] = 0 0
[1496] = 0 0
[1497] = 0 0
[1498] = 0 0
[1499] = 0 0
[1500] = 0 0
[1501] = 0 0
[1502] = 0 0
[1503] = 0 0
[1504] = 0 0
[1505] = 0 0
[1506] = 0 0
[1507] = 0 0
[1508] = 0 0
[1509] = 0 0
[1510] = 0 0
[1511] = 0 0
[1512] = 0 0
[1513] = 0 0
[1514] = 0 0
[1515] = 0 0
[1516] = 0 0
[1517] = 0 0
[1518] = 0 0
[1519] = 0 0
[1520] = 0 0
[1521] = 0 0
[1522] = 0 0
[1523] = 0 0
[1524] = 0 0
[1525] = 0 0
[1526] = 0 0
[1527] = 0 0
[1528] = 0 0
[1529] = 0 0
[1530] = 0 0
[1531] = 0 0
[1532] = 0 0
[1533] = 0 0
[1534] = 0 0
[1535] = 0 0
[1536] = 0 0
[1537] = 0 0
[1538] = 0 0
[1539] = 0 0
[1540] = 0 0
[1541] = 0 0
[1542] = 0 0
[1543] = 0 0
[1544] = 0 0
[1545] = 0 0
[1546] = 0 0
[1547] = 0 0
[1548] = 0 0
[1549] = 0 0
[1550] = 0 0
[1551] = 36830 36830
[1552] = 36821 36821
[1553] = 36812 36812
[1554] = 36803 36803
[1555] = 36794 36794
[1556] = 36785 36785
[1557] = 36776 36776
[1558] = 36767 36767
[1559] = 36758 36758
[1560] = 36750 36750
[1561] = 36741 36741
[1562] = 36732 36732
[1563] = 36723 36723
[1564] = 36714 36714
[1565] = 36705 36705
[1566] = 36696 36696
[1567] = 36688 36688
[1568] = 36679 36679
[1569] = 36670 36670
[1570] = 36661 36661
[1571] = 36652 36652
[1572] = 36643 36643
[1573] = 36634 36634
[1574] = 36626 36626
[1575] = 36617 36617
[1576] = 36608 36608
[1577] = 36599 36599
[1578] = 36590 36590
[1579] = 36581 36581
[1580] = 36572 36572
[1581] = 36563 36563
[1582] = 36555 36555
[1583] = 36546 36546
[1584] = 36537 36537
[1585] = 36528 36528
[1586] = 36519 36519
[1587] = 36510 36510
[1588] = 36501 36501
[1589] = 36492 36492
[1590] = 36483 36483
[1591] = 36474 36474
[1592] = 36466 36466
[1593] = 36457 36457
[1594] = 36448 36448
[1595] = 36439 36439
[1596] = 36430 36430
[1597] = 36421 36421
[1598] = 36412 36412
[1599] = 36403 36403
[1600] = 36394 36394
[1601] = 36385 36385
[1602] = 36376 36376
[1603] = 36368 36368
[1604] = 36359 36359
[1605] = 36350 36350
[1606] = 36341 36341
[1607] = 36332 36332
[1608] = 36323 36323
[1609] = 36314 36314
[1610] = 36306 36306
[1611] = 36297 36297
[1612] = 36288 36288
[1613] = 36279 36279
[1614] = 36270 36270
[1615] = 36261 36261
[1616] = 36252 36252
[1617] = 36243 36243
[1618] = 36235 36235
[1619] = 36226 36226
[1620] = 36217 36217
[1621] = 36208 36208
[1622] = 36199 36199
[1623] = 36190 36190
[1624] = 36181 36181
[1625] = 36173 36173
[1626] = 36164 36164
[1627] = 36155 36155
[1628] = 36146 36146
[1629] = 36137 36137
[1630] = 36128 36128
[1631] = 36119 36119
[1632] = 36110 36110
[1633] = 36101 36101
[1634] = 36093 36093
[1635] = 36084 36084
[1636] = 36075 36075
[1637] = 36066 36066
[1638] = 36057 36057
[1639] = 36048 36048
[1640] = 36039 36039
[1641] = 36030 36030
[1642] = 36021 36021
[1643] = 36012 36012
[1644] = 36003 36003
[1645] = 35994 35994
[1646] = 35986 35986
[1647] = 35977 35977
[1648] = 35968 35968
[1649] = 35959 35959
[1650] = 35950 35950
[1651] = 35941 35941
[1652] = 35932 35932
[1653] = 35923 35923
[1654] = 35915 35915
[1655] = 35906 35906
[1656] = 35897 35897
[1657] = 35888 35888
[1658] = 35879 35879
[1659] = 35870 35870
[1660] = 35861 35861
[1661] = 35853 35853
[1662] = 35844 35844
[1663] = 35835 35835
[1664] = 35826 35826
[1665] = 35817 35817
[1666] = 35808 35808
[1667] = 35799 35799
[1668] = 35791 35791
[1669] = 35782 35782
[1670] = 35773 35773
[1671] = 35764 35764
[1672] = 35755 35755
[1673] = 35746 35746
[1674] = 35737 35737
[1675] = 35728 35728
[1676] = 35720 35720
[1677] = 35711 35711
[1678] = 35702 35702
[1679] = 35693 35693
[1680] = 35684 35684
[1681] = 35675 35675
[1682] = 35666 35666
[1683] = 35657 35657
[1684] = 35648 35648
[1685] = 35639 35639
[1686] = 35630 35630
[1687] = 35621 35621
[1688] = 35613 35613
[1689] = 35604 35604
[1690] = 35604 35604
[1691] = 35604 35604
[1692] = 35604 35604
[1693] = 35604 35604
[1694] = 35604 35604
[1695] = 35604 35604
[1696] = 35604 35604
[1697] = 35604 35604
[1698] = 35604 35604
[1699] = 35604 35604
[1700] = 35604 35604
[1701] = 35604 35604
[1702] = 35604 35604
[1703] = 35604 35604
[1704] = 35604 35604
[1705] = 0 0
[1706] = 0 0
[1707] = 0 0
[1708] = 0 0
[1709] = 0 0
[1710] = 0 0
[1711] = 0 0
[1712] = 0 0
[1713] = 0 0
[1714] = 0 0
[1715] = 0 0
[1716] = 0 0
[1717] = 0 0
[1718] = 0 0
[1719] = 0 0
[1720] = 0 0
[1721] = 0 0
[1722] = 0 0
[1723] = 0 0
[1724] = 0 0
[1725] = 0 0
[1726] = 0 0
[1727] = 0 0
[1728] = 0 0
[1729] = 0 0
[1730] = 0 0
[1731] = 0 0
[1732] = 0 0
[1733] = 0 0
[1734] = 0 0
[1735] = 0 0
[1736] = 0 0
[1737] = 0 0
[1738] = 0 0
[1739] = 0 0
[1740] = 0 0
[1741] = 0 0
[1742] = 0 0
[1743] = 0 0
[1744] = 0 0
[1745] = 0 0
[1746] = 0 0
[1747] = 0 0
[1748] = 0 0
[1749] = 0 0
[1750] = 0 0
[1751] = 0 0
[1752] = 0 0
[1753] = 0 0
[1754] = 0 0
[1755] = 0 0
[1756] = 0 0
[1757] = 0 0
[1758] = 0 0
[1759] = 0 0
[1760] = 0 0
[1761] = 0 0
[1762] = 0 0
[1763] = 0 0
[1764] = 0 0
[1765] = 0 0
[1766] = 0 0
[1767] = 0 0
[1768] = 0 0
[1769] = 0 0
[1770] = 0 0
[1771] = 0 0
[1772] = 0 0
[1773] = 0 0
[1774] = 0 0
[1775] = 0 0
[1776] = 0 0
[1777] = 0 0
[1778] = 0 0
[1779] = 0 0
[1780] = 0 0
[1781] = 0 0
[1782] = 0 0
[1783] = 0 0
[1784] = 0 0
[1785] = 0 0
[1786] = 0 0
[1787] = 0 0
[1788] = 0 0
[1789] = 0 0
[1790] = 0 0
[1791] = 0 0
[1792] = 0 0
[1793] = 0 0
[1794] = 0 0
[1795] = 0 0
[1796] = 0 0
[1797] = 0 0
[1798] = 0 0
[1799] = 0 0
[1800] = 0 0
[1801] = 0 0
[1802] = 0 0
[1803] = 0 0
[1804] = 0 0
[1805] = 0 0
[1806] = 0 0
[1807] = 0 0
[1808] = 0 0
[1809] = 0 0
[1810] = 0 0
[1811] = 0 0
[1812] = 0 0
[1813] = 0 0
[1814] = 0 0
[1815] = 0 0
[1816] = 0 0
[1817] = 0 0
[1818] = 0 0
[1819] = 0 0
[1820] = 0 0
[1821] = 0 0
[1822] = 0 0
[1823] = 0 0
[1824] = 0 0
[1825] = 0 0
[1826] = 0 0
[1827] = 0 0
[1828] = 0 0
[1829] = 0 0
[1830] = 0 0
[1831] = 0 0
[1832] = 0 0
[1833] = 0 0
[1834] = 0 0
[1835] = 0 0
[1836] = 0 0
[1837] = 0 0
[1838] = 0 0
[1839] = 0 0
[1840] = 0 0
[1841] = 0 0
[1842] = 0 0
[1843] = 0 0
[1844] = 0 0
[1845] = 0 0
[1846] = 0 0
[1847] = 0 0
[1848] = 0 0
[1849] = 0 0
[1850] = 0 0
[1851] = 0 0
[1852] = 0 0
[1853] = 0 0
[1854] = 0 0
[1855] = 0 0
[1856] = 0 0
[1857] = 0 0
[1858] = 0 0
[1859] = 0 0
[1860] = 35604 35604
[1861] = 35604 35604
[1862] = 35604 35604
[1863] = 35604 35604
[1864] = 35604 35604
[1865] = 35604 35604
[1866] = 35604 35604
[1867] = 35604 35604
[1868] = 35604 35604
[1869] = 35604 35604
[1870] = 35604 35604
[1871] = 35604 35604
[1872] = 35604 35604
[1873] = 35604 35604
[1874] = 35604 35604
[1875] = 35604 35604
[1876] = 35604 35604
[1877] = 35604 35604
[1878] = 35604 35604
[1879] = 35604 35604
[1880] = 35604 35604
[1881] = 35604 35604
[1882] = 35604 35604
[1883] = 35604 35604
[1884] = 35604 35604
[1885] = 35604 35604
[1886] = 35604 35604
[1887] = 35604 35604
[1888] = 35604 35604
[1889] = 35604 35604
[1890] = 35604 35604
[1891] = 35604 35604
[1892] = 35604 35604
[1893] = 35604 35604
[1894] = 35604 35604
[1895] = 35604 35604
[1896] = 35604 35604
[1897] = 35604 35604
[1898] = 35604 35604
[1899] = 35604 35604
[1900] = 35604 35604
[1901] = 35604 35604
[1902] = 35604 35604
[1903] = 35604 35604
[1904] = 35604 35604
[1905] = 35604 35604
[1906] = 35604 35604
[1907] = 35604 35604
[1908] = 35604 35604
[1909] = 35604 35604
[1910] = 35604 35604
[1911] = 35604 35604
[1912] = 35604 35604
[1913] = 35604 35604
[1914] = 35604 35604
[1915] = 35604 35604
[1916] = 35604 35604
[1917] = 35604 35604
[1918] = 35604 35604
[1919] = 35604 35604
[1920] = 35604 35604
[1921] = 35604 35604
[1922] = 35604 35604
[1923] = 35604 35604
[1924] = 35604 35604
[1925] = 35604 35604
[1926] = 35604 35604
[1927] = 35604 35604
[1928] = 35604 35604
[1929] = 35604 35604
[1930] = 35604 35604
[1931] = 35604 35604
[1932] = 35604 35604
[1933] = 35604 35604
[1934] = 35604 35604
[1935] = 35604 35604
[1936] = 35604 35604
[1937] = 35604 35604
[1938] = 35604 35604
[1939] = 35604 35604
[1940] = 35604 35604
[1941] = 35604 35604
[1942] = 35604 35604
[1943] = 35604 35604
[1944] = 35604 35604
[1945] = 35604 35604
[1946] = 35604 35604
[1947] = 35604 35604
[1948] = 35604 35604
[1949] = 35604 35604
[1950] = 35604 35604
[1951] = 35604 35604
[1952] = 35604 35604
[1953] = 35604 35604
[1954] = 35604 35604
[1955] = 35604 35604
[1956] = 35604 35604
[1957] = 35604 35604
[1958] = 35604 35604
[1959] = 35604 35604
[1960] = 35604 35604
[1961] = 35604 35604
[1962] = 35604 35604
[1963] = 35604 35604
[1964] = 35604 35604
[1965] = 35604 35604
[1966] = 35604 35604
[1967] = 35604 35604
[1968] = 35604 35604
[1969] = 35604 35604
[1970] = 35604 35604
[1971] = 35604 35604
[1972] = 35604 35604
[1973] = 35604 35604
[1974] = 35604 35604
[1975] = 35604 35604
[1976] = 35604 35604
[1977] = 35604 35604
[1978] = 35604 35604
[1979] = 35604 35604
[1980] = 35604 35604
[1981] = 35604 35604
[1982] = 35604 35604
[1983] = 35604 35604
[1984] = 35604 35604
[1985] = 35604 35604
[1986] = 35604 35604
[1987] = 35604 35604
[1988] = 35604 35604
[1989] = 35604 35604
[1990] = 35604 35604
[1991] = 35604 35604
[1992] = 35604 35604
[1993] = 35604 35604
[1994] = 35604 35604
[1995] = 35604 35604
[1996] = 35604 35604
[1997] = 35604 35604
[1998] = 35604 35604
[1999] = 35604 35604
[2000] = 35604 35604
[2001] = 35604 35604
[2002] = 35604 35604
[2003] = 35604 35604
[2004] = 35604 35604
[2005] = 35604 35604
[2006] = 35604 35604
[2007] = 35604 35604
[2008] = 35604 35604
[2009] = 35604 35604
[2010] = 35604 35604
[2011] = 35604 35604
[2012] = 35604 35604
[2013] = 35604 35604
[2014] = 0 0
[2015] = 0 0
[2016] = 0 0
[2017] = 0 0
[2018] = 0 0
[2019] = 0 0
[2020] = 0 0
[2021] = 0 0
[2022] = 0 0
[2023] = 0 0
[2024] = 0 0
[2025] = 0 0
[2026] = 0 0
[2027] = 0 0
[2028] = 0 0
[2029] = 0 0
[2030] = 0 0
[2031] = 0 0
[2032] = 0 0
[2033] = 0 0
[2034] = 0 0
[2035] = 0 0
[2036] = 0 0
[2037] = 0 0
[2038] = 0 0
[2039] = 0 0
[2040] = 0 0
[2041] = 0 0
[2042] = 0 0
[2043] = 0 0
[2044] = 0 0
[2045] = 0 0
[2046] = 0 0
[2047] = 0 0
[2048] = 0 0
[2049] = 0 0
[2050] = 0 0
[2051] = 0 0
[2052] = 0 0
[2053] = 0 0
[2054] = 0 0
[2055] = 0 0
[2056] = 0 0
[2057] = 0 0
[2058] = 0 0
[2059] = 0 0
[2060] = 0 0
[2061] = 0 0
[2062] = 0 0
[2063] = 0 0
[2064] = 0 0
[2065] = 0 0
[2066] = 0 0
[2067] = 0 0
[2068] = 0 0
[2069] = 0 0
[2070] = 0 0
[2071] = 0 0
[2072] = 0 0
[2073] = 0 0
[2074] = 0 0
[2075] = 0 0
[2076] = 0 0
[2077] = 0 0
[2078] = 0 0
[2079] = 0 0
[2080] = 0 0
[2081] = 0 0
[2082] = 0 0
[2083] = 0 0
[2084] = 0 0
[2085] = 0 0
[2086] = 0 0
[2087] = 0 0
[2088] = 0 0
[2089] = 0 0
[2090] = 0 0
[2091] = 0 0
[2092] = 0 0
[2093] = 0 0
[2094] = 0 0
[2095] = 0 0
[2096] = 0 0
[2097] = 0 0
[2098] = 0 0
[2099] = 0 0
[2100] = 0 0
[2101] = 0 0
[2102] = 0 0
[2103] = 0 0
[2104] = 0 0
[2105] = 0 0
[2106] = 0 0
[2107] = 0 0
[2108] = 0 0
[2109] = 0 0
[2110] = 0 0
[2111] = 0 0
[2112] = 0 0
[2113] = 0 0
[2114] = 0 0
[2115] = 0 0
[2116] = 0 0
[2117] = 0 0
[2118] = 0 0
[2119] = 0 0
[2120] = 0 0
[2121] = 0 0
[2122] = 0 0
[2123] = 0 0
[2124] = 0 0
[2125] = 0 0
[2126] = 0 0
[2127] = 0 0
[2128] = 0 0
[2129] = 0 0
[2130] = 0 0
[2131] = 0 0
[2132] = 0 0
[2133] = 0 0
[2134] = 0 0
[2135] = 0 0
[2136] = 0 0
[2137] = 0 0
[2138] = 0 0
[2139] = 0 0
[2140] = 0 0
[2141] = 0 0
[2142] = 0 0
[2143] = 0 0
[2144] = 0 0
[2145] = 0 0
[2146] = 0 0
[2147] = 0 0
[2148] = 0 0
[2149] = 0 0
[2150] = 0 0
[2151] = 0 0
[2152] = 0 0
[2153] = 0 0
[2154] = 0 0
[2155] = 0 0
[2156] = 0 0
[2157] = 0 0
[2158] = 0 0
[2159] = 0 0
[2160] = 0 0
[2161] = 0 0
[2162] = 0 0
[2163] = 0 0
[2164] = 0 0
[2165] = 0 0
[2166] = 0 0
[2167] = 0 0
[2168] = 0 0
[2169] = 35604 35604
[2170] = 35604 35604
[2171] = 35604 35604
[2172] = 35604 35604
[2173] = 35604 35604
[2174] = 35604 35604
[2175] = 35604 35604
[2176] = 35604 35604
[2177] = 35604 35604
[2178] = 35604 35604
[2179] = 35604 35604
[2180] = 35604 35604
[2181] = 35604 35604
[2182] = 35604 35604
[2183] = 35604 35604
[2184] = 35604 35604
[2185] = 35604 35604
[2186] = 35604 35604
[2187] = 35604 35604
[2188] = 35604 35604
[2189] = 35604 35604
[2190] = 35604 35604
[2191] = 35604 35604
[2192] = 35604 35604
[2193] = 35604 35604
[2194] = 35604 35604
[2195] = 35604 35604
[2196] = 35604 35604
[2197] = 35604 35604
[2198] = 35604 35604
[2199] = 35604 35604
[2200] = 35604 35604
[2201] = 35604 35604
[2202] = 35604 35604
[2203] = 35604 35604
[2204] = 35604 35604
[2205] = 35604 35604
[2206] = 35604 35604
[2207] = 35604 35604
[2208] = 35604 35604
[2209] = 35604 35604
[2210] = 35604 35604
[2211] = 35604 35604
[2212] = 35604 35604
[2213] = 35604 35604
[2214] = 35604 35604
[2215] = 35604 35604
[2216] = 35604 35604
[2217] = 35604 35604
[2218] = 35604 35604
[2219] = 35604 35604
[2220] = 35604 35604
[2221] = 35604 35604
[2222] = 35604 35604
[2223] = 35604 35604
[2224] = 35604 35604
[2225] = 35604 35604
[2226] = 35604 35604
[2227] = 35604 35604
[2228] = 35604 35604
[2229] = 35604 35604
[2230] = 35604 35604
[2231] = 35604 35604
[2232] = 35604 35604
[2233] = 35604 35604
[2234] = 35604 35604
[2235] = 35604 35604
[2236] = 35604 35604
[2237] = 35604 35604
[2238] = 35604 35604
[2239] = 35604 35604
[2240] = 35604 35604
[2241] = 35604 35604
[2242] = 35604 35604
[2243] = 35604 35604
[2244] = 35604 35604
[2245] = 35604 35604
[2246] = 35604 35604
[2247] = 35604 35604
[2248] = 35604 35604
[2249] = 35604 35604
[2250] = 35604 35604
[2251] = 35604 35604
[2252] = 35604 35604
[2253] = 35604 35604
[2254] = 35604 35604
[2255] = 35604 35604
[2256] = 35604 35604
[2257] = 35604 35604
[2258] = 35604 35604
[2259] = 35604 35604
[2260] = 35604 35604
[2261] = 35604 35604
[2262] = 35604 35604
[2263] = 35604 35604
[2264] = 35604 35604
[2265] = 35604 35604
[2266] = 35604 35604
[2267] = 35604 35604
[2268] = 35604 35604
[2269] = 35604 35604
[2270] = 35604 35604
[2271] = 35604 35604
[2272] = 35604 35604
[2273] = 35604 35604
[2274] = 35604 35604
[2275] = 35604 35604
[2276] = 35604 35604
[2277] = 35604 35604
[2278] = 35604 35604
[2279] = 35604 35604
[2280] = 35604 35604
[2281] = 35604 35604
[2282] = 35604 35604
[2283] = 35604 35604
[2284] = 35604 35604
[2285] = 35604 35604
[2286] = 35604 35604
[2287] = 35604 35604
[2288] = 35604 35604
[2289] = 35604 35604
[2290] = 35604 35604
[2291] = 35604 35604
[2292] = 35604 35604
[2293] = 35604 35604
[2294] = 35604 35604
[2295] = 35604 35604
[2296] = 35604 35604
[2297] = 35604 35604
[2298] = 35604 35604
[2299] = 35604 35604
[2300] = 35604 35604
[2301] = 35604 35604
[2302] = 35604 35604
[2303] = 35604 35604
[2304] = 35604 35604
[2305] = 35604 35604
[2306] = 35604 35604
[2307] = 35604 35604
[2308] = 35604 35604
[2309] = 35604 35604
[2310] = 35604 35604
[2311] = 35604 35604
[2312] = 35604 35604
[2313] = 35604 35604
[2314] = 35604 35604
[2315] = 35604 35604
[2316] = 35604 35604
[2317] = 35604 35604
[2318] = 35604 35604
[2319] = 35604 35604
[2320] = 35604 35604
[2321] = 35604 35604
[2322] = 35604 35604
[2323] = 0 0
[2324] = 0 0
[2325] = 0 0
[2326] = 0 0
[2327] = 0 0
[2328] = 0 0
[2329] = 0 0
[2330] = 0 0
[2331] = 0 0
[2332] = 0 0
[2333] = 0 0
[2334] = 0 0
[2335] = 0 0
[2336] = 0 0
[2337] = 0 0
[2338] = 0 0
[2339] = 0 0
[2340] = 0 0
[2341] = 0 0
[2342] = 0 0
[2343] = 0 0
[2344] = 0 0
[2345] = 0 0
[2346] = 0 0
[2347] = 0 0
[2348] = 0 0
[2349] = 0 0
[2350] = 0 0
[2351] = 0 0
[2352] = 0 0
[2353] = 0 0
[2354] = 0 0
[2355] = 0 0
[2356] = 0 0
[2357] = 0 0
[2358] = 0 0
[2359] = 0 0
[2360] = 0 0
[2361] = 0 0
[2362] = 0 0
[2363] = 0 0
[2364] = 0 0
[2365] = 0 0
[2366] = 0 0
[2367] = 0 0
[2368] = 0 0
[2369] = 0 0
[2370] = 0 0
[2371] = 0 0
[2372] = 0 0
[2373] = 0 0
[2374] = 0 0
[2375] = 0 0
[2376] = 0 0
[2377] = 0 0
[2378] = 0 0
[2379] = 0 0
[2380] = 0 0
[2381] = 0 0
[2382] = 0 0
[2383] = 0 0
[2384] = 0 0
[2385] = 0 0
[2386] = 0 0
[2387] = 0 0
[2388] = 0 0
[2389] = 0 0
[2390] = 0 0
[2391] = 0 0
[2392] = 0 0
[2393] = 0 0
[2394] = 0 0
[2395] = 0 0
[2396] = 0 0
[2397] = 0 0
[2398] = 0 0
[2399] = 0 0
[2400] = 0 0
[2401] = 0 0
[2402] = 0 0
[2403] = 0 0
[2404] = 0 0
[2405] = 0 0
[2406] = 0 0
[2407] = 0 0
[2408] = 0 0
[2409] = 0 0
[2410] = 0 0
[2411] = 0 0
[2412] = 0 0
[2413] = 0 0
[2414] = 0 0
[2415] = 0 0
[2416] = 0 0
[2417] = 0 0
[2418] = 0 0
[2419] = 0 0
[2420] = 0 0
[2421] = 0 0
[2422] = 0 0
[2423] = 0 0
[2424] = 0 0
[2425] = 0 0
[2426] = 0 0
[2427] = 0 0
[2428] = 0 0
[2429] = 0 0
[2430] = 0 0
[2431] = 0 0
[2432] = 0 0
[2433] = 0 0
[2434] = 0 0
[2435] = 0 0
[2436] = 0 0
[2437] = 0 0
[2438] = 0 0
[2439] = 0 0
[2440] = 0 0
[2441] = 0 0
[2442] = 0 0
[2443] = 0 0
[2444] = 0 0
[2445] = 0 0
[2446] = 0 0
[2447] = 0 0
[2448] = 0 0
[2449] = 0 0
[2450] = 0 0
[2451] = 0 0
[2452] = 0 0
[2453] = 0 0
[2454] = 0 0
[2455] = 0 0
[2456] = 0 0
[2457] = 0 0
[2458] = 0 0
[2459] = 0 0
[2460] = 0 0
[2461] = 0 0
[2462] = 0 0
[2463] = 0 0
[2464] = 0 0
[2465] = 0 0
[2466] = 0 0
[2467] = 0 0
[2468] = 0 0
[2469] = 0 0
[2470] = 0 0
[2471] = 0 0
[2472] = 0 0
[2473] = 0 0
[2474] = 0 0
[2475] = 0 0
[2476] = 0 0
[2477] = 35604 35604
[2478] = 35604 35604
[2479] = 35604 35604
[2480] = 35604 35604
[2481] = 35604 35604
[2482] = 35604 35604
[2483] = 35604 35604
[2484] = 35604 35604
[2485] = 35604 35604
[2486] = 35604 35604
[2487] = 35604 35604
[2488] = 35604 35604
[2489] = 35604 35604
[2490] = 35604 35604
[2491] = 35604 35604
[2492] = 35604 35604
[2493] = 35604 35604
[2494] = 35604 35604
[2495] = 35604 35604
[2496] = 35604 35604
[2497] = 35604 35604
[2498] = 35604 35604
[2499] = 35604 35604
[2500] = 35604 35604
[2501] = 35604 35604
[2502] = 35604 35604
[2503] = 35604 35604
[2504] = 35604 35604
[2505] = 35604 35604
[2506] = 35604 35604
[2507] = 35604 35604
[2508] = 35604 35604
[2509] = 35604 35604
[2510] = 35604 35604
[2511] = 35604 35604
[2512] = 35604 35604
[2513] = 35604 35604
[2514] = 35604 35604
[2515] = 35604 35604
[2516] = 35604 35604
[2517] = 35604 35604
[2518] = 35604 35604
[2519] = 35604 35604
[2520] = 35604 35604
[2521] = 35604 35604
[2522] = 35604 35604
[2523] = 35604 35604
[2524] = 35604 35604
[2525] = 35604 35604
[2526] = 35604 35604
[2527] = 35604 35604
[2528] = 35604 35604
[2529] = 35604 35604
[2530] = 35604 35604
[2531] = 35604 35604
[2532] = 35604 35604
[2533] = 35604 35604
[2534] = 35604 35604
[2535] = 35604 35604
[2536] = 35604 35604
[2537] = 35604 35604
[2538] = 35604 35604
[2539] = 35604 35604
[2540] = 35604 35604
[2541] = 35604 35604
[2542] = 35604 35604
[2543] = 35604 35604
[2544] = 35604 35604
[2545] = 35604 35604
[2546] = 35604 35604
[2547] = 35604 35604
[2548] = 35604 35604
[2549] = 35604 35604
[2550] = 35604 35604
[2551] = 35604 35604
[2552] = 35604 35604
[2553] = 35604 35604
[2554] = 35604 35604
[2555] = 35604 35604
[2556] = 35604 35604
[2557] = 35604 35604
[2558] = 35604 35604
[2559] = 35604 35604
[2560] = 35604 35604
[2561] = 35604 35604
[2562] = 35604 35604
[2563] = 35604 35604
[2564] = 35604 35604
[2565] = 35604 35604
[2566] = 35604 35604
[2567] = 35604 35604
[2568] = 35604 35604
[2569] = 35604 35604
[2570] = 35604 35604
[2571] = 35604 35604
[2572] = 35604 35604
[2573] = 35604 35604
[2574] = 35604 35604
[2575] = 35604 35604
[2576] = 35604 35604
[2577] = 35604 35604
[2578] = 35604 35604
[2579] = 35604 35604
[2580] = 35604 35604
[2581] = 35604 35604
[2582] = 35604 35604
[2583] = 35604 35604
[2584] = 35604 35604
[2585] = 35604 35604
[2586] = 35604 35604
[2587] = 35604 35604
[2588] = 35604 35604
[2589] = 35604 35604
[2590] = 35604 35604
[2591] = 35604 35604
[2592] = 35604 35604
[2593] = 35604 35604
[2594] = 35604 35604
[2595] = 35604 35604
[2596] = 35604 35604
[2597] = 35604 35604
[2598] = 35604 35604
[2599] = 35604 35604
[2600] = 35604 35604
[2601] = 35604 35604
[2602] = 35604 35604
[2603] = 35604 35604
[2604] = 35604 35604
[2605] = 35604 35604
[2606] = 35604 35604
[2607] = 35604 35604
[2608] = 35604 35604
[2609] = 35604 35604
[2610] = 35604 35604
[2611] = 35604 35604
[2612] = 35604 35604
[2613] = 35604 35604
[2614] = 35604 35604
[2615] = 35604 35604
[2616] = 35604 35604
[2617] = 35604 35604
[2618] = 35604 35604
[2619] = 35604 35604
[2620] = 35604 35604
[2621] = 35604 35604
[2622] = 35604 35604
[2623] = 35604 35604
[2624] = 35604 35604
[2625] = 35604 35604
[2626] = 35604 35604
[2627] = 35604 35604
[2628] = 35604 35604
[2629] = 35604 35604
[2630] = 35604 35604
[2631] = 0 0
[2632] = 0 0
[2633] = 0 0
[2634] = 0 0
[2635] = 0 0
[2636] = 0 0
[2637] = 0 0
[2638] = 0 0
[2639] = 0 0
[2640] = 0 0
[2641] = 0 0
[2642] = 0 0
[2643] = 0 0
[2644] = 0 0
[2645] = 0 0
[2646] = 0 0
[2647] = 0 0
[2648] = 0 0
[2649] = 0 0
[2650] = 0 0
[2651] = 0 0
[2652] = 0 0
[2653] = 0 0
[2654] = 0 0
[2655] = 0 0
[2656] = 0 0
[2657] = 0 0
[2658] = 0 0
[2659] = 0 0
[2660] = 0 0
[2661] = 0 0
[2662] = 0 0
[2663] = 0 0
[2664] = 0 0
[2665] = 0 0
[2666] = 0 0
[2667] = 0 0
[2668] = 0 0
[2669] = 0 0
[2670] = 0 0
[2671] = 0 0
[2672] = 0 0
[2673] = 0 0
[2674] = 0 0
[2675] = 0 0
[2676] = 0 0
[2677] = 0 0
[2678] = 0 0
[2679] = 0 0
[2680] = 0 0
[2681] = 0 0
[2682] = 0 0
[2683] = 0 0
[2684] = 0 0
[2685] = 0 0
[2686] = 0 0
[2687] = 0 0
[2688] = 0 0
[2689] = 0 0
[2690] = 0 0
[2691] = 0 0
[2692] = 0 0
[2693] = 0 0
[2694] = 0 0
[2695] = 0 0
[2696] = 0 0
[2697] = 0 0
[2698] = 0 0
[2699] = 0 0
[2700] = 0 0
[2701] = 0 0
[2702] = 0 0
[2703] = 0 0
[2704] = 0 0
[2705] = 0 0
[2706] = 0 0
[2707] = 0 0
[2708] = 0 0
[2709] = 0 0
[2710] = 0 0
[2711] = 0 0
[2712] = 0 0
[2713] = 0 0
[2714] = 0 0
[2715] = 0 0
[2716] = 0 0
[2717] = 0 0
[2718] = 0 0
[2719] = 0 0
[2720] = 0 0
[2721] = 0 0
[2722] = 0 0
[2723] = 0 0
[2724] = 0 0
[2725] = 0 0
[2726] = 0 0
[2727] = 0 0
[2728] = 0 0
[2729] = 0 0
[2730] = 0 0
[2731] = 0 0
[2732] = 0 0
[2733] = 0 0
[2734] = 0 0
[2735] = 0 0
[2736] = 0 0
[2737] = 0 0
[2738] = 0 0
[2739] = 0 0
[2740] = 0 0
[2741] = 0 0
[2742] = 0 0
[2743] = 0 0
[2744] = 0 0
[2745] = 0 0
[2746] = 0 0
[2747] = 0 0
[2748] = 0 0
[2749] = 0 0
[2750] = 0 0
[2751] = 0 0
[2752] = 0 0
[2753] = 0 0
[2754] = 0 0
[2755] = 0 0
[2756] = 0 0
[2757] = 0 0
[2758] = 0 0
[2759] = 0 0
[2760] = 0 0
[2761] = 0 0
[2762] = 0 0
[2763] = 0 0
[2764] = 0 0
[2765] = 0 0
[2766] = 0 0
[2767] = 0 0
[2768] = 0 0
[2769] = 0 0
[2770] = 0 0
[2771] = 0 0
[2772] = 0 0
[2773] = 0 0
[2774] = 0 0
[2775] = 0 0
[2776] = 0 0
[2777] = 0 0
[2778] = 0 0
[2779] = 0 0
[2780] = 0 0
[2781] = 0 0
[2782] = 0 0
[2783] = 0 0
[2784] = 0 0
[2785] = 0 0
[2786] = 35604 35604
[2787] = 35604 35604
[2788] = 35604 35604
[2789] = 35604 35604
[2790] = 35604 35604
[2791] = 35604 35604
[2792] = 35604 35604
[2793] = 35604 35604
[2794] = 35604 35604
[2795] = 35604 35604
[2796] = 35604 35604
[2797] = 35604 35604
[2798] = 35604 35604
[2799] = 35604 35604
[2800] = 35604 35604
[2801] = 35604 35604
[2802] = 35604 35604
[2803] = 35604 35604
[2804] = 35604 35604
[2805] = 35604 35604
[2806] = 35604 35604
[2807] = 35604 35604
[2808] = 35604 35604
[2809] = 35604 35604
[2810] = 35604 35604
[2811] = 35604 35604
[2812] = 35604 35604
[2813] = 35604 35604
[2814] = 35604 35604
[2815] = 35604 35604
[2816] = 35604 35604
[2817] = 35604 35604
[2818] = 35604 35604
[2819] = 35604 35604
[2820] = 35604 35604
[2821] = 35604 35604
[2822] = 35604 35604
[2823] = 35604 35604
[2824] = 35604 35604
[2825] = 35604 35604
[2826] = 35604 35604
[2827] = 35604 35604
[2828] = 35604 35604
[2829] = 35604 35604
[2830] = 35604 35604
[2831] = 35604 35604
[2832] = 35604 35604
[2833] = 35604 35604
[2834] = 35604 35604
[2835] = 35604 35604
[2836] = 35604 35604
[2837] = 35604 35604
[2838] = 35604 35604
[2839] = 35604 35604
[2840] = 35604 35604
[2841] = 35604 35604
[2842] = 35604 35604
[2843] = 35604 35604
[2844] = 35604 35604
[2845] = 35604 35604
[2846] = 35604 35604
[2847] = 35604 35604
[2848] = 35604 35604
[2849] = 35604 35604
[2850] = 35604 35604
[2851] = 35604 35604
[2852] = 35604 35604
[2853] = 35604 35604
[2854] = 35604 35604
[2855] = 35604 35604
[2856] = 35604 35604
[2857] = 35604 35604
[2858] = 35604 35604
[2859] = 35604 35604
[2860] = 35604 35604
[2861] = 35604 35604
[2862] = 35604 35604
[2863] = 35604 35604
[2864] = 35604 35604
[2865] = 35604 35604
[2866] = 35604 35604
[2867] = 35604 35604
[2868] = 35604 35604
[2869] = 35604 35604
[2870] = 35604 35604
[2871] = 35604 35604
[2872] = 35604 35604
[2873] = 35604 35604
[2874] = 35604 35604
[2875] = 35604 35604
[2876] = 35604 35604
[2877] = 35604 35604
[2878] = 35604 35604
[2879] = 35604 35604
[2880] = 35604 35604
[2881] = 35604 35604
[2882] = 35604 35604
[2883] = 35604 35604
[2884] = 35604 35604
[2885] = 35604 35604
[2886] = 35604 35604
[2887] = 35604 35604
[2888] = 35604 35604
[2889] = 35604 35604
[2890] = 35604 35604
[2891] = 35604 35604
[2892] = 35604 35604
[2893] = 35604 35604
[2894] = 35604 35604
[2895] = 35604 35604
[2896] = 35604 35604
[2897] = 35604 35604
[2898] = 35604 35604
[2899] = 35604 35604
[2900] = 35604 35604
[2901] = 35604 35604
[2902] = 35604 35604
[2903] = 35604 35604
[2904] = 35604 35604
[2905] = 35604 35604
[2906] = 35604 35604
[2907] = 35604 35604
[2908] = 35604 35604
[2909] = 35604 35604
[2910] = 35604 35604
[2911] = 35604 35604
[2912] = 35604 35604
[2913] = 35604 35604
[2914] = 35604 35604
[2915] = 35604 35604
[2916] = 35604 35604
[2917] = 35604 35604
[2918] = 35604 35604
[2919] = 35604 35604
[2920] = 35604 35604
[2921] = 35604 35604
[2922] = 35604 35604
[2923] = 35604 35604
[2924] = 35604 35604
[2925] = 35604 35604
[2926] = 35604 35604
[2927] = 35604 35604
[2928] = 35604 35604
[2929] = 35604 35604
[2930] = 35604 35604
[2931] = 35604 35604
[2932] = 35604 35604
[2933] = 35604 35604
[2934] = 35604 35604
[2935] = 35604 35604
[2936] = 35604 35604
[2937] = 35604 35604
[2938] = 35604 35604
[2939] = 35604 35604
[2940] = 0 0
[2941] = 0 0
[2942] = 0 0
[2943] = 0 0
[2944] = 0 0
[2945] = 0 0
[2946] = 0 0
[2947] = 0 0
[2948] = 0 0
[2949] = 0 0
[2950] = 0 0
[2951] = 0 0
[2952] = 0 0
[2953] = 0 0
[2954] = 0 0
[2955] = 0 0
[2956] = 0 0
[2957] = 0 0
[2958] = 0 0
[2959] = 0 0
[2960] = 0 0
[2961] = 0 0
[2962] = 0 0
[2963] = 0 0
[2964] = 0 0
[2965] = 0 0
[2966] = 0 0
[2967] = 0 0
[2968] = 0 0
[2969] = 0 0
[2970] = 0 0
[2971] = 0 0
[2972] = 0 0
[2973] = 0 0
[2974] = 0 0
[2975] = 0 0
[2976] = 0 0
[2977] = 0 0
[2978] = 0 0
[2979] = 0 0
[2980] = 0 0
[2981] = 0 0
[2982] = 0 0
[2983] = 0 0
[2984] = 0 0
[2985] = 0 0
[2986] = 0 0
[2987] = 0 0
[2988] = 0 0
[2989] = 0 0
[2990] = 0 0
[2991] = 0 0
[2992] = 0 0
[2993] = 0 0
[2994] = 0 0
[2995] = 0 0
[2996] = 0 0
[2997] = 0 0
[2998] = 0 0
[2999] = 0 0
[3000] = 0 0
[3001] = 0 0
[3002] = 0 0
[3003] = 0 0
[3004] = 0 0
[3005] = 0 0
[3006] = 0 0
[3007] = 0 0
[3008] = 0 0
[3009] = 0 0
[3010] = 0 0
[3011] = 0 0
[3012] = 0 0
[3013] = 0 0
[3014] = 0 0
[3015] = 0 0
[3016] = 0 0
[3017] = 0 0
[3018] = 0 0
[3019] = 0 0
[3020] = 0 0
[3021] = 0 0
[3022] = 0 0
[3023] = 0 0
[3024] = 0 0
[3025] = 0 0
[3026] = 0 0
[3027] = 0 0
[3028] = 0 0
[3029] = 0 0
[3030] = 0 0
[3031] = 0 0
[3032] = 0 0
[3033] = 0 0
[3034] = 0 0
[3035] = 0 0
[3036] = 0 0
[3037] = 0 0
[3038] = 0 0
[3039] = 0 0
[3040] = 0 0
[3041] = 0 0
[3042] = 0 0
[3043] = 0 0
[3044] = 0 0
[3045] = 0 0
[3046] = 0 0
[3047] = 0 0
[3048] = 0 0
[3049] = 0 0
[3050] = 0 0
[3051] = 0 0
[3052] = 0 0
[3053] = 0 0
[3054] = 0 0
[3055] = 0 0
[3056] = 0 0
[3057] = 0 0
[3058] = 0 0
[3059] = 0 0
[3060] = 0 0
[3061] = 0 0
[3062] = 0 0
[3063] = 0 0
[3064] = 0 0
[3065] = 0 0
[3066] = 0 0
[3067] = 0 0
[3068] = 0 0
[3069] = 0 0
[3070] = 0 0
[3071] = 0 0
[3072] = 0 0
[3073] = 0 0
[3074] = 0 0
[3075] = 0 0
[3076] = 0 0
[3077] = 0 0
[3078] = 0 0
[3079] = 0 0
[3080] = 0 0
[3081] = 0 0
[3082] = 0 0
[3083] = 0 0
[3084] = 0 0
[3085] = 0 0
[3086] = 0 0
[3087] = 0 0
[3088] = 0 0
[3089] = 0 0
[3090] = 0 0
[3091] = 0 0
[3092] = 0 0
[3093] = 0 0
[3094] = 0 0
[3095] = 35604 35604
[3096] = 35604 35604
[3097] = 35604 35604
[3098] = 35604 35604
[3099] = 35604 35604
[3100] = 35604 35604
[3101] = 35604 35604
[3102] = 35604 35604
[3103] = 35604 35604
[3104] = 35604 35604
[3105] = 35604 35604
[3106] = 35604 35604
[3107] = 35604 35604
[3108] = 35604 35604
[3109] = 35604 35604
[3110] = 35604 35604
[3111] = 35604 35604
[3112] = 35604 35604
[3113] = 35604 35604
[3114] = 35604 35604
[3115] = 35604 35604
[3116] = 35604 35604
[3117] = 35604 35604
[3118] = 35604 35604
[3119] = 35604 35604
[3120] = 35604 35604
[3121] = 35604 35604
[3122] = 35604 35604
[3123] = 35604 35604
[3124] = 35604 35604
[3125] = 35604 35604
[3126] = 35604 35604
[3127] = 35604 35604
[3128] = 35604 35604
[3129] = 35604 35604
[3130] = 35604 35604
[3131] = 35604 35604
[3132] = 35604 35604
[3133] = 35604 35604
[3134] = 35604 35604
[3135] = 35604 35604
[3136] = 35604 35604
[3137] = 35604 35604
[3138] = 35604 35604
[3139] = 35604 35604
[3140] = 35604 35604
[3141] = 35604 35604
[3142] = 35604 35604
[3143] = 35604 35604
[3144] = 35604 35604
[3145] = 35604 35604
[3146] = 35604 35604
[3147] = 35604 35604
[3148] = 35604 35604
[3149] = 35604 35604
[3150] = 35604 35604
[3151] = 35604 35604
[3152] = 35604 35604
[3153] = 35604 35604
[3154] = 35604 35604
[3155] = 35604 35604
[3156] = 35604 35604
[3157] = 35604 35604
[3158] = 35604 35604
[3159] = 35604 35604
[3160] = 35604 35604
[3161] = 35604 35604
[3162] = 35604 35604
[3163] = 35604 35604
[3164] = 35604 35604
[3165] = 35604 35604
[3166] = 35604 35604
[3167] = 35604 35604
[3168] = 35604 35604
[3169] = 35604 35604
[3170] = 35604 35604
[3171] = 35604 35604
[3172] = 35604 35604
[3173] = 35604 35604
[3174] = 35604 35604
[3175] = 35604 35604
[3176] = 35604 35604
[3177] = 35604 35604
[3178] = 35604 35604
[3179] = 35604 35604
[3180] = 35604 35604
[3181] = 35604 35604
[3182] = 35604 35604
[3183] = 35604 35604
[3184] = 35604 35604
[3185] = 35604 35604
[3186] = 35604 35604
[3187] = 35604 35604
[3188] = 35604 35604
[3189] = 35604 35604
[3190] = 35604 35604
[3191] = 35604 35604
[3192] = 35604 35604
[3193] = 35604 35604
[3194] = 35604 35604
[3195] = 35604 35604
[3196] = 35604 35604
[3197] = 35604 35604
[3198] = 35604 35604
[3199] = 35604 35604
[3200] = 35604 35604
[3201] = 35604 35604
[3202] = 35604 35604
[3203] = 35604 35604
[3204] = 35604 35604
[3205] = 35604 35604
[3206] = 35604 35604
[3207] = 35604 35604
[3208] = 35604 35604
[3209] = 35604 35604
[3210] = 35604 35604
[3211] = 35604 35604
[3212] = 35604 35604
[3213] = 35604 35604
[3214] = 35604 35604
[3215] = 35604 35604
[3216] = 35604 35604
[3217] = 35604 35604
[3218] = 35604 35604
[3219] = 35604 35604
[3220] = 35604 35604
[3221] = 35604 35604
[3222] = 35604 35604
[3223] = 35604 35604
[3224] = 35604 35604
[3225] = 35604 35604
[3226] = 35604 35604
[3227] = 35604 35604
[3228] = 35604 35604
[3229] = 35604 35604
[3230] = 35604 35604
[3231] = 35604 35604
[3232] = 35604 35604
[3233] = 35604 35604
[3234] = 35604 35604
[3235] = 35604 35604
[3236] = 35604 35604
[3237] = 35604 35604
[3238] = 35604 35604
[3239] = 35604 35604
[3240] = 35604 35604
[3241] = 35604 35604
[3242] = 35604 35604
[3243] = 35604 35604
[3244] = 35604 35604
[3245] = 35604 35604
[3246] = 35604 35604
[3247] = 35604 35604
[3248] = 35604 35604
[3249] = 0 0
[3250] = 0 0
[3251] = 0 0
[3252] = 0 0
[3253] = 0 0
[3254] = 0 0
[3255] = 0 0
[3256] = 0 0
[3257] = 0 0
[3258] = 0 0
[3259] = 0 0
[3260] = 0 0
[3261] = 0 0
[3262] = 0 0
[3263] = 0 0
[3264] = 0 0
[3265] = 0 0
[3266] = 0 0
[3267] = 0 0
[3268] = 0 0
[3269] = 0 0
[3270] = 0 0
[3271] = 0 0
[3272] = 0 0
[3273] = 0 0
[3274] = 0 0
[3275] = 0 0
[3276] = 0 0
[3277] = 0 0
[3278] = 0 0
[3279] = 0 0
[3280] = 0 0
[3281] = 0 0
[3282] = 0 0
[3283] = 0 0
[3284] = 0 0
[3285] = 0 0
[3286] = 0 0
[3287] = 0 0
[3288] = 0 0
[3289] = 0 0
[3290] = 0 0
[3291] = 0 0
[3292] = 0 0
[3293] = 0 0
[3294] = 0 0
[3295] = 0 0
[3296] = 0 0
[3297] = 0 0
[3298] = 0 0
[3299] = 0 0
[3300] = 0 0
[3301] = 0 0
[3302] = 0 0
[3303] = 0 0
[3304] = 0 0
[3305] = 0 0
[3306] = 0 0
[3307] = 0 0
[3308] = 0 0
[3309] = 0 0
[3310] = 0 0
[3311] = 0 0
[3312] = 0 0
[3313] = 0 0
[3314] = 0 0
[3315] = 0 0
[3316] = 0 0
[3317] = 0 0
[3318] = 0 0
[3319] = 0 0
[3320] = 0 0
[3321] = 0 0
[3322] = 0 0
[3323] = 0 0
[3324] = 0 0
[3325] = 0 0
[3326] = 0 0
[3327] = 0 0
[3328] = 0 0
[3329] = 0 0
[3330] = 0 0
[3331] = 0 0
[3332] = 0 0
[3333] = 0 0
[3334] = 0 0
[3335] = 0 0
[3336] = 0 0
[3337] = 0 0
[3338] = 0 0
[3339] = 0 0
[3340] = 0 0
[3341] = 0 0
[3342] = 0 0
[3343] = 0 0
[3344] = 0 0
[3345] = 0 0
[3346] = 0 0
[3347] = 0 0
[3348] = 0 0
[3349] = 0 0
[3350] = 0 0
[3351] = 0 0
[3352] = 0 0
[3353] = 0 0
[3354] = 0 0
[3355] = 0 0
[3356] = 0 0
[3357] = 0 0
[3358] = 0 0
[3359] = 0 0
[3360] = 0 0
[3361] = 0 0
[3362] = 0 0
[3363] = 0 0
[3364] = 0 0
[3365] = 0 0
[3366] = 0 0
[3367] = 0 0
[3368] = 0 0
[3369] = 0 0
[3370] = 0 0
[3371] = 0 0
[3372] = 0 0
[3373] = 0 0
[3374] = 0 0
[3375] = 0 0
[3376] = 0 0
[3377] = 0 0
[3378] = 0 0
[3379] = 0 0
[3380] = 0 0
[3381] = 0 0
[3382] = 0 0
[3383] = 0 0
[3384] = 0 0
[3385] = 0 0
[3386] = 0 0
[3387] = 0 0
[3388] = 0 0
[3389] = 0 0
[3390] = 0 0
[3391] = 0 0
[3392] = 0 0
[3393] = 0 0
[3394] = 0 0
[3395] = 0 0
[3396] = 0 0
[3397] = 0 0
[3398] = 0 0
[3399] = 0 0
[3400] = 0 0
[3401] = 0 0
[3402] = 0 0
[3403] = 35604 35604
[3404] = 35604 35604
[3405] = 35604 35604
[3406] = 35604 35604
[3407] = 35604 35604
[3408] = 35604 35604
[3409] = 35604 35604
[3410] = 35604 35604
[3411] = 35604 35604
[3412] = 35604 35604
[3413] = 35604 35604
[3414] = 35604 35604
[3415] = 35604 35604
[3416] = 35604 35604
[3417] = 35604 35604
[3418] = 35604 35604
[3419] = 35604 35604
[3420] = 35604 35604
[3421] = 35604 35604
[3422] = 35604 35604
[3423] = 35604 35604
[3424] = 35604 35604
[3425] = 35604 35604
[3426] = 35604 35604
[3427] = 35604 35604
[3428] = 35604 35604
[3429] = 35604 35604
[3430] = 35604 35604
[3431] = 35604 35604
[3432] = 35604 35604
[3433] = 35604 35604
[3434] = 35604 35604
[3435] = 35604 35604
[3436] = 35604 35604
[3437] = 35604 35604
[3438] = 35604 35604
[3439] = 35604 35604
[3440] = 35604 35604
[3441] = 35604 35604
[3442] = 35604 35604
[3443] = 35604 35604
[3444] = 35604 35604
[3445] = 35604 35604
[3446] = 35604 35604
[3447] = 35604 35604
[3448] = 35604 35604
[3449] = 35604 35604
[3450] = 35604 35604
[3451] = 35604 35604
[3452] = 35604 35604
[3453] = 35604 35604
[3454] = 35604 35604
[3455] = 35604 35604
[3456] = 35604 35604
[3457] = 35604 35604
[3458] = 35604 35604
[3459] = 35604 35604
[3460] = 35604 35604
[3461] = 35604 35604
[3462] = 35604 35604
[3463] = 35604 35604
[3464] = 35604 35604
[3465] = 35604 35604
[3466] = 35604 35604
[3467] = 35604 35604
[3468] = 35604 35604
[3469] = 35604 35604
[3470] = 35604 35604
[3471] = 35604 35604
[3472] = 35604 35604
[3473] = 35604 35604
[3474] = 35604 35604
[3475] = 35604 35604
[3476] = 35604 35604
[3477] = 35604 35604
[3478] = 35604 35604
[3479] = 35604 35604
[3480] = 35604 35604
[3481] = 35604 35604
[3482] = 35604 35604
[3483] = 35604 35604
[3484] = 35604 35604
[3485] = 35604 35604
[3486] = 35604 35604
[3487] = 35604 35604
[3488] = 35604 35604
[3489] = 35604 35604
[3490] = 35604 35604
[3491] = 35604 35604
[3492] = 35604 35604
[3493] = 35604 35604
[3494] = 35604 35604
[3495] = 35604 35604
[3496] = 35604 35604
[3497] = 35604 35604
[3498] = 35604 35604
[3499] = 35604 35604
[3500] = 35604 35604
[3501] = 35604 35604
[3502] = 35604 35604
[3503] = 35604 35604
[3504] = 35604 35604
[3505] = 35604 35604
[3506] = 35604 35604
[3507] = 35604 35604
[3508] = 35604 35604
[3509] = 35604 35604
[3510] = 35604 35604
[3511] = 35604 35604
[3512] = 35604 35604
[3513] = 35604 35604
[3514] = 35604 35604
[3515] = 35604 35604
[3516] = 35604 35604
[3517] = 35604 35604
[3518] = 35604 35604
[3519] = 35604 35604
[3520] = 35604 35604
[3521] = 35604 35604
[3522] = 35604 35604
[3523] = 35604 35604
[3524] = 35604 35604
[3525] = 35604 35604
[3526] = 35604 35604
[3527] = 35604 35604
[3528] = 35604 35604
[3529] = 35604 35604
[3530] = 35604 35604
[3531] = 35604 35604
[3532] = 35604 35604
[3533] = 35604 35604
[3534] = 35604 35604
[3535] = 35604 35604
[3536] = 35604 35604
[3537] = 35604 35604
[3538] = 35604 35604
[3539] = 35604 35604
[3540] = 35604 35604
[3541] = 35604 35604
[3542] = 35604 35604
[3543] = 35604 35604
[3544] = 35604 35604
[3545] = 35604 35604
[3546] = 35604 35604
[3547] = 35604 35604
[3548] = 35604 35604
[3549] = 35604 35604
[3550] = 35604 35604
[3551] = 35604 35604
[3552] = 35604 35604
[3553] = 35604 35604
[3554] = 35604 35604
[3555] = 35604 35604
[3556] = 35604 35604
[3557] = 0 0
[3558] = 0 0
[3559] = 0 0
[3560] = 0 0
[3561] = 0 0
[3562] = 0 0
[3563] = 0 0
[3564] = 0 0
[3565] = 0 0
[3566] = 0 0
[3567] = 0 0
[3568] = 0 0
[3569] = 0 0
[3570] = 0 0
[3571] = 0 0
[3572] = 0 0
[3573] = 0 0
[3574] = 0 0
[3575] = 0 0
[3576] = 0 0
[3577] = 0 0
[3578] = 0 0
[3579] = 0 0
[3580] = 0 0
[3581] = 0 0
[3582] = 0 0
[3583] = 0 0
[3584] = 0 0
[3585] = 0 0
[3586] = 0 0
[3587] = 0 0
[3588] = 0 0
[3589] = 0 0
[3590] = 0 0
[3591] = 0 0
[3592] = 0 0
[3593] = 0 0
[3594] = 0 0
[3595] = 0 0
[3596] = 0 0
[3597] = 0 0
[3598] = 0 0
[3599] = 0 0
[3600] = 0 0
[3601] = 0 0
[3602] = 0 0
[3603] = 0 0
[3604] = 0 0
[3605] = 0 0
[3606] = 0 0
[3607] = 0 0
[3608] = 0 0
[3609] = 0 0
[3610] = 0 0
[3611] = 0 0
[3612] = 0 0
[3613] = 0 0
[3614] = 0 0
[3615] = 0 0
[3616] = 0 0
[3617] = 0 0
[3618] = 0 0
[3619] = 0 0
[3620] = 0 0
[3621] = 0 0
[3622] = 0 0
[3623] = 0 0
[3624] = 0 0
[3625] = 0 0
[3626] = 0 0
[3627] = 0 0
[3628] = 0 0
[3629] = 0 0
[3630] = 0 0
[3631] = 0 0
[3632] = 0 0
[3633] = 0 0
[3634] = 0 0
[3635] = 0 0
[3636] = 0 0
[3637] = 0 0
[3638] = 0 0
[3639] = 0 0
[3640] = 0 0
[3641] = 0 0
[3642] = 0 0
[3643] = 0 0
[3644] = 0 0
[3645] = 0 0
[3646] = 0 0
[3647] = 0 0
[3648] = 0 0
[3649] = 0 0
[3650] = 0 0
[3651] = 0 0
[3652] = 0 0
[3653] = 0 0
[3654] = 0 0
[3655] = 0 0
[3656] = 0 0
[3657] = 0 0
[3658] = 0 0
[3659] = 0 0
[3660] = 0 0
[3661] = 0 0
[3662] = 0 0
[3663] = 0 0
[3664] = 0 0
[3665] = 0 0
[3666] = 0 0
[3667] = 0 0
[3668] = 0 0
[3669] = 0 0
[3670] = 0 0
[3671] = 0 0
[3672] = 0 0
[3673] = 0 0
[3674] = 0 0
[3675] = 0 0
[3676] = 0 0
[3677] = 0 0
[3678] = 0 0
[3679] = 0 0
[3680] = 0 0
[3681] = 0 0
[3682] = 0 0
[3683] = 0 0
[3684] = 0 0
[3685] = 0 0
[3686] = 0 0
[3687] = 0 0
[3688] = 0 0
[3689] = 0 0
[3690] = 0 0
[3691] = 0 0
[3692] = 0 0
[3693] = 0 0
[3694] = 0 0
[3695] = 0 0
[3696] = 0 0
[3697] = 0 0
[3698] = 0 0
[3699] = 0 0
[3700] = 0 0
[3701] = 0 0
[3702] = 0 0
[3703] = 0 0
[3704] = 0 0
[3705] = 0 0
[3706] = 0 0
[3707] = 0 0
[3708] = 0 0
[3709] = 0 0
[3710] = 0 0
[3711] = 0 0
[3712] = 35604 35604
[3713] = 35604 35604
[3714] = 35604 35604
[3715] = 35604 35604
[3716] = 35604 35604
[3717] = 35604 35604
[3718] = 35604 35604
[3719] = 35604 35604
[3720] = 35604 35604
[3721] = 35604 35604
[3722] = 35604 35604
[3723] = 35604 35604
[3724] = 35604 35604
[3725] = 35604 35604
[3726] = 35604 35604
[3727] = 35604 35604
[3728] = 35604 35604
[3729] = 35604 35604
[3730] = 35604 35604
[3731] = 35604 35604
[3732] = 35604 35604
[3733] = 35604 35604
[3734] = 35604 35604
[3735] = 35604 35604
[3736] = 35604 35604
[3737] = 35604 35604
[3738] = 35604 35604
[3739] = 35604 35604
[3740] = 35604 35604
[3741] = 35604 35604
[3742] = 35604 35604
[3743] = 35604 35604
[3744] = 35604 35604
[3745] = 35604 35604
[3746] = 35604 35604
[3747] = 35604 35604
[3748] = 35604 35604
[3749] = 35604 35604
[3750] = 35604 35604
[3751] = 35604 35604
[3752] = 35604 35604
[3753] = 35604 35604
[3754] = 35604 35604
[3755] = 35604 35604
[3756] = 35604 35604
[3757] = 35604 35604
[3758] = 35604 35604
[3759] = 35604 35604
[3760] = 35604 35604
[3761] = 35604 35604
[3762] = 35604 35604
[3763] = 35604 35604
[3764] = 35604 35604
[3765] = 35604 35604
[3766] = 35604 35604
[3767] = 35604 35604
[3768] = 35604 35604
[3769] = 35604 35604
[3770] = 35604 35604
[3771] = 35604 35604
[3772] = 35604 35604
[3773] = 35604 35604
[3774] = 35604 35604
[3775] = 35604 35604
[3776] = 35604 35604
[3777] = 35604 35604
[3778] = 35604 35604
[3779] = 35604 35604
[3780] = 35604 35604
[3781] = 35604 35604
[3782] = 35604 35604
[3783] = 35604 35604
[3784] = 35604 35604
[3785] = 35604 35604
[3786] = 35604 35604
[3787] = 35604 35604
[3788] = 35604 35604
[3789] = 35604 35604
[3790] = 35604 35604
[3791] = 35604 35604
[3792] = 35604 35604
[3793] = 35604 35604
[3794] = 35604 35604
[3795] = 35604 35604
[3796] = 35604 35604
[3797] = 35604 35604
[3798] = 35604 35604
[3799] = 35604 35604
[3800] = 35604 35604
[3801] = 35604 35604
[3802] = 35604 35604
[3803] = 35604 35604
[3804] = 35604 35604
[3805] = 35604 35604
[3806] = 35604 35604
[3807] = 35604 35604
[3808] = 35604 35604
[3809] = 35604 35604
[3810] = 35604 35604
[3811] = 35604 35604
[3812] = 35604 35604
[3813] = 35604 35604
[3814] = 35604 35604
[3815] = 35604 35604
[3816] = 35604 35604
[3817] = 35604 35604
[3818] = 35604 35604
[3819] = 35604 35604
[3820] = 35604 35604
[3821] = 35604 35604
[3822] = 35604 35604
[3823] = 35604 35604
[3824] = 35604 35604
[3825] = 35604 35604
[3826] = 35604 35604
[3827] = 35604 35604
[3828] = 35604 35604
[3829] = 35604 35604
[3830] = 35604 35604
[3831] = 35604 35604
[3832] = 35604 35604
[3833] = 35604 35604
[3834] = 35604 35604
[3835] = 35604 35604
[3836] = 35604 35604
[3837] = 35604 35604
[3838] = 35604 35604
[3839] = 35604 35604
[3840] = 35604 35604
[3841] = 35604 35604
[3842] = 35604 35604
[3843] = 35604 35604
[3844] = 35604 35604
[3845] = 35604 35604
[3846] = 35604 35604
[3847] = 35604 35604
[3848] = 35604 35604
[3849] = 35604 35604
[3850] = 35604 35604
[3851] = 35604 35604
[3852] = 35604 35604
[3853] = 35604 35604
[3854] = 35604 35604
[3855] = 35604 35604
[3856] = 35604 35604
[3857] = 35604 35604
[3858] = 35604 35604
[3859] = 35604 35604
[3860] = 35604 35604
[3861] = 35604 35604
[3862] = 35604 35604
[3863] = 35604 35604
[3864] = 35604 35604
[3865] = 35604 35604
[3866] = 0 0
[3867] = 0 0
[3868] = 0 0
[3869] = 0 0
[3870] = 0 0
[3871] = 0 0
[3872] = 0 0
[3873] = 0 0
[3874] = 0 0
[3875] = 0 0
[3876] = 0 0
[3877] = 0 0
[3878] = 0 0
[3879] = 0 0
[3880] = 0 0
[3881] = 0 0
[3882] = 0 0
[3883] = 0 0
[3884] = 0 0
[3885] = 0 0
[3886] = 0 0
[3887] = 0 0
[3888] = 0 0
[3889] = 0 0
[3890] = 0 0
[3891] = 0 0
[3892] = 0 0
[3893] = 0 0
[3894] = 0 0
[3895] = 0 0
[3896] = 0 0
[3897] = 0 0
[3898] = 0 0
[3899] = 0 0
[3900] = 0 0
[3901] = 0 0
[3902] = 0 0
[3903] = 0 0
[3904] = 0 0
[3905] = 0 0
[3906] = 0 0
[3907] = 0 0
[3908] = 0 0
[3909] = 0 0
[3910] = 0 0
[3911] = 0 0
[3912] = 0 0
[3913] = 0 0
[3914] = 0 0
[3915] = 0 0
[3916] = 0 0
[3917] = 0 0
[3918] = 0 0
[3919] = 0 0
[3920] = 0 0
[3921] = 0 0
[3922] = 0 0
[3923] = 0 0
[3924] = 0 0
[3925] = 0 0
[3926] = 0 0
[3927] = 0 0
[3928] = 0 0
[3929] = 0 0
[3930] = 0 0
[3931] = 0 0
[3932] = 0 0
[3933] = 0 0
[3934] = 0 0
[3935] = 0 0
[3936] = 0 0
[3937] = 0 0
[3938] = 0 0
[3939] = 0 0
[3940] = 0 0
[3941] = 0 0
[3942] = 0 0
[3943] = 0 0
[3944] = 0 0
[3945] = 0 0
[3946] = 0 0
[3947] = 0 0
[3948] = 0 0
[3949] = 0 0
[3950] = 0 0
[3951] = 0 0
[3952] = 0 0
[3953] = 0 0
[3954] = 0 0
[3955] = 0 0
[3956] = 0 0
[3957] = 0 0
[3958] = 0 0
[3959] = 0 0
[3960] = 0 0
[3961] = 0 0
[3962] = 0 0
[3963] = 0 0
[3964] = 0 0
[3965] = 0 0
[3966] = 0 0
[3967] = 0 0
[3968] = 0 0
[3969] = 0 0
[3970] = 0 0
[3971] = 0 0
[3972] = 0 0
[3973] = 0 0
[3974] = 0 0
[3975] = 0 0
[3976] = 0 0
[3977] = 0 0
[3978] = 0 0
[3979] = 0 0
[3980] = 0 0
[3981] = 0 0
[3982] = 0 0
[3983] = 0 0
[3984] = 0 0
[3985] = 0 0
[3986] = 0 0
[3987] = 0 0
[3988] = 0 0
[3989] = 0 0
[3990] = 0 0
[3991] = 0 0
[3992] = 0 0
[3993] = 0 0
[3994] = 0 0
[3995] = 0 0
[3996] = 0 0
[3997] = 0 0
[3998] = 0 0
[3999] = 0 0
[4000] = 0 0
[4001] = 0 0
[4002] = 0 0
[4003] = 0 0
[4004] = 0 0
[4005] = 0 0
[4006] = 0 0
[4007] = 0 0
[4008] = 0 0
[4009] = 0 0
[4010] = 0 0
[4011] = 0 0
[4012] = 0 0
[4013] = 0 0
[4014] = 0 0
[4015] = 0 0
[4016] = 0 0
[4017] = 0 0
[4018] = 0 0
[4019] = 0 0
[4020] = 0 0
[4021] = 35604 35604
[4022] = 35604 35604
[4023] = 35604 35604
[4024] = 35604 35604
[4025] = 35604 35604
[4026] = 35604 35604
[4027] = 35604 35604
[4028] = 35604 35604
[4029] = 35604 35604
[4030] = 35604 35604
[4031] = 35604 35604
[4032] = 35604 35604
[4033] = 35604 35604
[4034] = 35604 35604
[4035] = 35604 35604
[4036] = 35604 35604
[4037] = 35604 35604
[4038] = 35604 35604
[4039] = 35604 35604
[4040] = 35604 35604
[4041] = 35604 35604
[4042] = 35604 35604
[4043] = 35604 35604
[4044] = 35604 35604
[4045] = 35604 35604
[4046] = 35604 35604
[4047] = 35604 35604
[4048] = 35604 35604
[4049] = 35604 35604
[4050] = 35604 35604
[4051] = 35604 35604
[4052] = 35604 35604
[4053] = 35604 35604
[4054] = 35604 35604
[4055] = 35604 35604
[4056] = 35604 35604
[4057] = 35604 35604
[4058] = 35604 35604
[4059] = 35604 35604
[4060] = 35604 35604
[4061] = 35604 35604
[4062] = 35604 35604
[4063] = 35604 35604
[4064] = 35604 35604
[4065] = 35604 35604
[4066] = 35604 35604
[4067] = 35604 35604
[4068] = 35604 35604
[4069] = 35604 35604
[4070] = 35604 35604
[4071] = 35604 35604
[4072] = 35604 35604
[4073] = 35604 35604
[4074] = 35604 35604
[4075] = 35604 35604
[4076] = 35604 35604
[4077] = 35604 35604
[4078] = 35604 35604
[4079] = 35604 35604
[4080] = 35604 35604
[4081] = 35604 35604
[4082] = 35604 35604
[4083] = 35604 35604
[4084] = 35604 35604
[4085] = 35604 35604
[4086] = 35604 35604
[4087] = 35604 35604
[4088] = 35604 35604
[4089] = 35604 35604
[4090] = 35604 35604
[4091] = 35604 35604
[4092] = 35604 35604
[4093] = 35604 35604
[4094] = 35604 35604
[4095] = 35604 35604
[4096] = 35604 35604
[4097] = 35604 35604
[4098] = 35604 35604
[4099] = 35604 35604
[4100] = 35604 35604
[4101] = 35604 35604
[4102] = 35604 35604
[4103] = 35604 35604
[4104] = 35604 35604
[4105] = 35604 35604
[4106] = 35604 35604
[4107] = 35604 35604
[4108] = 35604 35604
[4109] = 35604 35604
[4110] = 35604 35604
[4111] = 35604 35604
[4112] = 35604 35604
[4113] = 35604 35604
[4114] = 35604 35604
[4115] = 35604 35604
[4116] = 35604 35604
[4117] = 35604 35604
[4118] = 35604 35604
[4119] = 35604 35604
[4120] = 35604 35604
[4121] = 35604 35604
[4122] = 35604 35604
[4123] = 35604 35604
[4124] = 35604 35604
[4125] = 35604 35604
[4126] = 35604 35604
[4127] = 35604 35604
[4128] = 35604 35604
[4129] = 35604 35604
[4130] = 35604 35604
[4131] = 35604 35604
[4132] = 35604 35604
[4133] = 35604 35604
[4134] = 35604 35604
[4135] = 35604 35604
[4136] = 35604 35604
[4137] = 35604 35604
[4138] = 35604 35604
[4139] = 35604 35604
[4140] = 35604 35604
[4141] = 35604 35604
[4142] = 35604 35604
[4143] = 35604 35604
[4144] = 35604 35604
[4145] = 35604 35604
[4146] = 35604 35604
[4147] = 35604 35604
[4148] = 35604 35604
[4149] = 35604 35604
[4150] = 35604 35604
[4151] = 35604 35604
[4152] = 35604 35604
[4153] = 35604 35604
[4154] = 35604 35604
[4155] = 35604 35604
[4156] = 35604 35604
[4157] = 35604 35604
[4158] = 35604 35604
[4159] = 35604 35604
[4160] = 35604 35604
[4161] = 35604 35604
[4162] = 35604 35604
[4163] = 35604 35604
[4164] = 35604 35604
[4165] = 35604 35604
[4166] = 35604 35604
[4167] = 35604 35604
[4168] = 35604 35604
[4169] = 35604 35604
[4170] = 35604 35604
[4171] = 35604 35604
[4172] = 35604 35604
[4173] = 35604 35604
[4174] = 35604 35604
[4175] = 0 0
[4176] = 0 0
[4177] = 0 0
[4178] = 0 0
[4179] = 0 0
[4180] = 0 0
[4181] = 0 0
[4182] = 0 0
[4183] = 0 0
[4184] = 0 0
[4185] = 0 0
[4186] = 0 0
[4187] = 0 0
[4188] = 0 0
[4189] = 0 0
[4190] = 0 0
[4191] = 0 0
[4192] = 0 0
[4193] = 0 0
[4194] = 0 0
[4195] = 0 0
[4196] = 0 0
[4197] = 0 0
[4198] = 0 0
[4199] = 0 0
[4200] = 0 0
[4201] = 0 0
[4202] = 0 0
[4203] = 0 0
[4204] = 0 0
[4205] = 0 0
[4206] = 0 0
[4207] = 0 0
[4208] = 0 0
[4209] = 0 0
[4210] = 0 0
[4211] = 0 0
[4212] = 0 0
[4213] = 0 0
[4214] = 0 0
[4215] = 0 0
[4216] = 0 0
[4217] = 0 0
[4218] = 0 0
[4219] = 0 0
[4220] = 0 0
[4221] = 0 0
[4222] = 0 0
[4223] = 0 0
[4224] = 0 0
[4225] = 0 0
[4226] = 0 0
[4227] = 0 0
[4228] = 0 0
[4229] = 0 0
[4230] = 0 0
[4231] = 0 0
[4232] = 0 0
[4233] = 0 0
[4234] = 0 0
[4235] = 0 0
[4236] = 0 0
[4237] = 0 0
[4238] = 0 0
[4239] = 0 0
[4240] = 0 0
[4241] = 0 0
[4242] = 0 0
[4243] = 0 0
[4244] = 0 0
[4245] = 0 0
[4246] = 0 0
[4247] = 0 0
[4248] = 0 0
[4249] = 0 0
[4250] = 0 0
[4251] = 0 0
[4252] = 0 0
[4253] = 0 0
[4254] = 0 0
[4255] = 0 0
[4256] = 0 0
[4257] = 0 0
[4258] = 0 0
[4259] = 0 0
[4260] = 0 0
[4261] = 0 0
[4262] = 0 0
[4263] = 0 0
[4264] = 0 0
[4265] = 0 0
[4266] = 0 0
[4267] = 0 0
[4268] = 0 0
[4269] = 0 0
[4270] = 0 0
[4271] = 0 0
[4272] = 0 0
[4273] = 0 0
[4274] = 0 0
[4275] = 0 0
[4276] = 0 0
[4277] = 0 0
[4278] = 0 0
[4279] = 0 0
[4280] = 0 0
[4281] = 0 0
[4282] = 0 0
[4283] = 0 0
[4284] = 0 0
[4285] = 0 0
[4286] = 0 0
[4287] = 0 0
[4288] = 0 0
[4289] = 0 0
[4290] = 0 0
[4291] = 0 0
[4292] = 0 0
[4293] = 0 0
[4294] = 0 0
[4295] = 0 0
[4296] = 0 0
[4297] = 0 0
[4298] = 0 0
[4299] = 0 0
[4300] = 0 0
[4301] = 0 0
[4302] = 0 0
[4303] = 0 0
[4304] = 0 0
[4305] = 0 0
[4306] = 0 0
[4307] = 0 0
[4308] = 0 0
[4309] = 0 0
[4310] = 0 0
[4311] = 0 0
[4312] = 0 0
[4313] = 0 0
[4314] = 0 0
[4315] = 0 0
[4316] = 0 0
[4317] = 0 0
[4318] = 0 0
[4319] = 0 0
[4320] = 0 0
[4321] = 0 0
[4322] = 0 0
[4323] = 0 0
[4324] = 0 0
[4325] = 0 0
[4326] = 0 0
[4327] = 0 0
[4328] = 0 0
[4329] = 35604 35604
[4330] = 35604 35604
[4331] = 35604 35604
[4332] = 35604 35604
[4333] = 35604 35604
[4334] = 35604 35604
[4335] = 35604 35604
[4336] = 35604 35604
[4337] = 35604 35604
[4338] = 35604 35604
[4339] = 35604 35604
[4340] = 35604 35604
[4341] = 35604 35604
[4342] = 35604 35604
[4343] = 35604 35604
[4344] = 35604 35604
[4345] = 35604 35604
[4346] = 35604 35604
[4347] = 35604 35604
[4348] = 35604 35604
[4349] = 35604 35604
[4350] = 35604 35604
[4351] = 35604 35604
[4352] = 35604 35604
[4353] = 35604 35604
[4354] = 35604 35604
[4355] = 35604 35604
[4356] = 35604 35604
[4357] = 35604 35604
[4358] = 35604 35604
[4359] = 35604 35604
[4360] = 35604 35604
[4361] = 35604 35604
[4362] = 35604 35604
[4363] = 35604 35604
[4364] = 35604 35604
[4365] = 35604 35604
[4366] = 35604 35604
[4367] = 35604 35604
[4368] = 35604 35604
[4369] = 35604 35604
[4370] = 35604 35604
[4371] = 35604 35604
[4372] = 35604 35604
[4373] = 35604 35604
[4374] = 35604 35604
[4375] = 35604 35604
[4376] = 35604 35604
[4377] = 35604 35604
[4378] = 35604 35604
[4379] = 35604 35604
[4380] = 35604 35604
[4381] = 35604 35604
[4382] = 35604 35604
[4383] = 35604 35604
[4384] = 35604 35604
[4385] = 35604 35604
[4386] = 35604 35604
[4387] = 35604 35604
[4388] = 35604 35604
[4389] = 35604 35604
[4390] = 35604 35604
[4391] = 35604 35604
[4392] = 35604 35604
[4393] = 35604 35604
[4394] = 35604 35604
[4395] = 35604 35604
[4396] = 35604 35604
[4397] = 35604 35604
[4398] = 35604 35604
[4399] = 35604 35604
[4400] = 35604 35604
[4401] = 35604 35604
[4402] = 35604 35604
[4403] = 35604 35604
[4404] = 35604 35604
[4405] = 35604 35604
[4406] = 35604 35604
[4407] = 35604 35604
[4408] = 35604 35604
[4409] = 35604 35604
[4410] = 35604 35604
[4411] = 35604 35604
[4412] = 35604 35604
[4413] = 35604 35604
[4414] = 35604 35604
[4415] = 35604 35604
[4416] = 35604 35604
[4417] = 35604 35604
[4418] = 35604 35604
[4419] = 35604 35604
[4420] = 35604 35604
[4421] = 35604 35604
[4422] = 35604 35604
[4423] = 35604 35604
[4424] = 35604 35604
[4425] = 35604 35604
[4426] = 35604 35604
[4427] = 35604 35604
[4428] = 35604 35604
[4429] = 35604 35604
[4430] = 35604 35604
[4431] = 35604 35604
[4432] = 35604 35604
[4433] = 35604 35604
[4434] = 35604 35604
[4435] = 35604 35604
[4436] = 35604 35604
[4437] = 35604 35604
[4438] = 35604 35604
[4439] = 35604 35604
[4440] = 35604 35604
[4441] = 35604 35604
[4442] = 35604 35604
[4443] = 35604 35604
[4444] = 35604 35604
[4445] = 35604 35604
[4446] = 35604 35604
[4447] = 35604 35604
[4448] = 35604 35604
[4449] = 35604 35604
[4450] = 35604 35604
[4451] = 35604 35604
[4452] = 35604 35604
[4453] = 35604 35604
[4454] = 35604 35604
[4455] = 35604 35604
[4456] = 35604 35604
[4457] = 35604 35604
[4458] = 35604 35604
[4459] = 35604 35604
[4460] = 35604 35604
[4461] = 35604 35604
[4462] = 35604 35604
[4463] = 35604 35604
[4464] = 35604 35604
[4465] = 35604 35604
[4466] = 35604 35604
[4467] = 35604 35604
[4468] = 35604 35604
[4469] = 35604 35604
[4470] = 35604 35604
[4471] = 35604 35604
[4472] = 35604 35604
[4473] = 35604 35604
[4474] = 35604 35604
[4475] = 35604 35604
[4476] = 35604 35604
[4477] = 35604 35604
[4478] = 35604 35604
[4479] = 35604 35604
[4480] = 35604 35604
[4481] = 35604 35604
[4482] = 35604 35604
[4483] = 0 0
[4484] = 0 0
[4485] = 0 0
[4486] = 0 0
[4487] = 0 0
[4488] = 0 0
[4489] = 0 0
[4490] = 0 0
[4491] = 0 0
[4492] = 0 0
[4493] = 0 0
[4494] = 0 0
[4495] = 0 0
[4496] = 0 0
[4497] = 0 0
[4498] = 0 0
[4499] = 0 0
[4500] = 0 0
[4501] = 0 0
[4502] = 0 0
[4503] = 0 0
[4504] = 0 0
[4505] = 0 0
[4506] = 0 0
[4507] = 0 0
[4508] = 0 0
[4509] = 0 0
[4510] = 0 0
[4511] = 0 0
[4512] = 0 0
[4513] = 0 0
[4514] = 0 0
[4515] = 0 0
[4516] = 0 0
[4517] = 0 0
[4518] = 0 0
[4519] = 0 0
[4520] = 0 0
[4521] = 0 0
[4522] = 0 0
[4523] = 0 0
[4524] = 0 0
[4525] = 0 0
[4526] = 0 0
[4527] = 0 0
[4528] = 0 0
[4529] = 0 0
[4530] = 0 0
[4531] = 0 0
[4532] = 0 0
[4533] = 0 0
[4534] = 0 0
[4535] = 0 0
[4536] = 0 0
[4537] = 0 0
[4538] = 0 0
[4539] = 0 0
[4540] = 0 0
[4541] = 0 0
[4542] = 0 0
[4543] = 0 0
[4544] = 0 0
[4545] = 0 0
[4546] = 0 0
[4547] = 0 0
[4548] = 0 0
[4549] = 0 0
[4550] = 0 0
[4551] = 0 0
[4552] = 0 0
[4553] = 0 0
[4554] = 0 0
[4555] = 0 0
[4556] = 0 0
[4557] = 0 0
[4558] = 0 0
[4559] = 0 0
[4560] = 0 0
[4561] = 0 0
[4562] = 0 0
[4563] = 0 0
[4564] = 0 0
[4565] = 0 0
[4566] = 0 0
[4567] = 0 0
[4568] = 0 0
[4569] = 0 0
[4570] = 0 0
[4571] = 0 0
[4572] = 0 0
[4573] = 0 0
[4574] = 0 0
[4575] = 0 0
[4576] = 0 0
[4577] = 0 0
[4578] = 0 0
[4579] = 0 0
[4580] = 0 0
[4581] = 0 0
[4582] = 0 0
[4583] = 0 0
[4584] = 0 0
[4585] = 0 0
[4586] = 0 0
[4587] = 0 0
[4588] = 0 0
[4589] = 0 0
[4590] = 0 0
[4591] = 0 0
[4592] = 0 0
[4593] = 0 0
[4594] = 0 0
[4595] = 0 0
[4596] = 0 0
[4597] = 0 0
[4598] = 0 0
[4599] = 0 0
[4600] = 0 0
[4601] = 0 0
[4602] = 0 0
[4603] = 0 0
[4604] = 0 0
[4605] = 0 0
[4606] = 0 0
[4607] = 0 0
[4608] = 0 0
[4609] = 0 0
[4610] = 0 0
[4611] = 0 0
[4612] = 0 0
[4613] = 0 0
[4614] = 0 0
[4615] = 0 0
[4616] = 0 0
[4617] = 0 0
[4618] = 0 0
[4619] = 0 0
[4620] = 0 0
[4621] = 0 0
[4622] = 0 0
[4623] = 0 0
[4624] = 0 0
[4625] = 0 0
[4626] = 0 0
[4627] = 0 0
[4628] = 0 0
[4629] = 0 0
[4630] = 0 0
[4631] = 0 0
[4632] = 0 0
[4633] = 0 0
[4634] = 0 0
[4635] = 0 0
[4636] = 0 0
[4637] = 0 0
[4638] = 35604 35604
[4639] = 35604 35604
[4640] = 35604 35604
[4641] = 35604 35604
[4642] = 35604 35604
[4643] = 35604 35604
[4644] = 35604 35604
[4645] = 35604 35604
[4646] = 35604 35604
[4647] = 35604 35604
[4648] = 35604 35604
[4649] = 35604 35604
[4650] = 35604 35604
[4651] = 35604 35604
[4652] = 35604 35604
[4653] = 35604 35604
[4654] = 35604 35604
[4655] = 35604 35604
[4656] = 35604 35604
[4657] = 35604 35604
[4658] = 35604 35604
[4659] = 35604 35604
[4660] = 35604 35604
[4661] = 35604 35604
[4662] = 35604 35604
[4663] = 35604 35604
[4664] = 35604 35604
[4665] = 35604 35604
[4666] = 35604 35604
[4667] = 35604 35604
[4668] = 35604 35604
[4669] = 35604 35604
[4670] = 35604 35604
[4671] = 35604 35604
[4672] = 35604 35604
[4673] = 35604 35604
[4674] = 35604 35604
[4675] = 35604 35604
[4676] = 35604 35604
[4677] = 35604 35604
[4678] = 35604 35604
[4679] = 35604 35604
[4680] = 35604 35604
[4681] = 35604 35604
[4682] = 35604 35604
[4683] = 35604 35604
[4684] = 35604 35604
[4685] = 35604 35604
[4686] = 35604 35604
[4687] = 35604 35604
[4688] = 35604 35604
[4689] = 35604 35604
[4690] = 35604 35604
[4691] = 35604 35604
[4692] = 35604 35604
[4693] = 35604 35604
[4694] = 35604 35604
[4695] = 35604 35604
[4696] = 35604 35604
[4697] = 35604 35604
[4698] = 35604 35604
[4699] = 35604 35604
[4700] = 35604 35604
[4701] = 35604 35604
[4702] = 35604 35604
[4703] = 35604 35604
[4704] = 35604 35604
[4705] = 35604 35604
[4706] = 35604 35604
[4707] = 35604 35604
[4708] = 35604 35604
[4709] = 35604 35604
[4710] = 35604 35604
[4711] = 35604 35604
[4712] = 35604 35604
[4713] = 35604 35604
[4714] = 35604 35604
[4715] = 35604 35604
[4716] = 35604 35604
[4717] = 35604 35604
[4718] = 35604 35604
[4719] = 35604 35604
[4720] = 35604 35604
[4721] = 35604 35604
[4722] = 35604 35604
[4723] = 35604 35604
[4724] = 35604 35604
[4725] = 35604 35604
[4726] = 35604 35604
[4727] = 35604 35604
[4728] = 35604 35604
[4729] = 35604 35604
[4730] = 35604 35604
[4731] = 35604 35604
[4732] = 35604 35604
[4733] = 35604 35604
[4734] = 35604 35604
[4735] = 35604 35604
[4736] = 35604 35604
[4737] = 35604 35604
[4738] = 35604 35604
[4739] = 35604 35604
[4740] = 35604 35604
[4741] = 35604 35604
[4742] = 35604 35604
[4743] = 35604 35604
[4744] = 35604 35604
[4745] = 35604 35604
[4746] = 35604 35604
[4747] = 35604 35604
[4748] = 35604 35604
[4749] = 35604 35604
[4750] = 35604 35604
[4751] = 35604 35604
[4752] = 35604 35604
[4753] = 35604 35604
[4754] = 35604 35604
[4755] = 35604 35604
[4756] = 35604 35604
[4757] = 35604 35604
[4758] = 35604 35604
[4759] = 35604 35604
[4760] = 35604 35604
[4761] = 35604 35604
[4762] = 35604 35604
[4763] = 35604 35604
[4764] = 35604 35604
[4765] = 35604 35604
[4766] = 35604 35604
[4767] = 35604 35604
[4768] = 35604 35604
[4769] = 35604 35604
[4770] = 35604 35604
[4771] = 35604 35604
[4772] = 35604 35604
[4773] = 35604 35604
[4774] = 35604 35604
[4775] = 35604 35604
[4776] = 35604 35604
[4777] = 35604 35604
[4778] = 35604 35604
[4779] = 35604 35604
[4780] = 35604 35604
[4781] = 35604 35604
[4782] = 35604 35604
[4783] = 35604 35604
[4784] = 35604 35604
[4785] = 35604 35604
[4786] = 35604 35604
[4787] = 35604 35604
[4788] = 35604 35604
[4789] = 35604 35604
[4790] = 35604 35604
[4791] = 35604 35604
[4792] = 0 0
[4793] = 0 0
[4794] = 0 0
[4795] = 0 0
[4796] = 0 0
[4797] = 0 0
[4798] = 0 0
[4799] = 0 0
[4800] = 0 0
[4801] = 0 0
[4802] = 0 0
[4803] = 0 0
[4804] = 0 0
[4805] = 0 0
[4806] = 0 0
[4807] = 0 0
[4808] = 0 0
[4809] = 0 0
[4810] = 0 0
[4811] = 0 0
[4812] = 0 0
[4813] = 0 0
[4814] = 0 0
[4815] = 0 0
[4816] = 0 0
[4817] = 0 0
[4818] = 0 0
[4819] = 0 0
[4820] = 0 0
[4821] = 0 0
[4822] = 0 0
[4823] = 0 0
[4824] = 0 0
[4825] = 0 0
[4826] = 0 0
[4827] = 0 0
[4828] = 0 0
[4829] = 0 0
[4830] = 0 0
[4831] = 0 0
[4832] = 0 0
[4833] = 0 0
[4834] = 0 0
[4835] = 0 0
[4836] = 0 0
[4837] = 0 0
[4838] = 0 0
[4839] = 0 0
[4840] = 0 0
[4841] = 0 0
[4842] = 0 0
[4843] = 0 0
[4844] = 0 0
[4845] = 0 0
[4846] = 0 0
[4847] = 0 0
[4848] = 0 0
[4849] = 0 0
[4850] = 0 0
[4851] = 0 0
[4852] = 0 0
[4853] = 0 0
[4854] = 0 0
[4855] = 0 0
[4856] = 0 0
[4857] = 0 0
[4858] = 0 0
[4859] = 0 0
[4860] = 0 0
[4861] = 0 0
[4862] = 0 0
[4863] = 0 0
[4864] = 0 0
[4865] = 0 0
[4866] = 0 0
[4867] = 0 0
[4868] = 0 0
[4869] = 0 0
[4870] = 0 0
[4871] = 0 0
[4872] = 0 0
[4873] = 0 0
[4874] = 0 0
[4875] = 0 0
[4876] = 0 0
[4877] = 0 0
[4878] = 0 0
[4879] = 0 0
[4880] = 0 0
[4881] = 0 0
[4882] = 0 0
[4883] = 0 0
[4884] = 0 0
[4885] = 0 0
[4886] = 0 0
[4887] = 0 0
[4888] = 0 0
[4889] = 0 0
[4890] = 0 0
[4891] = 0 0
[4892] = 0 0
[4893] = 0 0
[4894] = 0 0
[4895] = 0 0
[4896] = 0 0
[4897] = 0 0
[4898] = 0 0
[4899] = 0 0
[4900] = 0 0
[4901] = 0 0
[4902] = 0 0
[4903] = 0 0
[4904] = 0 0
[4905] = 0 0
[4906] = 0 0
[4907] = 0 0
[4908] = 0 0
[4909] = 0 0
[4910] = 0 0
[4911] = 0 0
[4912] = 0 0
[4913] = 0 0
[4914] = 0 0
[4915] = 0 0
[4916] = 0 0
[4917] = 0 0
[4918] = 0 0
[4919] = 0 0
[4920] = 0 0
[4921] = 0 0
[4922] = 0 0
[4923] = 0 0
[4924] = 0 0
[4925] = 0 0
[4926] = 0 0
[4927] = 0 0
[4928] = 0 0
[4929] = 0 0
[4930] = 0 0
[4931] = 0 0
[4932] = 0 0
[4933] = 0 0
[4934] = 0 0
[4935] = 0 0
[4936] = 0 0
[4937] = 0 0
[4938] = 0 0
[4939] = 0 0
[4940] = 0 0
[4941] = 0 0
[4942] = 0 0
[4943] = 0 0
[4944] = 0 0
[4945] = 0 0
[4946] = 0 0
[4947] = 35604 35604
[4948] = 35604 35604
[4949] = 35604 35604
[4950] = 35604 35604
[4951] = 35604 35604
[4952] = 35604 35604
[4953] = 35604 35604
[4954] = 35604 35604
[4955] = 35604 35604
[4956] = 35604 35604
[4957] = 35604 35604
[4958] = 35604 35604
[4959] = 35604 35604
[4960] = 35604 35604
[4961] = 35604 35604
[4962] = 35604 35604
[4963] = 35604 35604
[4964] = 35604 35604
[4965] = 35604 35604
[4966] = 35604 35604
[4967] = 35604 35604
[4968] = 35604 35604
[4969] = 35604 35604
[4970] = 35604 35604
[4971] = 35604 35604
[4972] = 35604 35604
[4973] = 35604 35604
[4974] = 35604 35604
[4975] = 35604 35604
[4976] = 35604 35604
[4977] = 35604 35604
[4978] = 35604 35604
[4979] = 35604 35604
[4980] = 35604 35604
[4981] = 35604 35604
[4982] = 35604 35604
[4983] = 35604 35604
[4984] = 35604 35604
[4985] = 35604 35604
[4986] = 35604 35604
[4987] = 35604 35604
[4988] = 35604 35604
[4989] = 35604 35604
[4990] = 35604 35604
[4991] = 35604 35604
[4992] = 35604 35604
[4993] = 35604 35604
[4994] = 35604 35604
[4995] = 35604 35604
[4996] = 35604 35604
[4997] = 35604 35604
[4998] = 35604 35604
[4999] = 35604 35604
[5000] = 35604 35604
[5001] = 35604 35604
[5002] = 35604 35604
[5003] = 35604 35604
[5004] = 35604 35604
[5005] = 35604 35604
[5006] = 35604 35604
[5007] = 35604 35604
[5008] = 35604 35604
[5009] = 35604 35604
[5010] = 35604 35604
[5011] = 35604 35604
[5012] = 35604 35604
[5013] = 35604 35604
[5014] = 35604 35604
[5015] = 35604 35604
[5016] = 35604 35604
[5017] = 35604 35604
[5018] = 35604 35604
[5019] = 35604 35604
[5020] = 35604 35604
[5021] = 35604 35604
[5022] = 35604 35604
[5023] = 35604 35604
[5024] = 35604 35604
[5025] = 35604 35604
[5026] = 35604 35604
[5027] = 35604 35604
[5028] = 35604 35604
[5029] = 35604 35604
[5030] = 35604 35604
[5031] = 35604 35604
[5032] = 35604 35604
[5033] = 35604 35604
[5034] = 35604 35604
[5035] = 35604 35604
[5036] = 35604 35604
[5037] = 35604 35604
[5038] = 35604 35604
[5039] = 35604 35604
[5040] = 35604 35604
[5041] = 35604 35604
[5042] = 35604 35604
[5043] = 35604 35604
[5044] = 35604 35604
[5045] = 35604 35604
[5046] = 35604 35604
[5047] = 35604 35604
[5048] = 35604 35604
[5049] = 35604 35604
[5050] = 35604 35604
[5051] = 35604 35604
[5052] = 35604 35604
[5053] = 35604 35604
[5054] = 35604 35604
[5055] = 35604 35604
[5056] = 35604 35604
[5057] = 35604 35604
[5058] = 35604 35604
[5059] = 35604 35604
[5060] = 35604 35604
[5061] = 35604 35604
[5062] = 35604 35604
[5063] = 35604 35604
[5064] = 35604 35604
[5065] = 35604 35604
[5066] = 35604 35604
[5067] = 35604 35604
[5068] = 35604 35604
[5069] = 35604 35604
[5070] = 35604 35604
[5071] = 35604 35604
[5072] = 35604 35604
[5073] = 35604 35604
[5074] = 35604 35604
[5075] = 35604 35604
[5076] = 35604 35604
[5077] = 35604 35604
[5078] = 35604 35604
[5079] = 35604 35604
[5080] = 35604 35604
[5081] = 35604 35604
[5082] = 35604 35604
[5083] = 35604 35604
[5084] = 35604 35604
[5085] = 35604 35604
[5086] = 35604 35604
[5087] = 35604 35604
[5088] = 35604 35604
[5089] = 35604 35604
[5090] = 35604 35604
[5091] = 35604 35604
[5092] = 35604 35604
[5093] = 35604 35604
[5094] = 35604 35604
[5095] = 35604 35604
[5096] = 35604 35604
[5097] = 35604 35604
[5098] = 35604 35604
[5099] = 35604 35604
[5100] = 35604 35604
[5101] = 0 0
[5102] = 0 0
[5103] = 0 0
[5104] = 0 0
[5105] = 0 0
[5106] = 0 0
[5107] = 0 0
[5108] = 0 0
[5109] = 0 0
[5110] = 0 0
[5111] = 0 0
[5112] = 0 0
[5113] = 0 0
[5114] = 0 0
[5115] = 0 0
[5116] = 0 0
[5117] = 0 0
[5118] = 0 0
[5119] = 0 0
[5120] = 0 0
[5121] = 0 0
[5122] = 0 0
[5123] = 0 0
[5124] = 0 0
[5125] = 0 0
[5126] = 0 0
[5127] = 0 0
[5128] = 0 0
[5129] = 0 0
[5130] = 0 0
[5131] = 0 0
[5132] = 0 0
[5133] = 0 0
[5134] = 0 0
[5135] = 0 0
[5136] = 0 0
[5137] = 0 0
[5138] = 0 0
[5139] = 0 0
[5140] = 0 0
[5141] = 0 0
[5142] = 0 0
[5143] = 0 0
[5144] = 0 0
[5145] = 0 0
[5146] = 0 0
[5147] = 0 0
[5148] = 0 0
[5149] = 0 0
[5150] = 0 0
[5151] = 0 0
[5152] = 0 0
[5153] = 0 0
[5154] = 0 0
[5155] = 0 0
[5156] = 0 0
[5157] = 0 0
[5158] = 0 0
[5159] = 0 0
[5160] = 0 0
[5161] = 0 0
[5162] = 0 0
[5163] = 0 0
[5164] = 0 0
[5165] = 0 0
[5166] = 0 0
[5167] = 0 0
[5168] = 0 0
[5169] = 0 0
[5170] = 0 0
[5171] = 0 0
[5172] = 0 0
[5173] = 0 0
[5174] = 0 0
[5175] = 0 0
[5176] = 0 0
[5177] = 0 0
[5178] = 0 0
[5179] = 0 0
[5180] = 0 0
[5181] = 0 0
[5182] = 0 0
[5183] = 0 0
[5184] = 0 0
[5185] = 0 0
[5186] = 0 0
[5187] = 0 0
[5188] = 0 0
[5189] = 0 0
[5190] = 0 0
[5191] = 0 0
[5192] = 0 0
[5193] = 0 0
[5194] = 0 0
[5195] = 0 0
[5196] = 0 0
[5197] = 0 0
[5198] = 0 0
[5199] = 0 0
[5200] = 0 0
[5201] = 0 0
[5202] = 0 0
[5203] = 0 0
[5204] = 0 0
[5205] = 0 0
[5206] = 0 0
[5207] = 0 0
[5208] = 0 0
[5209] = 0 0
[5210] = 0 0
[5211] = 0 0
[5212] = 0 0
[5213] = 0 0
[5214] = 0 0
[5215] = 0 0
[5216] = 0 0
[5217] = 0 0
[5218] = 0 0
[5219] = 0 0
[5220] = 0 0
[5221] = 0 0
[5222] = 0 0
[5223] = 0 0
[5224] = 0 0
[5225] = 0 0
[5226] = 0 0
[5227] = 0 0
[5228] = 0 0
[5229] = 0 0
[5230] = 0 0
[5231] = 0 0
[5232] = 0 0
[5233] = 0 0
[5234] = 0 0
[5235] = 0 0
[5236] = 0 0
[5237] = 0 0
[5238] = 0 0
[5239] = 0 0
[5240] = 0 0
[5241] = 0 0
[5242] = 0 0
[5243] = 0 0
[5244] = 0 0
[5245] = 0 0
[5246] = 0 0
[5247] = 0 0
[5248] = 0 0
[5249] = 0 0
[5250] = 0 0
[5251] = 0 0
[5252] = 0 0
[5253] = 0 0
[5254] = 0 0
[5255] = 35604 35604
[5256] = 35604 35604
[5257] = 35604 35604
[5258] = 35604 35604
[5259] = 35604 35604
[5260] = 35604 35604
[5261] = 35604 35604
[5262] = 35604 35604
[5263] = 35604 35604
[5264] = 35604 35604
[5265] = 35604 35604
[5266] = 35604 35604
[5267] = 35604 35604
[5268] = 35604 35604
[5269] = 35604 35604
[5270] = 35604 35604
[5271] = 35604 35604
[5272] = 35604 35604
[5273] = 35604 35604
[5274] = 35604 35604
[5275] = 35604 35604
[5276] = 35604 35604
[5277] = 35604 35604
[5278] = 35604 35604
[5279] = 35604 35604
[5280] = 35604 35604
[5281] = 35604 35604
[5282] = 35604 35604
[5283] = 35604 35604
[5284] = 35604 35604
[5285] = 35604 35604
[5286] = 35604 35604
[5287] = 35604 35604
[5288] = 35604 35604
[5289] = 35604 35604
[5290] = 35604 35604
[5291] = 35604 35604
[5292] = 35604 35604
[5293] = 35604 35604
[5294] = 35604 35604
[5295] = 35604 35604
[5296] = 35604 35604
[5297] = 35604 35604
[5298] = 35604 35604
[5299] = 35604 35604
[5300] = 35604 35604
[5301] = 35604 35604
[5302] = 35604 35604
[5303] = 35604 35604
[5304] = 35604 35604
[5305] = 35604 35604
[5306] = 35604 35604
[5307] = 35604 35604
[5308] = 35604 35604
[5309] = 35604 35604
[5310] = 35604 35604
[5311] = 35604 35604
[5312] = 35604 35604
[5313] = 35604 35604
[5314] = 35604 35604
[5315] = 35604 35604
[5316] = 35604 35604
[5317] = 35604 35604
[5318] = 35604 35604
[5319] = 35604 35604
[5320] = 35604 35604
[5321] = 35604 35604
[5322] = 35604 35604
[5323] = 35604 35604
[5324] = 35604 35604
[5325] = 35604 35604
[5326] = 35604 35604
[5327] = 35604 35604
[5328] = 35604 35604
[5329] = 35604 35604
[5330] = 35604 35604
[5331] = 35604 35604
[5332] = 35604 35604
[5333] = 35604 35604
[5334] = 35604 35604
[5335] = 35604 35604
[5336] = 35604 35604
[5337] = 35604 35604
[5338] = 35604 35604
[5339] = 35604 35604
[5340] = 35604 35604
[5341] = 35604 35604
[5342] = 35604 35604
[5343] = 35604 35604
[5344] = 35604 35604
[5345] = 35604 35604
[5346] = 35604 35604
[5347] = 35604 35604
[5348] = 35604 35604
[5349] = 35604 35604
[5350] = 35604 35604
[5351] = 35604 35604
[5352] = 35604 35604
[5353] = 35604 35604
[5354] = 35604 35604
[5355] = 35604 35604
[5356] = 35604 35604
[5357] = 35604 35604
[5358] = 35604 35604
[5359] = 35604 35604
[5360] = 35604 35604
[5361] = 35604 35604
[5362] = 35604 35604
[5363] = 35604 35604
[5364] = 35604 35604
[5365] = 35604 35604
[5366] = 35604 35604
[5367] = 35604 35604
[5368] = 35604 35604
[5369] = 35604 35604
[5370] = 35604 35604
[5371] = 35604 35604
[5372] = 35604 35604
[5373] = 35604 35604
[5374] = 35604 35604
[5375] = 35604 35604
[5376] = 35604 35604
[5377] = 35604 35604
[5378] = 35604 35604
[5379] = 35604 35604
[5380] = 35604 35604
[5381] = 35604 35604
[5382] = 35604 35604
[5383] = 35604 35604
[5384] = 35604 35604
[5385] = 35604 35604
[5386] = 35604 35604
[5387] = 35604 35604
[5388] = 35604 35604
[5389] = 35604 35604
[5390] = 35604 35604
[5391] = 35604 35604
[5392] = 35604 35604
[5393] = 35604 35604
[5394] = 35604 35604
[5395] = 35604 35604
[5396] = 35604 35604
[5397] = 35604 35604
[5398] = 35604 35604
[5399] = 35604 35604
[5400] = 35604 35604
[5401] = 35604 35604
[5402] = 35604 35604
[5403] = 35604 35604
[5404] = 35604 35604
[5405] = 35604 35604
[5406] = 35604 35604
[5407] = 35604 35604
[5408] = 35604 35604
[5409] = 0 0
[5410] = 0 0
[5411] = 0 0
[5412] = 0 0
[5413] = 0 0
[5414] = 0 0
[5415] = 0 0
[5416] = 0 0
[5417] = 0 0
[5418] = 0 0
[5419] = 0 0
[5420] = 0 0
[5421] = 0 0
[5422] = 0 0
[5423] = 0 0
[5424] = 0 0
[5425] = 0 0
[5426] = 0 0
[5427] = 0 0
[5428] = 0 0
[5429] = 0 0
[5430] = 0 0
[5431] = 0 0
[5432] = 0 0
[5433] = 0 0
[5434] = 0 0
[5435] = 0 0
[5436] = 0 0
[5437] = 0 0
[5438] = 0 0
[5439] = 0 0
[5440] = 0 0
[5441] = 0 0
[5442] = 0 0
[5443] = 0 0
[5444] = 0 0
[5445] = 0 0
[5446] = 0 0
[5447] = 0 0
[5448] = 0 0
[5449] = 0 0
[5450] = 0 0
[5451] = 0 0
[5452] = 0 0
[5453] = 0 0
[5454] = 0 0
[5455] = 0 0
[5456] = 0 0
[5457] = 0 0
[5458] = 0 0
[5459] = 0 0
[5460] = 0 0
[5461] = 0 0
[5462] = 0 0
[5463] = 0 0
[5464] = 0 0
[5465] = 0 0
[5466] = 0 0
[5467] = 0 0
[5468] = 0 0
[5469] = 0 0
[5470] = 0 0
[5471] = 0 0
[5472] = 0 0
[5473] = 0 0
[5474] = 0 0
[5475] = 0 0
[5476] = 0 0
[5477] = 0 0
[5478] = 0 0
[5479] = 0 0
[5480] = 0 0
[5481] = 0 0
[5482] = 0 0
[5483] = 0 0
[5484] = 0 0
[5485] = 0 0
[5486] = 0 0
[5487] = 0 0
[5488] = 0 0
[5489] = 0 0
[5490] = 0 0
[5491] = 0 0
[5492] = 0 0
[5493] = 0 0
[5494] = 0 0
[5495] = 0 0
[5496] = 0 0
[5497] = 0 0
[5498] = 0 0
[5499] = 0 0
[5500] = 0 0
[5501] = 0 0
[5502] = 0 0
[5503] = 0 0
[5504] = 0 0
[5505] = 0 0
[5506] = 0 0
[5507] = 0 0
[5508] = 0 0
[5509] = 0 0
[5510] = 0 0
[5511] = 0 0
[5512] = 0 0
[5513] = 0 0
[5514] = 0 0
[5515] = 0 0
[5516] = 0 0
[5517] = 0 0
[5518] = 0 0
[5519] = 0 0
[5520] = 0 0
[5521] = 0 0
[5522] = 0 0
[5523] = 0 0
[5524] = 0 0
[5525] = 0 0
[5526] = 0 0
[5527] = 0 0
[5528] = 0 0
[5529] = 0 0
[5530] = 0 0
[5531] = 0 0
[5532] = 0 0
[5533] = 0 0
[5534] = 0 0
[5535] = 0 0
[5536] = 0 0
[5537] = 0 0
[5538] = 0 0
[5539] = 0 0
[5540] = 0 0
[5541] = 0 0
[5542] = 0 0
[5543] = 0 0
[5544] = 0 0
[5545] = 0 0
[5546] = 0 0
[5547] = 0 0
[5548] = 0 0
[5549] = 0 0
[5550] = 0 0
[5551] = 0 0
[5552] = 0 0
[5553] = 0 0
[5554] = 0 0
[5555] = 0 0
[5556] = 0 0
[5557] = 0 0
[5558] = 0 0
[5559] = 0 0
[5560] = 0 0
[5561] = 0 0
[5562] = 0 0
[5563] = 0 0
[5564] = 35604 35604
[5565] = 35604 35604
[5566] = 35604 35604
[5567] = 35604 35604
[5568] = 35604 35604
[5569] = 35604 35604
[5570] = 35604 35604
[5571] = 35604 35604
[5572] = 35604 35604
[5573] = 35604 35604
[5574] = 35604 35604
[5575] = 35604 35604
[5576] = 35604 35604
[5577] = 35604 35604
[5578] = 35604 35604
[5579] = 35604 35604
[5580] = 35604 35604
[5581] = 35604 35604
[5582] = 35604 35604
[5583] = 35604 35604
[5584] = 35604 35604
[5585] = 35604 35604
[5586] = 35604 35604
[5587] = 35604 35604
[5588] = 35604 35604
[5589] = 35604 35604
[5590] = 35604 35604
[5591] = 35604 35604
[5592] = 35604 35604
[5593] = 35604 35604
[5594] = 35604 35604
[5595] = 35604 35604
[5596] = 35604 35604
[5597] = 35604 35604
[5598] = 35604 35604
[5599] = 35604 35604
[5600] = 35604 35604
[5601] = 35604 35604
[5602] = 35604 35604
[5603] = 35604 35604
[5604] = 35604 35604
[5605] = 35604 35604
[5606] = 35604 35604
[5607] = 35604 35604
[5608] = 35604 35604
[5609] = 35604 35604
[5610] = 35604 35604
[5611] = 35604 35604
[5612] = 35604 35604
[5613] = 35604 35604
[5614] = 35604 35604
[5615] = 35604 35604
[5616] = 35604 35604
[5617] = 35604 35604
[5618] = 35604 35604
[5619] = 35604 35604
[5620] = 35604 35604
[5621] = 35604 35604
[5622] = 35604 35604
[5623] = 35604 35604
[5624] = 35604 35604
[5625] = 35604 35604
[5626] = 35604 35604
[5627] = 35604 35604
[5628] = 35604 35604
[5629] = 35604 35604
[5630] = 35604 35604
[5631] = 35604 35604
[5632] = 35604 35604
[5633] = 35604 35604
[5634] = 35604 35604
[5635] = 35604 35604
[5636] = 35604 35604
[5637] = 35604 35604
[5638] = 35604 35604
[5639] = 35604 35604
[5640] = 35604 35604
[5641] = 35604 35604
[5642] = 35604 35604
[5643] = 35604 35604
[5644] = 35604 35604
[5645] = 35604 35604
[5646] = 35604 35604
[5647] = 35604 35604
[5648] = 35604 35604
[5649] = 35604 35604
[5650] = 35604 35604
[5651] = 35604 35604
[5652] = 35604 35604
[5653] = 35604 35604
[5654] = 35604 35604
[5655] = 35604 35604
[5656] = 35604 35604
[5657] = 35604 35604
[5658] = 35604 35604
[5659] = 35604 35604
[5660] = 35604 35604
[5661] = 35604 35604
[5662] = 35604 35604
[5663] = 35604 35604
[5664] = 35604 35604
[5665] = 35604 35604
[5666] = 35604 35604
[5667] = 35604 35604
[5668] = 35604 35604
[5669] = 35604 35604
[5670] = 35604 35604
[5671] = 35604 35604
[5672] = 35604 35604
[5673] = 35604 35604
[5674] = 35604 35604
[5675] = 35604 35604
[5676] = 35604 35604
[5677] = 35604 35604
[5678] = 35604 35604
[5679] = 35604 35604
[5680] = 35604 35604
[5681] = 35604 35604
[5682] = 35604 35604
[5683] = 35604 35604
[5684] = 35604 35604
[5685] = 35604 35604
[5686] = 35604 35604
[5687] = 35604 35604
[5688] = 35604 35604
[5689] = 35604 35604
[5690] = 35604 35604
[5691] = 35604 35604
[5692] = 35604 35604
[5693] = 35604 35604
[5694] = 35604 35604
[5695] = 35604 35604
[5696] = 35604 35604
[5697] = 35604 35604
[5698] = 35604 35604
[5699] = 35604 35604
[5700] = 35604 35604
[5701] = 35604 35604
[5702] = 35604 35604
[5703] = 35604 35604
[5704] = 35604 35604
[5705] = 35604 35604
[5706] = 35604 35604
[5707] = 35604 35604
[5708] = 35604 35604
[5709] = 35604 35604
[5710] = 35604 35604
[5711] = 35604 35604
[5712] = 35604 35604
[5713] = 35604 35604
[5714] = 35604 35604
[5715] = 35604 35604
[5716] = 35604 35604
[5717] = 35604 35604
[5718] = 0 0
[5719] = 0 0
[5720] = 0 0
[5721] = 0 0
[5722] = 0 0
[5723] = 0 0
[5724] = 0 0
[5725] = 0 0
[5726] = 0 0
[5727] = 0 0
[5728] = 0 0
[5729] = 0 0
[5730] = 0 0
[5731] = 0 0
[5732] = 0 0
[5733] = 0 0
[5734] = 0 0
[5735] = 0 0
[5736] = 0 0
[5737] = 0 0
[5738] = 0 0
[5739] = 0 0
[5740] = 0 0
[5741] = 0 0
[5742] = 0 0
[5743] = 0 0
[5744] = 0 0
[5745] = 0 0
[5746] = 0 0
[5747] = 0 0
[5748] = 0 0
[5749] = 0 0
[5750] = 0 0
[5751] = 0 0
[5752] = 0 0
[5753] = 0 0
[5754] = 0 0
[5755] = 0 0
[5756] = 0 0
[5757] = 0 0
[5758] = 0 0
[5759] = 0 0
[5760] = 0 0
[5761] = 0 0
[5762] = 0 0
[5763] = 0 0
[5764] = 0 0
[5765] = 0 0
[5766] = 0 0
[5767] = 0 0
[5768] = 0 0
[5769] = 0 0
[5770] = 0 0
[5771] = 0 0
[5772] = 0 0
[5773] = 0 0
[5774] = 0 0
[5775] = 0 0
[5776] = 0 0
[5777] = 0 0
[5778] = 0 0
[5779] = 0 0
[5780] = 0 0
[5781] = 0 0
[5782] = 0 0
[5783] = 0 0
[5784] = 0 0
[5785] = 0 0
[5786] = 0 0
[5787] = 0 0
[5788] = 0 0
[5789] = 0 0
[5790] = 0 0
[5791] = 0 0
[5792] = 0 0
[5793] = 0 0
[5794] = 0 0
[5795] = 0 0
[5796] = 0 0
[5797] = 0 0
[5798] = 0 0
[5799] = 0 0
[5800] = 0 0
[5801] = 0 0
[5802] = 0 0
[5803] = 0 0
[5804] = 0 0
[5805] = 0 0
[5806] = 0 0
[5807] = 0 0
[5808] = 0 0
[5809] = 0 0
[5810] = 0 0
[5811] = 0 0
[5812] = 0 0
[5813] = 0 0
[5814] = 0 0
[5815] = 0 0
[5816] = 0 0
[5817] = 0 0
[5818] = 0 0
[5819] = 0 0
[5820] = 0 0
[5821] = 0 0
[5822] = 0 0
[5823] = 0 0
[5824] = 0 0
[5825] = 0 0
[5826] = 0 0
[5827] = 0 0
[5828] = 0 0
[5829] = 0 0
[5830] = 0 0
[5831] = 0 0
[5832] = 0 0
[5833] = 0 0
[5834] = 0 0
[5835] = 0 0
[5836] = 0 0
[5837] = 0 0
[5838] = 0 0
[5839] = 0 0
[5840] = 0 0
[5841] = 0 0
[5842] = 0 0
[5843] = 0 0
[5844] = 0 0
[5845] = 0 0
[5846] = 0 0
[5847] = 0 0
[5848] = 0 0
[5849] = 0 0
[5850] = 0 0
[5851] = 0 0
[5852] = 0 0
[5853] = 0 0
[5854] = 0 0
[5855] = 0 0
[5856] = 0 0
[5857] = 0 0
[5858] = 0 0
[5859] = 0 0
[5860] = 0 0
[5861] = 0 0
[5862] = 0 0
[5863] = 0 0
[5864] = 0 0
[5865] = 0 0
[5866] = 0 0
[5867] = 0 0
[5868] = 0 0
[5869] = 0 0
[5870] = 0 0
[5871] = 0 0
[5872] = 0 0
[5873] = 35604 35604
[5874] = 35604 35604
[5875] = 35604 35604
[5876] = 35604 35604
[5877] = 35604 35604
[5878] = 35604 35604
[5879] = 35604 35604
[5880] = 35604 35604
[5881] = 35604 35604
[5882] = 35604 35604
[5883] = 35604 35604
[5884] = 35604 35604
[5885] = 35604 35604
[5886] = 35604 35604
[5887] = 35604 35604
[5888] = 35604 35604
[5889] = 35604 35604
[5890] = 35604 35604
[5891] = 35604 35604
[5892] = 35604 35604
[5893] = 35604 35604
[5894] = 35604 35604
[5895] = 35604 35604
[5896] = 35604 35604
[5897] = 35604 35604
[5898] = 35604 35604
[5899] = 35604 35604
[5900] = 35604 35604
[5901] = 35604 35604
[5902] = 35604 35604
[5903] = 35604 35604
[5904] = 35604 35604
[5905] = 35604 35604
[5906] = 35604 35604
[5907] = 35604 35604
[5908] = 35604 35604
[5909] = 35604 35604
[5910] = 35604 35604
[5911] = 35604 35604
[5912] = 35604 35604
[5913] = 35604 35604
[5914] = 35604 35604
[5915] = 35604 35604
[5916] = 35604 35604
[5917] = 35604 35604
[5918] = 35604 35604
[5919] = 35604 35604
[5920] = 35604 35604
[5921] = 35604 35604
[5922] = 35604 35604
[5923] = 35604 35604
[5924] = 35604 35604
[5925] = 35604 35604
[5926] = 35604 35604
[5927] = 35604 35604
[5928] = 35604 35604
[5929] = 35604 35604
[5930] = 35604 35604
[5931] = 35604 35604
[5932] = 35604 35604
[5933] = 35604 35604
[5934] = 35604 35604
[5935] = 35604 35604
[5936] = 35604 35604
[5937] = 35604 35604
[5938] = 35604 35604
[5939] = 35604 35604
[5940] = 35604 35604
[5941] = 35604 35604
[5942] = 35604 35604
[5943] = 35604 35604
[5944] = 35604 35604
[5945] = 35604 35604
[5946] = 35604 35604
[5947] = 35604 35604
[5948] = 35604 35604
[5949] = 35604 35604
[5950] = 35604 35604
[5951] = 35604 35604
[5952] = 35604 35604
[5953] = 35604 35604
[5954] = 35604 35604
[5955] = 35604 35604
[5956] = 35604 35604
[5957] = 35604 35604
[5958] = 35604 35604
[5959] = 35604 35604
[5960] = 35604 35604
[5961] = 35604 35604
[5962] = 35604 35604
[5963] = 35604 35604
[5964] = 35604 35604
[5965] = 35604 35604
[5966] = 35604 35604
[5967] = 35604 35604
[5968] = 35604 35604
[5969] = 35604 35604
[5970] = 35604 35604
[5971] = 35604 35604
[5972] = 35604 35604
[5973] = 35604 35604
[5974] = 35604 35604
[5975] = 35604 35604
[5976] = 35604 35604
[5977] = 35604 35604
[5978] = 35604 35604
[5979] = 35604 35604
[5980] = 35604 35604
[5981] = 35604 35604
[5982] = 35604 35604
[5983] = 35604 35604
[5984] = 35604 35604
[5985] = 35604 35604
[5986] = 35604 35604
[5987] = 35604 35604
[5988] = 35604 35604
[5989] = 35604 35604
[5990] = 35604 35604
[5991] = 35604 35604
[5992] = 35604 35604
[5993] = 35604 35604
[5994] = 35604 35604
[5995] = 35604 35604
[5996] = 35604 35604
[5997] = 35604 35604
[5998] = 35604 35604
[5999] = 35604 35604
[6000] = 35604 35604
[6001] = 35604 35604
[6002] = 35604 35604
[6003] = 35604 35604
[6004] = 35604 35604
[6005] = 35604 35604
[6006] = 35604 35604
[6007] = 35604 35604
[6008] = 35604 35604
[6009] = 35604 35604
[6010] = 35604 35604
[6011] = 35604 35604
[6012] = 35604 35604
[6013] = 35604 35604
[6014] = 35604 35604
[6015] = 35604 35604
[6016] = 35604 35604
[6017] = 35604 35604
[6018] = 35604 35604
[6019] = 35604 35604
[6020] = 35604 35604
[6021] = 35604 35604
[6022] = 35604 35604
[6023] = 35604 35604
[6024] = 35604 35604
[6025] = 35604 35604
[6026] = 35604 35604
[6027] = 0 0
[6028] = 0 0
[6029] = 0 0
[6030] = 0 0
[6031] = 0 0
[6032] = 0 0
[6033] = 0 0
[6034] = 0 0
[6035] = 0 0
[6036] = 0 0
[6037] = 0 0
[6038] = 0 0
[6039] = 0 0
[6040] = 0 0
[6041] = 0 0
[6042] = 0 0
[6043] = 0 0
[6044] = 0 0
[6045] = 0 0
[6046] = 0 0
[6047] = 0 0
[6048] = 0 0
[6049] = 0 0
[6050] = 0 0
[6051] = 0 0
[6052] = 0 0
[6053] = 0 0
[6054] = 0 0
[6055] = 0 0
[6056] = 0 0
[6057] = 0 0
[6058] = 0 0
[6059] = 0 0
[6060] = 0 0
[6061] = 0 0
[6062] = 0 0
[6063] = 0 0
[6064] = 0 0
[6065] = 0 0
[6066] = 0 0
[6067] = 0 0
[6068] = 0 0
[6069] = 0 0
[6070] = 0 0
[6071] = 0 0
[6072] = 0 0
[6073] = 0 0
[6074] = 0 0
[6075] = 0 0
[6076] = 0 0
[6077] = 0 0
[6078] = 0 0
[6079] = 0 0
[6080] = 0 0
[6081] = 0 0
[6082] = 0 0
[6083] = 0 0
[6084] = 0 0
[6085] = 0 0
[6086] = 0 0
[6087] = 0 0
[6088] = 0 0
[6089] = 0 0
[6090] = 0 0
[6091] = 0 0
[6092] = 0 0
[6093] = 0 0
[6094] = 0 0
[6095] = 0 0
[6096] = 0 0
[6097] = 0 0
[6098] = 0 0
[6099] = 0 0
[6100] = 0 0
[6101] = 0 0
[6102] = 0 0
[6103] = 0 0
[6104] = 0 0
[6105] = 0 0
[6106] = 0 0
[6107] = 0 0
[6108] = 0 0
[6109] = 0 0
[6110] = 0 0
[6111] = 0 0
[6112] = 0 0
[6113] = 0 0
[6114] = 0 0
[6115] = 0 0
[6116] = 0 0
[6117] = 0 0
[6118] = 0 0
[6119] = 0 0
[6120] = 0 0
[6121] = 0 0
[6122] = 0 0
[6123] = 0 0
[6124] = 0 0
[6125] = 0 0
[6126] = 0 0
[6127] = 0 0
[6128] = 0 0
[6129] = 0 0
[6130] = 0 0
[6131] = 0 0
[6132] = 0 0
[6133] = 0 0
[6134] = 0 0
[6135] = 0 0
[6136] = 0 0
[6137] = 0 0
[6138] = 0 0
[6139] = 0 0
[6140] = 0 0
[6141] = 0 0
[6142] = 0 0
[6143] = 0 0
[6144] = 0 0
[6145] = 0 0
[6146] = 0 0
[6147] = 0 0
[6148] = 0 0
[6149] = 0 0
[6150] = 0 0
[6151] = 0 0
[6152] = 0 0
[6153] = 0 0
[6154] = 0 0
[6155] = 0 0
[6156] = 0 0
[6157] = 0 0
[6158] = 0 0
[6159] = 0 0
[6160] = 0 0
[6161] = 0 0
[6162] = 0 0
[6163] = 0 0
[6164] = 0 0
[6165] = 0 0
[6166] = 0 0
[6167] = 0 0
[6168] = 0 0
[6169] = 0 0
[6170] = 0 0
[6171] = 0 0
[6172] = 0 0
[6173] = 0 0
[6174] = 0 0
[6175] = 0 0
[6176] = 0 0
[6177] = 0 0
[6178] = 0 0
[6179] = 0 0
[6180] = 0 0
[6181] = 35604 35604
[6182] = 35604 35604
[6183] = 35604 35604
[6184] = 35604 35604
[6185] = 35604 35604
[6186] = 35604 35604
[6187] = 35604 35604
[6188] = 35604 35604
[6189] = 35604 35604
[6190] = 35604 35604
[6191] = 35604 35604
[6192] = 35604 35604
[6193] = 35604 35604
[6194] = 35604 35604
[6195] = 35604 35604
[6196] = 35604 35604
[6197] = 35604 35604
[6198] = 35604 35604
[6199] = 35604 35604
[6200] = 35604 35604
[6201] = 35604 35604
[6202] = 35604 35604
[6203] = 35604 35604
[6204] = 35604 35604
[6205] = 35604 35604
[6206] = 35604 35604
[6207] = 35604 35604
[6208] = 35604 35604
[6209] = 35604 35604
[6210] = 35604 35604
[6211] = 35604 35604
[6212] = 35604 35604
[6213] = 35604 35604
[6214] = 35604 35604
[6215] = 35604 35604
[6216] = 35604 35604
[6217] = 35604 35604
[6218] = 35604 35604
[6219] = 35604 35604
[6220] = 35604 35604
[6221] = 35604 35604
[6222] = 35604 35604
[6223] = 35604 35604
[6224] = 35604 35604
[6225] = 35604 35604
[6226] = 35604 35604
[6227] = 35604 35604
[6228] = 35604 35604
[6229] = 35604 35604
[6230] = 35604 35604
[6231] = 35604 35604
[6232] = 35604 35604
[6233] = 35604 35604
[6234] = 35604 35604
[6235] = 35604 35604
[6236] = 35604 35604
[6237] = 35604 35604
[6238] = 35604 35604
[6239] = 35604 35604
[6240] = 35604 35604
[6241] = 35604 35604
[6242] = 35604 35604
[6243] = 35604 35604
[6244] = 35604 35604
[6245] = 35604 35604
[6246] = 35604 35604
[6247] = 35604 35604
[6248] = 35604 35604
[6249] = 35604 35604
[6250] = 35604 35604
[6251] = 35604 35604
[6252] = 35604 35604
[6253] = 35604 35604
[6254] = 35604 35604
[6255] = 35604 35604
[6256] = 35604 35604
[6257] = 35604 35604
[6258] = 35604 35604
[6259] = 35604 35604
[6260] = 35604 35604
[6261] = 35604 35604
[6262] = 35604 35604
[6263] = 35604 35604
[6264] = 35604 35604
[6265] = 35604 35604
[6266] = 35604 35604
[6267] = 35604 35604
[6268] = 35604 35604
[6269] = 35604 35604
[6270] = 35604 35604
[6271] = 35604 35604
[6272] = 35604 35604
[6273] = 35604 35604
[6274] = 35604 35604
[6275] = 35604 35604
[6276] = 35604 35604
[6277] = 35604 35604
[6278] = 35604 35604
[6279] = 35604 35604
[6280] = 35604 35604
[6281] = 35604 35604
[6282] = 35604 35604
[6283] = 35604 35604
[6284] = 35604 35604
[6285] = 35604 35604
[6286] = 35604 35604
[6287] = 35604 35604
[6288] = 35604 35604
[6289] = 35604 35604
[6290] = 35604 35604
[6291] = 35604 35604
[6292] = 35604 35604
[6293] = 35604 35604
[6294] = 35604 35604
[6295] = 35604 35604
[6296] = 35604 35604
[6297] = 35604 35604
[6298] = 35604 35604
[6299] = 35604 35604
[6300] = 35604 35604
[6301] = 35604 35604
[6302] = 35604 35604
[6303] = 35604 35604
[6304] = 35604 35604
[6305] = 35604 35604
[6306] = 35604 35604
[6307] = 35604 35604
[6308] = 35604 35604
[6309] = 35604 35604
[6310] = 35604 35604
[6311] = 35604 35604
[6312] = 35604 35604
[6313] = 35604 35604
[6314] = 35604 35604
[6315] = 35604 35604
[6316] = 35604 35604
[6317] = 35604 35604
[6318] = 35604 35604
[6319] = 35604 35604
[6320] = 35604 35604
[6321] = 35604 35604
[6322] = 35604 35604
[6323] = 35604 35604
[6324] = 35604 35604
[6325] = 35604 35604
[6326] = 35604 35604
[6327] = 35604 35604
[6328] = 35604 35604
[6329] = 35604 35604
[6330] = 35604 35604
[6331] = 35604 35604
[6332] = 35604 35604
[6333] = 35604 35604
[6334] = 35604 35604
[6335] = 0 0
[6336] = 0 0
[6337] = 0 0
[6338] = 0 0
[6339] = 0 0
[6340] = 0 0
[6341] = 0 0
[6342] = 0 0
[6343] = 0 0
[6344] = 0 0
[6345] = 0 0
[6346] = 0 0
[6347] = 0 0
[6348] = 0 0
[6349] = 0 0
[6350] = 0 0
[6351] = 0 0
[6352] = 0 0
[6353] = 0 0
[6354] = 0 0
[6355] = 0 0
[6356] = 0 0
[6357] = 0 0
[6358] = 0 0
[6359] = 0 0
[6360] = 0 0
[6361] = 0 0
[6362] = 0 0
[6363] = 0 0
[6364] = 0 0
[6365] = 0 0
[6366] = 0 0
[6367] = 0 0
[6368] = 0 0
[6369] = 0 0
[6370] = 0 0
[6371] = 0 0
[6372] = 0 0
[6373] = 0 0
[6374] = 0 0
[6375] = 0 0
[6376] = 0 0
[6377] = 0 0
[6378] = 0 0
[6379] = 0 0
[6380] = 0 0
[6381] = 0 0
[6382] = 0 0
[6383] = 0 0
[6384] = 0 0
[6385] = 0 0
[6386] = 0 0
[6387] = 0 0
[6388] = 0 0
[6389] = 0 0
[6390] = 0 0
[6391] = 0 0
[6392] = 0 0
[6393] = 0 0
[6394] = 0 0
[6395] = 0 0
[6396] = 0 0
[6397] = 0 0
[6398] = 0 0
[6399] = 0 0
[6400] = 0 0
[6401] = 0 0
[6402] = 0 0
[6403] = 0 0
[6404] = 0 0
[6405] = 0 0
[6406] = 0 0
[6407] = 0 0
[6408] = 0 0
[6409] = 0 0
[6410] = 0 0
[6411] = 0 0
[6412] = 0 0
[6413] = 0 0
[6414] = 0 0
[6415] = 0 0
[6416] = 0 0
[6417] = 0 0
[6418] = 0 0
[6419] = 0 0
[6420] = 0 0
[6421] = 0 0
[6422] = 0 0
[6423] = 0 0
[6424] = 0 0
[6425] = 0 0
[6426] = 0 0
[6427] = 0 0
[6428] = 0 0
[6429] = 0 0
[6430] = 0 0
[6431] = 0 0
[6432] = 0 0
[6433] = 0 0
[6434] = 0 0
[6435] = 0 0
[6436] = 0 0
[6437] = 0 0
[6438] = 0 0
[6439] = 0 0
[6440] = 0 0
[6441] = 0 0
[6442] = 0 0
[6443] = 0 0
[6444] = 0 0
[6445] = 0 0
[6446] = 0 0
[6447] = 0 0
[6448] = 0 0
[6449] = 0 0
[6450] = 0 0
[6451] = 0 0
[6452] = 0 0
[6453] = 0 0
[6454] = 0 0
[6455] = 0 0
[6456] = 0 0
[6457] = 0 0
[6458] = 0 0
[6459] = 0 0
[6460] = 0 0
[6461] = 0 0
[6462] = 0 0
[6463] = 0 0
[6464] = 0 0
[6465] = 0 0
[6466] = 0 0
[6467] = 0 0
[6468] = 0 0
[6469] = 0 0
[6470] = 0 0
[6471] = 0 0
[6472] = 0 0
[6473] = 0 0
[6474] = 0 0
[6475] = 0 0
[6476] = 0 0
[6477] = 0 0
[6478] = 0 0
[6479] = 0 0
[6480] = 0 0
[6481] = 0 0
[6482] = 0 0
[6483] = 0 0
[6484] = 0 0
[6485] = 0 0
[6486] = 0 0
[6487] = 0 0
[6488] = 0 0
[6489] = 0 0
[6490] = 35574 35574
[6491] = 35545 35545
[6492] = 35515 35515
[6493] = 35485 35485
[6494] = 35455 35455
[6495] = 35426 35426
[6496] = 35396 35396
[6497] = 35366 35366
[6498] = 35337 35337
[6499] = 35307 35307
[6500] = 35277 35277
[6501] = 35248 35248
[6502] = 35218 35218
[6503] = 35188 35188
[6504] = 35159 35159
[6505] = 35129 35129
[6506] = 35099 35099
[6507] = 35070 35070
[6508] = 35040 35040
[6509] = 35011 35011
[6510] = 34981 34981
[6511] = 34951 34951
[6512] = 34922 34922
[6513] = 34892 34892
[6514] = 34862 34862
[6515] = 34833 34833
[6516] = 34803 34803
[6517] = 34773 34773
[6518] = 34743 34743
[6519] = 34714 34714
[6520] = 34684 34684
[6521] = 34654 34654
[6522] = 34625 34625
[6523] = 34595 34595
[6524] = 34565 34565
[6525] = 34536 34536
[6526] = 34506 34506
[6527] = 34476 34476
[6528] = 34447 34447
[6529] = 34417 34417
[6530] = 34387 34387
[6531] = 34358 34358
[6532] = 34328 34328
[6533] = 34298 34298
[6534] = 34269 34269
[6535] = 34239 34239
[6536] = 34210 34210
[6537] = 34179 34179
[6538] = 34150 34150
[6539] = 34121 34121
[6540] = 34090 34090
[6541] = 34061 34061
[6542] = 34031 34031
[6543] = 34002 34002
[6544] = 33972 33972
[6545] = 33942 33942
[6546] = 33913 33913
[6547] = 33883 33883
[6548] = 33853 33853
[6549] = 33824 33824
[6550] = 33794 33794
[6551] = 33764 33764
[6552] = 33735 33735
[6553] = 33705 33705
[6554] = 33675 33675
[6555] = 33646 33646
[6556] = 33616 33616
[6557] = 33586 33586
[6558] = 33557 33557
[6559] = 33527 33527
[6560] = 33497 33497
[6561] = 33467 33467
[6562] = 33438 33438
[6563] = 33409 33409
[6564] = 33378 33378
[6565] = 33349 33349
[6566] = 33319 33319
[6567] = 33289 33289
[6568] = 33260 33260
[6569] = 33230 33230
[6570] = 33201 33201
[6571] = 33171 33171
[6572] = 33141 33141
[6573] = 33112 33112
[6574] = 33082 33082
[6575] = 33052 33052
[6576] = 33023 33023
[6577] = 32993 32993
[6578] = 32963 32963
[6579] = 32934 32934
[6580] = 32904 32904
[6581] = 32874 32874
[6582] = 32845 32845
[6583] = 32815 32815
[6584] = 32785 32785
[6585] = 32755 32755
[6586] = 32726 32726
[6587] = 32697 32697
[6588] = 32666 32666
[6589] = 32637 32637
[6590] = 32607 32607
[6591] = 32577 32577
[6592] = 32548 32548
[6593] = 32518 32518
[6594] = 32488 32488
[6595] = 32459 32459
[6596] = 32429 32429
[6597] = 32400 32400
[6598] = 32370 32370
[6599] = 32340 32340
[6600] = 32311 32311
[6601] = 32281 32281
[6602] = 32251 32251
[6603] = 32222 32222
[6604] = 32191 32191
[6605] = 32162 32162
[6606] = 32133 32133
[6607] = 32103 32103
[6608] = 32073 32073
[6609] = 32043 32043
[6610] = 32014 32014
[6611] = 31984 31984
[6612] = 31954 31954
[6613] = 31925 31925
[6614] = 31895 31895
[6615] = 31865 31865
[6616] = 31836 31836
[6617] = 31806 31806
[6618] = 31776 31776
[6619] = 31747 31747
[6620] = 31717 31717
[6621] = 31687 31687
[6622] = 31658 31658
[6623] = 31628 31628
[6624] = 31599 31599
[6625] = 31569 31569
[6626] = 31539 31539
[6627] = 31510 31510
[6628] = 31479 31479
[6629] = 31450 31450
[6630] = 31421 31421
[6631] = 31390 31390
[6632] = 31361 31361
[6633] = 31331 31331
[6634] = 31302 31302
[6635] = 31272 31272
[6636] = 31242 31242
[6637] = 31213 31213
[6638] = 31183 31183
[6639] = 31153 31153
[6640] = 31124 31124
[6641] = 31094 31094
[6642] = 31064 31064
[6643] = 31035 31035
[6644] = 0 0
[6645] = 0 0
[6646] = 0 0
[6647] = 0 0
[6648] = 0 0
[6649] = 0 0
[6650] = 0 0
[6651] = 0 0
[6652] = 0 0
[6653] = 0 0
[6654] = 0 0
[6655] = 0 0
[6656] = 0 0
[6657] = 0 0
[6658] = 0 0
[6659] = 0 0
[6660] = 0 0
[6661] = 0 0
[6662] = 0 0
[6663] = 0 0
[6664] = 0 0
[6665] = 0 0
[6666] = 0 0
[6667] = 0 0
[6668] = 0 0
[6669] = 0 0
[6670] = 0 0
[6671] = 0 0
[6672] = 0 0
[6673] = 0 0
[6674] = 0 0
[6675] = 0 0
[6676] = 0 0
[6677] = 0 0
[6678] = 0 0
[6679] = 0 0
[6680] = 0 0
[6681] = 0 0
[6682] = 0 0
[6683] = 0 0
[6684] = 0 0
[6685] = 0 0
[6686] = 0 0
[6687] = 0 0
[6688] = 0 0
[6689] = 0 0
[6690] = 0 0
[6691] = 0 0
[6692] = 0 0
[6693] = 0 0
[6694] = 0 0
[6695] = 0 0
[6696] = 0 0
[6697] = 0 0
[6698] = 0 0
[6699] = 0 0
[6700] = 0 0
[6701] = 0 0
[6702] = 0 0
[6703] = 0 0
[6704] = 0 0
[6705] = 0 0
[6706] = 0 0
[6707] = 0 0
[6708] = 0 0
[6709] = 0 0
[6710] = 0 0
[6711] = 0 0
[6712] = 0 0
[6713] = 0 0
[6714] = 0 0
[6715] = 0 0
[6716] = 0 0
[6717] = 0 0
[6718] = 0 0
[6719] = 0 0
[6720] = 0 0
[6721] = 0 0
[6722] = 0 0
[6723] = 0 0
[6724] = 0 0
[6725] = 0 0
[6726] = 0 0
[6727] = 0 0
[6728] = 0 0
[6729] = 0 0
[6730] = 0 0
[6731] = 0 0
[6732] = 0 0
[6733] = 0 0
[6734] = 0 0
[6735] = 0 0
[6736] = 0 0
[6737] = 0 0
[6738] = 0 0
[6739] = 0 0
[6740] = 0 0
[6741] = 0 0
[6742] = 0 0
[6743] = 0 0
[6744] = 0 0
[6745] = 0 0
[6746] = 0 0
[6747] = 0 0
[6748] = 0 0
[6749] = 0 0
[6750] = 0 0
[6751] = 0 0
[6752] = 0 0
[6753] = 0 0
[6754] = 0 0
[6755] = 0 0
[6756] = 0 0
[6757] = 0 0
[6758] = 0 0
[6759] = 0 0
[6760] = 0 0
[6761] = 0 0
[6762] = 0 0
[6763] = 0 0
[6764] = 0 0
[6765] = 0 0
[6766] = 0 0
[6767] = 0 0
[6768] = 0 0
[6769] = 0 0
[6770] = 0 0
[6771] = 0 0
[6772] = 0 0
[6773] = 0 0
[6774] = 0 0
[6775] = 0 0
[6776] = 0 0
[6777] = 0 0
[6778] = 0 0
[6779] = 0 0
[6780] = 0 0
[6781] = 0 0
[6782] = 0 0
[6783] = 0 0
[6784] = 0 0
[6785] = 0 0
[6786] = 0 0
[6787] = 0 0
[6788] = 0 0
[6789] = 0 0
[6790] = 0 0
[6791] = 0 0
[6792] = 0 0
[6793] = 0 0
[6794] = 0 0
[6795] = 0 0
[6796] = 0 0
[6797] = 0 0
[6798] = 0 0
[6799] = 26406 26406
[6800] = 26376 26376
[6801] = 26347 26347
[6802] = 26317 26317
[6803] = 26288 26288
[6804] = 26258 26258
[6805] = 26228 26228
[6806] = 26199 26199
[6807] = 26169 26169
[6808] = 26139 26139
[6809] = 26110 26110
[6810] = 26080 26080
[6811] = 26050 26050
[6812] = 26020 26020
[6813] = 25991 25991
[6814] = 25961 25961
[6815] = 25931 25931
[6816] = 25902 25902
[6817] = 25872 25872
[6818] = 25842 25842
[6819] = 25813 25813
[6820] = 25783 25783
[6821] = 25753 25753
[6822] = 25724 25724
[6823] = 25694 25694
[6824] = 25664 25664
[6825] = 25635 25635
[6826] = 25605 25605
[6827] = 25576 25576
[6828] = 25546 25546
[6829] = 25516 25516
[6830] = 25487 25487
[6831] = 25456 25456
[6832] = 25427 25427
[6833] = 25398 25398
[6834] = 25367 25367
[6835] = 25338 25338
[6836] = 25308 25308
[6837] = 25279 25279
[6838] = 25249 25249
[6839] = 25219 25219
[6840] = 25190 25190
[6841] = 25160 25160
[6842] = 25130 25130
[6843] = 25101 25101
[6844] = 25071 25071
[6845] = 25041 25041
[6846] = 25012 25012
[6847] = 24982 24982
[6848] = 24952 24952
[6849] = 24923 24923
[6850] = 24893 24893
[6851] = 24863 24863
[6852] = 24834 24834
[6853] = 24804 24804
[6854] = 24775 24775
[6855] = 24744 24744
[6856] = 24715 24715
[6857] = 24686 24686
[6858] = 24655 24655
[6859] = 24626 24626
[6860] = 24596 24596
[6861] = 24566 24566
[6862] = 24537 24537
[6863] = 24507 24507
[6864] = 24478 24478
[6865] = 24448 24448
[6866] = 24418 24418
[6867] = 24389 24389
[6868] = 24359 24359
[6869] = 24329 24329
[6870] = 24300 24300
[6871] = 24270 24270
[6872] = 24240 24240
[6873] = 24211 24211
[6874] = 24181 24181
[6875] = 24151 24151
[6876] = 24122 24122
[6877] = 24092 24092
[6878] = 24062 24062
[6879] = 24032 24032
[6880] = 24003 24003
[6881] = 23973 23973
[6882] = 23943 23943
[6883] = 23914 23914
[6884] = 23884 23884
[6885] = 23854 23854
[6886] = 23825 23825
[6887] = 23795 23795
[6888] = 23765 23765
[6889] = 23736 23736
[6890] = 23706 23706
[6891] = 23677 23677
[6892] = 23647 23647
[6893] = 23617 23617
[6894] = 23588 23588
[6895] = 23558 23558
[6896] = 23528 23528
[6897] = 23499 23499
[6898] = 23469 23469
[6899] = 23439 23439
[6900] = 23410 23410
[6901] = 23380 23380
[6902] = 23350 23350
[6903] = 23320 23320
[6904] = 23291 23291
[6905] = 23261 23261
[6906] = 23231 23231
[6907] = 23202 23202
[6908] = 23172 23172
[6909] = 23142 23142
[6910] = 23113 23113
[6911] = 23083 23083
[6912] = 23053 23053
[6913] = 23024 23024
[6914] = 22994 22994
[6915] = 22964 22964
[6916] = 22935 22935
[6917] = 22905 22905
[6918] = 22876 22876
[6919] = 22846 22846
[6920] = 22816 22816
[6921] = 22787 22787
[6922] = 22756 22756
[6923] = 22727 22727
[6924] = 22698 22698
[6925] = 22668 22668
[6926] = 22638 22638
[6927] = 22608 22608
[6928] = 22579 22579
[6929] = 22549 22549
[6930] = 22519 22519
[6931] = 22490 22490
[6932] = 22460 22460
[6933] = 22430 22430
[6934] = 22401 22401
[6935] = 22371 22371
[6936] = 22341 22341
[6937] = 22312 22312
[6938] = 22282 22282
[6939] = 22252 22252
[6940] = 22223 22223
[6941] = 22193 22193
[6942] = 22163 22163
[6943] = 22134 22134
[6944] = 22104 22104
[6945] = 22075 22075
[6946] = 22044 22044
[6947] = 22015 22015
[6948] = 21985 21985
[6949] = 21955 21955
[6950] = 21926 21926
[6951] = 21896 21896
[6952] = 21867 21867
[6953] = 0 0
[6954] = 0 0
[6955] = 0 0
[6956] = 0 0
[6957] = 0 0
[6958] = 0 0
[6959] = 0 0
[6960] = 0 0
[6961] = 0 0
[6962] = 0 0
[6963] = 0 0
[6964] = 0 0
[6965] = 0 0
[6966] = 0 0
[6967] = 0 0
[6968] = 0 0
[6969] = 0 0
[6970] = 0 0
[6971] = 0 0
[6972] = 0 0
[6973] = 0 0
[6974] = 0 0
[6975] = 0 0
[6976] = 0 0
[6977] = 0 0
[6978] = 0 0
[6979] = 0 0
[6980] = 0 0
[6981] = 0 0
[6982] = 0 0
[6983] = 0 0
[6984] = 0 0
[6985] = 0 0
[6986] = 0 0
[6987] = 0 0
[6988] = 0 0
[6989] = 0 0
[6990] = 0 0
[6991] = 0 0
[6992] = 0 0
[6993] = 0 0
[6994] = 0 0
[6995] = 0 0
[6996] = 0 0
[6997] = 0 0
[6998] = 0 0
[6999] = 0 0
[7000] = 0 0
[7001] = 0 0
[7002] = 0 0
[7003] = 0 0
[7004] = 0 0
[7005] = 0 0
[7006] = 0 0
[7007] = 0 0
[7008] = 0 0
[7009] = 0 0
[7010] = 0 0
[7011] = 0 0
[7012] = 0 0
[7013] = 0 0
[7014] = 0 0
[7015] = 0 0
[7016] = 0 0
[7017] = 0 0
[7018] = 0 0
[7019] = 0 0
[7020] = 0 0
[7021] = 0 0
[7022] = 0 0
[7023] = 0 0
[7024] = 0 0
[7025] = 0 0
[7026] = 0 0
[7027] = 0 0
[7028] = 0 0
[7029] = 0 0
[7030] = 0 0
[7031] = 0 0
[7032] = 0 0
[7033] = 0 0
[7034] = 0 0
[7035] = 0 0
[7036] = 0 0
[7037] = 0 0
[7038] = 0 0
[7039] = 0 0
[7040] = 0 0
[7041] = 0 0
[7042] = 0 0
[7043] = 0 0
[7044] = 0 0
[7045] = 0 0
[7046] = 0 0
[7047] = 0 0
[7048] = 0 0
[7049] = 0 0
[7050] = 0 0
[7051] = 0 0
[7052] = 0 0
[7053] = 0 0
[7054] = 0 0
[7055] = 0 0
[7056] = 0 0
[7057] = 0 0
[7058] = 0 0
[7059] = 0 0
[7060] = 0 0
[7061] = 0 0
[7062] = 0 0
[7063] = 0 0
[7064] = 0 0
[7065] = 0 0
[7066] = 0 0
[7067] = 0 0
[7068] = 0 0
[7069] = 0 0
[7070] = 0 0
[7071] = 0 0
[7072] = 0 0
[7073] = 0 0
[7074] = 0 0
[7075] = 0 0
[7076] = 0 0
[7077] = 0 0
[7078] = 0 0
[7079] = 0 0
[7080] = 0 0
[7081] = 0 0
[7082] = 0 0
[7083] = 0 0
[7084] = 0 0
[7085] = 0 0
[7086] = 0 0
[7087] = 0 0
[7088] = 0 0
[7089] = 0 0
[7090] = 0 0
[7091] = 0 0
[7092] = 0 0
[7093] = 0 0
[7094] = 0 0
[7095] = 0 0
[7096] = 0 0
[7097] = 0 0
[7098] = 0 0
[7099] = 0 0
[7100] = 0 0
[7101] = 0 0
[7102] = 0 0
[7103] = 0 0
[7104] = 0 0
[7105] = 0 0
[7106] = 0 0
[7107] = 17268 17268
[7108] = 17238 17238
[7109] = 17208 17208
[7110] = 17179 17179
[7111] = 17149 17149
[7112] = 17119 17119
[7113] = 17090 17090
[7114] = 17060 17060
[7115] = 17030 17030
[7116] = 17001 17001
[7117] = 16971 16971
[7118] = 16941 16941
[7119] = 16912 16912
[7120] = 16882 16882
[7121] = 16853 16853
[7122] = 16823 16823
[7123] = 16793 16793
[7124] = 16764 16764
[7125] = 16733 16733
[7126] = 16704 16704
[7127] = 16675 16675
[7128] = 16644 16644
[7129] = 16615 16615
[7130] = 16585 16585
[7131] = 16556 16556
[7132] = 16526 16526
[7133] = 16496 16496
[7134] = 16467 16467
[7135] = 16437 16437
[7136] = 16407 16407
[7137] = 16378 16378
[7138] = 16348 16348
[7139] = 16318 16318
[7140] = 16289 16289
[7141] = 16259 16259
[7142] = 16229 16229
[7143] = 16200 16200
[7144] = 16170 16170
[7145] = 16140 16140
[7146] = 16111 16111
[7147] = 16081 16081
[7148] = 16052 16052
[7149] = 16021 16021
[7150] = 15992 15992
[7151] = 15963 15963
[7152] = 15932 15932
[7153] = 15903 15903
[7154] = 15873 15873
[7155] = 15843 15843
[7156] = 15814 15814
[7157] = 15784 15784
[7158] = 15755 15755
[7159] = 15725 15725
[7160] = 15695 15695
[7161] = 15666 15666
[7162] = 15636 15636
[7163] = 15606 15606
[7164] = 15577 15577
[7165] = 15547 15547
[7166] = 15517 15517
[7167] = 15488 15488
[7168] = 15458 15458
[7169] = 15428 15428
[7170] = 15399 15399
[7171] = 15369 15369
[7172] = 15339 15339
[7173] = 15309 15309
[7174] = 15280 15280
[7175] = 15250 15250
[7176] = 15220 15220
[7177] = 15191 15191
[7178] = 15161 15161
[7179] = 15131 15131
[7180] = 15102 15102
[7181] = 15072 15072
[7182] = 15042 15042
[7183] = 15013 15013
[7184] = 14983 14983
[7185] = 14954 14954
[7186] = 14924 14924
[7187] = 14894 14894
[7188] = 14865 14865
[7189] = 14835 14835
[7190] = 14805 14805
[7191] = 14776 14776
[7192] = 14746 14746
[7193] = 14716 14716
[7194] = 14687 14687
[7195] = 14657 14657
[7196] = 14627 14627
[7197] = 14597 14597
[7198] = 14568 14568
[7199] = 14538 14538
[7200] = 14508 14508
[7201] = 14479 14479
[7202] = 14449 14449
[7203] = 14419 14419
[7204] = 14390 14390
[7205] = 14360 14360
[7206] = 14330 14330
[7207] = 14301 14301
[7208] = 14271 14271
[7209] = 14241 14241
[7210] = 14212 14212
[7211] = 14182 14182
[7212] = 14153 14153
[7213] = 14123 14123
[7214] = 14093 14093
[7215] = 14064 14064
[7216] = 14033 14033
[7217] = 14004 14004
[7218] = 13975 13975
[7219] = 13945 13945
[7220] = 13915 13915
[7221] = 13885 13885
[7222] = 13856 13856
[7223] = 13826 13826
[7224] = 13796 13796
[7225] = 13767 13767
[7226] = 13737 13737
[7227] = 13707 13707
[7228] = 13678 13678
[7229] = 13648 13648
[7230] = 13618 13618
[7231] = 13589 13589
[7232] = 13559 13559
[7233] = 13529 13529
[7234] = 13500 13500
[7235] = 13470 13470
[7236] = 13441 13441
[7237] = 13411 13411
[7238] = 13381 13381
[7239] = 13352 13352
[7240] = 13321 13321
[7241] = 13292 13292
[7242] = 13262 13262
[7243] = 13232 13232
[7244] = 13203 13203
[7245] = 13173 13173
[7246] = 13144 13144
[7247] = 13114 13114
[7248] = 13084 13084
[7249] = 13055 13055
[7250] = 13025 13025
[7251] = 12995 12995
[7252] = 12966 12966
[7253] = 12936 12936
[7254] = 12906 12906
[7255] = 12877 12877
[7256] = 12847 12847
[7257] = 12817 12817
[7258] = 12788 12788
[7259] = 12758 12758
[7260] = 12728 12728
[7261] = 0 0
[7262] = 0 0
[7263] = 0 0
[7264] = 0 0
[7265] = 0 0
[7266] = 0 0
[7267] = 0 0
[7268] = 0 0
[7269] = 0 0
[7270] = 0 0
[7271] = 0 0
[7272] = 0 0
[7273] = 0 0
[7274] = 0 0
[7275] = 0 0
[7276] = 0 0
[7277] = 0 0
[7278] = 0 0
[7279] = 0 0
[7280] = 0 0
[7281] = 0 0
[7282] = 0 0
[7283] = 0 0
[7284] = 0 0
[7285] = 0 0
[7286] = 0 0
[7287] = 0 0
[7288] = 0 0
[7289] = 0 0
[7290] = 0 0
[7291] = 0 0
[7292] = 0 0
[7293] = 0 0
[7294] = 0 0
[7295] = 0 0
[7296] = 0 0
[7297] = 0 0
[7298] = 0 0
[7299] = 0 0
[7300] = 0 0
[7301] = 0 0
[7302] = 0 0
[7303] = 0 0
[7304] = 0 0
[7305] = 0 0
[7306] = 0 0
[7307] = 0 0
[7308] = 0 0
[7309] = 0 0
[7310] = 0 0
[7311] = 0 0
[7312] = 0 0
[7313] = 0 0
[7314] = 0 0
[7315] = 0 0
[7316] = 0 0
[7317] = 0 0
[7318] = 0 0
[7319] = 0 0
[7320] = 0 0
[7321] = 0 0
[7322] = 0 0
[7323] = 0 0
[7324] = 0 0
[7325] = 0 0
[7326] = 0 0
[7327] = 0 0
[7328] = 0 0
[7329] = 0 0
[7330] = 0 0
[7331] = 0 0
[7332] = 0 0
[7333] = 0 0
[7334] = 0 0
[7335] = 0 0
[7336] = 0 0
[7337] = 0 0
[7338] = 0 0
[7339] = 0 0
[7340] = 0 0
[7341] = 0 0
[7342] = 0 0
[7343] = 0 0
[7344] = 0 0
[7345] = 0 0
[7346] = 0 0
[7347] = 0 0
[7348] = 0 0
[7349] = 0 0
[7350] = 0 0
[7351] = 0 0
[7352] = 0 0
[7353] = 0 0
[7354] = 0 0
[7355] = 0 0
[7356] = 0 0
[7357] = 0 0
[7358] = 0 0
[7359] = 0 0
[7360] = 0 0
[7361] = 0 0
[7362] = 0 0
[7363] = 0 0
[7364] = 0 0
[7365] = 0 0
[7366] = 0 0
[7367] = 0 0
[7368] = 0 0
[7369] = 0 0
[7370] = 0 0
[7371] = 0 0
[7372] = 0 0
[7373] = 0 0
[7374] = 0 0
[7375] = 0 0
[7376] = 0 0
[7377] = 0 0
[7378] = 0 0
[7379] = 0 0
[7380] = 0 0
[7381] = 0 0
[7382] = 0 0
[7383] = 0 0
[7384] = 0 0
[7385] = 0 0
[7386] = 0 0
[7387] = 0 0
[7388] = 0 0
[7389] = 0 0
[7390] = 0 0
[7391] = 0 0
[7392] = 0 0
[7393] = 0 0
[7394] = 0 0
[7395] = 0 0
[7396] = 0 0
[7397] = 0 0
[7398] = 0 0
[7399] = 0 0
[7400] = 0 0
[7401] = 0 0
[7402] = 0 0
[7403] = 0 0
[7404] = 0 0
[7405] = 0 0
[7406] = 0 0
[7407] = 0 0
[7408] = 0 0
[7409] = 0 0
[7410] = 0 0
[7411] = 0 0
[7412] = 0 0
[7413] = 0 0
[7414] = 0 0
[7415] = 0 0
[7416] = 8100 8100
[7417] = 8070 8070
[7418] = 8041 8041
[7419] = 8010 8010
[7420] = 7981 7981
[7421] = 7952 7952
[7422] = 7921 7921
[7423] = 7892 7892
[7424] = 7862 7862
[7425] = 7833 7833
[7426] = 7803 7803
[7427] = 7773 7773
[7428] = 7744 7744
[7429] = 7714 7714
[7430] = 7684 7684
[7431] = 7655 7655
[7432] = 7625 7625
[7433] = 7595 7595
[7434] = 7566 7566
[7435] = 7536 7536
[7436] = 7506 7506
[7437] = 7477 7477
[7438] = 7447 7447
[7439] = 7417 7417
[7440] = 7388 7388
[7441] = 7358 7358
[7442] = 7329 7329
[7443] = 7298 7298
[7444] = 7269 7269
[7445] = 7240 7240
[7446] = 7209 7209
[7447] = 7180 7180
[7448] = 7150 7150
[7449] = 7120 7120
[7450] = 7091 7091
[7451] = 7061 7061
[7452] = 7032 7032
[7453] = 7002 7002
[7454] = 6972 6972
[7455] = 6943 6943
[7456] = 6913 6913
[7457] = 6883 6883
[7458] = 6854 6854
[7459] = 6824 6824
[7460] = 6794 6794
[7461] = 6765 6765
[7462] = 6735 6735
[7463] = 6705 6705
[7464] = 6676 6676
[7465] = 6646 6646
[7466] = 6616 6616
[7467] = 6586 6586
[7468] = 6557 6557
[7469] = 6527 6527
[7470] = 6497 6497
[7471] = 6468 6468
[7472] = 6438 6438
[7473] = 6408 6408
[7474] = 6379 6379
[7475] = 6349 6349
[7476] = 6320 6320
[7477] = 6290 6290
[7478] = 6260 6260
[7479] = 6231 6231
[7480] = 6201 6201
[7481] = 6171 6171
[7482] = 6142 6142
[7483] = 6112 6112
[7484] = 6082 6082
[7485] = 6053 6053
[7486] = 6023 6023
[7487] = 5993 5993
[7488] = 5964 5964
[7489] = 5934 5934
[7490] = 5904 5904
[7491] = 5874 5874
[7492] = 5845 5845
[7493] = 5815 5815
[7494] = 5785 5785
[7495] = 5756 5756
[7496] = 5726 5726
[7497] = 5696 5696
[7498] = 5667 5667
[7499] = 5637 5637
[7500] = 5607 5607
[7501] = 5578 5578
[7502] = 5548 5548
[7503] = 5519 5519
[7504] = 5489 5489
[7505] = 5459 5459
[7506] = 5430 5430
[7507] = 5400 5400
[7508] = 5370 5370
[7509] = 5341 5341
[7510] = 5310 5310
[7511] = 5281 5281
[7512] = 5252 5252
[7513] = 5222 5222
[7514] = 5192 5192
[7515] = 5162 5162
[7516] = 5133 5133
[7517] = 5103 5103
[7518] = 5073 5073
[7519] = 5044 5044
[7520] = 5014 5014
[7521] = 4984 4984
[7522] = 4955 4955
[7523] = 4925 4925
[7524] = 4895 4895
[7525] = 4866 4866
[7526] = 4836 4836
[7527] = 4806 4806
[7528] = 4777 4777
[7529] = 4747 4747
[7530] = 4718 4718
[7531] = 4688 4688
[7532] = 4658 4658
[7533] = 4629 4629
[7534] = 4598 4598
[7535] = 4569 4569
[7536] = 4539 4539
[7537] = 4509 4509
[7538] = 4480 4480
[7539] = 4450 4450
[7540] = 4421 4421
[7541] = 4391 4391
[7542] = 4361 4361
[7543] = 4332 4332
[7544] = 4302 4302
[7545] = 4272 4272
[7546] = 4243 4243
[7547] = 4213 4213
[7548] = 4183 4183
[7549] = 4154 4154
[7550] = 4124 4124
[7551] = 4094 4094
[7552] = 4065 4065
[7553] = 4035 4035
[7554] = 4005 4005
[7555] = 3976 3976
[7556] = 3946 3946
[7557] = 3917 3917
[7558] = 3886 3886
[7559] = 3857 3857
[7560] = 3827 3827
[7561] = 3797 3797
[7562] = 3768 3768
[7563] = 3738 3738
[7564] = 3708 3708
[7565] = 3679 3679
[7566] = 3649 3649
[7567] = 3620 3620
[7568] = 3590 3590
[7569] = 3560 3560
[7570] = 0 0
[7571] = 0 0
[7572] = 0 0
[7573] = 0 0
[7574] = 0 0
[7575] = 0 0
[7576] = 0 0
[7577] = 0 0
[7578] = 0 0
[7579] = 0 0
[7580] = 0 0
[7581] = 0 0
[7582] = 0 0
[7583] = 0 0
[7584] = 0 0
[7585] = 0 0
[7586] = 0 0
[7587] = 0 0
[7588] = 0 0
[7589] = 0 0
[7590] = 0 0
[7591] = 0 0
[7592] = 0 0
[7593] = 0 0
[7594] = 0 0
[7595] = 0 0
[7596] = 0 0
[7597] = 0 0
[7598] = 0 0
[7599] = 0 0
[7600] = 0 0
[7601] = 0 0
[7602] = 0 0
[7603] = 0 0
[7604] = 0 0
[7605] = 0 0
[7606] = 0 0
[7607] = 0 0
[7608] = 0 0
[7609] = 0 0
[7610] = 0 0
[7611] = 0 0
[7612] = 0 0
[7613] = 0 0
[7614] = 0 0
[7615] = 0 0
[7616] = 0 0
[7617] = 0 0
[7618] = 0 0
[7619] = 0 0
[7620] = 0 0
[7621] = 0 0
[7622] = 0 0
[7623] = 0 0
[7624] = 0 0
[7625] = 0 0
[7626] = 0 0
[7627] = 0 0
[7628] = 0 0
[7629] = 0 0
[7630] = 0 0
[7631] = 0 0
[7632] = 0 0
[7633] = 0 0
[7634] = 0 0
[7635] = 0 0
[7636] = 0 0
[7637] = 0 0
[7638] = 0 0
[7639] = 0 0
[7640] = 0 0
[7641] = 0 0
[7642] = 0 0
[7643] = 0 0
[7644] = 0 0
[7645] = 0 0
[7646] = 0 0
[7647] = 0 0
[7648] = 0 0
[7649] = 0 0
[7650] = 0 0
[7651] = 0 0
[7652] = 0 0
[7653] = 0 0
[7654] = 0 0
[7655] = 0 0
[7656] = 0 0
[7657] = 0 0
[7658] = 0 0
[7659] = 0 0
[7660] = 0 0
[7661] = 0 0
[7662] = 0 0
[7663] = 0 0
[7664] = 0 0
[7665] = 0 0
[7666] = 0 0
[7667] = 0 0
[7668] = 0 0
[7669] = 0 0
[7670] = 0 0
[7671] = 0 0
[7672] = 0 0
[7673] = 0 0
[7674] = 0 0
[7675] = 0 0
[7676] = 0 0
[7677] = 0 0
[7678] = 0 0
[7679] = 0 0
[7680] = 0 0
[7681] = 0 0
[7682] = 0 0
[7683] = 0 0
[7684] = 0 0
[7685] = 0 0
[7686] = 0 0
[7687] = 0 0
[7688] = 0 0
[7689] = 0 0
[7690] = 0 0
[7691] = 0 0
[7692] = 0 0
[7693] = 0 0
[7694] = 0 0
[7695] = 0 0
[7696] = 0 0
[7697] = 0 0
[7698] = 0 0
[7699] = 0 0

